2026/08/09 05:41:16 INFO  : .env.local: Copied (new)
2026/08/09 05:41:16 INFO  : noticias.json: Copied (new)
2026/08/09 05:41:16 INFO  : revisions.json: Copied (new)
2026/08/09 05:41:16 INFO  : .gitignore: Copied (new)
2026/08/09 05:41:16 INFO  : index.html: Copied (new)
2026/08/09 05:41:16 INFO  : paper_data.js: Copied (new)
2026/08/09 05:41:16 INFO  : apresentacoes.json: Copied (new)
2026/08/09 05:41:16 INFO  : paper_en.html: Copied (new)
2026/08/09 05:41:16 INFO  : vercel.json: Copied (new)
2026/08/09 05:41:16 INFO  : videos.json: Copied (new)
2026/08/09 05:41:16 INFO  : paper_pt.html: Copied (new)
2026/08/09 05:41:16 INFO  : .git/FETCH_HEAD: Copied (new)
2026/08/09 05:41:16 INFO  : .git/HEAD: Copied (new)
2026/08/09 05:41:16 INFO  : .git/COMMIT_EDITMSG: Copied (new)
2026/08/09 05:41:16 INFO  : styles.css: Copied (new)
2026/08/09 05:41:16 INFO  : .git/ORIG_HEAD: Copied (new)
2026/08/09 05:41:16 INFO  : .git/info/exclude: Copied (new)
2026/08/09 05:41:17 INFO  : .vercel/project.json: Copied (new)
2026/08/09 05:41:17 INFO  : .vercel/README.txt: Copied (new)
2026/08/09 05:41:17 INFO  : .git/index: Copied (new)
2026/08/09 05:41:17 INFO  : .git/logs/HEAD: Copied (new)
2026/08/09 05:41:17 INFO  : .git/description: Copied (new)
2026/08/09 05:41:17 INFO  : .git/config: Copied (new)
2026/08/09 05:41:17 INFO  : public/images/videos/thumb_chip_cargas.png: Copied (new)
2026/08/09 05:41:17 INFO  : .git/hooks/applypatch-msg.sample: Copied (new)
2026/08/09 05:41:17 INFO  : .git/hooks/commit-msg.sample: Copied (new)
2026/08/09 05:41:18 INFO  : .git/hooks/pre-applypatch.sample: Copied (new)
2026/08/09 05:41:18 INFO  : .git/hooks/post-update.sample: Copied (new)
2026/08/09 05:41:18 INFO  : public/images/videos/thumb_ferrovia_china.png: Copied (new)
2026/08/09 05:41:18 INFO  : public/images/videos/thumb_ibm.png: Copied (new)
2026/08/09 05:41:18 INFO  : public/images/videos/thumb_selo_ia.png: Copied (new)
2026/08/09 05:41:18 INFO  : .git/hooks/pre-push.sample: Copied (new)
2026/08/09 05:41:18 INFO  : .git/hooks/pre-commit.sample: Copied (new)
2026/08/09 05:41:18 INFO  : .git/hooks/pre-rebase.sample: Copied (new)
2026/08/09 05:41:18 INFO  : .git/hooks/fsmonitor-watchman.sample: Copied (new)
2026/08/09 05:41:18 INFO  : .git/hooks/prepare-commit-msg.sample: Copied (new)
2026/08/09 05:41:18 INFO  : .git/hooks/pre-receive.sample: Copied (new)
2026/08/09 05:41:18 INFO  : .git/hooks/pre-merge-commit.sample: Copied (new)
2026/08/09 05:41:18 INFO  : app.js: Copied (new)
2026/08/09 05:41:19 INFO  : .git/hooks/update.sample: Copied (new)
2026/08/09 05:41:19 INFO  : public/downloads/CMB_certificadora_nacional.pptx: Copied (new)
2026/08/09 05:41:19 INFO  : public/downloads/CMB_controle_logistico_v3.pptx: Copied (new)
2026/08/09 05:41:19 INFO  : public/downloads/CMB_controle_logistico_v4.pdf: Copied (new)
2026/08/09 05:41:19 INFO  : public/images/videos/thumb_dte.png: Copied (new)
2026/08/09 05:41:19 INFO  : public/downloads/CMB_eixo_certificacao_nacional.pptx: Copied (new)
2026/08/09 05:41:20 INFO  : public/downloads/CMB_controle_logistico_v4.pptx: Copied (new)
2026/08/09 05:41:21 INFO  : public/downloads/CMB_tese_final.pptx: Copied (new)
2026/08/09 05:41:23 INFO  : public/downloads/Casa_da_Moeda_Controle_Logistico_Nacional (1).pptx: Copied (new)
2026/08/09 05:41:24 INFO  : public/downloads/Casa_da_Moeda_Controle_Logistico_Nacional.pptx: Copied (new)
2026/08/09 05:41:25 INFO  : public/images/news/ferrovia_transoceanica.png: Copied (new)
2026/08/09 05:41:25 INFO  : public/images/news/contrabando_fiscalizacao.png: Copied (new)
2026/08/09 05:41:25 INFO  : public/images/news/news_bundesdruckerei.png: Copied (new)
2026/08/09 05:41:26 INFO  : public/images/news/news_cerco.png: Copied (new)
2026/08/09 05:41:26 INFO  : public/downloads/Casa_da_Moeda_Controle_Logistico_Nacional_v4.pptx: Copied (new)
2026/08/09 05:41:26 INFO  : public/downloads/CLEC-CMB_v4.0_Controle_Logistico_Nacional.pptx: Copied (new)
2026/08/09 05:41:27 INFO  : public/images/news/cerco_inteligente.png: Copied (new)
2026/08/09 05:41:27 INFO  : public/downloads/O_Futuro_do_Brasil_Controle_Logistico_Nacional v6.pptx: Copied (new)
2026/08/09 05:41:27 INFO  : public/images/news/news_dpp_eu.png: Copied (new)
2026/08/09 05:41:27 INFO  : public/images/news/news_contrabando.png: Copied (new)
2026/08/09 05:41:28 INFO  : public/images/news/news_ferrovia.png: Copied (new)
2026/08/09 05:41:28 INFO  : public/images/news/news_selo_icp.png: Copied (new)
2026/08/09 05:41:28 INFO  : .git/refs/heads/backup-v1-estavel: Copied (new)
2026/08/09 05:41:28 INFO  : public/images/news/news_viracopos.png: Copied (new)
2026/08/09 05:41:29 INFO  : public/images/news/news_komsco.png: Copied (new)
2026/08/09 05:41:29 INFO  : public/slides/parte_4/r1/slide_01.png: Copied (new)
2026/08/09 05:41:29 INFO  : .git/refs/heads/main: Copied (new)
2026/08/09 05:41:29 INFO  : public/images/news/selo_eletronico_icp.png: Copied (new)
2026/08/09 05:41:29 INFO  : public/images/news/viracopos_wlp.png: Copied (new)
2026/08/09 05:41:29 INFO  : public/slides/parte_4/r1/slide_02.png: Copied (new)
2026/08/09 05:41:29 INFO  : public/downloads/O_Futuro_do_Brasil_Controle_Logistico_Nacional v7.pptx.pdf: Copied (new)
2026/08/09 05:41:29 INFO  : public/slides/parte_4/r1/slide_03.png: Copied (new)
2026/08/09 05:41:29 INFO  : public/slides/parte_4/r3/slide_01.png: Copied (new)
2026/08/09 05:41:29 INFO  : public/images/news/news_ingroupe.png: Copied (new)
2026/08/09 05:41:29 INFO  : public/slides/parte_4/r1/slide_04.png: Copied (new)
2026/08/09 05:41:29 INFO  : public/slides/parte_4/r3/slide_02.png: Copied (new)
2026/08/09 05:41:29 INFO  : public/images/news/news_ouro.png: Copied (new)
2026/08/09 05:41:29 INFO  : public/slides/parte_4/r1/slide_05.png: Copied (new)
2026/08/09 05:41:29 INFO  : public/slides/parte_4/r3/slide_03.png: Copied (new)
2026/08/09 05:41:29 INFO  : public/slides/parte_4/r1/slide_07.png: Copied (new)
2026/08/09 05:41:29 INFO  : public/slides/parte_4/r1/slide_09.png: Copied (new)
2026/08/09 05:41:29 INFO  : .git/refs/tags/v1.0-estavel: Copied (new)
2026/08/09 05:41:29 INFO  : public/slides/parte_4/r1/slide_06.png: Copied (new)
2026/08/09 05:41:29 INFO  : public/slides/parte_4/r3/slide_04.png: Copied (new)
2026/08/09 05:41:29 INFO  : public/slides/parte_4/r1/slide_08.png: Copied (new)
2026/08/09 05:41:29 INFO  : public/slides/parte_4/r3/slide_05.png: Copied (new)
2026/08/09 05:41:29 INFO  : public/slides/parte_4/r1/slide_11.png: Copied (new)
2026/08/09 05:41:29 INFO  : public/slides/parte_4/r1/slide_10.png: Copied (new)
2026/08/09 05:41:29 INFO  : public/slides/parte_4/r3/slide_06.png: Copied (new)
2026/08/09 05:41:30 INFO  : public/slides/parte_4/r1/slide_13.png: Copied (new)
2026/08/09 05:41:30 INFO  : public/slides/parte_4/r1/slide_14.png: Copied (new)
2026/08/09 05:41:30 INFO  : public/slides/parte_4/r3/slide_08.png: Copied (new)
2026/08/09 05:41:30 INFO  : public/slides/parte_4/r1/slide_15.png: Copied (new)
2026/08/09 05:41:30 INFO  : public/slides/parte_4/r1/slide_12.png: Copied (new)
2026/08/09 05:41:30 INFO  : public/slides/parte_4/r1/slide_17.png: Copied (new)
2026/08/09 05:41:30 INFO  : public/slides/parte_4/r1/slide_18.png: Copied (new)
2026/08/09 05:41:30 INFO  : public/slides/parte_4/r3/slide_07.png: Copied (new)
2026/08/09 05:41:30 INFO  : public/slides/parte_4/r1/slide_19.png: Copied (new)
2026/08/09 05:41:30 INFO  : public/slides/parte_4/r3/slide_09.png: Copied (new)
2026/08/09 05:41:30 INFO  : public/slides/parte_4/r3/slide_10.png: Copied (new)
2026/08/09 05:41:30 INFO  : public/slides/parte_4/r3/slide_11.png: Copied (new)
2026/08/09 05:41:30 INFO  : public/slides/parte_4/r3/slide_12.png: Copied (new)
2026/08/09 05:41:30 INFO  : public/slides/parte_4/r3/slide_13.png: Copied (new)
2026/08/09 05:41:30 INFO  : public/slides/parte_4/r3/slide_15.png: Copied (new)
2026/08/09 05:41:30 INFO  : public/slides/parte_4/r3/slide_16.png: Copied (new)
2026/08/09 05:41:30 INFO  : public/slides/parte_4/r3/slide_17.png: Copied (new)
2026/08/09 05:41:30 INFO  : public/slides/parte_4/r3/slide_18.png: Copied (new)
2026/08/09 05:41:30 INFO  : public/slides/parte_4/r3/slide_19.png: Copied (new)
2026/08/09 05:41:30 INFO  : public/slides/parte_4/r3/slide_20.png: Copied (new)
2026/08/09 05:41:30 INFO  : public/slides/parte_4/r2/slide_02.png: Copied (new)
2026/08/09 05:41:31 INFO  : public/slides/parte_4/r2/slide_03.png: Copied (new)
2026/08/09 05:41:31 INFO  : public/slides/parte_4/r2/slide_04.png: Copied (new)
2026/08/09 05:41:31 INFO  : public/slides/parte_4/r2/slide_06.png: Copied (new)
2026/08/09 05:41:31 INFO  : public/slides/parte_4/r2/slide_05.png: Copied (new)
2026/08/09 05:41:31 INFO  : public/slides/parte_4/r3/slide_14.png: Copied (new)
2026/08/09 05:41:31 INFO  : public/slides/parte_4/r2/slide_08.png: Copied (new)
2026/08/09 05:41:31 INFO  : public/slides/parte_4/r2/slide_09.png: Copied (new)
2026/08/09 05:41:31 INFO  : public/slides/parte_4/r2/slide_10.png: Copied (new)
2026/08/09 05:41:31 INFO  : public/slides/parte_4/r2/slide_01.png: Copied (new)
2026/08/09 05:41:31 INFO  : public/slides/parte_4/r2/slide_07.png: Copied (new)
2026/08/09 05:41:31 INFO  : public/slides/parte_4/r2/slide_13.png: Copied (new)
2026/08/09 05:41:31 INFO  : public/slides/parte_4/r2/slide_15.png: Copied (new)
2026/08/09 05:41:31 INFO  : public/slides/parte_4/r2/slide_11.png: Copied (new)
2026/08/09 05:41:31 INFO  : public/slides/parte_4/r2/slide_17.png: Copied (new)
2026/08/09 05:41:31 INFO  : public/slides/parte_4/r2/slide_16.png: Copied (new)
2026/08/09 05:41:31 INFO  : public/slides/parte_4/r2/slide_20.png: Copied (new)
2026/08/09 05:41:31 INFO  : .git/refs/remotes/origin/backup-v1-estavel: Copied (new)
2026/08/09 05:41:31 INFO  : public/slides/parte_4/r2/slide_12.png: Copied (new)
2026/08/09 05:41:31 INFO  : public/slides/parte_4/r2/slide_18.png: Copied (new)
2026/08/09 05:41:31 INFO  : public/slides/parte_4/r2/slide_19.png: Copied (new)
2026/08/09 05:41:31 INFO  : .git/logs/refs/heads/main: Copied (new)
2026/08/09 05:41:32 INFO  : .git/refs/remotes/origin/main: Copied (new)
2026/08/09 05:41:32 INFO  : .git/logs/refs/heads/backup-v1-estavel: Copied (new)
2026/08/09 05:41:32 INFO  : .git/logs/refs/remotes/origin/main: Copied (new)
2026/08/09 05:41:32 INFO  : public/slides/parte_4/r2/slide_14.png: Copied (new)
2026/08/09 05:41:32 INFO  : public/slides/parte_6/r3/slide_02.png: Copied (new)
2026/08/09 05:41:32 INFO  : public/slides/parte_6/r3/slide_01.png: Copied (new)
2026/08/09 05:41:32 INFO  : public/slides/parte_6/r3/slide_07.png: Copied (new)
2026/08/09 05:41:32 INFO  : public/slides/parte_6/r3/slide_04.png: Copied (new)
2026/08/09 05:41:32 INFO  : .git/logs/refs/remotes/origin/backup-v1-estavel: Copied (new)
2026/08/09 05:41:32 INFO  : public/slides/parte_6/r3/slide_05.png: Copied (new)
2026/08/09 05:41:32 INFO  : public/slides/parte_6/r3/slide_03.png: Copied (new)
2026/08/09 05:41:32 INFO  : public/slides/parte_6/r3/slide_08.png: Copied (new)
2026/08/09 05:41:32 INFO  : public/slides/parte_6/r3/slide_12.png: Copied (new)
2026/08/09 05:41:32 INFO  : public/slides/parte_6/r3/slide_06.png: Copied (new)
2026/08/09 05:41:32 INFO  : public/slides/parte_6/r3/slide_09.png: Copied (new)
2026/08/09 05:41:32 INFO  : public/slides/parte_6/r3/slide_10.png: Copied (new)
2026/08/09 05:41:32 INFO  : public/slides/parte_6/r3/slide_14.png: Copied (new)
2026/08/09 05:41:32 INFO  : public/slides/parte_6/r3/slide_15.png: Copied (new)
2026/08/09 05:41:32 INFO  : public/slides/parte_6/r3/slide_11.png: Copied (new)
2026/08/09 05:41:32 INFO  : public/slides/parte_6/r3/slide_17.png: Copied (new)
2026/08/09 05:41:33 INFO  : public/slides/parte_6/r3/slide_13.png: Copied (new)
2026/08/09 05:41:33 INFO  : public/slides/parte_6/r3/slide_16.png: Copied (new)
2026/08/09 05:41:33 INFO  : public/slides/parte_6/r3/slide_19.png: Copied (new)
2026/08/09 05:41:33 INFO  : public/slides/parte_6/r3/slide_20.png: Copied (new)
2026/08/09 05:41:33 INFO  : public/slides/parte_6/r3/slide_18.png: Copied (new)
2026/08/09 05:41:33 INFO  : public/slides/parte_4/r1/slide_16.png: Copied (new)
2026/08/09 05:41:33 INFO  : public/slides/parte_6/r3/slide_25.png: Copied (new)
2026/08/09 05:41:33 INFO  : public/slides/parte_6/r3/slide_24.png: Copied (new)
2026/08/09 05:41:33 INFO  : public/slides/parte_6/r3/slide_26.png: Copied (new)
2026/08/09 05:41:33 INFO  : public/slides/parte_6/r3/slide_27.png: Copied (new)
2026/08/09 05:41:33 INFO  : public/slides/parte_6/r3/slide_23.png: Copied (new)
2026/08/09 05:41:33 INFO  : public/slides/parte_6/r3/slide_29.png: Copied (new)
2026/08/09 05:41:33 INFO  : public/slides/parte_6/r3/slide_21.png: Copied (new)
2026/08/09 05:41:33 INFO  : public/slides/parte_6/r3/slide_30.png: Copied (new)
2026/08/09 05:41:33 INFO  : public/slides/parte_6/r3/slide_31.png: Copied (new)
2026/08/09 05:41:33 INFO  : public/slides/parte_6/r3/slide_32.png: Copied (new)
2026/08/09 05:41:33 INFO  : public/slides/parte_6/r3/slide_34.png: Copied (new)
2026/08/09 05:41:33 INFO  : public/slides/parte_6/r3/slide_35.png: Copied (new)
2026/08/09 05:41:33 INFO  : public/slides/parte_6/r3/slide_33.png: Copied (new)
2026/08/09 05:41:33 INFO  : public/slides/parte_6/r3/slide_38.png: Copied (new)
2026/08/09 05:41:33 INFO  : public/slides/parte_6/r3/slide_39.png: Copied (new)
2026/08/09 05:41:33 INFO  : public/slides/parte_6/r3/slide_36.png: Copied (new)
2026/08/09 05:41:34 INFO  : public/slides/parte_6/r3/slide_40.png: Copied (new)
2026/08/09 05:41:34 INFO  : public/slides/parte_6/r3/slide_37.png: Copied (new)
2026/08/09 05:41:34 INFO  : public/slides/parte_6/r3/slide_28.png: Copied (new)
2026/08/09 05:41:34 INFO  : public/slides/parte_6/r3/slide_41.png: Copied (new)
2026/08/09 05:41:34 INFO  : public/slides/parte_6/r3/slide_43.png: Copied (new)
2026/08/09 05:41:34 INFO  : public/slides/parte_6/r3/slide_42.png: Copied (new)
2026/08/09 05:41:34 INFO  : public/slides/parte_6/r3/slide_44.png: Copied (new)
2026/08/09 05:41:34 INFO  : public/slides/parte_6/r2/slide_04.png: Copied (new)
2026/08/09 05:41:34 INFO  : public/slides/parte_6/r2/slide_01.png: Copied (new)
2026/08/09 05:41:34 INFO  : public/slides/parte_6/r2/slide_05.png: Copied (new)
2026/08/09 05:41:34 INFO  : public/slides/parte_6/r2/slide_02.png: Copied (new)
2026/08/09 05:41:34 INFO  : public/slides/parte_6/r2/slide_03.png: Copied (new)
2026/08/09 05:41:34 INFO  : public/slides/parte_6/r2/slide_07.png: Copied (new)
2026/08/09 05:41:34 INFO  : public/slides/parte_6/r3/slide_45.png: Copied (new)
2026/08/09 05:41:34 INFO  : public/slides/parte_6/r2/slide_08.png: Copied (new)
2026/08/09 05:41:34 INFO  : public/slides/parte_6/r2/slide_09.png: Copied (new)
2026/08/09 05:41:34 INFO  : public/slides/parte_6/r2/slide_06.png: Copied (new)
2026/08/09 05:41:34 INFO  : public/slides/parte_6/r2/slide_10.png: Copied (new)
2026/08/09 05:41:34 INFO  : public/slides/parte_6/r2/slide_11.png: Copied (new)
2026/08/09 05:41:35 INFO  : public/slides/parte_6/r2/slide_14.png: Copied (new)
2026/08/09 05:41:35 INFO  : public/slides/parte_6/r2/slide_15.png: Copied (new)
2026/08/09 05:41:35 INFO  : public/slides/parte_6/r2/slide_13.png: Copied (new)
2026/08/09 05:41:35 INFO  : public/slides/parte_6/r2/slide_12.png: Copied (new)
2026/08/09 05:41:35 INFO  : public/slides/parte_6/r2/slide_16.png: Copied (new)
2026/08/09 05:41:35 INFO  : public/slides/parte_6/r2/slide_19.png: Copied (new)
2026/08/09 05:41:35 INFO  : public/slides/parte_6/r2/slide_20.png: Copied (new)
2026/08/09 05:41:35 INFO  : public/slides/parte_6/r2/slide_18.png: Copied (new)
2026/08/09 05:41:35 INFO  : public/slides/parte_6/r2/slide_17.png: Copied (new)
2026/08/09 05:41:35 INFO  : public/slides/parte_6/r2/slide_23.png: Copied (new)
2026/08/09 05:41:35 INFO  : public/slides/parte_6/r2/slide_24.png: Copied (new)
2026/08/09 05:41:35 INFO  : public/slides/parte_6/r2/slide_21.png: Copied (new)
2026/08/09 05:41:35 INFO  : public/slides/parte_6/r2/slide_22.png: Copied (new)
2026/08/09 05:41:35 INFO  : public/slides/parte_6/r2/slide_25.png: Copied (new)
2026/08/09 05:41:35 INFO  : public/slides/parte_6/r2/slide_29.png: Copied (new)
2026/08/09 05:41:35 INFO  : public/slides/parte_6/r2/slide_30.png: Copied (new)
2026/08/09 05:41:35 INFO  : public/slides/parte_6/r2/slide_32.png: Copied (new)
2026/08/09 05:41:35 INFO  : public/slides/parte_6/r2/slide_26.png: Copied (new)
2026/08/09 05:41:35 INFO  : public/slides/parte_6/r2/slide_28.png: Copied (new)
2026/08/09 05:41:35 INFO  : public/slides/parte_6/r2/slide_31.png: Copied (new)
2026/08/09 05:41:35 INFO  : public/slides/parte_6/r2/slide_33.png: Copied (new)
2026/08/09 05:41:36 INFO  : public/slides/parte_6/r2/slide_34.png: Copied (new)
2026/08/09 05:41:36 INFO  : public/slides/parte_6/r2/slide_27.png: Copied (new)
2026/08/09 05:41:36 INFO  : public/slides/parte_6/r2/slide_35.png: Copied (new)
2026/08/09 05:41:36 INFO  : public/slides/parte_6/r2/slide_37.png: Copied (new)
2026/08/09 05:41:36 INFO  : public/slides/parte_6/r2/slide_39.png: Copied (new)
2026/08/09 05:41:36 INFO  : public/slides/parte_6/r2/slide_41.png: Copied (new)
2026/08/09 05:41:36 INFO  : public/slides/parte_6/r2/slide_36.png: Copied (new)
2026/08/09 05:41:36 INFO  : public/slides/parte_6/r2/slide_42.png: Copied (new)
2026/08/09 05:41:36 INFO  : public/slides/parte_6/r2/slide_43.png: Copied (new)
2026/08/09 05:41:36 INFO  : public/slides/parte_6/r2/slide_38.png: Copied (new)
2026/08/09 05:41:36 INFO  : public/slides/parte_6/r2/slide_44.png: Copied (new)
2026/08/09 05:41:36 INFO  : public/slides/parte_6/r2/slide_40.png: Copied (new)
2026/08/09 05:41:36 INFO  : public/slides/parte_2/r1/slide_01.png: Copied (new)
2026/08/09 05:41:36 INFO  : public/slides/parte_2/r1/slide_02.png: Copied (new)
2026/08/09 05:41:36 INFO  : public/slides/parte_2/r1/slide_03.png: Copied (new)
2026/08/09 05:41:36 INFO  : public/slides/parte_2/r1/slide_05.png: Copied (new)
2026/08/09 05:41:36 INFO  : public/slides/parte_2/r1/slide_08.png: Copied (new)
2026/08/09 05:41:36 INFO  : public/slides/parte_2/r1/slide_07.png: Copied (new)
2026/08/09 05:41:36 INFO  : public/slides/parte_2/r1/slide_04.png: Copied (new)
2026/08/09 05:41:37 INFO  : public/slides/parte_2/r1/slide_09.png: Copied (new)
2026/08/09 05:41:37 INFO  : public/slides/parte_2/r1/slide_06.png: Copied (new)
2026/08/09 05:41:37 INFO  : public/slides/parte_6/r2/slide_45.png: Copied (new)
2026/08/09 05:41:37 INFO  : public/slides/parte_2/r1/slide_10.png: Copied (new)
2026/08/09 05:41:37 INFO  : public/slides/parte_2/r1/slide_11.png: Copied (new)
2026/08/09 05:41:37 INFO  : public/slides/parte_2/r1/slide_12.png: Copied (new)
2026/08/09 05:41:37 INFO  : public/slides/parte_2/r1/slide_14.png: Copied (new)
2026/08/09 05:41:37 INFO  : public/slides/parte_2/r1/slide_15.png: Copied (new)
2026/08/09 05:41:37 INFO  : public/slides/parte_2/r1/slide_17.png: Copied (new)
2026/08/09 05:41:37 INFO  : public/slides/parte_2/r1/slide_18.png: Copied (new)
2026/08/09 05:41:37 INFO  : public/slides/parte_2/r1/slide_19.png: Copied (new)
2026/08/09 05:41:37 INFO  : public/slides/parte_2/r1/slide_20.png: Copied (new)
2026/08/09 05:41:37 INFO  : public/slides/parte_2/r1/slide_13.png: Copied (new)
2026/08/09 05:41:37 INFO  : public/slides/parte_2/r1/slide_21.png: Copied (new)
2026/08/09 05:41:37 INFO  : public/slides/parte_2/r2/slide_01.png: Copied (new)
2026/08/09 05:41:37 INFO  : public/slides/parte_2/r1/slide_16.png: Copied (new)
2026/08/09 05:41:37 INFO  : public/slides/parte_2/r2/slide_02.png: Copied (new)
2026/08/09 05:41:37 INFO  : public/slides/parte_2/r2/slide_06.png: Copied (new)
2026/08/09 05:41:37 INFO  : public/slides/parte_2/r2/slide_03.png: Copied (new)
2026/08/09 05:41:37 INFO  : public/slides/parte_2/r2/slide_07.png: Copied (new)
2026/08/09 05:41:37 INFO  : public/slides/parte_2/r2/slide_09.png: Copied (new)
2026/08/09 05:41:38 INFO  : public/slides/parte_2/r2/slide_11.png: Copied (new)
2026/08/09 05:41:38 INFO  : public/slides/parte_2/r2/slide_12.png: Copied (new)
2026/08/09 05:41:38 INFO  : public/slides/parte_6/r3/slide_22.png: Copied (new)
2026/08/09 05:41:38 INFO  : public/slides/parte_2/r2/slide_05.png: Copied (new)
2026/08/09 05:41:38 INFO  : public/slides/parte_2/r2/slide_13.png: Copied (new)
2026/08/09 05:41:38 INFO  : public/slides/parte_2/r2/slide_10.png: Copied (new)
2026/08/09 05:41:38 INFO  : public/slides/parte_2/r2/slide_08.png: Copied (new)
2026/08/09 05:41:38 INFO  : public/slides/parte_2/r2/slide_04.png: Copied (new)
2026/08/09 05:41:38 INFO  : public/slides/parte_2/r2/slide_15.png: Copied (new)
2026/08/09 05:41:38 INFO  : public/slides/parte_2/r2/slide_19.png: Copied (new)
2026/08/09 05:41:38 INFO  : public/slides/parte_2/r2/slide_22.png: Copied (new)
2026/08/09 05:41:38 INFO  : public/slides/parte_2/r2/slide_14.png: Copied (new)
2026/08/09 05:41:38 INFO  : public/slides/parte_2/r2/slide_18.png: Copied (new)
2026/08/09 05:41:38 INFO  : public/slides/parte_2/r2/slide_20.png: Copied (new)
2026/08/09 05:41:38 INFO  : public/slides/parte_2/r2/slide_23.png: Copied (new)
2026/08/09 05:41:38 INFO  : public/slides/parte_2/r2/slide_17.png: Copied (new)
2026/08/09 05:41:38 INFO  : public/slides/parte_2/r2/slide_24.png: Copied (new)
2026/08/09 05:41:38 INFO  : public/slides/parte_2/r2/slide_16.png: Copied (new)
2026/08/09 05:41:38 INFO  : public/slides/parte_2/r2/slide_26.png: Copied (new)
2026/08/09 05:41:38 INFO  : public/slides/parte_2/r2/slide_28.png: Copied (new)
2026/08/09 05:41:39 INFO  : public/slides/parte_2/r2/slide_21.png: Copied (new)
2026/08/09 05:41:39 INFO  : public/slides/parte_2/r2/slide_30.png: Copied (new)
2026/08/09 05:41:39 INFO  : public/slides/parte_2/r2/slide_31.png: Copied (new)
2026/08/09 05:41:39 INFO  : public/slides/parte_2/r2/slide_27.png: Copied (new)
2026/08/09 05:41:39 INFO  : public/slides/parte_2/r2/slide_25.png: Copied (new)
2026/08/09 05:41:39 INFO  : public/slides/parte_2/r2/slide_33.png: Copied (new)
2026/08/09 05:41:39 INFO  : public/slides/parte_2/r2/slide_35.png: Copied (new)
2026/08/09 05:41:39 INFO  : public/slides/parte_2/r2/slide_32.png: Copied (new)
2026/08/09 05:41:39 INFO  : public/slides/parte_2/r2/slide_39.png: Copied (new)
2026/08/09 05:41:39 INFO  : public/slides/parte_2/r2/slide_36.png: Copied (new)
2026/08/09 05:41:39 INFO  : public/slides/parte_2/r2/slide_29.png: Copied (new)
2026/08/09 05:41:39 INFO  : public/slides/parte_2/r2/slide_38.png: Copied (new)
2026/08/09 05:41:39 INFO  : public/slides/parte_2/r2/slide_40.png: Copied (new)
2026/08/09 05:41:39 INFO  : public/slides/parte_2/r2/slide_42.png: Copied (new)
2026/08/09 05:41:39 INFO  : public/slides/parte_2/r2/slide_37.png: Copied (new)
2026/08/09 05:41:39 INFO  : public/slides/parte_2/r2/slide_34.png: Copied (new)
2026/08/09 05:41:39 INFO  : public/slides/parte_2/r2/slide_41.png: Copied (new)
2026/08/09 05:41:39 INFO  : public/slides/parte_2/r3/slide_01.png: Copied (new)
2026/08/09 05:41:39 INFO  : public/slides/parte_2/r3/slide_02.png: Copied (new)
2026/08/09 05:41:39 INFO  : public/slides/parte_2/r2/slide_43.png: Copied (new)
2026/08/09 05:41:40 INFO  : public/slides/parte_2/r3/slide_06.png: Copied (new)
2026/08/09 05:41:40 INFO  : public/slides/parte_2/r2/slide_45.png: Copied (new)
2026/08/09 05:41:40 INFO  : public/slides/parte_2/r3/slide_05.png: Copied (new)
2026/08/09 05:41:40 INFO  : public/slides/parte_2/r3/slide_03.png: Copied (new)
2026/08/09 05:41:40 INFO  : public/slides/parte_2/r3/slide_07.png: Copied (new)
2026/08/09 05:41:40 INFO  : public/slides/parte_2/r3/slide_04.png: Copied (new)
2026/08/09 05:41:40 INFO  : public/slides/parte_2/r3/slide_08.png: Copied (new)
2026/08/09 05:41:40 INFO  : public/slides/parte_2/r3/slide_09.png: Copied (new)
2026/08/09 05:41:40 INFO  : public/slides/parte_2/r3/slide_11.png: Copied (new)
2026/08/09 05:41:40 INFO  : public/slides/parte_2/r2/slide_44.png: Copied (new)
2026/08/09 05:41:40 INFO  : public/slides/parte_2/r3/slide_13.png: Copied (new)
2026/08/09 05:41:40 INFO  : public/slides/parte_2/r3/slide_14.png: Copied (new)
2026/08/09 05:41:40 INFO  : public/slides/parte_2/r3/slide_15.png: Copied (new)
2026/08/09 05:41:40 INFO  : public/slides/parte_2/r3/slide_17.png: Copied (new)
2026/08/09 05:41:40 INFO  : public/slides/parte_2/r3/slide_10.png: Copied (new)
2026/08/09 05:41:40 INFO  : public/slides/parte_2/r3/slide_22.png: Copied (new)
2026/08/09 05:41:40 INFO  : public/slides/parte_2/r3/slide_19.png: Copied (new)
2026/08/09 05:41:40 INFO  : public/slides/parte_2/r3/slide_12.png: Copied (new)
2026/08/09 05:41:40 INFO  : public/slides/parte_2/r3/slide_20.png: Copied (new)
2026/08/09 05:41:40 INFO  : public/slides/parte_2/r3/slide_21.png: Copied (new)
2026/08/09 05:41:40 INFO  : public/slides/parte_2/r3/slide_16.png: Copied (new)
2026/08/09 05:41:41 INFO  : public/slides/parte_2/r3/slide_24.png: Copied (new)
2026/08/09 05:41:41 INFO  : public/slides/parte_2/r3/slide_18.png: Copied (new)
2026/08/09 05:41:41 INFO  : public/slides/parte_2/r3/slide_27.png: Copied (new)
2026/08/09 05:41:41 INFO  : public/slides/parte_2/r3/slide_29.png: Copied (new)
2026/08/09 05:41:41 INFO  : public/slides/parte_2/r3/slide_25.png: Copied (new)
2026/08/09 05:41:41 INFO  : public/slides/parte_2/r3/slide_30.png: Copied (new)
2026/08/09 05:41:41 INFO  : public/slides/parte_2/r3/slide_28.png: Copied (new)
2026/08/09 05:41:41 INFO  : public/slides/parte_2/r3/slide_23.png: Copied (new)
2026/08/09 05:41:41 INFO  : public/slides/parte_2/r3/slide_33.png: Copied (new)
2026/08/09 05:41:41 INFO  : public/slides/parte_2/r3/slide_34.png: Copied (new)
2026/08/09 05:41:41 INFO  : public/slides/parte_2/r3/slide_35.png: Copied (new)
2026/08/09 05:41:41 INFO  : public/slides/parte_2/r3/slide_36.png: Copied (new)
2026/08/09 05:41:41 INFO  : public/slides/parte_2/r3/slide_38.png: Copied (new)
2026/08/09 05:41:41 INFO  : public/slides/parte_2/r3/slide_39.png: Copied (new)
2026/08/09 05:41:41 INFO  : public/slides/parte_2/r3/slide_32.png: Copied (new)
2026/08/09 05:41:41 INFO  : public/slides/parte_2/r3/slide_40.png: Copied (new)
2026/08/09 05:41:41 INFO  : public/slides/parte_2/r3/slide_37.png: Copied (new)
2026/08/09 05:41:41 INFO  : public/slides/parte_2/r3/slide_41.png: Copied (new)
2026/08/09 05:41:41 INFO  : public/slides/parte_2/r3/slide_31.png: Copied (new)
2026/08/09 05:41:41 INFO  : public/slides/parte_2/r3/slide_42.png: Copied (new)
2026/08/09 05:41:41 INFO  : public/slides/parte_2/r3/slide_43.png: Copied (new)
2026/08/09 05:41:42 INFO  : .git/objects/02/9170dd8bc17148f47275b26c51fb28f831f192: Copied (new)
2026/08/09 05:41:42 INFO  : .git/objects/02/a34eb78a7ac4cfadf9f2b1e23e7aef9495903d: Copied (new)
2026/08/09 05:41:42 INFO  : .git/objects/02/dad0ecf52fcd612e66838a6a746c5263261364: Copied (new)
2026/08/09 05:41:42 INFO  : public/slides/parte_2/r3/slide_26.png: Copied (new)
2026/08/09 05:41:42 INFO  : .git/objects/03/8e5216c35b11867b414c72217c9270f4f00b91: Copied (new)
2026/08/09 05:41:42 INFO  : .git/objects/05/2aeff5c016377191e3bde95d9a4a70c8da97f3: Copied (new)
2026/08/09 05:41:42 INFO  : public/slides/parte_2/r3/slide_44.png: Copied (new)
2026/08/09 05:41:42 INFO  : .git/objects/05/b0451be32f768c6232472bff2ebd69fcff50f2: Copied (new)
2026/08/09 05:41:42 INFO  : .git/objects/05/46161f54eb14cedc977b78029a1205f289e854: Copied (new)
2026/08/09 05:41:42 INFO  : .git/objects/0b/58b63c08e261e38e2bbbef7d1600c6ff5d8540: Copied (new)
2026/08/09 05:41:42 INFO  : .git/objects/05/825a924781f5c956dd73e541a65e07d4490021: Copied (new)
2026/08/09 05:41:42 INFO  : .git/objects/0a/efcff4eeec57bfea94ce77ed5b37ff409b7d8d: Copied (new)
2026/08/09 05:41:42 INFO  : .git/objects/09/448c8c3f1aefeef076449a237fbfbeadb7c01c: Copied (new)
2026/08/09 05:41:42 INFO  : .git/objects/0a/ede63a1c72a795ec465c33bf904239dc0185fb: Copied (new)
2026/08/09 05:41:42 INFO  : .git/objects/11/71aaceef27d2594ef94ff339c8d53dfd69df72: Copied (new)
2026/08/09 05:41:42 INFO  : .git/objects/07/740ce85ece8fddc6fe30fd42cbb379443cd5fe: Copied (new)
2026/08/09 05:41:42 INFO  : .git/objects/09/74c2c05f15ea226304789e4bb1f347f3b18a45: Copied (new)
2026/08/09 05:41:43 INFO  : .git/objects/07/39d3e36366d7fca9e1778d3c227604897c8235: Copied (new)
2026/08/09 05:41:43 INFO  : .git/objects/10/0ceaa2010da3a532621bef7f01d704548ed7c7: Copied (new)
2026/08/09 05:41:43 INFO  : .git/objects/10/c0270ad614a3fac5de305bfb5f7bd9d5ab420a: Copied (new)
2026/08/09 05:41:43 INFO  : .git/objects/09/b5be0fdeb4e2b97108ff0257338e422c53cd33: Copied (new)
2026/08/09 05:41:43 INFO  : .git/objects/09/ae2c296b33a64c39c50d986cdf1edb246b6719: Copied (new)
2026/08/09 05:41:43 INFO  : .git/objects/12/a8bafca1216137fc628c9e596194652f62d1b5: Copied (new)
2026/08/09 05:41:43 INFO  : .git/objects/10/290b2e09a0b47501c8da01e82a96427858a964: Copied (new)
2026/08/09 05:41:43 INFO  : .git/objects/13/ee447457800376b3c037837e22cadc901d81cb: Copied (new)
2026/08/09 05:41:43 INFO  : .git/objects/12/5024863e5447fde4e3aa5b2552cee50ccc0541: Copied (new)
2026/08/09 05:41:43 INFO  : .git/objects/03/5d5bebc389e2c6b9964ecbbb4f3d3c04198383: Copied (new)
2026/08/09 05:41:43 INFO  : .git/objects/17/3ad2237a9fafba10d8c841ba4ae292ebb06fb5: Copied (new)
2026/08/09 05:41:43 INFO  : .git/objects/14/e6452b7ece0606b92572a84779ef4cbcb87a66: Copied (new)
2026/08/09 05:41:43 INFO  : .git/objects/14/06269619260a23137490d64b9bda7df402c0c7: Copied (new)
2026/08/09 05:41:43 INFO  : .git/objects/14/0ce31bf43cffe8b9ed6c77c560092a95f904c2: Copied (new)
2026/08/09 05:41:43 INFO  : .git/objects/1b/83f42913e1a90dae7a251db7a73645526a2cd9: Copied (new)
2026/08/09 05:41:44 INFO  : .git/objects/06/61f408c5080db37a1341ba622ac6aed649bcb6: Copied (new)
2026/08/09 05:41:44 INFO  : .git/objects/15/e404fffd149990eac2800e5410e3aadea5f11e: Copied (new)
2026/08/09 05:41:44 INFO  : .git/objects/06/aacdc4dc4e6419ae6ab19a1ca1d07dd1966910: Copied (new)
2026/08/09 05:41:44 INFO  : .git/objects/1c/ca8462dc12fc191bfbd07fa2e458d1847e6cc1: Copied (new)
2026/08/09 05:41:44 INFO  : .git/objects/1d/72c7831d80846b67e7df525eee0d531c9ba695: Copied (new)
2026/08/09 05:41:44 INFO  : .git/objects/1e/eae549879e1cd9c171009be8fd1b08f1de8b17: Copied (new)
2026/08/09 05:41:44 INFO  : .git/objects/06/b465a6d75e70ed028c1a369e8eb198fcda2188: Copied (new)
2026/08/09 05:41:44 INFO  : .git/objects/21/f90378b872edc68222b6e29553120df281f9b8: Copied (new)
2026/08/09 05:41:44 INFO  : .git/objects/00/a7f2f42262c5f1f9cd7e5d48b6248557b6df63: Copied (new)
2026/08/09 05:41:44 INFO  : .git/objects/1d/ca6b60413a797f69f473a744f4079af2cab10f: Copied (new)
2026/08/09 05:41:44 INFO  : .git/objects/19/f1404225a8d1048c298b8bb073221782522948: Copied (new)
2026/08/09 05:41:44 INFO  : .git/objects/23/7cbc336d23a5372316fb71067e8828246907d9: Copied (new)
2026/08/09 05:41:44 INFO  : .git/objects/23/93d62221c6336b75d7cbc19e55e97e2141aaa2: Copied (new)
2026/08/09 05:41:44 INFO  : .git/objects/1f/2d9ed6afc45328e193829b60fa51465ad1b80a: Copied (new)
2026/08/09 05:41:44 INFO  : .git/objects/00/ed65432aa1208c57a025ad0f4b72eb94903408: Copied (new)
2026/08/09 05:41:44 INFO  : .git/objects/24/5259b697909ccc71cbb4e129e836576ef5505b: Copied (new)
2026/08/09 05:41:44 INFO  : .git/objects/25/d2a7bb3622b63c9b3677d358f8e6e5ccc3be7d: Copied (new)
2026/08/09 05:41:44 INFO  : public/slides/parte_6/r1/slide_01.png: Copied (new)
2026/08/09 05:41:45 INFO  : public/slides/parte_6/r1/slide_02.png: Copied (new)
2026/08/09 05:41:45 INFO  : .git/objects/27/42325736d59c990cc8fb2430a941d4fd84646a: Copied (new)
2026/08/09 05:41:45 INFO  : .git/objects/26/1fb04350f783b2dc96ab918b91a0ceec881d6c: Copied (new)
2026/08/09 05:41:45 INFO  : .git/objects/26/a92aa9b84956cd92cf8e5c93763a31aa9bfe27: Copied (new)
2026/08/09 05:41:45 INFO  : public/slides/parte_6/r1/slide_03.png: Copied (new)
2026/08/09 05:41:45 INFO  : public/slides/parte_6/r1/slide_05.png: Copied (new)
2026/08/09 05:41:45 INFO  : public/slides/parte_6/r1/slide_04.png: Copied (new)
2026/08/09 05:41:45 INFO  : public/slides/parte_6/r1/slide_07.png: Copied (new)
2026/08/09 05:41:45 INFO  : public/slides/parte_6/r1/slide_06.png: Copied (new)
2026/08/09 05:41:45 INFO  : .git/objects/25/d3869916e305b8978c2f421127c0ec3193b533: Copied (new)
2026/08/09 05:41:45 INFO  : public/slides/parte_6/r1/slide_10.png: Copied (new)
2026/08/09 05:41:45 INFO  : public/slides/parte_6/r1/slide_11.png: Copied (new)
2026/08/09 05:41:45 INFO  : public/slides/parte_6/r1/slide_08.png: Copied (new)
2026/08/09 05:41:45 INFO  : public/slides/parte_6/r1/slide_09.png: Copied (new)
2026/08/09 05:41:45 INFO  : .git/objects/26/65450ea2602a53eb18db5403694608e9acde07: Copied (new)
2026/08/09 05:41:46 INFO  : public/slides/parte_6/r1/slide_14.png: Copied (new)
2026/08/09 05:41:46 INFO  : public/slides/parte_6/r1/slide_15.png: Copied (new)
2026/08/09 05:41:46 INFO  : public/slides/parte_6/r1/slide_12.png: Copied (new)
2026/08/09 05:41:46 INFO  : public/slides/parte_6/r1/slide_16.png: Copied (new)
2026/08/09 05:41:46 INFO  : public/slides/parte_6/r1/slide_17.png: Copied (new)
2026/08/09 05:41:46 INFO  : public/slides/parte_6/r1/slide_13.png: Copied (new)
2026/08/09 05:41:46 INFO  : public/slides/parte_6/r1/slide_20.png: Copied (new)
2026/08/09 05:41:46 INFO  : public/slides/parte_6/r1/slide_19.png: Copied (new)
2026/08/09 05:41:46 INFO  : public/slides/parte_6/r1/slide_22.png: Copied (new)
2026/08/09 05:41:46 INFO  : public/slides/parte_6/r1/slide_18.png: Copied (new)
2026/08/09 05:41:46 INFO  : public/slides/parte_6/r1/slide_24.png: Copied (new)
2026/08/09 05:41:46 INFO  : public/slides/parte_6/r1/slide_25.png: Copied (new)
2026/08/09 05:41:46 INFO  : public/slides/parte_6/r1/slide_21.png: Copied (new)
2026/08/09 05:41:46 INFO  : public/slides/parte_6/r1/slide_26.png: Copied (new)
2026/08/09 05:41:46 INFO  : public/slides/parte_6/r1/slide_23.png: Copied (new)
2026/08/09 05:41:47 INFO  : public/slides/parte_6/r1/slide_27.png: Copied (new)
2026/08/09 05:41:47 INFO  : public/slides/parte_6/r1/slide_30.png: Copied (new)
2026/08/09 05:41:47 INFO  : .git/objects/09/059120e889b41abfbd5a3af1673f3ab47eb8c6: Copied (new)
2026/08/09 05:41:47 INFO  : public/slides/parte_6/r1/slide_28.png: Copied (new)
2026/08/09 05:41:47 INFO  : public/slides/parte_6/r1/slide_33.png: Copied (new)
2026/08/09 05:41:47 INFO  : public/slides/parte_6/r1/slide_32.png: Copied (new)
2026/08/09 05:41:47 INFO  : public/slides/parte_6/r1/slide_29.png: Copied (new)
2026/08/09 05:41:47 INFO  : public/slides/parte_6/r1/slide_31.png: Copied (new)
2026/08/09 05:41:47 INFO  : public/slides/parte_6/r1/slide_34.png: Copied (new)
2026/08/09 05:41:47 INFO  : public/slides/parte_6/r1/slide_35.png: Copied (new)
2026/08/09 05:41:47 INFO  : public/slides/parte_6/r1/slide_39.png: Copied (new)
2026/08/09 05:41:47 INFO  : public/slides/parte_6/r1/slide_41.png: Copied (new)
2026/08/09 05:41:47 INFO  : public/slides/parte_6/r1/slide_42.png: Copied (new)
2026/08/09 05:41:47 INFO  : public/slides/parte_6/r1/slide_40.png: Copied (new)
2026/08/09 05:41:47 INFO  : public/slides/parte_6/r1/slide_43.png: Copied (new)
2026/08/09 05:41:47 INFO  : public/slides/parte_6/r1/slide_36.png: Copied (new)
2026/08/09 05:41:47 INFO  : public/slides/parte_6/r1/slide_38.png: Copied (new)
2026/08/09 05:41:47 INFO  : public/slides/parte_6/r1/slide_44.png: Copied (new)
2026/08/09 05:41:47 INFO  : .git/objects/16/2e7b3b3b896a8f362b0b5ac9969b79839932d9: Copied (new)
2026/08/09 05:41:47 INFO  : .git/objects/22/1afcd37261fb8635aff8821dfbd71ce925abb0: Copied (new)
2026/08/09 05:41:47 INFO  : .git/objects/01/4b8ce931860a639ba1a8b8deeb93e44e67389e: Copied (new)
2026/08/09 05:41:47 INFO  : .git/objects/16/d68e10e4a36823a763002b48175d430929c99f: Copied (new)
2026/08/09 05:41:47 INFO  : .git/objects/16/cb7a0b6d5c9347b5fe9cfad58d095da75077b9: Copied (new)
2026/08/09 05:41:47 INFO  : public/slides/parte_6/r1/slide_45.png: Copied (new)
2026/08/09 05:41:47 INFO  : .git/objects/01/93d38f66554198977b72429e4c92dfb655fe47: Copied (new)
2026/08/09 05:41:48 INFO  : .git/objects/2c/1c3b7035491fc4f099f19344303f0c4927667f: Copied (new)
2026/08/09 05:41:48 INFO  : .git/objects/2c/d51e0c375c4e6e6c179d2263a7a2af6547c52c: Copied (new)
2026/08/09 05:41:48 INFO  : public/slides/parte_6/r1/slide_37.png: Copied (new)
2026/08/09 05:41:48 INFO  : .git/objects/16/75d5892305ed698bad2d7318df996afeda98ca: Copied (new)
2026/08/09 05:41:48 INFO  : .git/objects/2d/458cdd5258f3c19ebe1398cf96d4c57c2ac3ee: Copied (new)
2026/08/09 05:41:48 INFO  : .git/objects/2d/9c52cfb84d22b6f45967824eb088d1ae1956ab: Copied (new)
2026/08/09 05:41:48 INFO  : .git/objects/30/5f250c0a63c209ec049007158f3ed24c42d767: Copied (new)
2026/08/09 05:41:48 INFO  : .git/objects/2c/591263ac5296f7f2fee2bef97090c2367688ac: Copied (new)
2026/08/09 05:41:48 INFO  : .git/objects/30/d890b107ae3edaed5868c04c10805fdbd79779: Copied (new)
2026/08/09 05:41:48 INFO  : .git/objects/32/8608f90859cdf18379733d44d9da9d9aeaa5be: Copied (new)
2026/08/09 05:41:48 INFO  : .git/objects/2f/2e92841e756f9994b90c0df69f60967e85374a: Copied (new)
2026/08/09 05:41:48 INFO  : .git/objects/2f/6a2aa6430e9fad16f9033d7e06e41924d85c5c: Copied (new)
2026/08/09 05:41:48 INFO  : .git/objects/2f/800e93cfc311db3a95558b9f488d9050966b96: Copied (new)
2026/08/09 05:41:48 INFO  : .git/objects/30/d96c0e19ce2c4a15573bf51fdb2fed4aad8d3c: Copied (new)
2026/08/09 05:41:48 INFO  : .git/objects/31/528c44354d11d47c304e9d94b2aec96bfae80d: Copied (new)
2026/08/09 05:41:48 INFO  : .git/objects/2f/d4a1c567d43bebaaf683a22bb78af10c9303cd: Copied (new)
2026/08/09 05:41:48 INFO  : .git/objects/31/5d2563b57fde0c92991e2a6f649b4afd186a01: Copied (new)
2026/08/09 05:41:48 INFO  : .git/objects/2c/16a0e7bdaff28fecdfccb2b50ed96ee968dfe5: Copied (new)
2026/08/09 05:41:48 INFO  : .git/objects/34/9613869adac3f4a7c7b6951cca359b3dec621d: Copied (new)
2026/08/09 05:41:48 INFO  : .git/objects/29/e1ffe8f2f1acd2c5d6a21ade104d8fbf68ea82: Copied (new)
2026/08/09 05:41:48 INFO  : .git/objects/2e/008756dcf7d80c6c8087474104caedda30b37f: Copied (new)
2026/08/09 05:41:48 INFO  : .git/objects/29/0d36f21a712140f20dccebbcf2d24e1c749d1e: Copied (new)
2026/08/09 05:41:49 INFO  : .git/objects/2e/1993266bb4f54beefcb5c4c4f64001b766332a: Copied (new)
2026/08/09 05:41:49 INFO  : .git/objects/33/173ded2ea0f49ba49c51e205e37d4e4d3a2c20: Copied (new)
2026/08/09 05:41:49 INFO  : .git/objects/2e/3e24d980151b10421b66c20120e6dc5eaebea5: Copied (new)
2026/08/09 05:41:49 INFO  : .git/objects/34/d2d692748d788034f83944f2d0d5e3d8472114: Copied (new)
2026/08/09 05:41:49 INFO  : .git/objects/2e/e62f4ab9f0323b920d780de41ffd0af3828bce: Copied (new)
2026/08/09 05:41:49 INFO  : .git/objects/33/0c2077477adf95b2f366da025b792ff0327c2c: Copied (new)
2026/08/09 05:41:49 INFO  : .git/objects/28/0cd576c5e451da7aca8fb8d48d1e2e163d2d1c: Copied (new)
2026/08/09 05:41:49 INFO  : .git/objects/2e/0569edef98d7ddc0c24de4ce02b6b4c69aea89: Copied (new)
2026/08/09 05:41:49 INFO  : .git/objects/28/23fa0de34aabbe915a85f3ca9e2a06560e6cb9: Copied (new)
2026/08/09 05:41:49 INFO  : .git/objects/28/9f8f5755c74e315f5a9630d1ceb4e172fa5c78: Copied (new)
2026/08/09 05:41:49 INFO  : .git/objects/2e/f87dcf90b2601211edcab8a694521c7c813b4e: Copied (new)
2026/08/09 05:41:49 INFO  : .git/objects/28/7091e82cafabfd78a1adf9466284a37e4b482f: Copied (new)
2026/08/09 05:41:49 INFO  : .git/objects/36/2249750cf64877292ffee5201a682e36cdfd2c: Copied (new)
2026/08/09 05:41:49 INFO  : .git/objects/3c/38fa59257428410060489a12aefb0240631bf8: Copied (new)
2026/08/09 05:41:49 INFO  : .git/objects/3c/885be34d242506528f0ca97d201b6ef237d68d: Copied (new)
2026/08/09 05:41:49 INFO  : .git/objects/36/b1251dfbb83f228ef9ef84853c3ff79c97794a: Copied (new)
2026/08/09 05:41:49 INFO  : .git/objects/36/7b415d17d80e0a3e424685c0ca7cbc69f030f7: Copied (new)
2026/08/09 05:41:49 INFO  : .git/objects/36/336b1e2803f372badebf802c5731ab0940e059: Copied (new)
2026/08/09 05:41:49 INFO  : .git/objects/36/b49be039aea7e3fcb5508ecfdf09192653d7f9: Copied (new)
2026/08/09 05:41:50 INFO  : .git/objects/40/18b1ec3833b57e305e09a4a6b72c3ee6569c42: Copied (new)
2026/08/09 05:41:50 INFO  : .git/objects/39/4be509777c404bac8002fb6d5dee77e4bbcad7: Copied (new)
2026/08/09 05:41:50 INFO  : .git/objects/37/4079ac86251195f62bbe02f11bf774a76e76e6: Copied (new)
2026/08/09 05:41:50 INFO  : .git/objects/36/af3341af3ddd6a10c9aefe95f2d4999ec4cfe9: Copied (new)
2026/08/09 05:41:50 INFO  : .git/objects/36/da0bf46de7e29122e3f5e2c4bbf54d88bf7fcb: Copied (new)
2026/08/09 05:41:50 INFO  : .git/objects/37/d4aa741b1f5ba1c53ee10ba0d3be99854d86b9: Copied (new)
2026/08/09 05:41:50 INFO  : .git/objects/40/e7149423e8331275afe1a685984276824fc5e6: Copied (new)
2026/08/09 05:41:50 INFO  : .git/objects/37/feeccc4162220b10e2d660efe7d8903ebfd7b3: Copied (new)
2026/08/09 05:41:50 INFO  : .git/objects/3d/4bfc4fca4284aafca00f293477595bbfd601e0: Copied (new)
2026/08/09 05:41:50 INFO  : .git/objects/3d/82cff1d36c8de2bcfc91bbce55c005530f1815: Copied (new)
2026/08/09 05:41:50 INFO  : .git/objects/3d/09cad8416326bc7e9fafe5204f561b9082593b: Copied (new)
2026/08/09 05:41:50 INFO  : .git/objects/43/c6efbcb16f11114c1885708f12b6e33a385cf4: Copied (new)
2026/08/09 05:41:50 INFO  : .git/objects/42/4d49cb12a3317c34b14f646685ebbea980d597: Copied (new)
2026/08/09 05:41:50 INFO  : .git/objects/3d/b237982ad0d123640cebe34e1551443bb35d44: Copied (new)
2026/08/09 05:41:50 INFO  : .git/objects/41/a024fcb3c29ad255fcc7167f8bf6ee9e4e14d9: Copied (new)
2026/08/09 05:41:50 INFO  : .git/objects/45/a6c4279b6a0d5112f8e245aa2cd196137887c9: Copied (new)
2026/08/09 05:41:50 INFO  : .git/objects/45/cb936ae894f888642f200bbf9dfbd3f021351d: Copied (new)
2026/08/09 05:41:50 INFO  : .git/objects/2b/691ba0e4283a0fdb8f76a1517a09fcd5128954: Copied (new)
2026/08/09 05:41:50 INFO  : .git/objects/42/70e865556df09b144b32aa858c5271afee267d: Copied (new)
2026/08/09 05:41:50 INFO  : .git/objects/45/b9e34b1f785c26f5adba95bbb1564eb5f9b693: Copied (new)
2026/08/09 05:41:50 INFO  : .git/objects/48/8636c59090a67adc8d7a5858a24a94b8e74a81: Copied (new)
2026/08/09 05:41:51 INFO  : .git/objects/48/8feb6722b1cd40fe7c3158a30550522fcefc00: Copied (new)
2026/08/09 05:41:51 INFO  : .git/objects/46/394639a5a83c3dee0e3e4350ee7351e1444981: Copied (new)
2026/08/09 05:41:51 INFO  : .git/objects/2b/a22eb2e85d04510db391f0d0e66f255e5d45e3: Copied (new)
2026/08/09 05:41:51 INFO  : .git/objects/46/b390e657b665e89b21c406a97b2354f24d9e8b: Copied (new)
2026/08/09 05:41:51 INFO  : .git/objects/46/568f7987e138234a46c04884b3a7710d0faa19: Copied (new)
2026/08/09 05:41:51 INFO  : .git/objects/38/6504d05c6db82cdace354e5f9550bb2f1c5f56: Copied (new)
2026/08/09 05:41:51 INFO  : .git/objects/3b/90056d17a1e591ca2daf4900a682c404a577c7: Copied (new)
2026/08/09 05:41:51 INFO  : .git/objects/47/0bde2257601520c05aa12185199bd89b683828: Copied (new)
2026/08/09 05:41:51 INFO  : .git/objects/47/7fa3e6146475e0d84a840b255725f5d15baf11: Copied (new)
2026/08/09 05:41:51 INFO  : .git/objects/47/7d898e8f8711d8152411c33f32564c3ee817f6: Copied (new)
2026/08/09 05:41:51 INFO  : .git/objects/4f/2d312a6b03d54f8526bed9c612e5e0b15f6257: Copied (new)
2026/08/09 05:41:51 INFO  : .git/objects/4d/4ebd03f91f1c57c81cb5cbc7a5e21bc07973c3: Copied (new)
2026/08/09 05:41:51 INFO  : .git/objects/41/41034b22773342a39ecfdfb0fa8dff045f9e4e: Copied (new)
2026/08/09 05:41:51 INFO  : .git/objects/50/a074a2bd10ee76e3019babde96637cdcf58f2d: Copied (new)
2026/08/09 05:41:51 INFO  : .git/objects/50/360b26da068e6d6369a220fa2ee23cfd0c46de: Copied (new)
2026/08/09 05:41:51 INFO  : .git/objects/4f/5da466f7c09d1a2f9a8d72ea8f1709f4b3c63c: Copied (new)
2026/08/09 05:41:51 INFO  : .git/objects/50/c514d21b2fac24bd835bf55417ff9b308a539f: Copied (new)
2026/08/09 05:41:51 INFO  : .git/objects/51/69823658266256bbbe9e3ea4fa2e63775a7a53: Copied (new)
2026/08/09 05:41:52 INFO  : .git/objects/4d/8583e5a85e4c280e141a3b99eaed2d266f4e26: Copied (new)
2026/08/09 05:41:52 INFO  : .git/objects/4e/65eb1399f60bad3a3192b6038823692901a2e6: Copied (new)
2026/08/09 05:41:52 INFO  : .git/objects/4e/252f6685b90236b443e9054a91b859fddafeda: Copied (new)
2026/08/09 05:41:52 INFO  : .git/objects/4e/845feb69f79f9cce7fd93d25e3c627e645a56c: Copied (new)
2026/08/09 05:41:52 INFO  : .git/objects/51/bcd3101990a576e7f361591885c96ed4916ab0: Copied (new)
2026/08/09 05:41:52 INFO  : .git/objects/4e/d7123ce07a5946bda9321e99ac400cae5ffbc0: Copied (new)
2026/08/09 05:41:52 INFO  : .git/objects/51/856f588b580c9084e548a99a6e0107f6e6ab88: Copied (new)
2026/08/09 05:41:52 INFO  : .git/objects/53/7d957c546c61cd0929b2a2f6c539b7e2b48238: Copied (new)
2026/08/09 05:41:52 INFO  : .git/objects/57/70f445cd18a67bff40203dbd8a9123d38d055d: Copied (new)
2026/08/09 05:41:52 INFO  : .git/objects/4a/4eb20fa651c58a6d64397aebba4052bb60289b: Copied (new)
2026/08/09 05:41:52 INFO  : .git/objects/4e/e1abbf26fe88fa428c19632157ee3e2b246933: Copied (new)
2026/08/09 05:41:52 INFO  : .git/objects/55/5e975f5ba2294891a55dfe269baaa0afd06dbb: Copied (new)
2026/08/09 05:41:52 INFO  : .git/objects/4a/d0206c3a3604142b1bb9e7f64c126fa34a8bfd: Copied (new)
2026/08/09 05:41:52 INFO  : .git/objects/55/eb6d5ab01c77e9b1db750cf8e621a041e00b4d: Copied (new)
2026/08/09 05:41:52 INFO  : .git/objects/58/d12273c7f41e8e0054f5bf567a660e8cc69a45: Copied (new)
2026/08/09 05:41:52 INFO  : .git/objects/5a/fdc3da0e123cd0afa5773f7d17980d86f72684: Copied (new)
2026/08/09 05:41:52 INFO  : .git/objects/55/ecc71d7835821dfd2d5752428233607c1ade4a: Copied (new)
2026/08/09 05:41:53 INFO  : .git/objects/56/704924b056c1f279774a7caa95bddb84a8f279: Copied (new)
2026/08/09 05:41:53 INFO  : .git/objects/56/2d9ff4da4c66e00bea97cf3054e4fd99000f33: Copied (new)
2026/08/09 05:41:53 INFO  : .git/objects/56/bbb7412371b892afc34c583263d65f1f128b9e: Copied (new)
2026/08/09 05:41:53 INFO  : .git/objects/5d/e61c1f812dd55caf22b145d4345ab360854ae9: Copied (new)
2026/08/09 05:41:53 INFO  : .git/objects/5b/83cd8fd0a30ebb3463b7424e3f3a16dfd55fe4: Copied (new)
2026/08/09 05:41:53 INFO  : .git/objects/5c/bf0266de1ce0f751ca3f01d3594cdf6622de48: Copied (new)
2026/08/09 05:41:53 INFO  : .git/objects/5b/c322238bf8260cca6186395359549674214f2e: Copied (new)
2026/08/09 05:41:53 INFO  : .git/objects/5c/86cd581fc0d1a154210314b0452a336a58e7f7: Copied (new)
2026/08/09 05:41:53 INFO  : .git/objects/61/dcf3c52e9ee385a49b6c4a4fff9dd5afa04957: Copied (new)
2026/08/09 05:41:53 INFO  : .git/objects/5f/241f60173e41e3211ae674ac991350165f92e5: Copied (new)
2026/08/09 05:41:53 INFO  : .git/objects/5b/d705fa9f877da74b7c576c9a0d5dfa995a1bd8: Copied (new)
2026/08/09 05:41:53 INFO  : .git/objects/5e/28cd2c4b4346027442bc9722a4dd7ba54f250d: Copied (new)
2026/08/09 05:41:53 INFO  : .git/objects/50/a4b19e7bd44c87adb9e70f70a5e35305341fc1: Copied (new)
2026/08/09 05:41:54 INFO  : .git/objects/59/abe3224344cd1809c7cc844b8d05ce69020bd3: Copied (new)
2026/08/09 05:41:54 INFO  : .git/objects/60/5ed3c9e9f1017d6c775235da74db90f9f8ce54: Copied (new)
2026/08/09 05:41:54 INFO  : .git/objects/5f/637a19fe1cf8b8f2b4d754bde824304d4b3229: Copied (new)
2026/08/09 05:41:54 INFO  : .git/objects/5e/c6bf1547116920b5a50fc77b299716a7f1f7cf: Copied (new)
2026/08/09 05:41:54 INFO  : .git/objects/5e/3800ab1f2e9eac99cfdf511cfc1c47bb264018: Copied (new)
2026/08/09 05:41:54 INFO  : .git/objects/66/239a0526b709710a8edc8ef97cc7e5a9ad676a: Copied (new)
2026/08/09 05:41:54 INFO  : .git/objects/60/ac3fc2eb75fbf5c30a347fd2b577e618cec954: Copied (new)
2026/08/09 05:41:54 INFO  : .git/objects/65/fe3ccaf14a10e5018416f379451378d1c00fb0: Copied (new)
2026/08/09 05:41:54 INFO  : .git/objects/68/f6ddcced611533d90e8763d7835d0c3b94c6bf: Copied (new)
2026/08/09 05:41:54 INFO  : .git/objects/67/48ca0bd2010bcb6727da927763974c6c1f1209: Copied (new)
2026/08/09 05:41:54 INFO  : .git/objects/65/511ee1bdab92dd8d22780e8f3fe9bc538d8c82: Copied (new)
2026/08/09 05:41:54 INFO  : .git/objects/6d/e1eb9ffe199c8579d225387d605c3696b727b7: Copied (new)
2026/08/09 05:41:54 INFO  : .git/objects/71/2fd44404a9552b260d6b781df2609ae2a9c518: Copied (new)
2026/08/09 05:41:54 INFO  : .git/objects/67/fc63eeed4636ba7351de39a2f4b2d1e8b7c2ad: Copied (new)
2026/08/09 05:41:54 INFO  : .git/objects/6f/515604914b87544e016db74dc520bdd894a842: Copied (new)
2026/08/09 05:41:54 INFO  : .git/objects/6f/faac59095df86b0eecae1d8549a97a013ba4c6: Copied (new)
2026/08/09 05:41:54 INFO  : .git/objects/6d/b07eeb681efd835ec187f18846526c518fb06e: Copied (new)
2026/08/09 05:41:54 INFO  : .git/objects/6d/e60d88c3b91fd1d668bc8680c9b8adf95e8988: Copied (new)
2026/08/09 05:41:55 INFO  : .git/objects/6c/bb23455ffd80dec83c647ff7859e1582a6cfcc: Copied (new)
2026/08/09 05:41:55 INFO  : .git/objects/71/fcb82e9da848e753e732bc8f3d676a492e3e1f: Copied (new)
2026/08/09 05:41:55 INFO  : .git/objects/6c/8584e3a87fa534695c236f9485ce1d4e380e1c: Copied (new)
2026/08/09 05:41:55 INFO  : .git/objects/6e/c2dd4c5a19c4ecf7903a17ee3f8be2281e69df: Copied (new)
2026/08/09 05:41:55 INFO  : .git/objects/73/4a0bce76828c35509e358304b973654b0e9b6d: Copied (new)
2026/08/09 05:41:55 INFO  : .git/objects/4b/f6e2edb5d690399a06ea2c10e379eb70f42953: Copied (new)
2026/08/09 05:41:55 INFO  : .git/objects/72/472444d5f5710544fed3dda880b870b880f65d: Copied (new)
2026/08/09 05:41:55 INFO  : .git/objects/75/a77a7401471a3bb1eb897045da6a619e7c5c1e: Copied (new)
2026/08/09 05:41:55 INFO  : .git/objects/6b/b043cf64efe07eb93b0b0db1e59df0dc996bac: Copied (new)
2026/08/09 05:41:55 INFO  : .git/objects/6c/be36c6bdebe40138fe09fdab3a683fc2ce9038: Copied (new)
2026/08/09 05:41:55 INFO  : .git/objects/75/e9669251b63d19ab7f725fed84ff399779757f: Copied (new)
2026/08/09 05:41:55 INFO  : .git/objects/74/0230dfcf54bbac489c4614407db5103d4c4002: Copied (new)
2026/08/09 05:41:55 INFO  : .git/objects/72/979001c8386308cac7b4d25f9a0b79be475bcc: Copied (new)
2026/08/09 05:41:55 INFO  : .git/objects/76/d98833d39c0c4610719cf02565c4e9e610727c: Copied (new)
2026/08/09 05:41:55 INFO  : .git/objects/74/5690e1899ba0be959417cae81ce8b5bf4813f3: Copied (new)
2026/08/09 05:41:55 INFO  : .git/objects/79/6918473f0077e1c8752d58016c6dd25e6d9b50: Copied (new)
2026/08/09 05:41:55 INFO  : .git/objects/79/98795c8ca7d79a35e6e09c1c1f741e68371359: Copied (new)
2026/08/09 05:41:55 INFO  : .git/objects/7b/8495ee77ad1ba2ebf528512fb3d6fffd04119f: Copied (new)
2026/08/09 05:41:55 INFO  : .git/objects/7d/57d948d7b1f7da6d28834b96993ce5e9893fe0: Copied (new)
2026/08/09 05:41:55 INFO  : .git/objects/77/80acddb5893096acd6c2caa9347b01170e2a6e: Copied (new)
2026/08/09 05:41:55 INFO  : .git/objects/77/a923a6ac92a61753505f49cb7fb2d8d9a3c8f0: Copied (new)
2026/08/09 05:41:55 INFO  : .git/objects/74/7251142227f9ea32c2b2f345ec5748a0549b6c: Copied (new)
2026/08/09 05:41:56 INFO  : .git/objects/7f/264148e0ca41c892e1a04b57d86d740620ec86: Copied (new)
2026/08/09 05:41:56 INFO  : .git/objects/7c/6c4f728d1c25fc0536025fe7dca082b33184ce: Copied (new)
2026/08/09 05:41:56 INFO  : .git/objects/82/a674a50c8506b5c00da932b2cfd4b19dea45f2: Copied (new)
2026/08/09 05:41:56 INFO  : .git/objects/7f/a26edcf7aa286d8ffe42fb16025aefc2fec4e4: Copied (new)
2026/08/09 05:41:56 INFO  : .git/objects/77/53291e7551c170e21950eb4b84395121bc8e04: Copied (new)
2026/08/09 05:41:56 INFO  : .git/objects/83/a9cc187099956b5eb788ee63ec414abe6f8623: Copied (new)
2026/08/09 05:41:56 INFO  : .git/objects/7c/de050c0ce36205a766064f15e05f4e10202cbd: Copied (new)
2026/08/09 05:41:56 INFO  : .git/objects/83/1c8d26165e8b586491bce38fc735f0a1b80288: Copied (new)
2026/08/09 05:41:56 INFO  : .git/objects/4c/100ea81e2094ca3f8916e368eda22b8ef9b6b6: Copied (new)
2026/08/09 05:41:56 INFO  : .git/objects/4c/3ca60472a2095a4e4cfe075f8c7c3bf09e48ca: Copied (new)
2026/08/09 05:41:56 INFO  : .git/objects/47/99ac8a98f606d442ffb78aacb02a749a936edc: Copied (new)
2026/08/09 05:41:56 INFO  : .git/objects/85/a8de4dda47369eef14ddfc6bbac5b481d87fbb: Copied (new)
2026/08/09 05:41:56 INFO  : .git/objects/81/4f107182e9237a7111b1cf3f05545c9a516c45: Copied (new)
2026/08/09 05:41:56 INFO  : .git/objects/87/c3b9a6da8f10bac48e89084b20efd595b74e56: Copied (new)
2026/08/09 05:41:56 INFO  : .git/objects/4c/d6f2856ccf4989b537dd99f587f7b6c9251fd6: Copied (new)
2026/08/09 05:41:56 INFO  : .git/objects/87/5b54a23539943d24191f6c25c7ffd794fd20dc: Copied (new)
2026/08/09 05:41:56 INFO  : .git/objects/84/d30d475770708849b5418fd7a3f40770a6545e: Copied (new)
2026/08/09 05:41:56 INFO  : .git/objects/6e/f4336c3f95858abff9cf11fe1e8f0785c98f9a: Copied (new)
2026/08/09 05:41:56 INFO  : .git/objects/85/e5f716b23073cc478af3811cb35b3e0e7d9c3f: Copied (new)
2026/08/09 05:41:56 INFO  : .git/objects/6e/fcbd0650d6a3b3498ca1706709a1858644445b: Copied (new)
2026/08/09 05:41:56 INFO  : .git/objects/8c/6e1dd19d35927b7dfaf2d7bbfb0db60ad1950e: Copied (new)
2026/08/09 05:41:57 INFO  : .git/objects/89/04a0706f8fedc4f242b1586f6fe0a912cec875: Copied (new)
2026/08/09 05:41:57 INFO  : .git/objects/8a/5916f5cdfee3c87d7a7ddd07f163930311f705: Copied (new)
2026/08/09 05:41:57 INFO  : .git/objects/8a/14fce24bbfee34e665666462e86a4dc6429f82: Copied (new)
2026/08/09 05:41:57 INFO  : .git/objects/52/084760c42019d1701515d88cd731b7cbfc7704: Copied (new)
2026/08/09 05:41:57 INFO  : .git/objects/90/b546378e36e00d4df114472ebd2aa861519068: Copied (new)
2026/08/09 05:41:57 INFO  : .git/objects/89/9c05942abcaa99c9d9ab08d87645cd67ef83c9: Copied (new)
2026/08/09 05:41:57 INFO  : .git/objects/8b/41aafeaa2710bd1187aa28be7fd4da699d1e87: Copied (new)
2026/08/09 05:41:57 INFO  : .git/objects/89/db302b8b0fa97ff10f44238c28960baff540fc: Copied (new)
2026/08/09 05:41:57 INFO  : .git/objects/52/ccf03471558f2cfe1fd43c1e8f5f3460ece43f: Copied (new)
2026/08/09 05:41:57 INFO  : .git/objects/88/8385e509e2ac3780c7b56c250b694924089d8a: Copied (new)
2026/08/09 05:41:57 INFO  : .git/objects/95/4ce43bf09b1ddc1b8d8caece492daecbb1b82c: Copied (new)
2026/08/09 05:41:57 INFO  : .git/objects/52/2b84698d0a63930ac39ad404f6aa5a610b94d4: Copied (new)
2026/08/09 05:41:57 INFO  : .git/objects/88/68e7a7307a0ea7df23dec87c53591392f6f1b9: Copied (new)
2026/08/09 05:41:57 INFO  : .git/objects/80/182906cd92aeabe71889d0308ed3a0443f1873: Copied (new)
2026/08/09 05:41:57 INFO  : .git/objects/89/8bf9803a75470f4d28968a59fb154cb227576e: Copied (new)
2026/08/09 05:41:58 INFO  : .git/objects/80/d65602629e9c0af5eca984064caf2fd1aea3e8: Copied (new)
2026/08/09 05:41:58 INFO  : .git/objects/80/4b2a8add693fc11cc86db64ec87e8f0c589dc7: Copied (new)
2026/08/09 05:41:58 INFO  : .git/objects/91/4954456fef19da2bee876c29678f77aa2720de: Copied (new)
2026/08/09 05:41:58 INFO  : .git/objects/94/4d85b36bdcce0e344da6c90183b3ad0b9043f1: Copied (new)
2026/08/09 05:41:58 INFO  : .git/objects/91/6ffd2074742e2ded777f1f10a440ecb0eff3f5: Copied (new)
2026/08/09 05:41:58 INFO  : .git/objects/94/ee16d1b440c74876108dfe3a5323f0233d3512: Copied (new)
2026/08/09 05:41:58 INFO  : .git/objects/98/488e48c1cd070c73f9cd132c99cdb144363bc6: Copied (new)
2026/08/09 05:41:58 INFO  : .git/objects/8d/2533a61f960b56576821d84fd76596b5b2270e: Copied (new)
2026/08/09 05:41:58 INFO  : .git/objects/97/493a2a0465708c59578fe961a5d08ff96015de: Copied (new)
2026/08/09 05:41:58 INFO  : .git/objects/8d/9854d70429a1f02f9dfc32d2ab79d6711fb026: Copied (new)
2026/08/09 05:41:58 INFO  : .git/objects/94/3f3f9ee7be75d3a8cdd379510081b37a2c7f48: Copied (new)
2026/08/09 05:41:58 INFO  : .git/objects/99/5098e7260db7881c27f949b2297ec22c27f029: Copied (new)
2026/08/09 05:41:58 INFO  : .git/objects/8d/ce0d843474a14ce5d98e8ff2204c2c74a9123a: Copied (new)
2026/08/09 05:41:58 INFO  : .git/objects/9b/59b620a203348dd4894dde75502a41287a44c7: Copied (new)
2026/08/09 05:41:58 INFO  : .git/objects/8d/5f4e4986ba22f1dbfd3cdd894927bf3ab91d30: Copied (new)
2026/08/09 05:41:58 INFO  : .git/objects/9b/82b1b2eea7a14b90efb145665677a6094ca31f: Copied (new)
2026/08/09 05:41:58 INFO  : .git/objects/8d/fcf186a0a69d8eb8d9dcac4e9ef9a2e236bb1b: Copied (new)
2026/08/09 05:41:59 INFO  : .git/objects/9b/d12d26d3f138584698d6e914601b6bf6a8cb72: Copied (new)
2026/08/09 05:41:59 INFO  : .git/objects/9d/4858c027692131701550fba7ec28b738c8a782: Copied (new)
2026/08/09 05:41:59 INFO  : .git/objects/a4/2821862cd21e956f4c6c9cce2f0b5d18c157ab: Copied (new)
2026/08/09 05:41:59 INFO  : .git/objects/a5/70dc0ab5621e4c1a4144a6f0fd39fd2c223213: Copied (new)
2026/08/09 05:41:59 INFO  : .git/objects/a2/770aeb4f9178ca77262d849961e229f7359bc7: Copied (new)
2026/08/09 05:41:59 INFO  : .git/objects/a2/db1076e9ff1d806c718914f23785eac7b1ef9d: Copied (new)
2026/08/09 05:41:59 INFO  : .git/objects/a6/f4bb0977bc254cbab144cce01d0e0e74a89057: Copied (new)
2026/08/09 05:41:59 INFO  : .git/objects/a2/c9b9dc0f71d6f74d9a3670053eea7511aa231d: Copied (new)
2026/08/09 05:41:59 INFO  : .git/objects/a6/eb6ee1284785d94f5b47cfb6672e76b01badf8: Copied (new)
2026/08/09 05:41:59 INFO  : .git/objects/9f/4cfd6f6383d56b3854323dd7975fecefd242e7: Copied (new)
2026/08/09 05:41:59 INFO  : .git/objects/9f/d168be7f2b32b211a1b99f18fda22cc4a0f813: Copied (new)
2026/08/09 05:41:59 INFO  : .git/objects/a4/2a28d9bf8e70e83cb45f059785b5bb83681e78: Copied (new)
2026/08/09 05:41:59 INFO  : .git/objects/88/9dabdf634cc4b0f9bb3c820b17351615fd5071: Copied (new)
2026/08/09 05:41:59 INFO  : .git/objects/a8/ce980ea70bbee4b852a547a71d99237f3277c6: Copied (new)
2026/08/09 05:41:59 INFO  : .git/objects/a8/df6defbcb5a410fc68e24931e9f8e595782e46: Copied (new)
2026/08/09 05:42:00 INFO  : .git/objects/a9/c3f7ffad76c7862fdba878e5604d4aff2c1877: Copied (new)
2026/08/09 05:42:00 INFO  : .git/objects/9e/266c479ca5dc5f085bf457da2540bc490853db: Copied (new)
2026/08/09 05:42:00 INFO  : .git/objects/9e/27f32b5ec999e7aecd2f3337bd8660f7f52eb6: Copied (new)
2026/08/09 05:42:00 INFO  : .git/objects/9e/06b302a01af5c6f9b4a5fb0015477d24f6c161: Copied (new)
2026/08/09 05:42:00 INFO  : .git/objects/ad/a86007623fb89e0126c1999ed3e3f6ecef3345: Copied (new)
2026/08/09 05:42:00 INFO  : .git/objects/9e/34bd21291b03ac3ce6e78b6989bd11f7254c42: Copied (new)
2026/08/09 05:42:00 INFO  : .git/objects/aa/62a7ccfb54ac10d55f258461d75d1c0abfc9fa: Copied (new)
2026/08/09 05:42:00 INFO  : .git/objects/ab/7ab3d33eba912a8c3b1ff1d18a97fd2819174d: Copied (new)
2026/08/09 05:42:00 INFO  : .git/objects/9e/a05a8cd12057aac20ebe2abd886a86e1c8401e: Copied (new)
2026/08/09 05:42:00 INFO  : .git/objects/aa/7bbbe234f381dddbeefe75d22e539444604b50: Copied (new)
2026/08/09 05:42:00 INFO  : .git/objects/9f/8527fcc21ad6e1268774ebf0d4b0339fee964c: Copied (new)
2026/08/09 05:42:00 INFO  : .git/objects/ab/c4850ca1603d1f1aff427f4ba4e386050c206c: Copied (new)
2026/08/09 05:42:00 INFO  : .git/objects/ab/13b1ee099522078eb1a54c77382c6f24ecbf8c: Copied (new)
2026/08/09 05:42:00 INFO  : .git/objects/b1/b1303f32379daca8198484ff532db8fb29d763: Copied (new)
2026/08/09 05:42:00 INFO  : .git/objects/ac/fc24beed3f67810b46962663ae9eb932e95421: Copied (new)
2026/08/09 05:42:00 INFO  : .git/objects/96/43caf373f0abe59e59c6ddcd7acc90e6da1181: Copied (new)
2026/08/09 05:42:00 INFO  : .git/objects/b0/d83f4aee563f6ab595c4447f55858fcef10ea7: Copied (new)
2026/08/09 05:42:00 INFO  : .git/objects/99/d9ce2eab608662dce94c42522849e46ba6f524: Copied (new)
2026/08/09 05:42:00 INFO  : .git/objects/ac/80a8c0997083ca485e5847ed7d97a9dbb0c1fa: Copied (new)
2026/08/09 05:42:01 INFO  : .git/objects/96/94a6afdefeef4a2ad62ae28cebe0b694369bd8: Copied (new)
2026/08/09 05:42:01 INFO  : .git/objects/96/52385c6c92bc8768fbd1046e9e8b041bc9aa04: Copied (new)
2026/08/09 05:42:01 INFO  : .git/objects/96/bac9e97d906f48c8ac376e1b58ef8932ada94d: Copied (new)
2026/08/09 05:42:01 INFO  : .git/objects/ae/1cfb35daad9b5965bdf22176836384cc4a89a3: Copied (new)
2026/08/09 05:42:01 INFO  : .git/objects/b3/35f48ce0845bbcd0935e0627b6c0691dabf945: Copied (new)
2026/08/09 05:42:01 INFO  : .git/objects/b2/76aa6206deaf6fc22b27110978cdc767e5d6a8: Copied (new)
2026/08/09 05:42:01 INFO  : .git/objects/af/1d49147be938e8607f64820ebde9701cdd7b41: Copied (new)
2026/08/09 05:42:01 INFO  : .git/objects/ae/acb7c02769e4c7c6886ac3f010c7ece07bc5fd: Copied (new)
2026/08/09 05:42:01 INFO  : .git/objects/af/a64a34c7ccc08c3463c35addf4278ad89030c6: Copied (new)
2026/08/09 05:42:01 INFO  : .git/objects/ac/d31e77783a8b35233e8000cd6896ed894a2c2e: Copied (new)
2026/08/09 05:42:01 INFO  : .git/objects/b6/f248b7582017548e77bca07885609536d07b12: Copied (new)
2026/08/09 05:42:01 INFO  : .git/objects/af/dedbb3fc6b0a94200e77b424a4311a4b48d170: Copied (new)
2026/08/09 05:42:01 INFO  : .git/objects/b4/41778554ef2d85fd2220152347ebce3db6c096: Copied (new)
2026/08/09 05:42:01 INFO  : .git/objects/be/e9f559738bbf846ca0b90d9b7609b14aa36087: Copied (new)
2026/08/09 05:42:01 INFO  : .git/objects/bd/33468a750386c117c490c2583f474cd45b25d8: Copied (new)
2026/08/09 05:42:01 INFO  : .git/objects/bc/47b1944ec7ba33daeb3cc24a397e81f1507f7f: Copied (new)
2026/08/09 05:42:01 INFO  : .git/objects/ae/a0b394153c02a5ce5bf9b6e245e509561d9578: Copied (new)
2026/08/09 05:42:01 INFO  : .git/objects/b4/534fcba80eefe68bc5fc495e4a53c5c3a955ea: Copied (new)
2026/08/09 05:42:02 INFO  : .git/objects/bd/8a5fd47fbe0361f50637cf168c28ce7973ac8d: Copied (new)
2026/08/09 05:42:02 INFO  : .git/objects/b4/6182f574c09707ee6bc228bee6c62c870c3dd4: Copied (new)
2026/08/09 05:42:02 INFO  : .git/objects/92/7285e35b799d85fb8cc700276cca6513920a52: Copied (new)
2026/08/09 05:42:02 INFO  : .git/objects/af/3b594d98b8e8391c78f7e5d6b2cc7e7e8b3b08: Copied (new)
2026/08/09 05:42:02 INFO  : .git/objects/92/d5d243192df16ffb6e672fbd1fde48ff174e15: Copied (new)
2026/08/09 05:42:02 INFO  : .git/objects/92/5b537aff9bdd29567cb3ca677d742eb9e3bd69: Copied (new)
2026/08/09 05:42:02 INFO  : .git/objects/c0/8d57e4177b97eecae04c60429cbd7897f5c53f: Copied (new)
2026/08/09 05:42:02 INFO  : .git/objects/bf/10008c124a1a0ec8d83cedeb0a314c45c639c3: Copied (new)
2026/08/09 05:42:02 INFO  : .git/objects/b8/3fa0d993964494a0191f6aa886e115cd25a631: Copied (new)
2026/08/09 05:42:02 INFO  : .git/objects/b8/3555448231159f2ed7eef13d39b29b58fc90fd: Copied (new)
2026/08/09 05:42:02 INFO  : .git/objects/92/7ebcb010787a134611fa7d3ace1d8fa199c11c: Copied (new)
2026/08/09 05:42:02 INFO  : .git/objects/bf/48c09474898f4356e2efdbdcd6ea5f7bf13807: Copied (new)
2026/08/09 05:42:02 INFO  : .git/objects/bf/cc3d9ff4f6082f27a34a5e0c4b75302cfec89c: Copied (new)
2026/08/09 05:42:02 INFO  : .git/objects/c0/d19812d4a6c1986d32874989d442364843aa67: Copied (new)
2026/08/09 05:42:03 INFO  : .git/objects/c1/6f327f3a7abd99b91d6eecfff57827b625625a: Copied (new)
2026/08/09 05:42:03 INFO  : .git/objects/c1/492e4374e6bbb5ba36336bb722f3a621025252: Copied (new)
2026/08/09 05:42:03 INFO  : .git/objects/c5/3faf4f89e2e6bbeeaf39e2e5333150bdd830f5: Copied (new)
2026/08/09 05:42:03 INFO  : .git/objects/c3/d6ba31740f648583639dcffc36cdcfda383bed: Copied (new)
2026/08/09 05:42:03 INFO  : .git/objects/c3/53b04f4080f838740854d22d3140613218c17a: Copied (new)
2026/08/09 05:42:03 INFO  : .git/objects/bb/275a4ff8750e8769fbdc279c8700f275fe1b2e: Copied (new)
2026/08/09 05:42:03 INFO  : .git/objects/c7/85e2de6a67736c0fcdeb32c9731838342c034d: Copied (new)
2026/08/09 05:42:03 INFO  : .git/objects/bf/e4e1c0a259632c532d96fc2c13e3f5801d2968: Copied (new)
2026/08/09 05:42:03 INFO  : .git/objects/c1/9b9d919e740c73ab3b6ef47f001f6254a2f03e: Copied (new)
2026/08/09 05:42:03 INFO  : .git/objects/c5/ec1fedea11bf16fa48c7b1c2676a53ba487cdc: Copied (new)
2026/08/09 05:42:03 INFO  : .git/objects/ca/09d617cf1a1c61e800e3270049eaa7b96590ef: Copied (new)
2026/08/09 05:42:03 INFO  : .git/objects/bb/5294ba245dd67154fdb59bde0c391021e56971: Copied (new)
2026/08/09 05:42:03 INFO  : .git/objects/c3/14e1880335aeddf778f5c31300ee7aa88424fe: Copied (new)
2026/08/09 05:42:03 INFO  : .git/objects/cb/a7adfd1eb0f67162570fa24ab402905c5d28ab: Copied (new)
2026/08/09 05:42:03 INFO  : .git/objects/cc/7d370de84a78e353f53d43b5099125444c334e: Copied (new)
2026/08/09 05:42:04 INFO  : .git/objects/cf/79ef9a206fee15b6419f42bf08baa34c369577: Copied (new)
2026/08/09 05:42:04 INFO  : .git/objects/ce/235cd3ffcbb4aa6173b9b64f41206c2d189cf8: Copied (new)
2026/08/09 05:42:04 INFO  : .git/objects/c9/112a4216dd485888384bcb7d2b1e14e1e63e56: Copied (new)
2026/08/09 05:42:04 INFO  : .git/objects/c6/9b3f029dd27d81842d14d728e362baf3bbe489: Copied (new)
2026/08/09 05:42:04 INFO  : .git/objects/cb/0b58ba98b522aa2ba1ff617b2f2e4d3669ad11: Copied (new)
2026/08/09 05:42:04 INFO  : .git/objects/b8/2f513f344b7c06fb5207ab34747b05612d1ecf: Copied (new)
2026/08/09 05:42:04 INFO  : .git/objects/c9/f13d4b206605f1d8ea518a7c554586301cfba3: Copied (new)
2026/08/09 05:42:04 INFO  : .git/objects/c6/7cc47870611f6d8e6da9053ee99d11a6a15e12: Copied (new)
2026/08/09 05:42:04 INFO  : .git/objects/c6/ea4c101b2c9fb5d1bb62712c7875b2a1450c89: Copied (new)
2026/08/09 05:42:04 INFO  : .git/objects/d0/fcafba36ed33ab52635e8201fd99dc58a53826: Copied (new)
2026/08/09 05:42:04 INFO  : .git/objects/d5/198cbf999b7fe190b5ec23ed7d2693de6d1c46: Copied (new)
2026/08/09 05:42:04 INFO  : .git/objects/c9/990e3988436fdb49f34daffb8dcfc8109c4f5c: Copied (new)
2026/08/09 05:42:04 INFO  : .git/objects/d0/3a6097b74be014c93b2c2b636a457b76a8a7e4: Copied (new)
2026/08/09 05:42:04 INFO  : .git/objects/d1/07b5abffe2c5aa131acf934595eb3ce47f69d8: Copied (new)
2026/08/09 05:42:04 INFO  : .git/objects/d2/3b8fdb28a93d2d16da4b826d1a4900f01ae881: Copied (new)
2026/08/09 05:42:05 INFO  : .git/objects/d8/79ff7b18d7265df79d295528b22014c6c6dd27: Copied (new)
2026/08/09 05:42:05 INFO  : .git/objects/da/faa3aa30e1a26a74e46dc49d011e48c8af4587: Copied (new)
2026/08/09 05:42:05 INFO  : .git/objects/ca/d9534440f494cd25dbbe8cd92de96863c58a59: Copied (new)
2026/08/09 05:42:05 INFO  : .git/objects/db/b68b620197c57c925876363bfb6297cc4bd008: Copied (new)
2026/08/09 05:42:05 INFO  : .git/objects/d2/91529694601265db475249f871e7c93ed6ac45: Copied (new)
2026/08/09 05:42:05 INFO  : .git/objects/d7/dd1bb1d749e67290a422ccfb00cc7d2d9b432e: Copied (new)
2026/08/09 05:42:05 INFO  : .git/objects/d1/a3b48774074d77d709b48b29d1f5574e6d7351: Copied (new)
2026/08/09 05:42:05 INFO  : .git/objects/e0/f40e2933b0e4c394ed4aceaa06fee26c71fd10: Copied (new)
2026/08/09 05:42:05 INFO  : .git/objects/d9/08b8bf4ac484db8ddcd3dc0e52f0e64ce91914: Copied (new)
2026/08/09 05:42:05 INFO  : .git/objects/dc/4874d29305ba27d3a08909f63ced8e4dfab62a: Copied (new)
2026/08/09 05:42:05 INFO  : .git/objects/d3/322ca782feef69a41d3c8cfd497738ffdf365a: Copied (new)
2026/08/09 05:42:05 INFO  : .git/objects/d3/989303e1ff50dd87ec0ffb1cad501d65702638: Copied (new)
2026/08/09 05:42:05 INFO  : .git/objects/d3/c245c67c69f4b912725a54ad9b1fbd702b488c: Copied (new)
2026/08/09 05:42:05 INFO  : .git/objects/dc/a36f66e2a31e555e5b6d9903dd7d616d1cd21f: Copied (new)
2026/08/09 05:42:05 INFO  : .git/objects/d3/03cf9b0b0056043c38ade942a5119ff0091152: Copied (new)
2026/08/09 05:42:05 INFO  : .git/objects/d3/a075f141d1c79fe9af9fb20ebf192a73bdfbe1: Copied (new)
2026/08/09 05:42:05 INFO  : .git/objects/de/0f876b566752fe70886cba421afcd7f7379146: Copied (new)
2026/08/09 05:42:05 INFO  : .git/objects/d9/79690864087adefab4dcea404b5af30402f781: Copied (new)
2026/08/09 05:42:05 INFO  : .git/objects/e3/0f4b7f6185e0090c96a458bb3a762b0e0abcc5: Copied (new)
2026/08/09 05:42:05 INFO  : .git/objects/de/be2f80fe32841b1dac18ca2e229fb070c50b7a: Copied (new)
2026/08/09 05:42:06 INFO  : .git/objects/de/c100e141c1820b90b14d2708d19c0c32cb20ce: Copied (new)
2026/08/09 05:42:06 INFO  : .git/objects/c8/67d4e6388efeb9fa141e163b84375eafbdeb68: Copied (new)
2026/08/09 05:42:06 INFO  : .git/objects/c8/241b5d566318d55808ea0472c6b7d82f602711: Copied (new)
2026/08/09 05:42:06 INFO  : .git/objects/c8/d07d4cbf66059b82db2de6663ca23e7f31f68a: Copied (new)
2026/08/09 05:42:06 INFO  : .git/objects/e1/06308ec83bbeae0b60f8c32a24e7445bfb7847: Copied (new)
2026/08/09 05:42:06 INFO  : .git/objects/e1/d0d846c26aeb5f51c8f3ec63f33d9b7538f89d: Copied (new)
2026/08/09 05:42:06 INFO  : .git/objects/e8/b469d61540b26289c3816eb4e39088864ff2ca: Copied (new)
2026/08/09 05:42:06 INFO  : .git/objects/e7/860de478d5d5e2a4533870f066633643da0d17: Copied (new)
2026/08/09 05:42:06 INFO  : .git/objects/e7/bb55b957d1a8d57cd977496400ff21a1c2f8ad: Copied (new)
2026/08/09 05:42:06 INFO  : .git/objects/e6/ebf724606623b3737963122c412344c6c48f8e: Copied (new)
2026/08/09 05:42:06 INFO  : .git/objects/e6/d29c8cb4682cea724cd4417342dff32ca4e63c: Copied (new)
2026/08/09 05:42:06 INFO  : .git/objects/c8/f1831941323c854aad6c99bfa3e8831febc1e3: Copied (new)
2026/08/09 05:42:06 INFO  : .git/objects/e7/bdb18ee2ce327e9f7d0f24d8fe3a636f2eb5a1: Copied (new)
2026/08/09 05:42:06 INFO  : .git/objects/e5/1eb143ab290e23e80937dbb2d1fd56aebf8629: Copied (new)
2026/08/09 05:42:06 INFO  : .git/objects/e5/01414cd2614fe3793885aee524a4258094edbb: Copied (new)
2026/08/09 05:42:06 INFO  : .git/objects/e5/c42469c59e791d8228194aa438592a416e0e2b: Copied (new)
2026/08/09 05:42:06 INFO  : .git/objects/d6/acb037387698c6666cf1225b234480af8b43e3: Copied (new)
2026/08/09 05:42:06 INFO  : .git/objects/ea/9561a5e0e6fe6126aef5b31d1fe3bd4ac16df7: Copied (new)
2026/08/09 05:42:06 INFO  : .git/objects/d6/ac7d23a7d4c143a565169ddeea15b62f8d12a2: Copied (new)
2026/08/09 05:42:06 INFO  : .git/objects/ea/ed26c3ee48f17b49e8dd2fa6b87250760f9ffc: Copied (new)
2026/08/09 05:42:07 INFO  : .git/objects/d6/c8878e7884a64b3b4ecc1e538c7005b6eb03c2: Copied (new)
2026/08/09 05:42:07 INFO  : .git/objects/d6/55e40e8253a6b3f5f7eb2e63980d598c7095b7: Copied (new)
2026/08/09 05:42:07 INFO  : .git/objects/e5/97842136d2b8db4341adff3c7cf3833a9d624c: Copied (new)
2026/08/09 05:42:07 INFO  : .git/objects/ec/29b2ee5eb5d25a5c2b8838e1a42ed9225c8a9c: Copied (new)
2026/08/09 05:42:07 INFO  : .git/objects/eb/5d57fbaba0f041abf361a2803ca44008c233c8: Copied (new)
2026/08/09 05:42:07 INFO  : .git/objects/e9/09c599fc2329477b623479c512a6d7fa56318c: Copied (new)
2026/08/09 05:42:07 INFO  : .git/objects/eb/e8a7cac7bb2b0d994d3cd74d9969212145219e: Copied (new)
2026/08/09 05:42:07 INFO  : .git/objects/e9/7e02bb312ecf9ec08dc17f1b202572ac457843: Copied (new)
2026/08/09 05:42:07 INFO  : .git/objects/eb/85613a084a6c96c2be64bace9516b429b6ca6a: Copied (new)
2026/08/09 05:42:07 INFO  : .git/objects/e9/0a51d9bab0eca46347a81b99f561e730e8ac04: Copied (new)
2026/08/09 05:42:07 INFO  : .git/objects/ee/1e8a6f137c67ae9dfcd2abc2ad54705ecf7ace: Copied (new)
2026/08/09 05:42:07 INFO  : .git/objects/e9/1acb6b03ebe84a286f76b1efa4993c925db4d6: Copied (new)
2026/08/09 05:42:07 INFO  : .git/objects/ef/3c7ae4d45a799eb0865a0a45ba1411698517f8: Copied (new)
2026/08/09 05:42:07 INFO  : .git/objects/f4/e395a2a1a87361467ba048b2cfe5f4a84905b8: Copied (new)
2026/08/09 05:42:07 INFO  : .git/objects/f0/f439244a50d326942401d0432a1c1fcb6de716: Copied (new)
2026/08/09 05:42:07 INFO  : .git/objects/ef/2f0c18ae90a963191f1ec37cd8955cb82a8bbf: Copied (new)
2026/08/09 05:42:07 INFO  : .git/objects/e9/7429d6b77d04d5943e9808dd35eb4a1fea5bf7: Copied (new)
2026/08/09 05:42:07 INFO  : .git/objects/f0/844e7820491e9a41f864145ea055bf0032b665: Copied (new)
2026/08/09 05:42:07 INFO  : .git/objects/f6/862ef3808aac893356e40ee9876463a7d9ab4c: Copied (new)
2026/08/09 05:42:08 INFO  : .git/objects/f3/533e8d5f4c284a84749ae4f97b45d978538617: Copied (new)
2026/08/09 05:42:08 INFO  : .git/objects/f3/e536e10ecf7fd86a1bbb2c0ab13ef8afb08a71: Copied (new)
2026/08/09 05:42:08 INFO  : .git/objects/ee/bdaa6ca94e0d6446110d42ebe23e559c12e83e: Copied (new)
2026/08/09 05:42:08 INFO  : .git/objects/f5/5e409156a58a5c181f7fac691f948bb78169a8: Copied (new)
2026/08/09 05:42:08 INFO  : .git/objects/f8/c3509d8de211f8e3b2f55626e6d6fb90619bce: Copied (new)
2026/08/09 05:42:08 INFO  : .git/objects/f5/4f796fe6d5a068d0405e8d97cdc75f772b2309: Copied (new)
2026/08/09 05:42:08 INFO  : .git/objects/f3/a1cbe5312f7a3135d1331c12615625ad608f78: Copied (new)
2026/08/09 05:42:08 INFO  : .git/objects/fa/ca12a2cc8c27916e6ec4da75719330f9e20971: Copied (new)
2026/08/09 05:42:08 INFO  : .git/objects/f7/50145beea9a18a4a2d9ce137b0f469961a16a8: Copied (new)
2026/08/09 05:42:08 INFO  : .git/objects/f7/5a4c0f058c070a2e07f7c7f7b50514da7ebc0c: Copied (new)
2026/08/09 05:42:08 INFO  : .git/objects/f9/dfd19e54d58465baaca96dc5ac395eb4a88f76: Copied (new)
2026/08/09 05:42:08 INFO  : .git/objects/f5/e7d8c6eb24fcfc1b20abd2d22fbc871f1a053b: Copied (new)
2026/08/09 05:42:08 INFO  : .git/objects/fb/092932d937b319d739ea5c8c34d4181d025e6b: Copied (new)
2026/08/09 05:42:08 INFO  : .git/objects/fb/a6c712cb6e9590a0e37815a6d235595b1a0aae: Copied (new)
2026/08/09 05:42:08 INFO  : .git/objects/fd/62c695efc9511a94fb46d30d055889d872791b: Copied (new)
2026/08/09 05:42:08 INFO  : .git/objects/f9/f87d34f72c39783cd7733186d4445fc109e57c: Copied (new)
2026/08/09 05:42:08 INFO  : .git/objects/fc/4166b80c6d13eda71398cb4cdd2a0d2d3de757: Copied (new)
2026/08/09 05:42:09 INFO  : .git/objects/fe/4379d9715292e9ec7d128d7e7ed545694bc99d: Copied (new)
2026/08/09 05:42:09 INFO  : .git/objects/9c/f6f773e8e1b51307ae686eb62c53bc519bc53e: Copied (new)
2026/08/09 05:42:09 INFO  : .git/objects/fc/16fa532e1f8fae1b2a2394516cad1c523a812b: Copied (new)
2026/08/09 05:42:09 INFO  : .git/objects/e2/33228e708f4cab9b9785a01b2736b4f7a41ae0: Copied (new)
2026/08/09 05:42:09 INFO  : .git/objects/ff/486fbda666a8f14c782bbf71e1a0c5bc05a881: Copied (new)
2026/08/09 05:42:09 INFO  : .git/objects/f9/e07945f16e7a4ca3546b1dfe9d21300169adce: Copied (new)
2026/08/09 05:42:09 INFO  : .git/objects/fe/684ac78d216225e7cf80804f664fa3a14e5c30: Copied (new)
2026/08/09 05:42:09 INFO  : .git/objects/ed/1aa6ac43a7ff0803d0881a885a5d8a64d26cd9: Copied (new)
2026/08/09 05:42:09 INFO  : .git/objects/ed/20c6457095720797015b4076edec61d7601a97: Copied (new)
2026/08/09 05:42:09 INFO  : .git/objects/ff/ca690e3c24ece85c9a736a721e057c3dd2815c: Copied (new)
2026/08/09 05:42:09 INFO  : .git/objects/ed/a35ca0c0c88f291c3edd07c58b90e08b0b1da8: Copied (new)
2026/08/09 05:42:09 INFO  : .git/objects/ed/c0a2e0e40d5020ae0663d00f1e2b9228fbed72: Copied (new)
2026/08/09 05:42:09 INFO  : .git/objects/e4/39d29100ab6db01fd7a236c2ff415396cfd0f4: Copied (new)
2026/08/09 05:42:09 INFO  : .git/objects/ed/d8eedf557ba200931489c791f758b191f3e8d4: Copied (new)
2026/08/09 05:42:09 INFO  : .git/objects/e4/0e6f106592b5969d1eb773b7d6b248d031cd39: Copied (new)
2026/08/09 05:42:11 INFO  : .git/objects/ed/93cdc5a91956e260eeb66aa67cfd943fef7f87: Copied (new)
2026/08/09 05:42:11 INFO  :   169.554 MiB / 169.554 MiB, 100%, 2.744 MiB/s, ETA 0s
2026/08/09 05:42:14 INFO  : noticias.json: Copied (new)
2026/08/09 05:42:14 INFO  : apresentacoes.json: Copied (new)
2026/08/09 05:42:14 INFO  : app.js: Copied (new)
2026/08/09 05:42:14 INFO  : .env.local: Copied (new)
2026/08/09 05:42:14 INFO  : revisions.json: Copied (new)
2026/08/09 05:42:14 INFO  : vercel.json: Copied (new)
2026/08/09 05:42:14 INFO  : .gitignore: Copied (new)
2026/08/09 05:42:14 INFO  : index.html: Copied (new)
2026/08/09 05:42:14 INFO  : .git/HEAD: Copied (new)
2026/08/09 05:42:14 INFO  : styles.css: Copied (new)
2026/08/09 05:42:14 INFO  : .git/COMMIT_EDITMSG: Copied (new)
2026/08/09 05:42:14 INFO  : paper_pt.html: Copied (new)
2026/08/09 05:42:15 INFO  : paper_en.html: Copied (new)
2026/08/09 05:42:15 INFO  : .git/description: Copied (new)
2026/08/09 05:42:15 INFO  : .git/config: Copied (new)
2026/08/09 05:42:15 INFO  : videos.json: Copied (new)
2026/08/09 05:42:15 INFO  : .git/index: Copied (new)
2026/08/09 05:42:15 INFO  : .vercel/project.json: Copied (new)
2026/08/09 05:42:15 INFO  : paper_data.js: Copied (new)
2026/08/09 05:42:15 INFO  : .vercel/README.txt: Copied (new)
2026/08/09 05:42:15 INFO  : public/images/videos/thumb_chip_cargas.png: Copied (new)
2026/08/09 05:42:15 INFO  : .git/logs/HEAD: Copied (new)
2026/08/09 05:42:16 INFO  : public/images/news/contrabando_fiscalizacao.png: Copied (new)
2026/08/09 05:42:16 INFO  : .git/info/exclude: Copied (new)
2026/08/09 05:42:16 INFO  : public/images/videos/thumb_ferrovia_china.png: Copied (new)
2026/08/09 05:42:16 INFO  : public/images/videos/thumb_selo_ia.png: Copied (new)
2026/08/09 05:42:17 INFO  : public/images/news/news_bundesdruckerei.png: Copied (new)
2026/08/09 05:42:17 INFO  : public/images/videos/thumb_ibm.png: Copied (new)
2026/08/09 05:42:17 INFO  : public/images/news/news_ferrovia.png: Copied (new)
2026/08/09 05:42:17 INFO  : public/images/videos/thumb_dte.png: Copied (new)
2026/08/09 05:42:18 INFO  : public/images/news/news_dpp_eu.png: Copied (new)
2026/08/09 05:42:18 INFO  : public/images/news/news_contrabando.png: Copied (new)
2026/08/09 05:42:18 INFO  : public/images/news/ferrovia_transoceanica.png: Copied (new)
2026/08/09 05:42:19 INFO  : public/images/news/news_komsco.png: Copied (new)
2026/08/09 05:42:19 INFO  : public/images/news/news_selo_icp.png: Copied (new)
2026/08/09 05:42:19 INFO  : public/images/news/news_ouro.png: Copied (new)
2026/08/09 05:42:19 INFO  : public/images/news/news_ingroupe.png: Copied (new)
2026/08/09 05:42:20 INFO  : public/images/news/news_viracopos.png: Copied (new)
2026/08/09 05:42:20 INFO  : public/images/news/viracopos_wlp.png: Copied (new)
2026/08/09 05:42:20 INFO  : public/downloads/CMB_certificadora_nacional.pptx: Copied (new)
2026/08/09 05:42:20 INFO  : public/images/news/selo_eletronico_icp.png: Copied (new)
2026/08/09 05:42:20 INFO  : public/downloads/CMB_controle_logistico_v3.pptx: Copied (new)
2026/08/09 05:42:20 INFO  : public/downloads/CMB_eixo_certificacao_nacional.pptx: Copied (new)
2026/08/09 05:42:20 INFO  : public/downloads/CMB_controle_logistico_v4.pdf: Copied (new)
2026/08/09 05:42:21 INFO  : public/downloads/CMB_controle_logistico_v4.pptx: Copied (new)
2026/08/09 05:42:21 INFO  : public/downloads/CMB_tese_final.pptx: Copied (new)
2026/08/09 05:42:22 INFO  : public/images/news/cerco_inteligente.png: Copied (new)
2026/08/09 05:42:24 INFO  : public/slides/parte_4/r3/slide_01.png: Copied (new)
2026/08/09 05:42:24 INFO  : public/images/news/news_cerco.png: Copied (new)
2026/08/09 05:42:25 INFO  : public/slides/parte_4/r3/slide_02.png: Copied (new)
2026/08/09 05:42:25 INFO  : public/slides/parte_4/r3/slide_03.png: Copied (new)
2026/08/09 05:42:25 INFO  : public/downloads/O_Futuro_do_Brasil_Controle_Logistico_Nacional v7.pptx.pdf: Copied (new)
2026/08/09 05:42:25 INFO  : public/downloads/O_Futuro_do_Brasil_Controle_Logistico_Nacional v6.pptx: Copied (new)
2026/08/09 05:42:25 INFO  : public/downloads/Casa_da_Moeda_Controle_Logistico_Nacional (1).pptx: Copied (new)
2026/08/09 05:42:25 INFO  : public/slides/parte_4/r3/slide_04.png: Copied (new)
2026/08/09 05:42:26 INFO  : public/slides/parte_4/r3/slide_08.png: Copied (new)
2026/08/09 05:42:26 INFO  : public/slides/parte_4/r3/slide_07.png: Copied (new)
2026/08/09 05:42:26 INFO  : public/slides/parte_4/r3/slide_05.png: Copied (new)
2026/08/09 05:42:26 INFO  : public/slides/parte_4/r3/slide_06.png: Copied (new)
2026/08/09 05:42:26 INFO  : public/downloads/CLEC-CMB_v4.0_Controle_Logistico_Nacional.pptx: Copied (new)
2026/08/09 05:42:26 INFO  : public/slides/parte_4/r3/slide_10.png: Copied (new)
2026/08/09 05:42:26 INFO  : public/slides/parte_4/r3/slide_09.png: Copied (new)
2026/08/09 05:42:26 INFO  : public/slides/parte_4/r3/slide_11.png: Copied (new)
2026/08/09 05:42:26 INFO  : public/slides/parte_4/r3/slide_13.png: Copied (new)
2026/08/09 05:42:26 INFO  : public/slides/parte_4/r3/slide_15.png: Copied (new)
2026/08/09 05:42:26 INFO  : public/slides/parte_4/r3/slide_12.png: Copied (new)
2026/08/09 05:42:27 INFO  : public/slides/parte_4/r3/slide_17.png: Copied (new)
2026/08/09 05:42:27 INFO  : public/slides/parte_4/r3/slide_14.png: Copied (new)
2026/08/09 05:42:27 INFO  : public/slides/parte_4/r3/slide_18.png: Copied (new)
2026/08/09 05:42:27 INFO  : public/slides/parte_4/r3/slide_19.png: Copied (new)
2026/08/09 05:42:27 INFO  : public/slides/parte_4/r3/slide_16.png: Copied (new)
2026/08/09 05:42:27 INFO  : public/slides/parte_4/r3/slide_20.png: Copied (new)
2026/08/09 05:42:27 INFO  : public/slides/parte_6/r1/slide_01.png: Copied (new)
2026/08/09 05:42:27 INFO  : public/slides/parte_6/r1/slide_02.png: Copied (new)
2026/08/09 05:42:27 INFO  : public/slides/parte_6/r1/slide_04.png: Copied (new)
2026/08/09 05:42:27 INFO  : public/slides/parte_6/r1/slide_05.png: Copied (new)
2026/08/09 05:42:27 INFO  : public/slides/parte_6/r1/slide_03.png: Copied (new)
2026/08/09 05:42:28 INFO  : public/slides/parte_6/r1/slide_09.png: Copied (new)
2026/08/09 05:42:28 INFO  : public/slides/parte_6/r1/slide_06.png: Copied (new)
2026/08/09 05:42:28 INFO  : public/slides/parte_6/r1/slide_07.png: Copied (new)
2026/08/09 05:42:28 INFO  : public/slides/parte_6/r1/slide_11.png: Copied (new)
2026/08/09 05:42:28 INFO  : public/slides/parte_6/r1/slide_08.png: Copied (new)
2026/08/09 05:42:28 INFO  : public/slides/parte_6/r1/slide_10.png: Copied (new)
2026/08/09 05:42:28 INFO  : public/slides/parte_6/r1/slide_12.png: Copied (new)
2026/08/09 05:42:28 INFO  : public/slides/parte_6/r1/slide_13.png: Copied (new)
2026/08/09 05:42:28 INFO  : public/slides/parte_6/r1/slide_15.png: Copied (new)
2026/08/09 05:42:28 INFO  : public/slides/parte_6/r1/slide_16.png: Copied (new)
2026/08/09 05:42:28 INFO  : public/slides/parte_6/r1/slide_18.png: Copied (new)
2026/08/09 05:42:28 INFO  : public/slides/parte_6/r1/slide_14.png: Copied (new)
2026/08/09 05:42:28 INFO  : public/slides/parte_6/r1/slide_19.png: Copied (new)
2026/08/09 05:42:28 INFO  : public/downloads/Casa_da_Moeda_Controle_Logistico_Nacional.pptx: Copied (new)
2026/08/09 05:42:28 INFO  : public/downloads/Casa_da_Moeda_Controle_Logistico_Nacional_v4.pptx: Copied (new)
2026/08/09 05:42:28 INFO  : public/slides/parte_6/r1/slide_20.png: Copied (new)
2026/08/09 05:42:29 INFO  : public/slides/parte_6/r1/slide_17.png: Copied (new)
2026/08/09 05:42:29 INFO  : public/slides/parte_6/r1/slide_22.png: Copied (new)
2026/08/09 05:42:29 INFO  : public/slides/parte_6/r1/slide_24.png: Copied (new)
2026/08/09 05:42:29 INFO  : public/slides/parte_6/r1/slide_23.png: Copied (new)
2026/08/09 05:42:29 INFO  : public/slides/parte_6/r1/slide_25.png: Copied (new)
2026/08/09 05:42:29 INFO  : public/slides/parte_6/r1/slide_21.png: Copied (new)
2026/08/09 05:42:29 INFO  : public/slides/parte_6/r1/slide_27.png: Copied (new)
2026/08/09 05:42:29 INFO  : public/slides/parte_6/r1/slide_29.png: Copied (new)
2026/08/09 05:42:29 INFO  : public/slides/parte_6/r1/slide_30.png: Copied (new)
2026/08/09 05:42:29 INFO  : public/slides/parte_6/r1/slide_26.png: Copied (new)
2026/08/09 05:42:29 INFO  : public/slides/parte_6/r1/slide_32.png: Copied (new)
2026/08/09 05:42:29 INFO  : public/slides/parte_6/r1/slide_31.png: Copied (new)
2026/08/09 05:42:29 INFO  : public/slides/parte_6/r1/slide_28.png: Copied (new)
2026/08/09 05:42:29 INFO  : public/slides/parte_6/r1/slide_33.png: Copied (new)
2026/08/09 05:42:29 INFO  : public/slides/parte_6/r1/slide_35.png: Copied (new)
2026/08/09 05:42:29 INFO  : public/slides/parte_6/r1/slide_38.png: Copied (new)
2026/08/09 05:42:29 INFO  : public/slides/parte_6/r1/slide_39.png: Copied (new)
2026/08/09 05:42:29 INFO  : public/slides/parte_6/r1/slide_34.png: Copied (new)
2026/08/09 05:42:30 INFO  : public/slides/parte_6/r1/slide_41.png: Copied (new)
2026/08/09 05:42:30 INFO  : public/slides/parte_6/r1/slide_36.png: Copied (new)
2026/08/09 05:42:30 INFO  : public/slides/parte_6/r1/slide_37.png: Copied (new)
2026/08/09 05:42:30 INFO  : public/slides/parte_6/r1/slide_42.png: Copied (new)
2026/08/09 05:42:30 INFO  : public/slides/parte_6/r1/slide_43.png: Copied (new)
2026/08/09 05:42:30 INFO  : public/slides/parte_6/r1/slide_44.png: Copied (new)
2026/08/09 05:42:30 INFO  : public/slides/parte_6/r1/slide_40.png: Copied (new)
2026/08/09 05:42:30 INFO  : public/slides/parte_6/r3/slide_02.png: Copied (new)
2026/08/09 05:42:30 INFO  : public/slides/parte_6/r3/slide_03.png: Copied (new)
2026/08/09 05:42:30 INFO  : public/slides/parte_6/r3/slide_05.png: Copied (new)
2026/08/09 05:42:30 INFO  : public/slides/parte_6/r3/slide_04.png: Copied (new)
2026/08/09 05:42:30 INFO  : public/slides/parte_6/r1/slide_45.png: Copied (new)
2026/08/09 05:42:30 INFO  : public/slides/parte_6/r3/slide_06.png: Copied (new)
2026/08/09 05:42:30 INFO  : public/slides/parte_6/r3/slide_01.png: Copied (new)
2026/08/09 05:42:30 INFO  : public/slides/parte_6/r3/slide_08.png: Copied (new)
2026/08/09 05:42:30 INFO  : public/slides/parte_6/r3/slide_09.png: Copied (new)
2026/08/09 05:42:30 INFO  : public/slides/parte_6/r3/slide_11.png: Copied (new)
2026/08/09 05:42:30 INFO  : public/slides/parte_6/r3/slide_10.png: Copied (new)
2026/08/09 05:42:30 INFO  : public/slides/parte_6/r3/slide_07.png: Copied (new)
2026/08/09 05:42:30 INFO  : public/slides/parte_6/r2/slide_01.png: Copied (new)
2026/08/09 05:42:30 INFO  : public/slides/parte_6/r2/slide_02.png: Copied (new)
2026/08/09 05:42:30 INFO  : public/slides/parte_6/r2/slide_04.png: Copied (new)
2026/08/09 05:42:30 INFO  : public/slides/parte_6/r3/slide_12.png: Copied (new)
2026/08/09 05:42:31 INFO  : public/slides/parte_6/r2/slide_05.png: Copied (new)
2026/08/09 05:42:31 INFO  : public/slides/parte_6/r2/slide_06.png: Copied (new)
2026/08/09 05:42:31 INFO  : public/slides/parte_6/r2/slide_07.png: Copied (new)
2026/08/09 05:42:31 INFO  : public/slides/parte_6/r2/slide_08.png: Copied (new)
2026/08/09 05:42:31 INFO  : public/slides/parte_6/r2/slide_03.png: Copied (new)
2026/08/09 05:42:31 INFO  : public/slides/parte_6/r2/slide_09.png: Copied (new)
2026/08/09 05:42:31 INFO  : public/slides/parte_6/r2/slide_11.png: Copied (new)
2026/08/09 05:42:31 INFO  : public/slides/parte_6/r2/slide_12.png: Copied (new)
2026/08/09 05:42:31 INFO  : public/slides/parte_6/r2/slide_13.png: Copied (new)
2026/08/09 05:42:31 INFO  : public/slides/parte_6/r2/slide_10.png: Copied (new)
2026/08/09 05:42:31 INFO  : public/slides/parte_6/r2/slide_15.png: Copied (new)
2026/08/09 05:42:31 INFO  : public/slides/parte_6/r2/slide_16.png: Copied (new)
2026/08/09 05:42:31 INFO  : public/slides/parte_6/r2/slide_14.png: Copied (new)
2026/08/09 05:42:31 INFO  : public/slides/parte_6/r2/slide_19.png: Copied (new)
2026/08/09 05:42:31 INFO  : public/slides/parte_6/r2/slide_20.png: Copied (new)
2026/08/09 05:42:31 INFO  : public/slides/parte_6/r2/slide_17.png: Copied (new)
2026/08/09 05:42:31 INFO  : public/slides/parte_6/r2/slide_18.png: Copied (new)
2026/08/09 05:42:31 INFO  : public/slides/parte_6/r2/slide_22.png: Copied (new)
2026/08/09 05:42:31 INFO  : public/slides/parte_6/r2/slide_23.png: Copied (new)
2026/08/09 05:42:31 INFO  : public/slides/parte_6/r2/slide_24.png: Copied (new)
2026/08/09 05:42:31 INFO  : public/slides/parte_6/r2/slide_25.png: Copied (new)
2026/08/09 05:42:32 INFO  : public/slides/parte_6/r2/slide_21.png: Copied (new)
2026/08/09 05:42:32 INFO  : public/slides/parte_6/r2/slide_26.png: Copied (new)
2026/08/09 05:42:32 INFO  : public/slides/parte_6/r2/slide_27.png: Copied (new)
2026/08/09 05:42:32 INFO  : public/slides/parte_6/r2/slide_29.png: Copied (new)
2026/08/09 05:42:32 INFO  : public/slides/parte_6/r2/slide_30.png: Copied (new)
2026/08/09 05:42:32 INFO  : public/slides/parte_4/r1/slide_01.png: Copied (new)
2026/08/09 05:42:32 INFO  : public/slides/parte_6/r2/slide_28.png: Copied (new)
2026/08/09 05:42:32 INFO  : public/slides/parte_6/r2/slide_31.png: Copied (new)
2026/08/09 05:42:32 INFO  : public/slides/parte_6/r3/slide_13.png: Copied (new)
2026/08/09 05:42:32 INFO  : public/slides/parte_6/r2/slide_32.png: Copied (new)
2026/08/09 05:42:32 INFO  : .git/hooks/applypatch-msg.sample: Copied (new)
2026/08/09 05:42:32 INFO  : public/slides/parte_6/r2/slide_33.png: Copied (new)
2026/08/09 05:42:32 INFO  : public/slides/parte_6/r2/slide_34.png: Copied (new)
2026/08/09 05:42:32 INFO  : public/slides/parte_6/r2/slide_35.png: Copied (new)
2026/08/09 05:42:32 INFO  : .git/hooks/commit-msg.sample: Copied (new)
2026/08/09 05:42:32 INFO  : public/slides/parte_6/r2/slide_36.png: Copied (new)
2026/08/09 05:42:32 INFO  : .git/hooks/pre-merge-commit.sample: Copied (new)
2026/08/09 05:42:32 INFO  : .git/hooks/fsmonitor-watchman.sample: Copied (new)
2026/08/09 05:42:32 INFO  : .git/hooks/pre-receive.sample: Copied (new)
2026/08/09 05:42:32 INFO  : .git/hooks/post-update.sample: Copied (new)
2026/08/09 05:42:32 INFO  : .git/hooks/prepare-commit-msg.sample: Copied (new)
2026/08/09 05:42:32 INFO  : .git/hooks/pre-rebase.sample: Copied (new)
2026/08/09 05:42:32 INFO  : .git/hooks/pre-applypatch.sample: Copied (new)
2026/08/09 05:42:33 INFO  : .git/hooks/pre-push.sample: Copied (new)
2026/08/09 05:42:33 INFO  : public/slides/parte_4/r2/slide_01.png: Copied (new)
2026/08/09 05:42:33 INFO  : .git/hooks/update.sample: Copied (new)
2026/08/09 05:42:33 INFO  : public/slides/parte_4/r2/slide_03.png: Copied (new)
2026/08/09 05:42:33 INFO  : .git/hooks/pre-commit.sample: Copied (new)
2026/08/09 05:42:33 INFO  : public/slides/parte_4/r2/slide_02.png: Copied (new)
2026/08/09 05:42:33 INFO  : public/slides/parte_4/r2/slide_08.png: Copied (new)
2026/08/09 05:42:33 INFO  : public/slides/parte_4/r2/slide_04.png: Copied (new)
2026/08/09 05:42:33 INFO  : public/slides/parte_4/r2/slide_07.png: Copied (new)
2026/08/09 05:42:33 INFO  : public/slides/parte_4/r2/slide_09.png: Copied (new)
2026/08/09 05:42:33 INFO  : public/slides/parte_4/r2/slide_10.png: Copied (new)
2026/08/09 05:42:33 INFO  : public/slides/parte_4/r2/slide_06.png: Copied (new)
2026/08/09 05:42:33 INFO  : public/slides/parte_4/r2/slide_12.png: Copied (new)
2026/08/09 05:42:33 INFO  : public/slides/parte_4/r2/slide_13.png: Copied (new)
2026/08/09 05:42:33 INFO  : public/slides/parte_4/r2/slide_05.png: Copied (new)
2026/08/09 05:42:33 INFO  : public/slides/parte_4/r2/slide_14.png: Copied (new)
2026/08/09 05:42:33 INFO  : public/slides/parte_4/r2/slide_16.png: Copied (new)
2026/08/09 05:42:33 INFO  : public/slides/parte_4/r2/slide_15.png: Copied (new)
2026/08/09 05:42:33 INFO  : public/slides/parte_4/r2/slide_17.png: Copied (new)
2026/08/09 05:42:33 INFO  : public/slides/parte_4/r2/slide_11.png: Copied (new)
2026/08/09 05:42:33 INFO  : public/slides/parte_2/r1/slide_01.png: Copied (new)
2026/08/09 05:42:33 INFO  : public/slides/parte_4/r2/slide_18.png: Copied (new)
2026/08/09 05:42:33 INFO  : public/slides/parte_2/r1/slide_02.png: Copied (new)
2026/08/09 05:42:33 INFO  : public/slides/parte_2/r1/slide_03.png: Copied (new)
2026/08/09 05:42:34 INFO  : public/slides/parte_4/r2/slide_20.png: Copied (new)
2026/08/09 05:42:34 INFO  : public/slides/parte_4/r2/slide_19.png: Copied (new)
2026/08/09 05:42:34 INFO  : public/slides/parte_2/r1/slide_06.png: Copied (new)
2026/08/09 05:42:34 INFO  : public/slides/parte_2/r1/slide_07.png: Copied (new)
2026/08/09 05:42:34 INFO  : public/slides/parte_2/r1/slide_04.png: Copied (new)
2026/08/09 05:42:34 INFO  : public/slides/parte_2/r1/slide_08.png: Copied (new)
2026/08/09 05:42:34 INFO  : public/slides/parte_2/r1/slide_09.png: Copied (new)
2026/08/09 05:42:34 INFO  : public/slides/parte_2/r1/slide_05.png: Copied (new)
2026/08/09 05:42:34 INFO  : public/slides/parte_2/r1/slide_10.png: Copied (new)
2026/08/09 05:42:34 INFO  : public/slides/parte_2/r1/slide_12.png: Copied (new)
2026/08/09 05:42:34 INFO  : public/slides/parte_2/r1/slide_13.png: Copied (new)
2026/08/09 05:42:34 INFO  : public/slides/parte_2/r1/slide_14.png: Copied (new)
2026/08/09 05:42:34 INFO  : public/slides/parte_2/r1/slide_15.png: Copied (new)
2026/08/09 05:42:34 INFO  : public/slides/parte_2/r1/slide_16.png: Copied (new)
2026/08/09 05:42:34 INFO  : public/slides/parte_2/r1/slide_11.png: Copied (new)
2026/08/09 05:42:34 INFO  : public/slides/parte_2/r1/slide_18.png: Copied (new)
2026/08/09 05:42:34 INFO  : public/slides/parte_2/r1/slide_19.png: Copied (new)
2026/08/09 05:42:34 INFO  : public/slides/parte_2/r1/slide_20.png: Copied (new)
2026/08/09 05:42:34 INFO  : public/slides/parte_2/r1/slide_17.png: Copied (new)
2026/08/09 05:42:34 INFO  : .git/refs/heads/main: Copied (new)
2026/08/09 05:42:34 INFO  : public/slides/parte_2/r1/slide_21.png: Copied (new)
2026/08/09 05:42:35 INFO  : .git/logs/refs/heads/main: Copied (new)
2026/08/09 05:42:35 INFO  : .git/logs/refs/remotes/origin/main: Copied (new)
2026/08/09 05:42:35 INFO  : .git/logs/refs/heads/backup-v1-estavel: Copied (new)
2026/08/09 05:42:35 INFO  : .git/refs/tags/v1.0-estavel: Copied (new)
2026/08/09 05:42:35 INFO  : .git/logs/refs/remotes/origin/backup-v1-estavel: Copied (new)
2026/08/09 05:42:35 INFO  : public/slides/parte_6/r2/slide_37.png: Copied (new)
2026/08/09 05:42:35 INFO  : .git/refs/heads/backup-v1-estavel: Copied (new)
2026/08/09 05:42:35 INFO  : public/slides/parte_6/r2/slide_38.png: Copied (new)
2026/08/09 05:42:35 INFO  : public/slides/parte_6/r2/slide_39.png: Copied (new)
2026/08/09 05:42:35 INFO  : .git/refs/remotes/origin/main: Copied (new)
2026/08/09 05:42:35 INFO  : .git/refs/remotes/origin/backup-v1-estavel: Copied (new)
2026/08/09 05:42:35 INFO  : public/slides/parte_6/r2/slide_41.png: Copied (new)
2026/08/09 05:42:35 INFO  : public/slides/parte_6/r2/slide_42.png: Copied (new)
2026/08/09 05:42:35 INFO  : public/slides/parte_6/r2/slide_44.png: Copied (new)
2026/08/09 05:42:35 INFO  : public/slides/parte_6/r2/slide_40.png: Copied (new)
2026/08/09 05:42:35 INFO  : public/slides/parte_6/r2/slide_43.png: Copied (new)
2026/08/09 05:42:35 INFO  : public/slides/parte_6/r3/slide_17.png: Copied (new)
2026/08/09 05:42:35 INFO  : public/slides/parte_6/r3/slide_16.png: Copied (new)
2026/08/09 05:42:35 INFO  : public/slides/parte_6/r3/slide_18.png: Copied (new)
2026/08/09 05:42:35 INFO  : public/slides/parte_6/r3/slide_14.png: Copied (new)
2026/08/09 05:42:35 INFO  : public/slides/parte_6/r3/slide_15.png: Copied (new)
2026/08/09 05:42:35 INFO  : public/slides/parte_6/r2/slide_45.png: Copied (new)
2026/08/09 05:42:35 INFO  : public/slides/parte_6/r3/slide_20.png: Copied (new)
2026/08/09 05:42:36 INFO  : public/slides/parte_6/r3/slide_19.png: Copied (new)
2026/08/09 05:42:36 INFO  : public/slides/parte_6/r3/slide_21.png: Copied (new)
2026/08/09 05:42:36 INFO  : public/slides/parte_6/r3/slide_22.png: Copied (new)
2026/08/09 05:42:36 INFO  : public/slides/parte_6/r3/slide_23.png: Copied (new)
2026/08/09 05:42:36 INFO  : public/slides/parte_6/r3/slide_27.png: Copied (new)
2026/08/09 05:42:36 INFO  : public/slides/parte_6/r3/slide_25.png: Copied (new)
2026/08/09 05:42:36 INFO  : public/slides/parte_6/r3/slide_26.png: Copied (new)
2026/08/09 05:42:36 INFO  : public/slides/parte_6/r3/slide_24.png: Copied (new)
2026/08/09 05:42:36 INFO  : public/slides/parte_6/r3/slide_28.png: Copied (new)
2026/08/09 05:42:36 INFO  : public/slides/parte_6/r3/slide_29.png: Copied (new)
2026/08/09 05:42:36 INFO  : public/slides/parte_6/r3/slide_31.png: Copied (new)
2026/08/09 05:42:36 INFO  : public/slides/parte_6/r3/slide_32.png: Copied (new)
2026/08/09 05:42:36 INFO  : public/slides/parte_6/r3/slide_34.png: Copied (new)
2026/08/09 05:42:36 INFO  : public/slides/parte_6/r3/slide_30.png: Copied (new)
2026/08/09 05:42:36 INFO  : public/slides/parte_6/r3/slide_37.png: Copied (new)
2026/08/09 05:42:36 INFO  : public/slides/parte_6/r3/slide_36.png: Copied (new)
2026/08/09 05:42:36 INFO  : public/slides/parte_6/r3/slide_38.png: Copied (new)
2026/08/09 05:42:36 INFO  : public/slides/parte_6/r3/slide_39.png: Copied (new)
2026/08/09 05:42:36 INFO  : public/slides/parte_6/r3/slide_35.png: Copied (new)
2026/08/09 05:42:37 INFO  : public/slides/parte_6/r3/slide_33.png: Copied (new)
2026/08/09 05:42:37 INFO  : public/slides/parte_6/r3/slide_42.png: Copied (new)
2026/08/09 05:42:37 INFO  : public/slides/parte_6/r3/slide_43.png: Copied (new)
2026/08/09 05:42:37 INFO  : public/slides/parte_6/r3/slide_44.png: Copied (new)
2026/08/09 05:42:37 INFO  : public/slides/parte_6/r3/slide_40.png: Copied (new)
2026/08/09 05:42:37 INFO  : public/slides/parte_6/r3/slide_41.png: Copied (new)
2026/08/09 05:42:37 INFO  : public/slides/parte_4/r1/slide_04.png: Copied (new)
2026/08/09 05:42:37 INFO  : public/slides/parte_4/r1/slide_05.png: Copied (new)
2026/08/09 05:42:37 INFO  : public/slides/parte_6/r3/slide_45.png: Copied (new)
2026/08/09 05:42:37 INFO  : public/slides/parte_4/r1/slide_06.png: Copied (new)
2026/08/09 05:42:37 INFO  : public/slides/parte_4/r1/slide_02.png: Copied (new)
2026/08/09 05:42:37 INFO  : public/slides/parte_4/r1/slide_03.png: Copied (new)
2026/08/09 05:42:37 INFO  : public/slides/parte_4/r1/slide_09.png: Copied (new)
2026/08/09 05:42:37 INFO  : public/slides/parte_4/r1/slide_10.png: Copied (new)
2026/08/09 05:42:37 INFO  : public/slides/parte_4/r1/slide_12.png: Copied (new)
2026/08/09 05:42:37 INFO  : public/slides/parte_4/r1/slide_13.png: Copied (new)
2026/08/09 05:42:37 INFO  : public/slides/parte_4/r1/slide_07.png: Copied (new)
2026/08/09 05:42:37 INFO  : public/slides/parte_4/r1/slide_14.png: Copied (new)
2026/08/09 05:42:37 INFO  : public/slides/parte_4/r1/slide_08.png: Copied (new)
2026/08/09 05:42:37 INFO  : public/slides/parte_4/r1/slide_15.png: Copied (new)
2026/08/09 05:42:37 INFO  : public/slides/parte_4/r1/slide_16.png: Copied (new)
2026/08/09 05:42:37 INFO  : public/slides/parte_4/r1/slide_17.png: Copied (new)
2026/08/09 05:42:38 INFO  : public/slides/parte_4/r1/slide_18.png: Copied (new)
2026/08/09 05:42:38 INFO  : public/slides/parte_4/r1/slide_19.png: Copied (new)
2026/08/09 05:42:38 INFO  : public/slides/parte_2/r2/slide_03.png: Copied (new)
2026/08/09 05:42:38 INFO  : public/slides/parte_4/r1/slide_11.png: Copied (new)
2026/08/09 05:42:38 INFO  : public/slides/parte_2/r2/slide_05.png: Copied (new)
2026/08/09 05:42:38 INFO  : public/slides/parte_2/r2/slide_06.png: Copied (new)
2026/08/09 05:42:38 INFO  : public/slides/parte_2/r2/slide_07.png: Copied (new)
2026/08/09 05:42:38 INFO  : public/slides/parte_2/r2/slide_10.png: Copied (new)
2026/08/09 05:42:38 INFO  : public/slides/parte_2/r2/slide_02.png: Copied (new)
2026/08/09 05:42:38 INFO  : public/slides/parte_2/r2/slide_04.png: Copied (new)
2026/08/09 05:42:38 INFO  : public/slides/parte_2/r2/slide_09.png: Copied (new)
2026/08/09 05:42:38 INFO  : public/slides/parte_2/r2/slide_08.png: Copied (new)
2026/08/09 05:42:38 INFO  : public/slides/parte_2/r2/slide_01.png: Copied (new)
2026/08/09 05:42:38 INFO  : public/slides/parte_2/r2/slide_13.png: Copied (new)
2026/08/09 05:42:38 INFO  : public/slides/parte_2/r2/slide_15.png: Copied (new)
2026/08/09 05:42:38 INFO  : public/slides/parte_2/r2/slide_16.png: Copied (new)
2026/08/09 05:42:38 INFO  : public/slides/parte_2/r2/slide_12.png: Copied (new)
2026/08/09 05:42:38 INFO  : public/slides/parte_2/r2/slide_17.png: Copied (new)
2026/08/09 05:42:38 INFO  : public/slides/parte_2/r2/slide_19.png: Copied (new)
2026/08/09 05:42:38 INFO  : public/slides/parte_2/r2/slide_14.png: Copied (new)
2026/08/09 05:42:38 INFO  : public/slides/parte_2/r2/slide_11.png: Copied (new)
2026/08/09 05:42:38 INFO  : public/slides/parte_2/r2/slide_24.png: Copied (new)
2026/08/09 05:42:38 INFO  : public/slides/parte_2/r2/slide_20.png: Copied (new)
2026/08/09 05:42:38 INFO  : public/slides/parte_2/r2/slide_21.png: Copied (new)
2026/08/09 05:42:39 INFO  : public/slides/parte_2/r2/slide_18.png: Copied (new)
2026/08/09 05:42:39 INFO  : public/slides/parte_2/r2/slide_23.png: Copied (new)
2026/08/09 05:42:39 INFO  : public/slides/parte_2/r2/slide_27.png: Copied (new)
2026/08/09 05:42:39 INFO  : public/slides/parte_2/r2/slide_31.png: Copied (new)
2026/08/09 05:42:39 INFO  : public/slides/parte_2/r2/slide_22.png: Copied (new)
2026/08/09 05:42:39 INFO  : public/slides/parte_2/r2/slide_25.png: Copied (new)
2026/08/09 05:42:39 INFO  : public/slides/parte_2/r2/slide_28.png: Copied (new)
2026/08/09 05:42:39 INFO  : public/slides/parte_2/r2/slide_33.png: Copied (new)
2026/08/09 05:42:39 INFO  : public/slides/parte_2/r2/slide_32.png: Copied (new)
2026/08/09 05:42:39 INFO  : public/slides/parte_2/r2/slide_36.png: Copied (new)
2026/08/09 05:42:39 INFO  : public/slides/parte_2/r2/slide_37.png: Copied (new)
2026/08/09 05:42:39 INFO  : public/slides/parte_2/r2/slide_38.png: Copied (new)
2026/08/09 05:42:39 INFO  : public/slides/parte_2/r2/slide_34.png: Copied (new)
2026/08/09 05:42:39 INFO  : public/slides/parte_2/r2/slide_30.png: Copied (new)
2026/08/09 05:42:39 INFO  : public/slides/parte_2/r2/slide_39.png: Copied (new)
2026/08/09 05:42:39 INFO  : public/slides/parte_2/r2/slide_40.png: Copied (new)
2026/08/09 05:42:39 INFO  : public/slides/parte_2/r2/slide_41.png: Copied (new)
2026/08/09 05:42:40 INFO  : public/slides/parte_2/r2/slide_26.png: Copied (new)
2026/08/09 05:42:40 INFO  : public/slides/parte_2/r2/slide_44.png: Copied (new)
2026/08/09 05:42:40 INFO  : public/slides/parte_2/r3/slide_01.png: Copied (new)
2026/08/09 05:42:40 INFO  : public/slides/parte_2/r2/slide_42.png: Copied (new)
2026/08/09 05:42:40 INFO  : public/slides/parte_2/r2/slide_43.png: Copied (new)
2026/08/09 05:42:40 INFO  : public/slides/parte_2/r2/slide_45.png: Copied (new)
2026/08/09 05:42:40 INFO  : public/slides/parte_2/r2/slide_35.png: Copied (new)
2026/08/09 05:42:40 INFO  : public/slides/parte_2/r3/slide_04.png: Copied (new)
2026/08/09 05:42:40 INFO  : public/slides/parte_2/r3/slide_05.png: Copied (new)
2026/08/09 05:42:40 INFO  : public/slides/parte_2/r3/slide_07.png: Copied (new)
2026/08/09 05:42:40 INFO  : public/slides/parte_2/r3/slide_02.png: Copied (new)
2026/08/09 05:42:40 INFO  : public/slides/parte_2/r2/slide_29.png: Copied (new)
2026/08/09 05:42:40 INFO  : public/slides/parte_2/r3/slide_03.png: Copied (new)
2026/08/09 05:42:40 INFO  : public/slides/parte_2/r3/slide_09.png: Copied (new)
2026/08/09 05:42:40 INFO  : public/slides/parte_2/r3/slide_06.png: Copied (new)
2026/08/09 05:42:40 INFO  : public/slides/parte_2/r3/slide_11.png: Copied (new)
2026/08/09 05:42:40 INFO  : public/slides/parte_2/r3/slide_13.png: Copied (new)
2026/08/09 05:42:40 INFO  : .git/objects/07/39d3e36366d7fca9e1778d3c227604897c8235: Copied (new)
2026/08/09 05:42:40 INFO  : public/slides/parte_2/r3/slide_14.png: Copied (new)
2026/08/09 05:42:40 INFO  : public/slides/parte_2/r3/slide_08.png: Copied (new)
2026/08/09 05:42:40 INFO  : public/slides/parte_2/r3/slide_16.png: Copied (new)
2026/08/09 05:42:40 INFO  : public/slides/parte_2/r3/slide_17.png: Copied (new)
2026/08/09 05:42:40 INFO  : public/slides/parte_2/r3/slide_10.png: Copied (new)
2026/08/09 05:42:41 INFO  : public/slides/parte_2/r3/slide_18.png: Copied (new)
2026/08/09 05:42:41 INFO  : public/slides/parte_2/r3/slide_19.png: Copied (new)
2026/08/09 05:42:41 INFO  : public/slides/parte_2/r3/slide_20.png: Copied (new)
2026/08/09 05:42:41 INFO  : public/slides/parte_2/r3/slide_21.png: Copied (new)
2026/08/09 05:42:41 INFO  : public/slides/parte_2/r3/slide_22.png: Copied (new)
2026/08/09 05:42:41 INFO  : public/slides/parte_2/r3/slide_15.png: Copied (new)
2026/08/09 05:42:41 INFO  : public/slides/parte_2/r3/slide_24.png: Copied (new)
2026/08/09 05:42:41 INFO  : public/slides/parte_2/r3/slide_23.png: Copied (new)
2026/08/09 05:42:41 INFO  : public/slides/parte_2/r3/slide_26.png: Copied (new)
2026/08/09 05:42:41 INFO  : public/slides/parte_2/r3/slide_25.png: Copied (new)
2026/08/09 05:42:41 INFO  : public/slides/parte_2/r3/slide_27.png: Copied (new)
2026/08/09 05:42:41 INFO  : public/slides/parte_2/r3/slide_28.png: Copied (new)
2026/08/09 05:42:41 INFO  : public/slides/parte_2/r3/slide_30.png: Copied (new)
2026/08/09 05:42:41 INFO  : public/slides/parte_2/r3/slide_31.png: Copied (new)
2026/08/09 05:42:41 INFO  : public/slides/parte_2/r3/slide_33.png: Copied (new)
2026/08/09 05:42:41 INFO  : public/slides/parte_2/r3/slide_29.png: Copied (new)
2026/08/09 05:42:41 INFO  : public/slides/parte_2/r3/slide_34.png: Copied (new)
2026/08/09 05:42:41 INFO  : public/slides/parte_2/r3/slide_12.png: Copied (new)
2026/08/09 05:42:41 INFO  : .git/objects/02/9170dd8bc17148f47275b26c51fb28f831f192: Copied (new)
2026/08/09 05:42:41 INFO  : public/slides/parte_2/r3/slide_35.png: Copied (new)
2026/08/09 05:42:41 INFO  : public/slides/parte_2/r3/slide_37.png: Copied (new)
2026/08/09 05:42:41 INFO  : public/slides/parte_2/r3/slide_32.png: Copied (new)
2026/08/09 05:42:41 INFO  : public/slides/parte_2/r3/slide_39.png: Copied (new)
2026/08/09 05:42:41 INFO  : public/slides/parte_2/r3/slide_38.png: Copied (new)
2026/08/09 05:42:42 INFO  : public/slides/parte_2/r3/slide_40.png: Copied (new)
2026/08/09 05:42:42 INFO  : public/slides/parte_2/r3/slide_41.png: Copied (new)
2026/08/09 05:42:42 INFO  : public/slides/parte_2/r3/slide_42.png: Copied (new)
2026/08/09 05:42:42 INFO  : public/slides/parte_2/r3/slide_43.png: Copied (new)
2026/08/09 05:42:42 INFO  : public/slides/parte_2/r3/slide_36.png: Copied (new)
2026/08/09 05:42:42 INFO  : .git/objects/01/93d38f66554198977b72429e4c92dfb655fe47: Copied (new)
2026/08/09 05:42:42 INFO  : .git/objects/0b/58b63c08e261e38e2bbbef7d1600c6ff5d8540: Copied (new)
2026/08/09 05:42:42 INFO  : .git/objects/00/a7f2f42262c5f1f9cd7e5d48b6248557b6df63: Copied (new)
2026/08/09 05:42:42 INFO  : public/slides/parte_2/r3/slide_44.png: Copied (new)
2026/08/09 05:42:42 INFO  : .git/objects/00/ed65432aa1208c57a025ad0f4b72eb94903408: Copied (new)
2026/08/09 05:42:42 INFO  : .git/objects/05/46161f54eb14cedc977b78029a1205f289e854: Copied (new)
2026/08/09 05:42:42 INFO  : .git/objects/06/61f408c5080db37a1341ba622ac6aed649bcb6: Copied (new)
2026/08/09 05:42:42 INFO  : .git/objects/03/8e5216c35b11867b414c72217c9270f4f00b91: Copied (new)
2026/08/09 05:42:42 INFO  : .git/objects/06/aacdc4dc4e6419ae6ab19a1ca1d07dd1966910: Copied (new)
2026/08/09 05:42:42 INFO  : .git/objects/05/2aeff5c016377191e3bde95d9a4a70c8da97f3: Copied (new)
2026/08/09 05:42:42 INFO  : .git/objects/05/825a924781f5c956dd73e541a65e07d4490021: Copied (new)
2026/08/09 05:42:43 INFO  : .git/objects/06/b465a6d75e70ed028c1a369e8eb198fcda2188: Copied (new)
2026/08/09 05:42:43 INFO  : .git/objects/11/71aaceef27d2594ef94ff339c8d53dfd69df72: Copied (new)
2026/08/09 05:42:43 INFO  : .git/objects/0a/ede63a1c72a795ec465c33bf904239dc0185fb: Copied (new)
2026/08/09 05:42:43 INFO  : .git/objects/05/b0451be32f768c6232472bff2ebd69fcff50f2: Copied (new)
2026/08/09 05:42:43 INFO  : .git/objects/02/dad0ecf52fcd612e66838a6a746c5263261364: Copied (new)
2026/08/09 05:42:43 INFO  : .git/objects/0a/efcff4eeec57bfea94ce77ed5b37ff409b7d8d: Copied (new)
2026/08/09 05:42:43 INFO  : .git/objects/09/448c8c3f1aefeef076449a237fbfbeadb7c01c: Copied (new)
2026/08/09 05:42:43 INFO  : .git/objects/09/ae2c296b33a64c39c50d986cdf1edb246b6719: Copied (new)
2026/08/09 05:42:43 INFO  : .git/objects/13/ee447457800376b3c037837e22cadc901d81cb: Copied (new)
2026/08/09 05:42:43 INFO  : .git/objects/12/5024863e5447fde4e3aa5b2552cee50ccc0541: Copied (new)
2026/08/09 05:42:43 INFO  : .git/objects/12/a8bafca1216137fc628c9e596194652f62d1b5: Copied (new)
2026/08/09 05:42:43 INFO  : .git/objects/09/b5be0fdeb4e2b97108ff0257338e422c53cd33: Copied (new)
2026/08/09 05:42:43 INFO  : .git/objects/15/e404fffd149990eac2800e5410e3aadea5f11e: Copied (new)
2026/08/09 05:42:44 INFO  : .git/objects/10/290b2e09a0b47501c8da01e82a96427858a964: Copied (new)
2026/08/09 05:42:44 INFO  : .git/objects/19/f1404225a8d1048c298b8bb073221782522948: Copied (new)
2026/08/09 05:42:44 INFO  : .git/objects/10/0ceaa2010da3a532621bef7f01d704548ed7c7: Copied (new)
2026/08/09 05:42:44 INFO  : .git/objects/03/5d5bebc389e2c6b9964ecbbb4f3d3c04198383: Copied (new)
2026/08/09 05:42:44 INFO  : .git/objects/1b/83f42913e1a90dae7a251db7a73645526a2cd9: Copied (new)
2026/08/09 05:42:44 INFO  : .git/objects/1e/eae549879e1cd9c171009be8fd1b08f1de8b17: Copied (new)
2026/08/09 05:42:44 INFO  : .git/objects/10/c0270ad614a3fac5de305bfb5f7bd9d5ab420a: Copied (new)
2026/08/09 05:42:44 INFO  : .git/objects/1c/ca8462dc12fc191bfbd07fa2e458d1847e6cc1: Copied (new)
2026/08/09 05:42:44 INFO  : .git/objects/1d/ca6b60413a797f69f473a744f4079af2cab10f: Copied (new)
2026/08/09 05:42:44 INFO  : .git/objects/14/06269619260a23137490d64b9bda7df402c0c7: Copied (new)
2026/08/09 05:42:44 INFO  : .git/objects/1d/72c7831d80846b67e7df525eee0d531c9ba695: Copied (new)
2026/08/09 05:42:44 INFO  : .git/objects/1f/2d9ed6afc45328e193829b60fa51465ad1b80a: Copied (new)
2026/08/09 05:42:44 INFO  : .git/objects/21/f90378b872edc68222b6e29553120df281f9b8: Copied (new)
2026/08/09 05:42:44 INFO  : .git/objects/14/e6452b7ece0606b92572a84779ef4cbcb87a66: Copied (new)
2026/08/09 05:42:44 INFO  : .git/objects/24/5259b697909ccc71cbb4e129e836576ef5505b: Copied (new)
2026/08/09 05:42:45 INFO  : .git/objects/14/0ce31bf43cffe8b9ed6c77c560092a95f904c2: Copied (new)
2026/08/09 05:42:45 INFO  : .git/objects/23/93d62221c6336b75d7cbc19e55e97e2141aaa2: Copied (new)
2026/08/09 05:42:45 INFO  : .git/objects/22/1afcd37261fb8635aff8821dfbd71ce925abb0: Copied (new)
2026/08/09 05:42:45 INFO  : .git/objects/29/e1ffe8f2f1acd2c5d6a21ade104d8fbf68ea82: Copied (new)
2026/08/09 05:42:45 INFO  : .git/objects/27/42325736d59c990cc8fb2430a941d4fd84646a: Copied (new)
2026/08/09 05:42:45 INFO  : .git/objects/23/7cbc336d23a5372316fb71067e8828246907d9: Copied (new)
2026/08/09 05:42:45 INFO  : .git/objects/29/0d36f21a712140f20dccebbcf2d24e1c749d1e: Copied (new)
2026/08/09 05:42:45 INFO  : .git/objects/2b/691ba0e4283a0fdb8f76a1517a09fcd5128954: Copied (new)
2026/08/09 05:42:45 INFO  : .git/objects/2b/a22eb2e85d04510db391f0d0e66f255e5d45e3: Copied (new)
2026/08/09 05:42:45 INFO  : .git/objects/09/059120e889b41abfbd5a3af1673f3ab47eb8c6: Copied (new)
2026/08/09 05:42:45 INFO  : .git/objects/16/75d5892305ed698bad2d7318df996afeda98ca: Copied (new)
2026/08/09 05:42:45 INFO  : .git/objects/26/1fb04350f783b2dc96ab918b91a0ceec881d6c: Copied (new)
2026/08/09 05:42:45 INFO  : .git/objects/16/cb7a0b6d5c9347b5fe9cfad58d095da75077b9: Copied (new)
2026/08/09 05:42:45 INFO  : .git/objects/16/d68e10e4a36823a763002b48175d430929c99f: Copied (new)
2026/08/09 05:42:45 INFO  : .git/objects/26/a92aa9b84956cd92cf8e5c93763a31aa9bfe27: Copied (new)
2026/08/09 05:42:45 INFO  : .git/objects/2d/458cdd5258f3c19ebe1398cf96d4c57c2ac3ee: Copied (new)
2026/08/09 05:42:45 INFO  : .git/objects/2d/9c52cfb84d22b6f45967824eb088d1ae1956ab: Copied (new)
2026/08/09 05:42:45 INFO  : .git/objects/28/0cd576c5e451da7aca8fb8d48d1e2e163d2d1c: Copied (new)
2026/08/09 05:42:45 INFO  : .git/objects/28/23fa0de34aabbe915a85f3ca9e2a06560e6cb9: Copied (new)
2026/08/09 05:42:45 INFO  : .git/objects/28/7091e82cafabfd78a1adf9466284a37e4b482f: Copied (new)
2026/08/09 05:42:45 INFO  : .git/objects/28/9f8f5755c74e315f5a9630d1ceb4e172fa5c78: Copied (new)
2026/08/09 05:42:46 INFO  : .git/objects/2c/1c3b7035491fc4f099f19344303f0c4927667f: Copied (new)
2026/08/09 05:42:46 INFO  : .git/objects/26/65450ea2602a53eb18db5403694608e9acde07: Copied (new)
2026/08/09 05:42:46 INFO  : .git/objects/25/d3869916e305b8978c2f421127c0ec3193b533: Copied (new)
2026/08/09 05:42:46 INFO  : .git/objects/25/d2a7bb3622b63c9b3677d358f8e6e5ccc3be7d: Copied (new)
2026/08/09 05:42:46 INFO  : .git/objects/2c/591263ac5296f7f2fee2bef97090c2367688ac: Copied (new)
2026/08/09 05:42:46 INFO  : .git/objects/2c/d51e0c375c4e6e6c179d2263a7a2af6547c52c: Copied (new)
2026/08/09 05:42:46 INFO  : .git/objects/31/528c44354d11d47c304e9d94b2aec96bfae80d: Copied (new)
2026/08/09 05:42:46 INFO  : .git/objects/2c/16a0e7bdaff28fecdfccb2b50ed96ee968dfe5: Copied (new)
2026/08/09 05:42:46 INFO  : .git/objects/30/5f250c0a63c209ec049007158f3ed24c42d767: Copied (new)
2026/08/09 05:42:46 INFO  : .git/objects/32/8608f90859cdf18379733d44d9da9d9aeaa5be: Copied (new)
2026/08/09 05:42:46 INFO  : .git/objects/2f/2e92841e756f9994b90c0df69f60967e85374a: Copied (new)
2026/08/09 05:42:46 INFO  : .git/objects/30/d890b107ae3edaed5868c04c10805fdbd79779: Copied (new)
2026/08/09 05:42:46 INFO  : .git/objects/2f/6a2aa6430e9fad16f9033d7e06e41924d85c5c: Copied (new)
2026/08/09 05:42:46 INFO  : .git/objects/31/5d2563b57fde0c92991e2a6f649b4afd186a01: Copied (new)
2026/08/09 05:42:46 INFO  : .git/objects/2f/d4a1c567d43bebaaf683a22bb78af10c9303cd: Copied (new)
2026/08/09 05:42:46 INFO  : .git/objects/30/d96c0e19ce2c4a15573bf51fdb2fed4aad8d3c: Copied (new)
2026/08/09 05:42:46 INFO  : .git/objects/34/9613869adac3f4a7c7b6951cca359b3dec621d: Copied (new)
2026/08/09 05:42:46 INFO  : .git/objects/33/173ded2ea0f49ba49c51e205e37d4e4d3a2c20: Copied (new)
2026/08/09 05:42:46 INFO  : .git/objects/34/d2d692748d788034f83944f2d0d5e3d8472114: Copied (new)
2026/08/09 05:42:46 INFO  : .git/objects/2f/800e93cfc311db3a95558b9f488d9050966b96: Copied (new)
2026/08/09 05:42:46 INFO  : .git/objects/2e/008756dcf7d80c6c8087474104caedda30b37f: Copied (new)
2026/08/09 05:42:47 INFO  : .git/objects/2e/0569edef98d7ddc0c24de4ce02b6b4c69aea89: Copied (new)
2026/08/09 05:42:47 INFO  : .git/objects/2e/1993266bb4f54beefcb5c4c4f64001b766332a: Copied (new)
2026/08/09 05:42:47 INFO  : .git/objects/2e/e62f4ab9f0323b920d780de41ffd0af3828bce: Copied (new)
2026/08/09 05:42:47 INFO  : .git/objects/2e/3e24d980151b10421b66c20120e6dc5eaebea5: Copied (new)
2026/08/09 05:42:47 INFO  : .git/objects/3b/90056d17a1e591ca2daf4900a682c404a577c7: Copied (new)
2026/08/09 05:42:47 INFO  : .git/objects/37/d4aa741b1f5ba1c53ee10ba0d3be99854d86b9: Copied (new)
2026/08/09 05:42:47 INFO  : .git/objects/37/feeccc4162220b10e2d660efe7d8903ebfd7b3: Copied (new)
2026/08/09 05:42:47 INFO  : .git/objects/33/0c2077477adf95b2f366da025b792ff0327c2c: Copied (new)
2026/08/09 05:42:47 INFO  : .git/objects/38/6504d05c6db82cdace354e5f9550bb2f1c5f56: Copied (new)
2026/08/09 05:42:47 INFO  : .git/objects/3c/885be34d242506528f0ca97d201b6ef237d68d: Copied (new)
2026/08/09 05:42:47 INFO  : .git/objects/3c/38fa59257428410060489a12aefb0240631bf8: Copied (new)
2026/08/09 05:42:47 INFO  : .git/objects/40/18b1ec3833b57e305e09a4a6b72c3ee6569c42: Copied (new)
2026/08/09 05:42:47 INFO  : .git/objects/37/4079ac86251195f62bbe02f11bf774a76e76e6: Copied (new)
2026/08/09 05:42:47 INFO  : .git/objects/39/4be509777c404bac8002fb6d5dee77e4bbcad7: Copied (new)
2026/08/09 05:42:47 INFO  : .git/objects/42/4d49cb12a3317c34b14f646685ebbea980d597: Copied (new)
2026/08/09 05:42:47 INFO  : .git/objects/42/70e865556df09b144b32aa858c5271afee267d: Copied (new)
2026/08/09 05:42:47 INFO  : .git/objects/41/a024fcb3c29ad255fcc7167f8bf6ee9e4e14d9: Copied (new)
2026/08/09 05:42:48 INFO  : .git/objects/3d/4bfc4fca4284aafca00f293477595bbfd601e0: Copied (new)
2026/08/09 05:42:48 INFO  : .git/objects/41/41034b22773342a39ecfdfb0fa8dff045f9e4e: Copied (new)
2026/08/09 05:42:48 INFO  : .git/objects/3d/82cff1d36c8de2bcfc91bbce55c005530f1815: Copied (new)
2026/08/09 05:42:48 INFO  : .git/objects/43/c6efbcb16f11114c1885708f12b6e33a385cf4: Copied (new)
2026/08/09 05:42:48 INFO  : .git/objects/3d/09cad8416326bc7e9fafe5204f561b9082593b: Copied (new)
2026/08/09 05:42:48 INFO  : .git/objects/40/e7149423e8331275afe1a685984276824fc5e6: Copied (new)
2026/08/09 05:42:48 INFO  : .git/objects/36/2249750cf64877292ffee5201a682e36cdfd2c: Copied (new)
2026/08/09 05:42:48 INFO  : .git/objects/3d/b237982ad0d123640cebe34e1551443bb35d44: Copied (new)
2026/08/09 05:42:48 INFO  : .git/objects/36/af3341af3ddd6a10c9aefe95f2d4999ec4cfe9: Copied (new)
2026/08/09 05:42:48 INFO  : .git/objects/36/336b1e2803f372badebf802c5731ab0940e059: Copied (new)
2026/08/09 05:42:48 INFO  : .git/objects/36/da0bf46de7e29122e3f5e2c4bbf54d88bf7fcb: Copied (new)
2026/08/09 05:42:48 INFO  : .git/objects/45/a6c4279b6a0d5112f8e245aa2cd196137887c9: Copied (new)
2026/08/09 05:42:48 INFO  : .git/objects/36/7b415d17d80e0a3e424685c0ca7cbc69f030f7: Copied (new)
2026/08/09 05:42:48 INFO  : .git/objects/45/b9e34b1f785c26f5adba95bbb1564eb5f9b693: Copied (new)
2026/08/09 05:42:48 INFO  : .git/objects/36/b1251dfbb83f228ef9ef84853c3ff79c97794a: Copied (new)
2026/08/09 05:42:48 INFO  : .git/objects/45/cb936ae894f888642f200bbf9dfbd3f021351d: Copied (new)
2026/08/09 05:42:48 INFO  : .git/objects/48/8636c59090a67adc8d7a5858a24a94b8e74a81: Copied (new)
2026/08/09 05:42:48 INFO  : .git/objects/4a/4eb20fa651c58a6d64397aebba4052bb60289b: Copied (new)
2026/08/09 05:42:48 INFO  : .git/objects/36/b49be039aea7e3fcb5508ecfdf09192653d7f9: Copied (new)
2026/08/09 05:42:48 INFO  : .git/objects/48/8feb6722b1cd40fe7c3158a30550522fcefc00: Copied (new)
2026/08/09 05:42:48 INFO  : .git/objects/46/394639a5a83c3dee0e3e4350ee7351e1444981: Copied (new)
2026/08/09 05:42:48 INFO  : .git/objects/46/b390e657b665e89b21c406a97b2354f24d9e8b: Copied (new)
2026/08/09 05:42:48 INFO  : .git/objects/4d/4ebd03f91f1c57c81cb5cbc7a5e21bc07973c3: Copied (new)
2026/08/09 05:42:48 INFO  : .git/objects/4b/f6e2edb5d690399a06ea2c10e379eb70f42953: Copied (new)
2026/08/09 05:42:48 INFO  : .git/objects/46/568f7987e138234a46c04884b3a7710d0faa19: Copied (new)
2026/08/09 05:42:48 INFO  : .git/objects/47/0bde2257601520c05aa12185199bd89b683828: Copied (new)
2026/08/09 05:42:49 INFO  : .git/objects/47/7d898e8f8711d8152411c33f32564c3ee817f6: Copied (new)
2026/08/09 05:42:49 INFO  : .git/objects/47/7fa3e6146475e0d84a840b255725f5d15baf11: Copied (new)
2026/08/09 05:42:49 INFO  : .git/objects/47/99ac8a98f606d442ffb78aacb02a749a936edc: Copied (new)
2026/08/09 05:42:49 INFO  : .git/objects/4a/d0206c3a3604142b1bb9e7f64c126fa34a8bfd: Copied (new)
2026/08/09 05:42:49 INFO  : .git/objects/53/7d957c546c61cd0929b2a2f6c539b7e2b48238: Copied (new)
2026/08/09 05:42:49 INFO  : .git/objects/4d/8583e5a85e4c280e141a3b99eaed2d266f4e26: Copied (new)
2026/08/09 05:42:49 INFO  : .git/objects/51/69823658266256bbbe9e3ea4fa2e63775a7a53: Copied (new)
2026/08/09 05:42:49 INFO  : .git/objects/52/084760c42019d1701515d88cd731b7cbfc7704: Copied (new)
2026/08/09 05:42:49 INFO  : .git/objects/56/704924b056c1f279774a7caa95bddb84a8f279: Copied (new)
2026/08/09 05:42:49 INFO  : .git/objects/52/2b84698d0a63930ac39ad404f6aa5a610b94d4: Copied (new)
2026/08/09 05:42:49 INFO  : .git/objects/51/856f588b580c9084e548a99a6e0107f6e6ab88: Copied (new)
2026/08/09 05:42:49 INFO  : .git/objects/56/bbb7412371b892afc34c583263d65f1f128b9e: Copied (new)
2026/08/09 05:42:49 INFO  : .git/objects/55/5e975f5ba2294891a55dfe269baaa0afd06dbb: Copied (new)
2026/08/09 05:42:49 INFO  : .git/objects/57/70f445cd18a67bff40203dbd8a9123d38d055d: Copied (new)
2026/08/09 05:42:49 INFO  : .git/objects/55/ecc71d7835821dfd2d5752428233607c1ade4a: Copied (new)
2026/08/09 05:42:49 INFO  : .git/objects/51/bcd3101990a576e7f361591885c96ed4916ab0: Copied (new)
2026/08/09 05:42:49 INFO  : .git/objects/52/ccf03471558f2cfe1fd43c1e8f5f3460ece43f: Copied (new)
2026/08/09 05:42:49 INFO  : .git/objects/58/d12273c7f41e8e0054f5bf567a660e8cc69a45: Copied (new)
2026/08/09 05:42:50 INFO  : .git/objects/50/360b26da068e6d6369a220fa2ee23cfd0c46de: Copied (new)
2026/08/09 05:42:50 INFO  : .git/objects/50/c514d21b2fac24bd835bf55417ff9b308a539f: Copied (new)
2026/08/09 05:42:50 INFO  : .git/objects/4f/2d312a6b03d54f8526bed9c612e5e0b15f6257: Copied (new)
2026/08/09 05:42:50 INFO  : .git/objects/50/a074a2bd10ee76e3019babde96637cdcf58f2d: Copied (new)
2026/08/09 05:42:50 INFO  : .git/objects/4f/5da466f7c09d1a2f9a8d72ea8f1709f4b3c63c: Copied (new)
2026/08/09 05:42:50 INFO  : .git/objects/5a/fdc3da0e123cd0afa5773f7d17980d86f72684: Copied (new)
2026/08/09 05:42:50 INFO  : .git/objects/5d/e61c1f812dd55caf22b145d4345ab360854ae9: Copied (new)
2026/08/09 05:42:50 INFO  : .git/objects/5b/83cd8fd0a30ebb3463b7424e3f3a16dfd55fe4: Copied (new)
2026/08/09 05:42:50 INFO  : .git/objects/5b/c322238bf8260cca6186395359549674214f2e: Copied (new)
2026/08/09 05:42:50 INFO  : .git/objects/50/a4b19e7bd44c87adb9e70f70a5e35305341fc1: Copied (new)
2026/08/09 05:42:50 INFO  : .git/objects/5c/bf0266de1ce0f751ca3f01d3594cdf6622de48: Copied (new)
2026/08/09 05:42:50 INFO  : .git/objects/5f/241f60173e41e3211ae674ac991350165f92e5: Copied (new)
2026/08/09 05:42:50 INFO  : .git/objects/5f/637a19fe1cf8b8f2b4d754bde824304d4b3229: Copied (new)
2026/08/09 05:42:50 INFO  : .git/objects/4e/252f6685b90236b443e9054a91b859fddafeda: Copied (new)
2026/08/09 05:42:50 INFO  : .git/objects/4e/65eb1399f60bad3a3192b6038823692901a2e6: Copied (new)
2026/08/09 05:42:51 INFO  : .git/objects/4e/845feb69f79f9cce7fd93d25e3c627e645a56c: Copied (new)
2026/08/09 05:42:51 INFO  : .git/objects/5b/d705fa9f877da74b7c576c9a0d5dfa995a1bd8: Copied (new)
2026/08/09 05:42:51 INFO  : .git/objects/4e/e1abbf26fe88fa428c19632157ee3e2b246933: Copied (new)
2026/08/09 05:42:51 INFO  : .git/objects/60/5ed3c9e9f1017d6c775235da74db90f9f8ce54: Copied (new)
2026/08/09 05:42:51 INFO  : .git/objects/60/ac3fc2eb75fbf5c30a347fd2b577e618cec954: Copied (new)
2026/08/09 05:42:51 INFO  : .git/objects/61/dcf3c52e9ee385a49b6c4a4fff9dd5afa04957: Copied (new)
2026/08/09 05:42:51 INFO  : .git/objects/4e/d7123ce07a5946bda9321e99ac400cae5ffbc0: Copied (new)
2026/08/09 05:42:51 INFO  : .git/objects/5c/86cd581fc0d1a154210314b0452a336a58e7f7: Copied (new)
2026/08/09 05:42:51 INFO  : .git/objects/5e/c6bf1547116920b5a50fc77b299716a7f1f7cf: Copied (new)
2026/08/09 05:42:51 INFO  : .git/objects/5e/3800ab1f2e9eac99cfdf511cfc1c47bb264018: Copied (new)
2026/08/09 05:42:51 INFO  : .git/objects/66/239a0526b709710a8edc8ef97cc7e5a9ad676a: Copied (new)
2026/08/09 05:42:51 INFO  : .git/objects/68/f6ddcced611533d90e8763d7835d0c3b94c6bf: Copied (new)
2026/08/09 05:42:51 INFO  : .git/objects/5e/28cd2c4b4346027442bc9722a4dd7ba54f250d: Copied (new)
2026/08/09 05:42:51 INFO  : .git/objects/59/abe3224344cd1809c7cc844b8d05ce69020bd3: Copied (new)
2026/08/09 05:42:51 INFO  : .git/objects/65/fe3ccaf14a10e5018416f379451378d1c00fb0: Copied (new)
2026/08/09 05:42:51 INFO  : .git/objects/67/fc63eeed4636ba7351de39a2f4b2d1e8b7c2ad: Copied (new)
2026/08/09 05:42:51 INFO  : .git/objects/67/48ca0bd2010bcb6727da927763974c6c1f1209: Copied (new)
2026/08/09 05:42:51 INFO  : .git/objects/6b/b043cf64efe07eb93b0b0db1e59df0dc996bac: Copied (new)
2026/08/09 05:42:51 INFO  : .git/objects/4c/100ea81e2094ca3f8916e368eda22b8ef9b6b6: Copied (new)
2026/08/09 05:42:51 INFO  : .git/objects/65/511ee1bdab92dd8d22780e8f3fe9bc538d8c82: Copied (new)
2026/08/09 05:42:51 INFO  : .git/objects/73/4a0bce76828c35509e358304b973654b0e9b6d: Copied (new)
2026/08/09 05:42:51 INFO  : .git/objects/6c/8584e3a87fa534695c236f9485ce1d4e380e1c: Copied (new)
2026/08/09 05:42:52 INFO  : .git/objects/6c/bb23455ffd80dec83c647ff7859e1582a6cfcc: Copied (new)
2026/08/09 05:42:52 INFO  : .git/objects/4c/d6f2856ccf4989b537dd99f587f7b6c9251fd6: Copied (new)
2026/08/09 05:42:52 INFO  : .git/objects/71/2fd44404a9552b260d6b781df2609ae2a9c518: Copied (new)
2026/08/09 05:42:52 INFO  : .git/objects/4c/3ca60472a2095a4e4cfe075f8c7c3bf09e48ca: Copied (new)
2026/08/09 05:42:52 INFO  : .git/objects/6d/b07eeb681efd835ec187f18846526c518fb06e: Copied (new)
2026/08/09 05:42:52 INFO  : .git/objects/6e/c2dd4c5a19c4ecf7903a17ee3f8be2281e69df: Copied (new)
2026/08/09 05:42:52 INFO  : .git/objects/6c/be36c6bdebe40138fe09fdab3a683fc2ce9038: Copied (new)
2026/08/09 05:42:52 INFO  : .git/objects/71/fcb82e9da848e753e732bc8f3d676a492e3e1f: Copied (new)
2026/08/09 05:42:52 INFO  : .git/objects/72/979001c8386308cac7b4d25f9a0b79be475bcc: Copied (new)
2026/08/09 05:42:52 INFO  : .git/objects/72/472444d5f5710544fed3dda880b870b880f65d: Copied (new)
2026/08/09 05:42:52 INFO  : .git/objects/6d/e1eb9ffe199c8579d225387d605c3696b727b7: Copied (new)
2026/08/09 05:42:52 INFO  : .git/objects/6e/f4336c3f95858abff9cf11fe1e8f0785c98f9a: Copied (new)
2026/08/09 05:42:52 INFO  : .git/objects/6e/fcbd0650d6a3b3498ca1706709a1858644445b: Copied (new)
2026/08/09 05:42:52 INFO  : .git/objects/6d/e60d88c3b91fd1d668bc8680c9b8adf95e8988: Copied (new)
2026/08/09 05:42:52 INFO  : .git/objects/74/0230dfcf54bbac489c4614407db5103d4c4002: Copied (new)
2026/08/09 05:42:52 INFO  : .git/objects/75/e9669251b63d19ab7f725fed84ff399779757f: Copied (new)
2026/08/09 05:42:52 INFO  : .git/objects/75/a77a7401471a3bb1eb897045da6a619e7c5c1e: Copied (new)
2026/08/09 05:42:52 INFO  : .git/objects/79/6918473f0077e1c8752d58016c6dd25e6d9b50: Copied (new)
2026/08/09 05:42:52 INFO  : .git/objects/74/5690e1899ba0be959417cae81ce8b5bf4813f3: Copied (new)
2026/08/09 05:42:52 INFO  : .git/objects/76/d98833d39c0c4610719cf02565c4e9e610727c: Copied (new)
2026/08/09 05:42:52 INFO  : .git/objects/79/98795c8ca7d79a35e6e09c1c1f741e68371359: Copied (new)
2026/08/09 05:42:52 INFO  : .git/objects/7b/8495ee77ad1ba2ebf528512fb3d6fffd04119f: Copied (new)
2026/08/09 05:42:52 INFO  : .git/objects/7c/6c4f728d1c25fc0536025fe7dca082b33184ce: Copied (new)
2026/08/09 05:42:52 INFO  : .git/objects/74/7251142227f9ea32c2b2f345ec5748a0549b6c: Copied (new)
2026/08/09 05:42:52 INFO  : .git/objects/7c/de050c0ce36205a766064f15e05f4e10202cbd: Copied (new)
2026/08/09 05:42:52 INFO  : .git/objects/77/53291e7551c170e21950eb4b84395121bc8e04: Copied (new)
2026/08/09 05:42:52 INFO  : .git/objects/77/a923a6ac92a61753505f49cb7fb2d8d9a3c8f0: Copied (new)
2026/08/09 05:42:52 INFO  : .git/objects/81/4f107182e9237a7111b1cf3f05545c9a516c45: Copied (new)
2026/08/09 05:42:52 INFO  : .git/objects/7f/264148e0ca41c892e1a04b57d86d740620ec86: Copied (new)
2026/08/09 05:42:53 INFO  : .git/objects/77/80acddb5893096acd6c2caa9347b01170e2a6e: Copied (new)
2026/08/09 05:42:53 INFO  : .git/objects/7f/a26edcf7aa286d8ffe42fb16025aefc2fec4e4: Copied (new)
2026/08/09 05:42:53 INFO  : .git/objects/84/d30d475770708849b5418fd7a3f40770a6545e: Copied (new)
2026/08/09 05:42:53 INFO  : .git/objects/80/4b2a8add693fc11cc86db64ec87e8f0c589dc7: Copied (new)
2026/08/09 05:42:53 INFO  : .git/objects/82/a674a50c8506b5c00da932b2cfd4b19dea45f2: Copied (new)
2026/08/09 05:42:53 INFO  : .git/objects/80/d65602629e9c0af5eca984064caf2fd1aea3e8: Copied (new)
2026/08/09 05:42:53 INFO  : .git/objects/7d/57d948d7b1f7da6d28834b96993ce5e9893fe0: Copied (new)
2026/08/09 05:42:53 INFO  : .git/objects/80/182906cd92aeabe71889d0308ed3a0443f1873: Copied (new)
2026/08/09 05:42:53 INFO  : .git/objects/83/a9cc187099956b5eb788ee63ec414abe6f8623: Copied (new)
2026/08/09 05:42:53 INFO  : .git/objects/85/e5f716b23073cc478af3811cb35b3e0e7d9c3f: Copied (new)
2026/08/09 05:42:53 INFO  : .git/objects/87/c3b9a6da8f10bac48e89084b20efd595b74e56: Copied (new)
2026/08/09 05:42:53 INFO  : .git/objects/85/a8de4dda47369eef14ddfc6bbac5b481d87fbb: Copied (new)
2026/08/09 05:42:53 INFO  : .git/objects/8a/14fce24bbfee34e665666462e86a4dc6429f82: Copied (new)
2026/08/09 05:42:53 INFO  : .git/objects/87/5b54a23539943d24191f6c25c7ffd794fd20dc: Copied (new)
2026/08/09 05:42:53 INFO  : .git/objects/8b/41aafeaa2710bd1187aa28be7fd4da699d1e87: Copied (new)
2026/08/09 05:42:53 INFO  : .git/objects/90/b546378e36e00d4df114472ebd2aa861519068: Copied (new)
2026/08/09 05:42:53 INFO  : .git/objects/8c/6e1dd19d35927b7dfaf2d7bbfb0db60ad1950e: Copied (new)
2026/08/09 05:42:53 INFO  : .git/objects/83/1c8d26165e8b586491bce38fc735f0a1b80288: Copied (new)
2026/08/09 05:42:53 INFO  : .git/objects/88/8385e509e2ac3780c7b56c250b694924089d8a: Copied (new)
2026/08/09 05:42:53 INFO  : .git/objects/88/68e7a7307a0ea7df23dec87c53591392f6f1b9: Copied (new)
2026/08/09 05:42:53 INFO  : .git/objects/8a/5916f5cdfee3c87d7a7ddd07f163930311f705: Copied (new)
2026/08/09 05:42:54 INFO  : .git/objects/91/4954456fef19da2bee876c29678f77aa2720de: Copied (new)
2026/08/09 05:42:54 INFO  : .git/objects/89/9c05942abcaa99c9d9ab08d87645cd67ef83c9: Copied (new)
2026/08/09 05:42:54 INFO  : .git/objects/91/6ffd2074742e2ded777f1f10a440ecb0eff3f5: Copied (new)
2026/08/09 05:42:54 INFO  : .git/objects/89/8bf9803a75470f4d28968a59fb154cb227576e: Copied (new)
2026/08/09 05:42:54 INFO  : .git/objects/95/4ce43bf09b1ddc1b8d8caece492daecbb1b82c: Copied (new)
2026/08/09 05:42:54 INFO  : .git/objects/97/493a2a0465708c59578fe961a5d08ff96015de: Copied (new)
2026/08/09 05:42:54 INFO  : .git/objects/94/3f3f9ee7be75d3a8cdd379510081b37a2c7f48: Copied (new)
2026/08/09 05:42:54 INFO  : .git/objects/94/ee16d1b440c74876108dfe3a5323f0233d3512: Copied (new)
2026/08/09 05:42:54 INFO  : .git/objects/98/488e48c1cd070c73f9cd132c99cdb144363bc6: Copied (new)
2026/08/09 05:42:54 INFO  : .git/objects/89/db302b8b0fa97ff10f44238c28960baff540fc: Copied (new)
2026/08/09 05:42:54 INFO  : .git/objects/94/4d85b36bdcce0e344da6c90183b3ad0b9043f1: Copied (new)
2026/08/09 05:42:54 INFO  : .git/objects/8d/9854d70429a1f02f9dfc32d2ab79d6711fb026: Copied (new)
2026/08/09 05:42:54 INFO  : .git/objects/8d/ce0d843474a14ce5d98e8ff2204c2c74a9123a: Copied (new)
2026/08/09 05:42:54 INFO  : .git/objects/8d/2533a61f960b56576821d84fd76596b5b2270e: Copied (new)
2026/08/09 05:42:54 INFO  : .git/objects/8d/5f4e4986ba22f1dbfd3cdd894927bf3ab91d30: Copied (new)
2026/08/09 05:42:54 INFO  : .git/objects/92/5b537aff9bdd29567cb3ca677d742eb9e3bd69: Copied (new)
2026/08/09 05:42:54 INFO  : .git/objects/92/d5d243192df16ffb6e672fbd1fde48ff174e15: Copied (new)
2026/08/09 05:42:54 INFO  : .git/objects/92/7ebcb010787a134611fa7d3ace1d8fa199c11c: Copied (new)
2026/08/09 05:42:54 INFO  : .git/objects/8d/fcf186a0a69d8eb8d9dcac4e9ef9a2e236bb1b: Copied (new)
2026/08/09 05:42:55 INFO  : .git/objects/99/5098e7260db7881c27f949b2297ec22c27f029: Copied (new)
2026/08/09 05:42:55 INFO  : .git/objects/92/7285e35b799d85fb8cc700276cca6513920a52: Copied (new)
2026/08/09 05:42:55 INFO  : .git/objects/9c/f6f773e8e1b51307ae686eb62c53bc519bc53e: Copied (new)
2026/08/09 05:42:55 INFO  : .git/objects/96/43caf373f0abe59e59c6ddcd7acc90e6da1181: Copied (new)
2026/08/09 05:42:55 INFO  : .git/objects/96/52385c6c92bc8768fbd1046e9e8b041bc9aa04: Copied (new)
2026/08/09 05:42:55 INFO  : .git/objects/9d/4858c027692131701550fba7ec28b738c8a782: Copied (new)
2026/08/09 05:42:55 INFO  : .git/objects/96/94a6afdefeef4a2ad62ae28cebe0b694369bd8: Copied (new)
2026/08/09 05:42:55 INFO  : .git/objects/99/d9ce2eab608662dce94c42522849e46ba6f524: Copied (new)
2026/08/09 05:42:55 INFO  : .git/objects/9b/59b620a203348dd4894dde75502a41287a44c7: Copied (new)
2026/08/09 05:42:55 INFO  : .git/objects/96/bac9e97d906f48c8ac376e1b58ef8932ada94d: Copied (new)
2026/08/09 05:42:55 INFO  : .git/objects/9b/d12d26d3f138584698d6e914601b6bf6a8cb72: Copied (new)
2026/08/09 05:42:55 INFO  : .git/objects/9b/82b1b2eea7a14b90efb145665677a6094ca31f: Copied (new)
2026/08/09 05:42:55 INFO  : .git/objects/a6/f4bb0977bc254cbab144cce01d0e0e74a89057: Copied (new)
2026/08/09 05:42:55 INFO  : .git/objects/a4/2a28d9bf8e70e83cb45f059785b5bb83681e78: Copied (new)
2026/08/09 05:42:55 INFO  : .git/objects/a5/70dc0ab5621e4c1a4144a6f0fd39fd2c223213: Copied (new)
2026/08/09 05:42:55 INFO  : .git/objects/a2/770aeb4f9178ca77262d849961e229f7359bc7: Copied (new)
2026/08/09 05:42:55 INFO  : .git/objects/a2/c9b9dc0f71d6f74d9a3670053eea7511aa231d: Copied (new)
2026/08/09 05:42:55 INFO  : .git/objects/a4/2821862cd21e956f4c6c9cce2f0b5d18c157ab: Copied (new)
2026/08/09 05:42:55 INFO  : .git/objects/a2/db1076e9ff1d806c718914f23785eac7b1ef9d: Copied (new)
2026/08/09 05:42:56 INFO  : .git/objects/a9/c3f7ffad76c7862fdba878e5604d4aff2c1877: Copied (new)
2026/08/09 05:42:56 INFO  : .git/objects/9f/4cfd6f6383d56b3854323dd7975fecefd242e7: Copied (new)
2026/08/09 05:42:56 INFO  : .git/objects/9f/d168be7f2b32b211a1b99f18fda22cc4a0f813: Copied (new)
2026/08/09 05:42:56 INFO  : .git/objects/9e/06b302a01af5c6f9b4a5fb0015477d24f6c161: Copied (new)
2026/08/09 05:42:56 INFO  : .git/objects/9f/8527fcc21ad6e1268774ebf0d4b0339fee964c: Copied (new)
2026/08/09 05:42:56 INFO  : .git/objects/6f/515604914b87544e016db74dc520bdd894a842: Copied (new)
2026/08/09 05:42:56 INFO  : .git/objects/9e/266c479ca5dc5f085bf457da2540bc490853db: Copied (new)
2026/08/09 05:42:56 INFO  : .git/objects/9e/27f32b5ec999e7aecd2f3337bd8660f7f52eb6: Copied (new)
2026/08/09 05:42:56 INFO  : .git/objects/9e/a05a8cd12057aac20ebe2abd886a86e1c8401e: Copied (new)
2026/08/09 05:42:56 INFO  : .git/objects/aa/62a7ccfb54ac10d55f258461d75d1c0abfc9fa: Copied (new)
2026/08/09 05:42:56 INFO  : .git/objects/aa/7bbbe234f381dddbeefe75d22e539444604b50: Copied (new)
2026/08/09 05:42:56 INFO  : .git/objects/ab/7ab3d33eba912a8c3b1ff1d18a97fd2819174d: Copied (new)
2026/08/09 05:42:56 INFO  : .git/objects/ab/c4850ca1603d1f1aff427f4ba4e386050c206c: Copied (new)
2026/08/09 05:42:56 INFO  : .git/objects/9e/34bd21291b03ac3ce6e78b6989bd11f7254c42: Copied (new)
2026/08/09 05:42:56 INFO  : .git/objects/6f/faac59095df86b0eecae1d8549a97a013ba4c6: Copied (new)
2026/08/09 05:42:56 INFO  : .git/objects/b0/d83f4aee563f6ab595c4447f55858fcef10ea7: Copied (new)
2026/08/09 05:42:56 INFO  : .git/objects/ad/a86007623fb89e0126c1999ed3e3f6ecef3345: Copied (new)
2026/08/09 05:42:56 INFO  : .git/objects/ab/13b1ee099522078eb1a54c77382c6f24ecbf8c: Copied (new)
2026/08/09 05:42:57 INFO  : .git/objects/a8/ce980ea70bbee4b852a547a71d99237f3277c6: Copied (new)
2026/08/09 05:42:57 INFO  : .git/objects/b2/76aa6206deaf6fc22b27110978cdc767e5d6a8: Copied (new)
2026/08/09 05:42:57 INFO  : .git/objects/ac/80a8c0997083ca485e5847ed7d97a9dbb0c1fa: Copied (new)
2026/08/09 05:42:57 INFO  : .git/objects/b3/35f48ce0845bbcd0935e0627b6c0691dabf945: Copied (new)
2026/08/09 05:42:57 INFO  : .git/objects/ae/1cfb35daad9b5965bdf22176836384cc4a89a3: Copied (new)
2026/08/09 05:42:57 INFO  : .git/objects/ac/fc24beed3f67810b46962663ae9eb932e95421: Copied (new)
2026/08/09 05:42:57 INFO  : .git/objects/a8/df6defbcb5a410fc68e24931e9f8e595782e46: Copied (new)
2026/08/09 05:42:57 INFO  : .git/objects/88/9dabdf634cc4b0f9bb3c820b17351615fd5071: Copied (new)
2026/08/09 05:42:57 INFO  : .git/objects/ae/a0b394153c02a5ce5bf9b6e245e509561d9578: Copied (new)
2026/08/09 05:42:57 INFO  : .git/objects/b4/534fcba80eefe68bc5fc495e4a53c5c3a955ea: Copied (new)
2026/08/09 05:42:57 INFO  : .git/objects/ae/acb7c02769e4c7c6886ac3f010c7ece07bc5fd: Copied (new)
2026/08/09 05:42:57 INFO  : .git/objects/b6/f248b7582017548e77bca07885609536d07b12: Copied (new)
2026/08/09 05:42:57 INFO  : .git/objects/af/1d49147be938e8607f64820ebde9701cdd7b41: Copied (new)
2026/08/09 05:42:57 INFO  : .git/objects/af/a64a34c7ccc08c3463c35addf4278ad89030c6: Copied (new)
2026/08/09 05:42:57 INFO  : .git/objects/af/3b594d98b8e8391c78f7e5d6b2cc7e7e8b3b08: Copied (new)
2026/08/09 05:42:57 INFO  : .git/objects/be/e9f559738bbf846ca0b90d9b7609b14aa36087: Copied (new)
2026/08/09 05:42:57 INFO  : .git/objects/b4/6182f574c09707ee6bc228bee6c62c870c3dd4: Copied (new)
2026/08/09 05:42:57 INFO  : .git/objects/ac/d31e77783a8b35233e8000cd6896ed894a2c2e: Copied (new)
2026/08/09 05:42:57 INFO  : .git/objects/bb/275a4ff8750e8769fbdc279c8700f275fe1b2e: Copied (new)
2026/08/09 05:42:57 INFO  : .git/objects/af/dedbb3fc6b0a94200e77b424a4311a4b48d170: Copied (new)
2026/08/09 05:42:57 INFO  : .git/objects/bb/5294ba245dd67154fdb59bde0c391021e56971: Copied (new)
2026/08/09 05:42:57 INFO  : .git/objects/bd/33468a750386c117c490c2583f474cd45b25d8: Copied (new)
2026/08/09 05:42:58 INFO  : .git/objects/bc/47b1944ec7ba33daeb3cc24a397e81f1507f7f: Copied (new)
2026/08/09 05:42:58 INFO  : .git/objects/b8/3fa0d993964494a0191f6aa886e115cd25a631: Copied (new)
2026/08/09 05:42:58 INFO  : .git/objects/bd/8a5fd47fbe0361f50637cf168c28ce7973ac8d: Copied (new)
2026/08/09 05:42:58 INFO  : .git/objects/c0/8d57e4177b97eecae04c60429cbd7897f5c53f: Copied (new)
2026/08/09 05:42:58 INFO  : .git/objects/c7/85e2de6a67736c0fcdeb32c9731838342c034d: Copied (new)
2026/08/09 05:42:58 INFO  : .git/objects/c6/9b3f029dd27d81842d14d728e362baf3bbe489: Copied (new)
2026/08/09 05:42:58 INFO  : .git/objects/c0/d19812d4a6c1986d32874989d442364843aa67: Copied (new)
2026/08/09 05:42:58 INFO  : .git/objects/c3/14e1880335aeddf778f5c31300ee7aa88424fe: Copied (new)
2026/08/09 05:42:58 INFO  : .git/objects/c5/ec1fedea11bf16fa48c7b1c2676a53ba487cdc: Copied (new)
2026/08/09 05:42:58 INFO  : .git/objects/bf/10008c124a1a0ec8d83cedeb0a314c45c639c3: Copied (new)
2026/08/09 05:42:58 INFO  : .git/objects/c6/ea4c101b2c9fb5d1bb62712c7875b2a1450c89: Copied (new)
2026/08/09 05:42:58 INFO  : .git/objects/bf/cc3d9ff4f6082f27a34a5e0c4b75302cfec89c: Copied (new)
2026/08/09 05:42:58 INFO  : .git/objects/c3/53b04f4080f838740854d22d3140613218c17a: Copied (new)
2026/08/09 05:42:58 INFO  : .git/objects/b8/3555448231159f2ed7eef13d39b29b58fc90fd: Copied (new)
2026/08/09 05:42:59 INFO  : .git/objects/bf/48c09474898f4356e2efdbdcd6ea5f7bf13807: Copied (new)
2026/08/09 05:42:59 INFO  : .git/objects/c3/d6ba31740f648583639dcffc36cdcfda383bed: Copied (new)
2026/08/09 05:42:59 INFO  : .git/objects/c1/6f327f3a7abd99b91d6eecfff57827b625625a: Copied (new)
2026/08/09 05:42:59 INFO  : .git/objects/c1/9b9d919e740c73ab3b6ef47f001f6254a2f03e: Copied (new)
2026/08/09 05:42:59 INFO  : .git/objects/c9/990e3988436fdb49f34daffb8dcfc8109c4f5c: Copied (new)
2026/08/09 05:42:59 INFO  : .git/objects/c1/492e4374e6bbb5ba36336bb722f3a621025252: Copied (new)
2026/08/09 05:42:59 INFO  : .git/objects/bf/e4e1c0a259632c532d96fc2c13e3f5801d2968: Copied (new)
2026/08/09 05:42:59 INFO  : .git/objects/c9/f13d4b206605f1d8ea518a7c554586301cfba3: Copied (new)
2026/08/09 05:42:59 INFO  : .git/objects/ca/09d617cf1a1c61e800e3270049eaa7b96590ef: Copied (new)
2026/08/09 05:42:59 INFO  : .git/objects/cc/7d370de84a78e353f53d43b5099125444c334e: Copied (new)
2026/08/09 05:42:59 INFO  : .git/objects/cb/a7adfd1eb0f67162570fa24ab402905c5d28ab: Copied (new)
2026/08/09 05:42:59 INFO  : .git/objects/ce/235cd3ffcbb4aa6173b9b64f41206c2d189cf8: Copied (new)
2026/08/09 05:42:59 INFO  : .git/objects/ca/d9534440f494cd25dbbe8cd92de96863c58a59: Copied (new)
2026/08/09 05:42:59 INFO  : .git/objects/cf/79ef9a206fee15b6419f42bf08baa34c369577: Copied (new)
2026/08/09 05:42:59 INFO  : .git/objects/cb/0b58ba98b522aa2ba1ff617b2f2e4d3669ad11: Copied (new)
2026/08/09 05:42:59 INFO  : .git/objects/c8/241b5d566318d55808ea0472c6b7d82f602711: Copied (new)
2026/08/09 05:42:59 INFO  : .git/objects/c8/f1831941323c854aad6c99bfa3e8831febc1e3: Copied (new)
2026/08/09 05:42:59 INFO  : .git/objects/c8/d07d4cbf66059b82db2de6663ca23e7f31f68a: Copied (new)
2026/08/09 05:43:00 INFO  : .git/objects/d8/79ff7b18d7265df79d295528b22014c6c6dd27: Copied (new)
2026/08/09 05:43:00 INFO  : .git/objects/d1/a3b48774074d77d709b48b29d1f5574e6d7351: Copied (new)
2026/08/09 05:43:00 INFO  : .git/objects/c8/67d4e6388efeb9fa141e163b84375eafbdeb68: Copied (new)
2026/08/09 05:43:00 INFO  : .git/objects/b8/2f513f344b7c06fb5207ab34747b05612d1ecf: Copied (new)
2026/08/09 05:43:00 INFO  : .git/objects/d7/dd1bb1d749e67290a422ccfb00cc7d2d9b432e: Copied (new)
2026/08/09 05:43:00 INFO  : .git/objects/d0/fcafba36ed33ab52635e8201fd99dc58a53826: Copied (new)
2026/08/09 05:43:00 INFO  : .git/objects/d2/91529694601265db475249f871e7c93ed6ac45: Copied (new)
2026/08/09 05:43:00 INFO  : .git/objects/d0/3a6097b74be014c93b2c2b636a457b76a8a7e4: Copied (new)
2026/08/09 05:43:00 INFO  : .git/objects/d2/3b8fdb28a93d2d16da4b826d1a4900f01ae881: Copied (new)
2026/08/09 05:43:00 INFO  : .git/objects/d9/79690864087adefab4dcea404b5af30402f781: Copied (new)
2026/08/09 05:43:00 INFO  : .git/objects/db/b68b620197c57c925876363bfb6297cc4bd008: Copied (new)
2026/08/09 05:43:00 INFO  : .git/objects/d6/ac7d23a7d4c143a565169ddeea15b62f8d12a2: Copied (new)
2026/08/09 05:43:00 INFO  : .git/objects/d6/55e40e8253a6b3f5f7eb2e63980d598c7095b7: Copied (new)
2026/08/09 05:43:00 INFO  : .git/objects/da/faa3aa30e1a26a74e46dc49d011e48c8af4587: Copied (new)
2026/08/09 05:43:00 INFO  : .git/objects/d6/c8878e7884a64b3b4ecc1e538c7005b6eb03c2: Copied (new)
2026/08/09 05:43:00 INFO  : .git/objects/d1/07b5abffe2c5aa131acf934595eb3ce47f69d8: Copied (new)
2026/08/09 05:43:00 INFO  : .git/objects/dc/a36f66e2a31e555e5b6d9903dd7d616d1cd21f: Copied (new)
2026/08/09 05:43:00 INFO  : .git/objects/dc/4874d29305ba27d3a08909f63ced8e4dfab62a: Copied (new)
2026/08/09 05:43:00 INFO  : .git/objects/e3/0f4b7f6185e0090c96a458bb3a762b0e0abcc5: Copied (new)
2026/08/09 05:43:00 INFO  : .git/objects/d6/acb037387698c6666cf1225b234480af8b43e3: Copied (new)
2026/08/09 05:43:01 INFO  : .git/objects/e2/33228e708f4cab9b9785a01b2736b4f7a41ae0: Copied (new)
2026/08/09 05:43:01 INFO  : .git/objects/d3/989303e1ff50dd87ec0ffb1cad501d65702638: Copied (new)
2026/08/09 05:43:01 INFO  : .git/objects/e1/d0d846c26aeb5f51c8f3ec63f33d9b7538f89d: Copied (new)
2026/08/09 05:43:01 INFO  : .git/objects/d3/322ca782feef69a41d3c8cfd497738ffdf365a: Copied (new)
2026/08/09 05:43:01 INFO  : .git/objects/d3/a075f141d1c79fe9af9fb20ebf192a73bdfbe1: Copied (new)
2026/08/09 05:43:01 INFO  : .git/objects/d3/03cf9b0b0056043c38ade942a5119ff0091152: Copied (new)
2026/08/09 05:43:01 INFO  : .git/objects/d3/c245c67c69f4b912725a54ad9b1fbd702b488c: Copied (new)
2026/08/09 05:43:01 INFO  : .git/objects/e8/b469d61540b26289c3816eb4e39088864ff2ca: Copied (new)
2026/08/09 05:43:01 INFO  : .git/objects/e1/06308ec83bbeae0b60f8c32a24e7445bfb7847: Copied (new)
2026/08/09 05:43:01 INFO  : .git/objects/de/be2f80fe32841b1dac18ca2e229fb070c50b7a: Copied (new)
2026/08/09 05:43:01 INFO  : .git/objects/de/0f876b566752fe70886cba421afcd7f7379146: Copied (new)
2026/08/09 05:43:01 INFO  : .git/objects/e6/ebf724606623b3737963122c412344c6c48f8e: Copied (new)
2026/08/09 05:43:01 INFO  : .git/objects/e4/39d29100ab6db01fd7a236c2ff415396cfd0f4: Copied (new)
2026/08/09 05:43:01 INFO  : .git/objects/de/c100e141c1820b90b14d2708d19c0c32cb20ce: Copied (new)
2026/08/09 05:43:01 INFO  : .git/objects/e5/97842136d2b8db4341adff3c7cf3833a9d624c: Copied (new)
2026/08/09 05:43:01 INFO  : .git/objects/e4/0e6f106592b5969d1eb773b7d6b248d031cd39: Copied (new)
2026/08/09 05:43:01 INFO  : .git/objects/ea/9561a5e0e6fe6126aef5b31d1fe3bd4ac16df7: Copied (new)
2026/08/09 05:43:01 INFO  : .git/objects/e7/860de478d5d5e2a4533870f066633643da0d17: Copied (new)
2026/08/09 05:43:02 INFO  : .git/objects/ec/29b2ee5eb5d25a5c2b8838e1a42ed9225c8a9c: Copied (new)
2026/08/09 05:43:02 INFO  : .git/objects/e5/01414cd2614fe3793885aee524a4258094edbb: Copied (new)
2026/08/09 05:43:02 INFO  : .git/objects/e6/d29c8cb4682cea724cd4417342dff32ca4e63c: Copied (new)
2026/08/09 05:43:02 INFO  : .git/objects/e7/bb55b957d1a8d57cd977496400ff21a1c2f8ad: Copied (new)
2026/08/09 05:43:02 INFO  : .git/objects/e5/c42469c59e791d8228194aa438592a416e0e2b: Copied (new)
2026/08/09 05:43:02 INFO  : .git/objects/eb/5d57fbaba0f041abf361a2803ca44008c233c8: Copied (new)
2026/08/09 05:43:02 INFO  : .git/objects/f4/e395a2a1a87361467ba048b2cfe5f4a84905b8: Copied (new)
2026/08/09 05:43:02 INFO  : .git/objects/e7/bdb18ee2ce327e9f7d0f24d8fe3a636f2eb5a1: Copied (new)
2026/08/09 05:43:02 INFO  : .git/objects/eb/e8a7cac7bb2b0d994d3cd74d9969212145219e: Copied (new)
2026/08/09 05:43:02 INFO  : .git/objects/eb/85613a084a6c96c2be64bace9516b429b6ca6a: Copied (new)
2026/08/09 05:43:02 INFO  : .git/objects/f0/844e7820491e9a41f864145ea055bf0032b665: Copied (new)
2026/08/09 05:43:02 INFO  : .git/objects/ef/2f0c18ae90a963191f1ec37cd8955cb82a8bbf: Copied (new)
2026/08/09 05:43:02 INFO  : .git/objects/ef/3c7ae4d45a799eb0865a0a45ba1411698517f8: Copied (new)
2026/08/09 05:43:02 INFO  : .git/objects/ee/1e8a6f137c67ae9dfcd2abc2ad54705ecf7ace: Copied (new)
2026/08/09 05:43:02 INFO  : .git/objects/e9/0a51d9bab0eca46347a81b99f561e730e8ac04: Copied (new)
2026/08/09 05:43:02 INFO  : .git/objects/e9/1acb6b03ebe84a286f76b1efa4993c925db4d6: Copied (new)
2026/08/09 05:43:02 INFO  : .git/objects/ea/ed26c3ee48f17b49e8dd2fa6b87250760f9ffc: Copied (new)
2026/08/09 05:43:02 INFO  : .git/objects/e9/7429d6b77d04d5943e9808dd35eb4a1fea5bf7: Copied (new)
2026/08/09 05:43:02 INFO  : .git/objects/f6/862ef3808aac893356e40ee9876463a7d9ab4c: Copied (new)
2026/08/09 05:43:03 INFO  : .git/objects/f0/f439244a50d326942401d0432a1c1fcb6de716: Copied (new)
2026/08/09 05:43:03 INFO  : .git/objects/f3/533e8d5f4c284a84749ae4f97b45d978538617: Copied (new)
2026/08/09 05:43:03 INFO  : .git/objects/e9/09c599fc2329477b623479c512a6d7fa56318c: Copied (new)
2026/08/09 05:43:03 INFO  : .git/objects/f8/c3509d8de211f8e3b2f55626e6d6fb90619bce: Copied (new)
2026/08/09 05:43:03 INFO  : .git/objects/f3/e536e10ecf7fd86a1bbb2c0ab13ef8afb08a71: Copied (new)
2026/08/09 05:43:03 INFO  : .git/objects/e9/7e02bb312ecf9ec08dc17f1b202572ac457843: Copied (new)
2026/08/09 05:43:03 INFO  : .git/objects/f7/50145beea9a18a4a2d9ce137b0f469961a16a8: Copied (new)
2026/08/09 05:43:03 INFO  : .git/objects/fa/ca12a2cc8c27916e6ec4da75719330f9e20971: Copied (new)
2026/08/09 05:43:03 INFO  : .git/objects/f5/4f796fe6d5a068d0405e8d97cdc75f772b2309: Copied (new)
2026/08/09 05:43:03 INFO  : .git/objects/f5/5e409156a58a5c181f7fac691f948bb78169a8: Copied (new)
2026/08/09 05:43:03 INFO  : .git/objects/fb/a6c712cb6e9590a0e37815a6d235595b1a0aae: Copied (new)
2026/08/09 05:43:03 INFO  : .git/objects/f3/a1cbe5312f7a3135d1331c12615625ad608f78: Copied (new)
2026/08/09 05:43:03 INFO  : .git/objects/f5/e7d8c6eb24fcfc1b20abd2d22fbc871f1a053b: Copied (new)
2026/08/09 05:43:03 INFO  : .git/objects/ed/20c6457095720797015b4076edec61d7601a97: Copied (new)
2026/08/09 05:43:03 INFO  : .git/objects/ee/bdaa6ca94e0d6446110d42ebe23e559c12e83e: Copied (new)
2026/08/09 05:43:03 INFO  : .git/objects/ed/1aa6ac43a7ff0803d0881a885a5d8a64d26cd9: Copied (new)
2026/08/09 05:43:03 INFO  : .git/objects/ed/a35ca0c0c88f291c3edd07c58b90e08b0b1da8: Copied (new)
2026/08/09 05:43:03 INFO  : .git/objects/ed/d8eedf557ba200931489c791f758b191f3e8d4: Copied (new)
2026/08/09 05:43:03 INFO  : .git/objects/f7/5a4c0f058c070a2e07f7c7f7b50514da7ebc0c: Copied (new)
2026/08/09 05:43:04 INFO  : .git/objects/f9/dfd19e54d58465baaca96dc5ac395eb4a88f76: Copied (new)
2026/08/09 05:43:04 INFO  : .git/objects/ed/c0a2e0e40d5020ae0663d00f1e2b9228fbed72: Copied (new)
2026/08/09 05:43:04 INFO  : .git/objects/fc/16fa532e1f8fae1b2a2394516cad1c523a812b: Copied (new)
2026/08/09 05:43:04 INFO  : .git/objects/fd/62c695efc9511a94fb46d30d055889d872791b: Copied (new)
2026/08/09 05:43:04 INFO  : .git/objects/f9/f87d34f72c39783cd7733186d4445fc109e57c: Copied (new)
2026/08/09 05:43:04 INFO  : .git/objects/ff/486fbda666a8f14c782bbf71e1a0c5bc05a881: Copied (new)
2026/08/09 05:43:04 INFO  : .git/objects/f9/e07945f16e7a4ca3546b1dfe9d21300169adce: Copied (new)
2026/08/09 05:43:04 INFO  : .git/objects/fe/684ac78d216225e7cf80804f664fa3a14e5c30: Copied (new)
2026/08/09 05:43:04 INFO  : .git/objects/fe/4379d9715292e9ec7d128d7e7ed545694bc99d: Copied (new)
2026/08/09 05:43:04 INFO  : .git/objects/ff/ca690e3c24ece85c9a736a721e057c3dd2815c: Copied (new)
2026/08/09 05:43:04 INFO  : .git/objects/fc/4166b80c6d13eda71398cb4cdd2a0d2d3de757: Copied (new)
2026/08/09 05:43:05 INFO  : .git/objects/ed/93cdc5a91956e260eeb66aa67cfd943fef7f87: Copied (new)
2026/08/09 05:43:05 INFO  :   169.537 MiB / 169.537 MiB, 100%, 3.226 MiB/s, ETA 0s
2026/08/09 05:43:08 INFO  : noticias.json: Copied (new)
2026/08/09 05:43:08 INFO  : index.html: Copied (new)
2026/08/09 05:43:08 INFO  : .gitignore: Copied (new)
2026/08/09 05:43:08 INFO  : .env.local: Copied (new)
2026/08/09 05:43:08 INFO  : apresentacoes.json: Copied (new)
2026/08/09 05:43:08 INFO  : revisions.json: Copied (new)
2026/08/09 05:43:08 INFO  : vercel.json: Copied (new)
2026/08/09 05:43:08 INFO  : .vercel/project.json: Copied (new)
2026/08/09 05:43:08 INFO  : app.js: Copied (new)
2026/08/09 05:43:08 INFO  : styles.css: Copied (new)
2026/08/09 05:43:08 INFO  : .vercel/README.txt: Copied (new)
2026/08/09 05:43:09 INFO  : paper_pt.html: Copied (new)
2026/08/09 05:43:09 INFO  : paper_en.html: Copied (new)
2026/08/09 05:43:09 INFO  : public/downloads/CMB_controle_logistico_v4.pdf: Copied (new)
2026/08/09 05:43:09 INFO  : public/downloads/CMB_certificadora_nacional.pptx: Copied (new)
2026/08/09 05:43:09 INFO  : paper_data.js: Copied (new)
2026/08/09 05:43:09 INFO  : public/downloads/CMB_controle_logistico_v4.pptx: Copied (new)
2026/08/09 05:43:09 INFO  : public/downloads/CMB_eixo_certificacao_nacional.pptx: Copied (new)
2026/08/09 05:43:09 INFO  : public/downloads/CMB_controle_logistico_v3.pptx: Copied (new)
2026/08/09 05:43:10 INFO  : public/slides/parte_4/r2/slide_01.png: Copied (new)
2026/08/09 05:43:10 INFO  : public/downloads/CMB_tese_final.pptx: Copied (new)
2026/08/09 05:43:11 INFO  : public/slides/parte_4/r2/slide_03.png: Copied (new)
2026/08/09 05:43:11 INFO  : public/slides/parte_4/r2/slide_02.png: Copied (new)
2026/08/09 05:43:12 INFO  : public/slides/parte_4/r2/slide_05.png: Copied (new)
2026/08/09 05:43:12 INFO  : public/slides/parte_4/r2/slide_04.png: Copied (new)
2026/08/09 05:43:12 INFO  : public/downloads/Casa_da_Moeda_Controle_Logistico_Nacional (1).pptx: Copied (new)
2026/08/09 05:43:12 INFO  : public/slides/parte_4/r2/slide_08.png: Copied (new)
2026/08/09 05:43:12 INFO  : public/slides/parte_4/r2/slide_06.png: Copied (new)
2026/08/09 05:43:12 INFO  : public/slides/parte_4/r2/slide_07.png: Copied (new)
2026/08/09 05:43:13 INFO  : public/slides/parte_4/r2/slide_09.png: Copied (new)
2026/08/09 05:43:13 INFO  : public/slides/parte_4/r2/slide_11.png: Copied (new)
2026/08/09 05:43:13 INFO  : public/slides/parte_4/r2/slide_10.png: Copied (new)
2026/08/09 05:43:13 INFO  : public/slides/parte_4/r2/slide_12.png: Copied (new)
2026/08/09 05:43:13 INFO  : public/slides/parte_4/r2/slide_13.png: Copied (new)
2026/08/09 05:43:13 INFO  : public/slides/parte_4/r2/slide_14.png: Copied (new)
2026/08/09 05:43:13 INFO  : public/slides/parte_4/r2/slide_16.png: Copied (new)
2026/08/09 05:43:14 INFO  : public/slides/parte_4/r2/slide_17.png: Copied (new)
2026/08/09 05:43:14 INFO  : public/slides/parte_4/r2/slide_18.png: Copied (new)
2026/08/09 05:43:14 INFO  : public/slides/parte_4/r2/slide_15.png: Copied (new)
2026/08/09 05:43:14 INFO  : public/slides/parte_4/r2/slide_19.png: Copied (new)
2026/08/09 05:43:14 INFO  : public/slides/parte_4/r2/slide_20.png: Copied (new)
2026/08/09 05:43:15 INFO  : public/slides/parte_6/r2/slide_01.png: Copied (new)
2026/08/09 05:43:15 INFO  : public/slides/parte_6/r2/slide_02.png: Copied (new)
2026/08/09 05:43:15 INFO  : public/slides/parte_6/r2/slide_03.png: Copied (new)
2026/08/09 05:43:15 INFO  : public/slides/parte_6/r2/slide_04.png: Copied (new)
2026/08/09 05:43:15 INFO  : public/slides/parte_6/r3/slide_02.png: Copied (new)
2026/08/09 05:43:15 INFO  : public/slides/parte_6/r3/slide_03.png: Copied (new)
2026/08/09 05:43:16 INFO  : public/slides/parte_6/r3/slide_01.png: Copied (new)
2026/08/09 05:43:16 INFO  : public/slides/parte_6/r3/slide_05.png: Copied (new)
2026/08/09 05:43:16 INFO  : public/slides/parte_6/r3/slide_04.png: Copied (new)
2026/08/09 05:43:16 INFO  : public/slides/parte_6/r3/slide_07.png: Copied (new)
2026/08/09 05:43:16 INFO  : public/downloads/Casa_da_Moeda_Controle_Logistico_Nacional.pptx: Copied (new)
2026/08/09 05:43:16 INFO  : public/slides/parte_6/r3/slide_06.png: Copied (new)
2026/08/09 05:43:17 INFO  : public/downloads/CLEC-CMB_v4.0_Controle_Logistico_Nacional.pptx: Copied (new)
2026/08/09 05:43:17 INFO  : public/slides/parte_6/r3/slide_09.png: Copied (new)
2026/08/09 05:43:17 INFO  : public/slides/parte_6/r3/slide_10.png: Copied (new)
2026/08/09 05:43:17 INFO  : public/slides/parte_6/r3/slide_11.png: Copied (new)
2026/08/09 05:43:17 INFO  : public/slides/parte_6/r3/slide_12.png: Copied (new)
2026/08/09 05:43:17 INFO  : public/slides/parte_6/r3/slide_08.png: Copied (new)
2026/08/09 05:43:17 INFO  : public/slides/parte_6/r3/slide_14.png: Copied (new)
2026/08/09 05:43:17 INFO  : public/downloads/O_Futuro_do_Brasil_Controle_Logistico_Nacional v7.pptx.pdf: Copied (new)
2026/08/09 05:43:17 INFO  : public/downloads/Casa_da_Moeda_Controle_Logistico_Nacional_v4.pptx: Copied (new)
2026/08/09 05:43:17 INFO  : public/slides/parte_6/r3/slide_16.png: Copied (new)
2026/08/09 05:43:17 INFO  : public/slides/parte_6/r3/slide_15.png: Copied (new)
2026/08/09 05:43:17 INFO  : public/slides/parte_6/r3/slide_13.png: Copied (new)
2026/08/09 05:43:17 INFO  : public/slides/parte_6/r3/slide_18.png: Copied (new)
2026/08/09 05:43:18 INFO  : public/slides/parte_6/r3/slide_20.png: Copied (new)
2026/08/09 05:43:18 INFO  : public/downloads/O_Futuro_do_Brasil_Controle_Logistico_Nacional v6.pptx: Copied (new)
2026/08/09 05:43:18 INFO  : public/slides/parte_6/r3/slide_21.png: Copied (new)
2026/08/09 05:43:18 INFO  : public/slides/parte_6/r3/slide_17.png: Copied (new)
2026/08/09 05:43:18 INFO  : public/slides/parte_6/r3/slide_24.png: Copied (new)
2026/08/09 05:43:18 INFO  : public/slides/parte_6/r3/slide_25.png: Copied (new)
2026/08/09 05:43:18 INFO  : public/slides/parte_6/r3/slide_22.png: Copied (new)
2026/08/09 05:43:18 INFO  : public/slides/parte_6/r3/slide_27.png: Copied (new)
2026/08/09 05:43:18 INFO  : public/slides/parte_6/r3/slide_23.png: Copied (new)
2026/08/09 05:43:18 INFO  : public/slides/parte_6/r3/slide_29.png: Copied (new)
2026/08/09 05:43:18 INFO  : public/slides/parte_6/r3/slide_26.png: Copied (new)
2026/08/09 05:43:18 INFO  : public/slides/parte_6/r3/slide_31.png: Copied (new)
2026/08/09 05:43:18 INFO  : public/slides/parte_6/r3/slide_32.png: Copied (new)
2026/08/09 05:43:18 INFO  : public/slides/parte_6/r3/slide_30.png: Copied (new)
2026/08/09 05:43:18 INFO  : public/slides/parte_6/r3/slide_19.png: Copied (new)
2026/08/09 05:43:18 INFO  : public/slides/parte_6/r3/slide_28.png: Copied (new)
2026/08/09 05:43:18 INFO  : public/slides/parte_6/r2/slide_05.png: Copied (new)
2026/08/09 05:43:18 INFO  : public/slides/parte_6/r2/slide_06.png: Copied (new)
2026/08/09 05:43:18 INFO  : public/slides/parte_6/r2/slide_07.png: Copied (new)
2026/08/09 05:43:18 INFO  : public/slides/parte_6/r2/slide_09.png: Copied (new)
2026/08/09 05:43:19 INFO  : public/slides/parte_6/r2/slide_10.png: Copied (new)
2026/08/09 05:43:19 INFO  : public/slides/parte_6/r2/slide_13.png: Copied (new)
2026/08/09 05:43:19 INFO  : public/slides/parte_6/r2/slide_08.png: Copied (new)
2026/08/09 05:43:19 INFO  : public/slides/parte_6/r2/slide_14.png: Copied (new)
2026/08/09 05:43:19 INFO  : public/slides/parte_6/r2/slide_16.png: Copied (new)
2026/08/09 05:43:19 INFO  : public/slides/parte_6/r2/slide_11.png: Copied (new)
2026/08/09 05:43:19 INFO  : public/slides/parte_6/r2/slide_15.png: Copied (new)
2026/08/09 05:43:19 INFO  : public/slides/parte_6/r2/slide_17.png: Copied (new)
2026/08/09 05:43:19 INFO  : public/slides/parte_6/r2/slide_19.png: Copied (new)
2026/08/09 05:43:19 INFO  : public/slides/parte_6/r2/slide_20.png: Copied (new)
2026/08/09 05:43:19 INFO  : public/slides/parte_6/r2/slide_12.png: Copied (new)
2026/08/09 05:43:19 INFO  : public/slides/parte_6/r2/slide_21.png: Copied (new)
2026/08/09 05:43:19 INFO  : public/slides/parte_6/r2/slide_18.png: Copied (new)
2026/08/09 05:43:19 INFO  : public/slides/parte_6/r3/slide_33.png: Copied (new)
2026/08/09 05:43:19 INFO  : public/slides/parte_6/r2/slide_23.png: Copied (new)
2026/08/09 05:43:19 INFO  : public/slides/parte_6/r2/slide_22.png: Copied (new)
2026/08/09 05:43:19 INFO  : public/slides/parte_6/r3/slide_34.png: Copied (new)
2026/08/09 05:43:19 INFO  : public/slides/parte_2/r1/slide_01.png: Copied (new)
2026/08/09 05:43:19 INFO  : public/slides/parte_6/r3/slide_36.png: Copied (new)
2026/08/09 05:43:19 INFO  : public/slides/parte_6/r3/slide_35.png: Copied (new)
2026/08/09 05:43:19 INFO  : public/slides/parte_2/r1/slide_02.png: Copied (new)
2026/08/09 05:43:19 INFO  : public/slides/parte_6/r3/slide_37.png: Copied (new)
2026/08/09 05:43:19 INFO  : public/slides/parte_2/r1/slide_03.png: Copied (new)
2026/08/09 05:43:20 INFO  : public/slides/parte_6/r3/slide_38.png: Copied (new)
2026/08/09 05:43:20 INFO  : public/slides/parte_6/r3/slide_39.png: Copied (new)
2026/08/09 05:43:20 INFO  : public/slides/parte_2/r1/slide_05.png: Copied (new)
2026/08/09 05:43:20 INFO  : public/slides/parte_6/r3/slide_40.png: Copied (new)
2026/08/09 05:43:20 INFO  : public/slides/parte_2/r1/slide_06.png: Copied (new)
2026/08/09 05:43:20 INFO  : public/slides/parte_2/r1/slide_07.png: Copied (new)
2026/08/09 05:43:20 INFO  : public/slides/parte_2/r1/slide_04.png: Copied (new)
2026/08/09 05:43:20 INFO  : public/slides/parte_2/r1/slide_08.png: Copied (new)
2026/08/09 05:43:20 INFO  : public/slides/parte_6/r3/slide_43.png: Copied (new)
2026/08/09 05:43:20 INFO  : public/slides/parte_6/r3/slide_41.png: Copied (new)
2026/08/09 05:43:20 INFO  : public/slides/parte_2/r1/slide_10.png: Copied (new)
2026/08/09 05:43:20 INFO  : public/slides/parte_6/r3/slide_44.png: Copied (new)
2026/08/09 05:43:20 INFO  : public/slides/parte_2/r1/slide_11.png: Copied (new)
2026/08/09 05:43:20 INFO  : public/slides/parte_6/r3/slide_42.png: Copied (new)
2026/08/09 05:43:20 INFO  : public/slides/parte_6/r2/slide_24.png: Copied (new)
2026/08/09 05:43:20 INFO  : public/slides/parte_2/r1/slide_09.png: Copied (new)
2026/08/09 05:43:20 INFO  : public/slides/parte_2/r1/slide_12.png: Copied (new)
2026/08/09 05:43:20 INFO  : public/slides/parte_6/r3/slide_45.png: Copied (new)
2026/08/09 05:43:20 INFO  : public/slides/parte_6/r2/slide_25.png: Copied (new)
2026/08/09 05:43:20 INFO  : public/slides/parte_2/r1/slide_13.png: Copied (new)
2026/08/09 05:43:20 INFO  : public/slides/parte_6/r2/slide_26.png: Copied (new)
2026/08/09 05:43:20 INFO  : public/slides/parte_6/r2/slide_27.png: Copied (new)
2026/08/09 05:43:20 INFO  : public/slides/parte_2/r1/slide_15.png: Copied (new)
2026/08/09 05:43:21 INFO  : public/slides/parte_6/r2/slide_28.png: Copied (new)
2026/08/09 05:43:21 INFO  : public/slides/parte_2/r1/slide_16.png: Copied (new)
2026/08/09 05:43:21 INFO  : public/slides/parte_6/r2/slide_29.png: Copied (new)
2026/08/09 05:43:21 INFO  : public/slides/parte_2/r1/slide_17.png: Copied (new)
2026/08/09 05:43:21 INFO  : public/slides/parte_2/r1/slide_14.png: Copied (new)
2026/08/09 05:43:21 INFO  : public/slides/parte_2/r1/slide_18.png: Copied (new)
2026/08/09 05:43:21 INFO  : public/slides/parte_2/r1/slide_19.png: Copied (new)
2026/08/09 05:43:21 INFO  : public/slides/parte_6/r2/slide_30.png: Copied (new)
2026/08/09 05:43:21 INFO  : public/slides/parte_6/r2/slide_31.png: Copied (new)
2026/08/09 05:43:21 INFO  : public/slides/parte_6/r2/slide_32.png: Copied (new)
2026/08/09 05:43:21 INFO  : public/slides/parte_6/r2/slide_33.png: Copied (new)
2026/08/09 05:43:21 INFO  : public/slides/parte_6/r2/slide_35.png: Copied (new)
2026/08/09 05:43:21 INFO  : public/slides/parte_2/r1/slide_21.png: Copied (new)
2026/08/09 05:43:21 INFO  : public/slides/parte_2/r1/slide_20.png: Copied (new)
2026/08/09 05:43:21 INFO  : public/slides/parte_6/r2/slide_34.png: Copied (new)
2026/08/09 05:43:21 INFO  : public/slides/parte_6/r2/slide_36.png: Copied (new)
2026/08/09 05:43:21 INFO  : public/slides/parte_6/r2/slide_37.png: Copied (new)
2026/08/09 05:43:21 INFO  : public/slides/parte_6/r2/slide_38.png: Copied (new)
2026/08/09 05:43:21 INFO  : public/slides/parte_6/r2/slide_40.png: Copied (new)
2026/08/09 05:43:21 INFO  : public/slides/parte_6/r2/slide_41.png: Copied (new)
2026/08/09 05:43:21 INFO  : public/slides/parte_6/r2/slide_39.png: Copied (new)
2026/08/09 05:43:21 INFO  : public/slides/parte_6/r2/slide_42.png: Copied (new)
2026/08/09 05:43:22 INFO  : public/slides/parte_6/r2/slide_44.png: Copied (new)
2026/08/09 05:43:22 INFO  : public/slides/parte_6/r2/slide_43.png: Copied (new)
2026/08/09 05:43:22 INFO  : public/slides/parte_6/r1/slide_01.png: Copied (new)
2026/08/09 05:43:22 INFO  : public/slides/parte_6/r1/slide_02.png: Copied (new)
2026/08/09 05:43:22 INFO  : public/slides/parte_6/r1/slide_05.png: Copied (new)
2026/08/09 05:43:22 INFO  : public/slides/parte_6/r2/slide_45.png: Copied (new)
2026/08/09 05:43:22 INFO  : public/slides/parte_6/r1/slide_06.png: Copied (new)
2026/08/09 05:43:22 INFO  : public/slides/parte_6/r1/slide_04.png: Copied (new)
2026/08/09 05:43:22 INFO  : public/slides/parte_6/r1/slide_07.png: Copied (new)
2026/08/09 05:43:22 INFO  : public/slides/parte_6/r1/slide_09.png: Copied (new)
2026/08/09 05:43:22 INFO  : public/slides/parte_6/r1/slide_08.png: Copied (new)
2026/08/09 05:43:22 INFO  : public/slides/parte_6/r1/slide_03.png: Copied (new)
2026/08/09 05:43:22 INFO  : public/slides/parte_6/r1/slide_11.png: Copied (new)
2026/08/09 05:43:22 INFO  : public/slides/parte_6/r1/slide_10.png: Copied (new)
2026/08/09 05:43:22 INFO  : public/slides/parte_6/r1/slide_12.png: Copied (new)
2026/08/09 05:43:22 INFO  : public/slides/parte_6/r1/slide_13.png: Copied (new)
2026/08/09 05:43:22 INFO  : public/slides/parte_6/r1/slide_14.png: Copied (new)
2026/08/09 05:43:22 INFO  : public/slides/parte_6/r1/slide_15.png: Copied (new)
2026/08/09 05:43:22 INFO  : public/slides/parte_6/r1/slide_16.png: Copied (new)
2026/08/09 05:43:22 INFO  : public/slides/parte_6/r1/slide_18.png: Copied (new)
2026/08/09 05:43:23 INFO  : public/slides/parte_6/r1/slide_19.png: Copied (new)
2026/08/09 05:43:23 INFO  : public/slides/parte_6/r1/slide_20.png: Copied (new)
2026/08/09 05:43:23 INFO  : public/slides/parte_6/r1/slide_22.png: Copied (new)
2026/08/09 05:43:23 INFO  : public/slides/parte_6/r1/slide_23.png: Copied (new)
2026/08/09 05:43:23 INFO  : public/slides/parte_6/r1/slide_24.png: Copied (new)
2026/08/09 05:43:23 INFO  : public/slides/parte_6/r1/slide_17.png: Copied (new)
2026/08/09 05:43:23 INFO  : public/slides/parte_6/r1/slide_25.png: Copied (new)
2026/08/09 05:43:23 INFO  : public/slides/parte_6/r1/slide_21.png: Copied (new)
2026/08/09 05:43:23 INFO  : public/slides/parte_6/r1/slide_27.png: Copied (new)
2026/08/09 05:43:23 INFO  : public/slides/parte_6/r1/slide_28.png: Copied (new)
2026/08/09 05:43:23 INFO  : public/slides/parte_6/r1/slide_29.png: Copied (new)
2026/08/09 05:43:23 INFO  : public/slides/parte_6/r1/slide_32.png: Copied (new)
2026/08/09 05:43:23 INFO  : public/slides/parte_6/r1/slide_26.png: Copied (new)
2026/08/09 05:43:23 INFO  : public/slides/parte_6/r1/slide_30.png: Copied (new)
2026/08/09 05:43:23 INFO  : public/slides/parte_6/r1/slide_33.png: Copied (new)
2026/08/09 05:43:23 INFO  : public/slides/parte_6/r1/slide_34.png: Copied (new)
2026/08/09 05:43:23 INFO  : public/slides/parte_6/r1/slide_35.png: Copied (new)
2026/08/09 05:43:23 INFO  : public/slides/parte_6/r1/slide_36.png: Copied (new)
2026/08/09 05:43:23 INFO  : public/slides/parte_6/r1/slide_37.png: Copied (new)
2026/08/09 05:43:24 INFO  : public/slides/parte_6/r1/slide_31.png: Copied (new)
2026/08/09 05:43:24 INFO  : public/slides/parte_6/r1/slide_39.png: Copied (new)
2026/08/09 05:43:24 INFO  : public/slides/parte_6/r1/slide_41.png: Copied (new)
2026/08/09 05:43:24 INFO  : public/slides/parte_6/r1/slide_40.png: Copied (new)
2026/08/09 05:43:24 INFO  : public/slides/parte_6/r1/slide_42.png: Copied (new)
2026/08/09 05:43:24 INFO  : public/slides/parte_6/r1/slide_43.png: Copied (new)
2026/08/09 05:43:24 INFO  : public/slides/parte_6/r1/slide_38.png: Copied (new)
2026/08/09 05:43:24 INFO  : public/slides/parte_6/r1/slide_44.png: Copied (new)
2026/08/09 05:43:24 INFO  : public/slides/parte_2/r2/slide_02.png: Copied (new)
2026/08/09 05:43:24 INFO  : public/slides/parte_2/r2/slide_07.png: Copied (new)
2026/08/09 05:43:24 INFO  : public/slides/parte_6/r1/slide_45.png: Copied (new)
2026/08/09 05:43:24 INFO  : public/slides/parte_2/r2/slide_08.png: Copied (new)
2026/08/09 05:43:24 INFO  : public/slides/parte_2/r2/slide_04.png: Copied (new)
2026/08/09 05:43:24 INFO  : public/slides/parte_2/r2/slide_01.png: Copied (new)
2026/08/09 05:43:24 INFO  : public/slides/parte_2/r2/slide_03.png: Copied (new)
2026/08/09 05:43:24 INFO  : public/slides/parte_2/r2/slide_05.png: Copied (new)
2026/08/09 05:43:24 INFO  : public/slides/parte_2/r2/slide_09.png: Copied (new)
2026/08/09 05:43:24 INFO  : public/slides/parte_2/r2/slide_11.png: Copied (new)
2026/08/09 05:43:24 INFO  : public/slides/parte_2/r2/slide_12.png: Copied (new)
2026/08/09 05:43:24 INFO  : public/slides/parte_2/r2/slide_10.png: Copied (new)
2026/08/09 05:43:24 INFO  : public/slides/parte_2/r2/slide_06.png: Copied (new)
2026/08/09 05:43:24 INFO  : public/slides/parte_2/r2/slide_14.png: Copied (new)
2026/08/09 05:43:24 INFO  : public/slides/parte_2/r2/slide_15.png: Copied (new)
2026/08/09 05:43:25 INFO  : public/slides/parte_2/r2/slide_17.png: Copied (new)
2026/08/09 05:43:25 INFO  : public/slides/parte_2/r2/slide_16.png: Copied (new)
2026/08/09 05:43:25 INFO  : public/slides/parte_2/r2/slide_18.png: Copied (new)
2026/08/09 05:43:25 INFO  : public/slides/parte_2/r2/slide_20.png: Copied (new)
2026/08/09 05:43:25 INFO  : public/slides/parte_2/r2/slide_21.png: Copied (new)
2026/08/09 05:43:25 INFO  : public/slides/parte_2/r2/slide_22.png: Copied (new)
2026/08/09 05:43:25 INFO  : public/slides/parte_2/r2/slide_23.png: Copied (new)
2026/08/09 05:43:25 INFO  : public/slides/parte_2/r2/slide_13.png: Copied (new)
2026/08/09 05:43:25 INFO  : public/slides/parte_2/r2/slide_24.png: Copied (new)
2026/08/09 05:43:25 INFO  : public/slides/parte_2/r2/slide_28.png: Copied (new)
2026/08/09 05:43:25 INFO  : public/slides/parte_2/r2/slide_27.png: Copied (new)
2026/08/09 05:43:25 INFO  : public/slides/parte_2/r2/slide_26.png: Copied (new)
2026/08/09 05:43:25 INFO  : public/slides/parte_2/r2/slide_29.png: Copied (new)
2026/08/09 05:43:25 INFO  : public/slides/parte_2/r2/slide_25.png: Copied (new)
2026/08/09 05:43:25 INFO  : public/slides/parte_4/r1/slide_02.png: Copied (new)
2026/08/09 05:43:25 INFO  : public/slides/parte_2/r2/slide_30.png: Copied (new)
2026/08/09 05:43:25 INFO  : public/slides/parte_2/r2/slide_19.png: Copied (new)
2026/08/09 05:43:25 INFO  : public/slides/parte_4/r1/slide_03.png: Copied (new)
2026/08/09 05:43:25 INFO  : public/slides/parte_4/r1/slide_04.png: Copied (new)
2026/08/09 05:43:25 INFO  : public/slides/parte_4/r1/slide_05.png: Copied (new)
2026/08/09 05:43:25 INFO  : public/slides/parte_4/r1/slide_06.png: Copied (new)
2026/08/09 05:43:25 INFO  : public/slides/parte_4/r1/slide_07.png: Copied (new)
2026/08/09 05:43:25 INFO  : public/slides/parte_4/r1/slide_01.png: Copied (new)
2026/08/09 05:43:25 INFO  : public/slides/parte_2/r2/slide_32.png: Copied (new)
2026/08/09 05:43:25 INFO  : public/slides/parte_4/r1/slide_09.png: Copied (new)
2026/08/09 05:43:25 INFO  : public/slides/parte_4/r1/slide_10.png: Copied (new)
2026/08/09 05:43:25 INFO  : public/slides/parte_4/r1/slide_11.png: Copied (new)
2026/08/09 05:43:26 INFO  : public/slides/parte_2/r2/slide_31.png: Copied (new)
2026/08/09 05:43:26 INFO  : public/slides/parte_4/r1/slide_08.png: Copied (new)
2026/08/09 05:43:26 INFO  : public/slides/parte_2/r2/slide_33.png: Copied (new)
2026/08/09 05:43:26 INFO  : public/slides/parte_4/r1/slide_13.png: Copied (new)
2026/08/09 05:43:26 INFO  : public/slides/parte_4/r1/slide_14.png: Copied (new)
2026/08/09 05:43:26 INFO  : public/slides/parte_2/r2/slide_34.png: Copied (new)
2026/08/09 05:43:26 INFO  : public/slides/parte_4/r1/slide_15.png: Copied (new)
2026/08/09 05:43:26 INFO  : public/slides/parte_4/r1/slide_12.png: Copied (new)
2026/08/09 05:43:26 INFO  : public/slides/parte_4/r1/slide_18.png: Copied (new)
2026/08/09 05:43:26 INFO  : public/slides/parte_4/r1/slide_19.png: Copied (new)
2026/08/09 05:43:26 INFO  : public/slides/parte_2/r2/slide_35.png: Copied (new)
2026/08/09 05:43:26 INFO  : public/slides/parte_4/r1/slide_17.png: Copied (new)
2026/08/09 05:43:26 INFO  : public/slides/parte_2/r2/slide_36.png: Copied (new)
2026/08/09 05:43:26 INFO  : public/slides/parte_2/r2/slide_37.png: Copied (new)
2026/08/09 05:43:26 INFO  : public/slides/parte_4/r1/slide_16.png: Copied (new)
2026/08/09 05:43:26 INFO  : public/slides/parte_2/r2/slide_38.png: Copied (new)
2026/08/09 05:43:26 INFO  : public/slides/parte_2/r2/slide_39.png: Copied (new)
2026/08/09 05:43:26 INFO  : public/slides/parte_2/r2/slide_40.png: Copied (new)
2026/08/09 05:43:26 INFO  : public/slides/parte_2/r2/slide_42.png: Copied (new)
2026/08/09 05:43:26 INFO  : public/slides/parte_2/r2/slide_43.png: Copied (new)
2026/08/09 05:43:26 INFO  : public/slides/parte_2/r2/slide_44.png: Copied (new)
2026/08/09 05:43:26 INFO  : public/slides/parte_2/r2/slide_45.png: Copied (new)
2026/08/09 05:43:26 INFO  : public/slides/parte_4/r3/slide_02.png: Copied (new)
2026/08/09 05:43:26 INFO  : public/slides/parte_4/r3/slide_01.png: Copied (new)
2026/08/09 05:43:26 INFO  : public/slides/parte_4/r3/slide_03.png: Copied (new)
2026/08/09 05:43:26 INFO  : public/slides/parte_4/r3/slide_04.png: Copied (new)
2026/08/09 05:43:27 INFO  : public/slides/parte_4/r3/slide_06.png: Copied (new)
2026/08/09 05:43:27 INFO  : public/slides/parte_4/r3/slide_05.png: Copied (new)
2026/08/09 05:43:27 INFO  : public/slides/parte_2/r2/slide_41.png: Copied (new)
2026/08/09 05:43:27 INFO  : public/slides/parte_4/r3/slide_08.png: Copied (new)
2026/08/09 05:43:27 INFO  : public/slides/parte_4/r3/slide_07.png: Copied (new)
2026/08/09 05:43:27 INFO  : public/slides/parte_4/r3/slide_10.png: Copied (new)
2026/08/09 05:43:27 INFO  : public/slides/parte_4/r3/slide_09.png: Copied (new)
2026/08/09 05:43:27 INFO  : public/slides/parte_4/r3/slide_11.png: Copied (new)
2026/08/09 05:43:27 INFO  : public/slides/parte_4/r3/slide_12.png: Copied (new)
2026/08/09 05:43:27 INFO  : public/slides/parte_4/r3/slide_13.png: Copied (new)
2026/08/09 05:43:27 INFO  : public/slides/parte_4/r3/slide_15.png: Copied (new)
2026/08/09 05:43:27 INFO  : public/slides/parte_4/r3/slide_17.png: Copied (new)
2026/08/09 05:43:27 INFO  : public/slides/parte_4/r3/slide_18.png: Copied (new)
2026/08/09 05:43:27 INFO  : public/slides/parte_4/r3/slide_19.png: Copied (new)
2026/08/09 05:43:27 INFO  : public/slides/parte_4/r3/slide_20.png: Copied (new)
2026/08/09 05:43:27 INFO  : public/slides/parte_4/r3/slide_14.png: Copied (new)
2026/08/09 05:43:27 INFO  : public/slides/parte_2/r3/slide_01.png: Copied (new)
2026/08/09 05:43:27 INFO  : public/slides/parte_2/r3/slide_02.png: Copied (new)
2026/08/09 05:43:27 INFO  : public/slides/parte_4/r3/slide_16.png: Copied (new)
2026/08/09 05:43:27 INFO  : public/slides/parte_2/r3/slide_03.png: Copied (new)
2026/08/09 05:43:27 INFO  : public/slides/parte_2/r3/slide_05.png: Copied (new)
2026/08/09 05:43:27 INFO  : public/slides/parte_2/r3/slide_06.png: Copied (new)
2026/08/09 05:43:28 INFO  : public/slides/parte_2/r3/slide_08.png: Copied (new)
2026/08/09 05:43:28 INFO  : public/slides/parte_2/r3/slide_09.png: Copied (new)
2026/08/09 05:43:28 INFO  : public/slides/parte_2/r3/slide_07.png: Copied (new)
2026/08/09 05:43:28 INFO  : public/slides/parte_2/r3/slide_11.png: Copied (new)
2026/08/09 05:43:28 INFO  : public/slides/parte_2/r3/slide_04.png: Copied (new)
2026/08/09 05:43:28 INFO  : public/slides/parte_2/r3/slide_12.png: Copied (new)
2026/08/09 05:43:28 INFO  : public/slides/parte_2/r3/slide_13.png: Copied (new)
2026/08/09 05:43:28 INFO  : public/slides/parte_2/r3/slide_10.png: Copied (new)
2026/08/09 05:43:28 INFO  : public/slides/parte_2/r3/slide_14.png: Copied (new)
2026/08/09 05:43:28 INFO  : public/slides/parte_2/r3/slide_16.png: Copied (new)
2026/08/09 05:43:28 INFO  : public/slides/parte_2/r3/slide_17.png: Copied (new)
2026/08/09 05:43:28 INFO  : public/slides/parte_2/r3/slide_15.png: Copied (new)
2026/08/09 05:43:28 INFO  : public/slides/parte_2/r3/slide_19.png: Copied (new)
2026/08/09 05:43:28 INFO  : public/slides/parte_2/r3/slide_20.png: Copied (new)
2026/08/09 05:43:28 INFO  : public/slides/parte_2/r3/slide_18.png: Copied (new)
2026/08/09 05:43:28 INFO  : public/slides/parte_2/r3/slide_22.png: Copied (new)
2026/08/09 05:43:28 INFO  : public/slides/parte_2/r3/slide_23.png: Copied (new)
2026/08/09 05:43:28 INFO  : public/slides/parte_2/r3/slide_24.png: Copied (new)
2026/08/09 05:43:28 INFO  : public/slides/parte_2/r3/slide_26.png: Copied (new)
2026/08/09 05:43:28 INFO  : public/slides/parte_2/r3/slide_27.png: Copied (new)
2026/08/09 05:43:28 INFO  : public/slides/parte_2/r3/slide_25.png: Copied (new)
2026/08/09 05:43:28 INFO  : public/slides/parte_2/r3/slide_21.png: Copied (new)
2026/08/09 05:43:29 INFO  : public/slides/parte_2/r3/slide_29.png: Copied (new)
2026/08/09 05:43:29 INFO  : public/slides/parte_2/r3/slide_30.png: Copied (new)
2026/08/09 05:43:29 INFO  : public/slides/parte_2/r3/slide_31.png: Copied (new)
2026/08/09 05:43:29 INFO  : public/slides/parte_2/r3/slide_33.png: Copied (new)
2026/08/09 05:43:29 INFO  : public/slides/parte_2/r3/slide_34.png: Copied (new)
2026/08/09 05:43:29 INFO  : public/slides/parte_2/r3/slide_28.png: Copied (new)
2026/08/09 05:43:29 INFO  : public/slides/parte_2/r3/slide_36.png: Copied (new)
2026/08/09 05:43:29 INFO  : public/slides/parte_2/r3/slide_37.png: Copied (new)
2026/08/09 05:43:29 INFO  : public/slides/parte_2/r3/slide_38.png: Copied (new)
2026/08/09 05:43:29 INFO  : public/slides/parte_2/r3/slide_40.png: Copied (new)
2026/08/09 05:43:29 INFO  : public/slides/parte_2/r3/slide_39.png: Copied (new)
2026/08/09 05:43:29 INFO  : public/slides/parte_2/r3/slide_35.png: Copied (new)
2026/08/09 05:43:29 INFO  : public/slides/parte_2/r3/slide_42.png: Copied (new)
2026/08/09 05:43:29 INFO  : public/slides/parte_2/r3/slide_43.png: Copied (new)
2026/08/09 05:43:29 INFO  : public/slides/parte_2/r3/slide_32.png: Copied (new)
2026/08/09 05:43:29 INFO  : public/slides/parte_2/r3/slide_41.png: Copied (new)
2026/08/09 05:43:29 INFO  : public/slides/parte_2/r3/slide_44.png: Copied (new)
2026/08/09 05:43:29 INFO  :    74.833 MiB / 74.833 MiB, 100%, 3.311 MiB/s, ETA 0s
2026/08/09 05:44:07 INFO  : casadamoeda_backup_20260729.tar.gz: Copied (new)
2026/08/09 05:44:07 INFO  :   129.954 MiB / 129.954 MiB, 100%, 3.634 MiB/s, ETA 0s
