2026/08/09 08:53:42 NOTICE: Backups/limpeza_comunicacao_reforma_v4_20260717_131257/inbox_trindade_antes/antigravity_desktop.md: Can't follow symlink without -L/--copy-links
2026/08/09 08:53:42 NOTICE: Backups/rotacao_trindade_v4_20260718_220604/projeto/inbox_trindade/pesquisas_tse_2026_tabela.csv: Can't follow symlink without -L/--copy-links
2026/08/09 08:53:42 NOTICE: Backups/rotacao_trindade_v4_20260718_220604/projeto/inbox_trindade/pesquisas_tse_2026_detalhes.json: Can't follow symlink without -L/--copy-links
2026/08/09 08:53:42 NOTICE: Backups/rotacao_trindade_v4_20260718_220604/projeto/inbox_trindade/pesqele_results_html.txt: Can't follow symlink without -L/--copy-links
2026/08/09 08:53:42 NOTICE: Backups/rotacao_trindade_v4_20260718_220604/projeto/inbox_trindade/publicar_pagina_direitos.py: Can't follow symlink without -L/--copy-links
2026/08/09 08:53:42 NOTICE: Backups/rotacao_trindade_v4_20260718_220604/projeto/inbox_trindade/test_quaest.js: Can't follow symlink without -L/--copy-links
2026/08/09 08:53:42 NOTICE: Backups/rotacao_trindade_v4_20260718_220604/projeto/inbox_trindade/pesquisas_tse_2026_todas_br.json: Can't follow symlink without -L/--copy-links
2026/08/09 08:53:42 NOTICE: Backups/rotacao_trindade_v4_20260718_220604/projeto/inbox_trindade/scraper_tse6.js: Can't follow symlink without -L/--copy-links
2026/08/09 08:53:42 NOTICE: Backups/rotacao_trindade_v4_20260718_220604/projeto/inbox_trindade/scraper_tse_custos.js: Can't follow symlink without -L/--copy-links
2026/08/09 08:53:42 NOTICE: Backups/rotacao_trindade_v4_20260718_220604/projeto/inbox_trindade/apresentacao_eidas.pdf: Can't follow symlink without -L/--copy-links
2026/08/09 08:53:42 NOTICE: Backups/rotacao_trindade_v4_20260718_220604/projeto/inbox_trindade/qwen_coding.md: Can't follow symlink without -L/--copy-links
2026/08/09 08:53:42 NOTICE: Backups/rotacao_trindade_v4_20260718_220604/projeto/inbox_trindade/pesqele_search_html.txt: Can't follow symlink without -L/--copy-links
2026/08/09 08:53:42 NOTICE: Backups/rotacao_trindade_v4_20260718_220604/projeto/inbox_trindade/pesqele_search_body.txt: Can't follow symlink without -L/--copy-links
2026/08/09 08:53:42 NOTICE: Backups/rotacao_trindade_v4_20260718_220604/projeto/inbox_trindade/scraper_tse_form.js: Can't follow symlink without -L/--copy-links
2026/08/09 08:53:42 NOTICE: Backups/rotacao_trindade_v4_20260718_220604/projeto/inbox_trindade/scraper_tse2.js: Can't follow symlink without -L/--copy-links
2026/08/09 08:53:42 NOTICE: Backups/rotacao_trindade_v4_20260718_220604/projeto/inbox_trindade/ming.md: Can't follow symlink without -L/--copy-links
2026/08/09 08:53:42 NOTICE: Backups/rotacao_trindade_v4_20260718_220604/projeto/inbox_trindade/pesquisas_tse_2026_processadas.json: Can't follow symlink without -L/--copy-links
2026/08/09 08:53:42 NOTICE: Backups/rotacao_trindade_v4_20260718_220604/projeto/inbox_trindade/resumo_pesquisas.json: Can't follow symlink without -L/--copy-links
2026/08/09 08:53:42 NOTICE: Backups/rotacao_trindade_v4_20260718_220604/projeto/inbox_trindade/pedido_ponto_de_retomada_20260628.md: Can't follow symlink without -L/--copy-links
2026/08/09 08:53:42 NOTICE: Backups/rotacao_trindade_v4_20260718_220604/projeto/inbox_trindade/scraper_tse_modals2.js: Can't follow symlink without -L/--copy-links
2026/08/09 08:53:42 NOTICE: Backups/rotacao_trindade_v4_20260718_220604/projeto/inbox_trindade/scraper_tse_todas_br.js: Can't follow symlink without -L/--copy-links
2026/08/09 08:53:42 NOTICE: Backups/rotacao_trindade_v4_20260718_220604/projeto/inbox_trindade/detalhar_page_html.txt: Can't follow symlink without -L/--copy-links
2026/08/09 08:53:42 NOTICE: Backups/rotacao_trindade_v4_20260718_220604/projeto/inbox_trindade/pesquisas_tse_2026.json: Can't follow symlink without -L/--copy-links
2026/08/09 08:53:42 NOTICE: Backups/rotacao_trindade_v4_20260718_220604/projeto/inbox_trindade/package.json: Can't follow symlink without -L/--copy-links
2026/08/09 08:53:42 NOTICE: Backups/rotacao_trindade_v4_20260718_220604/projeto/inbox_trindade/analise_ipca15_junho2026.md: Can't follow symlink without -L/--copy-links
2026/08/09 08:53:42 NOTICE: Backups/rotacao_trindade_v4_20260718_220604/projeto/inbox_trindade/package-lock.json: Can't follow symlink without -L/--copy-links
2026/08/09 08:53:42 NOTICE: Backups/rotacao_trindade_v4_20260718_220604/projeto/inbox_trindade/README.md: Can't follow symlink without -L/--copy-links
2026/08/09 08:53:42 NOTICE: Backups/rotacao_trindade_v4_20260718_220604/projeto/inbox_trindade/scraper_tse_detalhar_test.js: Can't follow symlink without -L/--copy-links
2026/08/09 08:53:42 NOTICE: Backups/rotacao_trindade_v4_20260718_220604/projeto/inbox_trindade/quaest_ipec.json: Can't follow symlink without -L/--copy-links
2026/08/09 08:53:42 NOTICE: Backups/rotacao_trindade_v4_20260718_220604/projeto/inbox_trindade/pesqele_home.png: Can't follow symlink without -L/--copy-links
2026/08/09 08:53:42 NOTICE: Backups/rotacao_trindade_v4_20260718_220604/projeto/inbox_trindade/scraper_tse_detalhes.js: Can't follow symlink without -L/--copy-links
2026/08/09 08:53:42 NOTICE: Backups/rotacao_trindade_v4_20260718_220604/projeto/inbox_trindade/pesquisas_tse_2026_full.json: Can't follow symlink without -L/--copy-links
2026/08/09 08:53:42 NOTICE: Backups/reforma_v4_abertura_sprint_20260717_1042/inbox_trindade_antes_da_limpeza/antigravity_desktop.md: Can't follow symlink without -L/--copy-links
2026/08/09 08:53:42 NOTICE: Backups/rotacao_trindade_v4_20260718_220604/projeto/inbox_trindade/pesqele_search.png: Can't follow symlink without -L/--copy-links
2026/08/09 08:53:42 NOTICE: Backups/rotacao_trindade_v4_20260718_220604/projeto/inbox_trindade/agy_cli.md: Can't follow symlink without -L/--copy-links
2026/08/09 08:53:42 NOTICE: Backups/rotacao_trindade_v4_20260718_220604/projeto/inbox_trindade/pesqele_body.txt: Can't follow symlink without -L/--copy-links
2026/08/09 08:53:42 NOTICE: Backups/rotacao_trindade_v4_20260718_220604/projeto/inbox_trindade/scraper_tse4.js: Can't follow symlink without -L/--copy-links
2026/08/09 08:53:42 NOTICE: Backups/rotacao_trindade_v4_20260718_220604/projeto/inbox_trindade/scraper_tse_paginator.js: Can't follow symlink without -L/--copy-links
2026/08/09 08:53:42 NOTICE: Backups/rotacao_trindade_v4_20260718_220604/projeto/inbox_trindade/materia_eidas_diagramada.pdf: Can't follow symlink without -L/--copy-links
2026/08/09 08:53:42 NOTICE: Backups/rotacao_trindade_v4_20260718_220604/projeto/inbox_trindade/parser_tse.js: Can't follow symlink without -L/--copy-links
2026/08/09 08:53:42 NOTICE: Backups/rotacao_trindade_v4_20260718_220604/projeto/inbox_trindade/materia_eidas_20260630.md: Can't follow symlink without -L/--copy-links
2026/08/09 08:53:42 NOTICE: Backups/rotacao_trindade_v4_20260718_220604/projeto/inbox_trindade/relatorio_pesquisas_2026.md: Can't follow symlink without -L/--copy-links
2026/08/09 08:53:42 NOTICE: Backups/rotacao_trindade_v4_20260718_220604/projeto/inbox_trindade/scraper_tse_isolated.js: Can't follow symlink without -L/--copy-links
2026/08/09 08:53:42 NOTICE: Backups/rotacao_trindade_v4_20260718_220604/projeto/inbox_trindade/scraper_tse_modals.js: Can't follow symlink without -L/--copy-links
2026/08/09 08:53:42 NOTICE: Backups/rotacao_trindade_v4_20260718_220604/projeto/inbox_trindade/scraper_tse_fast.js: Can't follow symlink without -L/--copy-links
2026/08/09 08:53:42 NOTICE: Backups/rotacao_trindade_v4_20260718_220604/projeto/inbox_trindade/antigravity_desktop.md: Can't follow symlink without -L/--copy-links
2026/08/09 08:53:42 NOTICE: Backups/rotacao_trindade_v4_20260718_220604/projeto/inbox_trindade/scraper_tse_modals3.js: Can't follow symlink without -L/--copy-links
2026/08/09 08:53:42 NOTICE: Backups/rotacao_trindade_v4_20260718_220604/projeto/inbox_trindade/pesqele_results.png: Can't follow symlink without -L/--copy-links
2026/08/09 08:53:42 NOTICE: Backups/rotacao_trindade_v4_20260718_220604/projeto/inbox_trindade/grok_coding.md: Can't follow symlink without -L/--copy-links
2026/08/09 08:53:42 NOTICE: Backups/rotacao_trindade_v4_20260718_220604/projeto/inbox_trindade/miguel.md: Can't follow symlink without -L/--copy-links
2026/08/09 08:53:42 NOTICE: Backups/rotacao_trindade_v4_20260718_220604/projeto/inbox_trindade/scraper_tse_full.js: Can't follow symlink without -L/--copy-links
2026/08/09 08:53:42 NOTICE: Backups/rotacao_trindade_v4_20260718_220604/projeto/inbox_trindade/glm_coding.md: Can't follow symlink without -L/--copy-links
2026/08/09 08:53:42 NOTICE: Backups/rotacao_trindade_v4_20260718_220604/projeto/inbox_trindade/parser_tse_quaest_fixed.js: Can't follow symlink without -L/--copy-links
2026/08/09 08:53:42 NOTICE: Backups/rotacao_trindade_v4_20260718_220604/projeto/inbox_trindade/scraper_tse5.js: Can't follow symlink without -L/--copy-links
2026/08/09 08:53:42 NOTICE: Backups/rotacao_trindade_v4_20260718_220604/projeto/inbox_trindade/parser_tse_quaest.js: Can't follow symlink without -L/--copy-links
2026/08/09 08:53:42 NOTICE: Backups/rotacao_trindade_v4_20260718_220604/projeto/inbox_trindade/gerar_pdfs.py: Can't follow symlink without -L/--copy-links
2026/08/09 08:53:42 NOTICE: Backups/rotacao_trindade_v4_20260718_220604/projeto/inbox_trindade/materia_eidas_diagramada.html: Can't follow symlink without -L/--copy-links
2026/08/09 08:53:42 NOTICE: Backups/rotacao_trindade_v4_20260718_220604/projeto/inbox_trindade/pesqele_results_body.txt: Can't follow symlink without -L/--copy-links
2026/08/09 08:53:42 NOTICE: Backups/rotacao_trindade_v4_20260718_220604/projeto/inbox_trindade/pesquisas_tse_2026_todas.json: Can't follow symlink without -L/--copy-links
2026/08/09 08:53:42 NOTICE: Backups/rotacao_trindade_v4_20260718_220604/projeto/inbox_trindade/pesquisas_tse_2026_raw_modals.json: Can't follow symlink without -L/--copy-links
2026/08/09 08:53:42 NOTICE: Backups/rotacao_trindade_v4_20260718_220604/projeto/inbox_trindade/scraper_tse.js: Can't follow symlink without -L/--copy-links
2026/08/09 08:53:42 NOTICE: Backups/rotacao_trindade_v4_20260718_220604/projeto/inbox_trindade/detalhar_page.txt: Can't follow symlink without -L/--copy-links
2026/08/09 08:53:42 NOTICE: Backups/rotacao_trindade_v4_20260718_220604/projeto/inbox_trindade/apresentacao_eidas.html: Can't follow symlink without -L/--copy-links
2026/08/09 08:53:42 NOTICE: Backups/rotacao_trindade_v4_20260718_220604/projeto/inbox_trindade/pesqele_html.txt: Can't follow symlink without -L/--copy-links
2026/08/09 08:53:42 NOTICE: Backups/rotacao_trindade_v4_20260718_220604/projeto/inbox_trindade/vibe_mistral_cli.md: Can't follow symlink without -L/--copy-links
2026/08/09 08:53:42 NOTICE: Backups/rotacao_trindade_v4_20260718_220604/projeto/inbox_trindade/pesqele_data.json: Can't follow symlink without -L/--copy-links
2026/08/09 08:53:42 NOTICE: Backups/rotacao_trindade_v4_20260718_220604/projeto/inbox_trindade/find_institutes.js: Can't follow symlink without -L/--copy-links
2026/08/09 08:53:42 NOTICE: Backups/rotacao_trindade_v4_20260718_220604/projeto/inbox_trindade/scraper_tse3.js: Can't follow symlink without -L/--copy-links
2026/08/09 08:53:42 NOTICE: Backups/rotacao_trindade_v4_20260718_220604/projeto/inbox_trindade/pesqele_form_html.txt: Can't follow symlink without -L/--copy-links
2026/08/09 08:53:42 NOTICE: Foruns/v4_labs_espelhos/contratos_v4_gsn_espelho_ingles_v1.md: Can't follow symlink without -L/--copy-links
2026/08/09 08:53:42 NOTICE: Foruns/v4_labs_espelhos/contratos_v4_cultura_v1.md: Can't follow symlink without -L/--copy-links
2026/08/09 08:53:42 NOTICE: Foruns/v4_labs_espelhos/v4_memoria_carta_gpt56pro_autocura_imagens_v4_20260714.md: Can't follow symlink without -L/--copy-links
2026/08/09 08:53:42 NOTICE: Foruns/v4_labs_espelhos/v4_memoria_forum_retomada_v4_imagens_drafts_20260716.md: Can't follow symlink without -L/--copy-links
2026/08/09 08:53:42 NOTICE: Foruns/v4_labs_espelhos/labs_forum_autocura_imagens_v4_20260714.md: Can't follow symlink without -L/--copy-links
2026/08/09 08:53:42 NOTICE: Foruns/v4_labs_espelhos/contratos_v4_ciencia_tecnologia_ia_v1.md: Can't follow symlink without -L/--copy-links
2026/08/09 08:53:42 NOTICE: Foruns/v4_labs_espelhos/v4_memoria_forum_autocura_imagens_v4_20260714.md: Can't follow symlink without -L/--copy-links
2026/08/09 08:53:42 NOTICE: Foruns/v4_labs_espelhos/labs_MANIFESTO.md: Can't follow symlink without -L/--copy-links
2026/08/09 08:53:42 NOTICE: Foruns/v4_labs_espelhos/contratos_v4_internacional_v1.md: Can't follow symlink without -L/--copy-links
2026/08/09 08:53:42 NOTICE: Foruns/v4_labs_espelhos/contratos_v4_nucleo_editorial_comum_v1.md: Can't follow symlink without -L/--copy-links
2026/08/09 08:53:42 NOTICE: Foruns/v4_labs_espelhos/contratos_v4_nucleo_editorial_comum_v2.md: Can't follow symlink without -L/--copy-links
2026/08/09 08:53:42 NOTICE: Foruns/v4_labs_espelhos/v4_memoria_MANIFESTO_PATCH_GPT56PRO_20260714.md: Can't follow symlink without -L/--copy-links
2026/08/09 08:53:42 NOTICE: Foruns/v4_labs_espelhos/contratos_v4_nucleo_editorial_redacao_v1.md: Can't follow symlink without -L/--copy-links
2026/08/09 08:53:42 NOTICE: Foruns/v4_labs_espelhos/v4_memoria_forum_arquitetura_cafezinho_media_group_v4_20260715.md: Can't follow symlink without -L/--copy-links
2026/08/09 08:53:42 NOTICE: Foruns/v4_labs_espelhos/contratos_v4_repetidor_v1.md: Can't follow symlink without -L/--copy-links
2026/08/09 08:53:42 NOTICE: Foruns/v4_labs_espelhos/contratos_forum_v4_qualidade_editorial_ciencia_ia_20260712.md: Can't follow symlink without -L/--copy-links
2026/08/09 08:53:42 NOTICE: Foruns/v4_labs_espelhos/v4_memoria_forum_retomada_v4_imagens_drafts_20260716_run14.md: Can't follow symlink without -L/--copy-links
2026/08/09 08:53:42 NOTICE: Foruns/v4_labs_espelhos/v4_memoria_forum_imagens_261602_20260714.md: Can't follow symlink without -L/--copy-links
2026/08/09 08:53:42 NOTICE: Foruns/v4_labs_espelhos/contratos_v4_politica_economia_v1.md: Can't follow symlink without -L/--copy-links
2026/08/09 08:53:42 NOTICE: Foruns/v4_labs_espelhos/v4_memoria_forum_retomada_v4_imagens_drafts_20260716_run6.md: Can't follow symlink without -L/--copy-links
2026/08/09 08:53:42 NOTICE: Foruns/v4_labs_espelhos/v4_memoria_forum_retomada_v4_imagens_drafts_20260716_run11.md: Can't follow symlink without -L/--copy-links
2026/08/09 08:53:42 NOTICE: Foruns/v4_labs_espelhos/v4_memoria_forum_resposta_gpt56pro_autocura_imagens_v4_20260714.md: Can't follow symlink without -L/--copy-links
2026/08/09 08:53:42 NOTICE: Foruns/v4_labs_espelhos/v4_memoria_forum_retomada_v4_imagens_drafts_20260716_run9.md: Can't follow symlink without -L/--copy-links
2026/08/09 08:53:42 NOTICE: Backups/backup_cerebro_20260728_164635/Foruns/v4_labs_espelhos/contratos_v4_gsn_espelho_ingles_v1.md: Can't follow symlink without -L/--copy-links
2026/08/09 08:53:42 NOTICE: Backups/backup_cerebro_20260728_164635/Foruns/v4_labs_espelhos/contratos_v4_cultura_v1.md: Can't follow symlink without -L/--copy-links
2026/08/09 08:53:42 NOTICE: Backups/backup_cerebro_20260728_164635/Foruns/v4_labs_espelhos/v4_memoria_carta_gpt56pro_autocura_imagens_v4_20260714.md: Can't follow symlink without -L/--copy-links
2026/08/09 08:53:42 NOTICE: Backups/backup_cerebro_20260728_164635/Foruns/v4_labs_espelhos/v4_memoria_forum_retomada_v4_imagens_drafts_20260716.md: Can't follow symlink without -L/--copy-links
2026/08/09 08:53:42 NOTICE: Backups/backup_cerebro_20260728_164635/Foruns/v4_labs_espelhos/labs_forum_autocura_imagens_v4_20260714.md: Can't follow symlink without -L/--copy-links
2026/08/09 08:53:42 NOTICE: Backups/backup_cerebro_20260728_164635/Foruns/v4_labs_espelhos/contratos_v4_ciencia_tecnologia_ia_v1.md: Can't follow symlink without -L/--copy-links
2026/08/09 08:53:42 NOTICE: Backups/backup_cerebro_20260728_164635/Foruns/v4_labs_espelhos/v4_memoria_forum_autocura_imagens_v4_20260714.md: Can't follow symlink without -L/--copy-links
2026/08/09 08:53:42 NOTICE: Backups/backup_cerebro_20260728_164635/Foruns/v4_labs_espelhos/labs_MANIFESTO.md: Can't follow symlink without -L/--copy-links
2026/08/09 08:53:42 NOTICE: Backups/backup_cerebro_20260728_164635/Foruns/v4_labs_espelhos/contratos_v4_internacional_v1.md: Can't follow symlink without -L/--copy-links
2026/08/09 08:53:42 NOTICE: Backups/backup_cerebro_20260728_164635/Foruns/v4_labs_espelhos/contratos_v4_nucleo_editorial_comum_v1.md: Can't follow symlink without -L/--copy-links
2026/08/09 08:53:42 NOTICE: Backups/backup_cerebro_20260728_164635/Foruns/v4_labs_espelhos/contratos_v4_nucleo_editorial_comum_v2.md: Can't follow symlink without -L/--copy-links
2026/08/09 08:53:42 NOTICE: Backups/backup_cerebro_20260728_164635/Foruns/v4_labs_espelhos/v4_memoria_MANIFESTO_PATCH_GPT56PRO_20260714.md: Can't follow symlink without -L/--copy-links
2026/08/09 08:53:42 NOTICE: Backups/backup_cerebro_20260728_164635/Foruns/v4_labs_espelhos/contratos_v4_nucleo_editorial_redacao_v1.md: Can't follow symlink without -L/--copy-links
2026/08/09 08:53:42 NOTICE: Backups/backup_cerebro_20260728_164635/Foruns/v4_labs_espelhos/v4_memoria_forum_arquitetura_cafezinho_media_group_v4_20260715.md: Can't follow symlink without -L/--copy-links
2026/08/09 08:53:42 NOTICE: Backups/backup_cerebro_20260728_164635/Foruns/v4_labs_espelhos/contratos_v4_repetidor_v1.md: Can't follow symlink without -L/--copy-links
2026/08/09 08:53:42 NOTICE: Backups/backup_cerebro_20260728_164635/Foruns/v4_labs_espelhos/contratos_forum_v4_qualidade_editorial_ciencia_ia_20260712.md: Can't follow symlink without -L/--copy-links
2026/08/09 08:53:42 NOTICE: Backups/backup_cerebro_20260728_164635/Foruns/v4_labs_espelhos/v4_memoria_forum_retomada_v4_imagens_drafts_20260716_run14.md: Can't follow symlink without -L/--copy-links
2026/08/09 08:53:42 NOTICE: Backups/backup_cerebro_20260728_164635/Foruns/v4_labs_espelhos/v4_memoria_forum_imagens_261602_20260714.md: Can't follow symlink without -L/--copy-links
2026/08/09 08:53:42 NOTICE: Backups/backup_cerebro_20260728_164635/Foruns/v4_labs_espelhos/contratos_v4_politica_economia_v1.md: Can't follow symlink without -L/--copy-links
2026/08/09 08:53:42 NOTICE: Backups/backup_cerebro_20260728_164635/Foruns/v4_labs_espelhos/v4_memoria_forum_retomada_v4_imagens_drafts_20260716_run6.md: Can't follow symlink without -L/--copy-links
2026/08/09 08:53:42 NOTICE: Backups/backup_cerebro_20260728_164635/Foruns/v4_labs_espelhos/v4_memoria_forum_retomada_v4_imagens_drafts_20260716_run11.md: Can't follow symlink without -L/--copy-links
2026/08/09 08:53:42 NOTICE: Backups/backup_cerebro_20260728_164635/Foruns/v4_labs_espelhos/v4_memoria_forum_resposta_gpt56pro_autocura_imagens_v4_20260714.md: Can't follow symlink without -L/--copy-links
2026/08/09 08:53:42 NOTICE: Backups/backup_cerebro_20260728_164635/Foruns/v4_labs_espelhos/v4_memoria_forum_retomada_v4_imagens_drafts_20260716_run9.md: Can't follow symlink without -L/--copy-links
2026/08/09 08:53:43 INFO  : 00_CEREBRO_CANONICO.md: Copied (new)
2026/08/09 08:53:43 INFO  : CARTAO_BOLSO_WP_REVISTA_FORUM.md: Copied (new)
2026/08/09 08:53:43 INFO  : CARTAO_BOLSO_SSH_SERVIDOR_WP_CAFEZINHO.md: Copied (new)
2026/08/09 08:53:43 INFO  : CEREBRO_INDEX_AIATOLAH.md: Copied (new)
2026/08/09 08:53:43 INFO  : A_GRANDE_REFORMA_DO_CAFEZINHO.md: Copied (new)
2026/08/09 08:53:43 INFO  : CARTAO_BOLSO_MENU_WP_CAFEZINHO.md: Copied (new)
2026/08/09 08:53:43 INFO  : CARTAO_BOLSO_WP_CAFEZINHO_SYNC_CHATBOTS.md: Copied (new)
2026/08/09 08:53:43 INFO  : CEREBRO_INDEX_LEITOR_VIDEO.md: Copied (new)
2026/08/09 08:53:44 INFO  : CEREBRO_INDEX_INCIDENTES_20260522.md: Copied (new)
2026/08/09 08:53:44 INFO  : CEREBRO_INDEX_DADOS_PUBLICOS.md: Copied (new)
2026/08/09 08:53:44 INFO  : CEREBRO_INDEX_REFORMA_ARQUIVOS_20260722.md: Copied (new)
2026/08/09 08:53:44 INFO  : CEREBRO_INDEX_MIGUEL.md: Copied (new)
2026/08/09 08:53:44 INFO  : CEREBRO_INDEX_MASTER.md: Copied (new)
2026/08/09 08:53:44 INFO  : CEREBRO_INDEX_MOKA.md: Copied (new)
2026/08/09 08:53:44 INFO  : CEREBRO_NODE_AGENDA_LEMBRETES.md: Copied (new)
2026/08/09 08:53:44 INFO  : CEREBRO_INDEX_GSN.md: Copied (new)
2026/08/09 08:53:44 INFO  : CEREBRO_NODE_AGENTES.md: Copied (new)
2026/08/09 08:53:44 INFO  : CEREBRO_INDEX_SATELITES.md: Copied (new)
2026/08/09 08:53:44 INFO  : CEREBRO_INDEX_RIOCARTA.md: Copied (new)
2026/08/09 08:53:44 INFO  : CEREBRO_INDEX_MOKA_MASTER.md: Copied (new)
2026/08/09 08:53:44 INFO  : CEREBRO_INDEX_VIGIAS.md: Copied (new)
2026/08/09 08:53:44 INFO  : CEREBRO_NODE_BACKUPS_BACKBLAZE.md: Copied (new)
2026/08/09 08:53:44 INFO  : CEREBRO_NODE_BALEIA_AZUL.md: Copied (new)
2026/08/09 08:53:44 INFO  : CEREBRO_NODE_ARQUITETURA.md: Copied (new)
2026/08/09 08:53:44 INFO  : CEREBRO_NODE_BOLETIM_NEWS.md: Copied (new)
2026/08/09 08:53:44 INFO  : CEREBRO_NODE_BOLETIM_NEWS_DEEPSEEK.md: Copied (new)
2026/08/09 08:53:44 INFO  : CEREBRO_NODE_BOLETIM_NEWS_RIOCARTA.md: Copied (new)
2026/08/09 08:53:44 INFO  : CEREBRO_NODE_BOLETIM_NEWS_CAFEZINHO.md: Copied (new)
2026/08/09 08:53:44 INFO  : CEREBRO_NODE_ATUALIZACOES.md.bak_pre_claude_opus_fixes_20260727_1805: Copied (new)
2026/08/09 08:53:44 INFO  : CEREBRO_NODE_BUGS.md: Copied (new)
2026/08/09 08:53:44 INFO  : CEREBRO_NODE_ATUALIZACOES.md.bak_pre_wp_redacao_nova_20260727_044058: Copied (new)
2026/08/09 08:53:44 INFO  : CEREBRO_NODE_BUGS_FIXES_INDICE.md: Copied (new)
2026/08/09 08:53:44 INFO  : CEREBRO_NODE_ATUALIZACOES.md: Copied (new)
2026/08/09 08:53:45 INFO  : CEREBRO_NODE_BUGS_SOLUCOES.md: Copied (new)
2026/08/09 08:53:45 INFO  : CEREBRO_NODE_CHECKUPS.md: Copied (new)
2026/08/09 08:53:45 INFO  : CEREBRO_NODE_BUGS_ATIVOS.md: Copied (new)
2026/08/09 08:53:45 INFO  : CEREBRO_NODE_CATALOGO_MODELOS_LLM.md: Copied (new)
2026/08/09 08:53:45 INFO  : CEREBRO_NODE_COFRE_CHAVES.md.bak_pre_wp_redacao_nova_20260727_044058: Copied (new)
2026/08/09 08:53:45 INFO  : CEREBRO_NODE_CODIGO_MORTO_INDEXADO.md: Copied (new)
2026/08/09 08:53:45 INFO  : CEREBRO_NODE_COFRE_CHAVES.md: Copied (new)
2026/08/09 08:53:45 INFO  : CEREBRO_NODE_CANARIO_POS_REFORMA.md: Copied (new)
2026/08/09 08:53:45 INFO  : CEREBRO_NODE_BUGS_RESOLVIDOS.md: Copied (new)
2026/08/09 08:53:45 INFO  : CEREBRO_NODE_CHAVES_E_LLMS.md: Copied (new)
2026/08/09 08:53:45 INFO  : CEREBRO_NODE_DIRETRIZES_COLETORES.md: Copied (new)
2026/08/09 08:53:45 INFO  : CEREBRO_NODE_GOVERNANCA.md: Copied (new)
2026/08/09 08:53:45 INFO  : CEREBRO_NODE_CUSTOS_REAIS_MENSAL.md: Copied (new)
2026/08/09 08:53:45 INFO  : CEREBRO_NODE_COMUNICACAO.md: Copied (new)
2026/08/09 08:53:45 INFO  : CEREBRO_NODE_LIVRO_FILHOS_DA_IMPUNIDADE.md: Copied (new)
2026/08/09 08:53:45 INFO  : CEREBRO_NODE_MANCHETE.md: Copied (new)
2026/08/09 08:53:45 INFO  : CEREBRO_NODE_MOKA_WRITER.md: Copied (new)
2026/08/09 08:53:45 INFO  : CEREBRO_NODE_MEMORIA_TRABALHO.md: Copied (new)
2026/08/09 08:53:45 INFO  : CEREBRO_NODE_HARDWARE_MIGUEL_ROLLBACK.md: Copied (new)
2026/08/09 08:53:45 INFO  : CEREBRO_NODE_GOVERNANCA_REGRAS_VIVAS.md: Copied (new)
2026/08/09 08:53:45 INFO  : CEREBRO_NODE_OBSERVABILIDADE.md: Copied (new)
2026/08/09 08:53:45 INFO  : CEREBRO_NODE_GOVERNANCA_SPRINTS_HISTORICO.md: Copied (new)
2026/08/09 08:53:45 INFO  : CEREBRO_NODE_ORLANDO_DINIZ.md: Copied (new)
2026/08/09 08:53:45 INFO  : CEREBRO_NODE_MUNDO_TRILHOS.md: Copied (new)
2026/08/09 08:53:45 INFO  : CEREBRO_NODE_PROJETO_CASA_DA_MOEDA.md: Copied (new)
2026/08/09 08:53:46 INFO  : CEREBRO_NODE_PUBLICACAO_WP_CAFEZINHO.md.bak_pre_wp_redacao_nova_20260727_044058: Copied (new)
2026/08/09 08:53:46 INFO  : CEREBRO_NODE_REVISTA_MAQUIAVEL.md: Copied (new)
2026/08/09 08:53:46 INFO  : CEREBRO_NODE_RELATORIOS_MONITORAMENTO.md: Copied (new)
2026/08/09 08:53:46 INFO  : CEREBRO_NODE_PUBLICACAO_DUPLA_WP.md: Copied (new)
2026/08/09 08:53:46 INFO  : CEREBRO_NODE_PUBLICACAO_WP_CAFEZINHO.md: Copied (new)
2026/08/09 08:53:46 INFO  : CEREBRO_NODE_SPRINTS_ATIVOS.md: Copied (new)
2026/08/09 08:53:46 INFO  : CEREBRO_NODE_QUALIDADE_REDACAO.md: Copied (new)
2026/08/09 08:53:46 INFO  : CEREBRO_NODE_HARDWARE_MIGUEL.md: Copied (new)
2026/08/09 08:53:46 INFO  : CEREBRO_NODE_TELEMETRIA.md: Copied (new)
2026/08/09 08:53:46 INFO  : CEREBRO_NODE_SEO_OBSERVATORY.md: Copied (new)
2026/08/09 08:53:46 INFO  : MEMORIA_BUGS_ATUAL.md: Copied (new)
2026/08/09 08:53:46 INFO  : MONITORAMENTO_DE_TRABALHO.md.bak_pre_titulos_20260809: Copied (new)
2026/08/09 08:53:46 INFO  : IDENTIDADE_CANONICA.md: Copied (new)
2026/08/09 08:53:46 INFO  : MANIFESTO_ESTANTE_PRINCIPAL_20260722.md: Copied (new)
2026/08/09 08:53:46 INFO  : HISTORIA_AGENTE_CAETANO_20260531_20260626.md: Copied (new)
2026/08/09 08:53:46 INFO  : MONITORAMENTO_DE_TRABALHO.md: Copied (new)
2026/08/09 08:53:46 INFO  : MONITORAMENTO_DE_TRABALHO_2026_08_07_1128.md: Copied (new)
2026/08/09 08:53:46 INFO  : MEMORY.md: Copied (new)
2026/08/09 08:53:46 INFO  : banco_eleitoral_cerebro.py: Copied (new)
2026/08/09 08:53:46 INFO  : cerebro_light.py: Copied (new)
2026/08/09 08:53:46 INFO  : TUTORIAL_CONEXAO_CEREBRO_LLMS.md: Copied (new)
2026/08/09 08:53:46 INFO  : PLANO_NEGOCIOS_MOKA/08_resumo_da_conversa_mae.md: Copied (new)
2026/08/09 08:53:46 INFO  : MEMORIA_BUGS_HISTORICA.md: Copied (new)
2026/08/09 08:53:46 INFO  : indice_cerebro.json: Copied (new)
2026/08/09 08:53:46 INFO  : PLANO_NEGOCIOS_MOKA/07_proximos_passos.md: Copied (new)
2026/08/09 08:53:46 INFO  : PLANO_NEGOCIOS_MOKA/11_estado_20260723_madrugada.md: Copied (new)
2026/08/09 08:53:46 INFO  : alibaba/AccessKey.csv: Copied (new)
2026/08/09 08:53:46 INFO  : mapa_reorganizacao_20260717.md: Copied (new)
2026/08/09 08:53:46 INFO  : PLANO_NEGOCIOS_MOKA/12_checkpoint_pre_lancamento_20260723.md: Copied (new)
2026/08/09 08:53:47 INFO  : backup_total_2026/ESTADO.md: Copied (new)
2026/08/09 08:53:47 INFO  : backup_total_2026/MAPA_GERAL_ARQUIVOS_E_BACKUPS_20260805.md: Copied (new)
2026/08/09 08:53:47 INFO  : backup_total_2026/PLANO_BACKUP_TOTAL_100.md: Copied (new)
2026/08/09 08:53:47 INFO  : cerebro_light/CEREBRO_INDEX_MASTER.light.md: Copied (new)
2026/08/09 08:53:47 INFO  : backup_total_2026/.fiscal_state: Copied (new)
2026/08/09 08:53:47 INFO  : cerebro_light/CEREBRO_INDEX_RIOCARTA.light.md: Copied (new)
2026/08/09 08:53:47 INFO  : PLANO_NEGOCIOS_MOKA/README.md: Copied (new)
2026/08/09 08:53:47 INFO  : cerebro_light/CEREBRO_NODE_ARQUITETURA.light.md: Copied (new)
2026/08/09 08:53:47 INFO  : cerebro_light/CEREBRO_NODE_ATUALIZACOES.light.md: Copied (new)
2026/08/09 08:53:47 INFO  : cerebro_light/CEREBRO_NODE_BOLETIM_NEWS.light.md: Copied (new)
2026/08/09 08:53:47 INFO  : cerebro_light/CEREBRO_NODE_BUGS.light.md: Copied (new)
2026/08/09 08:53:47 INFO  : cerebro_light/CEREBRO_NODE_BUGS_RESOLVIDOS.light.md: Copied (new)
2026/08/09 08:53:47 INFO  : cerebro_light/CEREBRO_NODE_CHECKUPS.light.md: Copied (new)
2026/08/09 08:53:47 INFO  : cerebro_light/CEREBRO_NODE_BUGS_ATIVOS.light.md: Copied (new)
2026/08/09 08:53:47 INFO  : cerebro_light/CEREBRO_NODE_CHAVES_E_LLMS.light.md: Copied (new)
2026/08/09 08:53:47 INFO  : cerebro_light/CEREBRO_NODE_GOVERNANCA.light.md: Copied (new)
2026/08/09 08:53:47 INFO  : cerebro_light/CEREBRO_NODE_COMUNICACAO.light.md: Copied (new)
2026/08/09 08:53:47 INFO  : cerebro_light/CEREBRO_NODE_GOVERNANCA_REGRAS_VIVAS.light.md: Copied (new)
2026/08/09 08:53:47 INFO  : cerebro_light/CEREBRO_NODE_SPRINTS_ATIVOS.light.md: Copied (new)
2026/08/09 08:53:47 INFO  : cerebro_light/CEREBRO_NODE_COFRE_CHAVES.light.md: Copied (new)
2026/08/09 08:53:47 INFO  : banco_eleitoral.db: Copied (new)
2026/08/09 08:53:47 INFO  : cerebro_light/CEREBRO_NODE_QUALIDADE_REDACAO.light.md: Copied (new)
2026/08/09 08:53:47 INFO  : cerebro_light/CEREBRO_NODE_CATALOGO_MODELOS_LLM.light.md: Copied (new)
2026/08/09 08:53:47 INFO  : Inventarios/github_ssh_keys_20260625.md: Copied (new)
2026/08/09 08:53:47 INFO  : MEMORIA/knowledge_24h.md: Copied (new)
2026/08/09 08:53:47 INFO  : MEMORIA/CATALOGO_BANCOS_DE_DADOS.md: Copied (new)
2026/08/09 08:53:47 INFO  : MEMORIA/memoria_48h.json: Copied (new)
2026/08/09 08:53:47 INFO  : MEMORIA/memoria_agente_twitter_imagem.md: Copied (new)
2026/08/09 08:53:47 INFO  : cerebro_light/CEREBRO_NODE_GOVERNANCA_SPRINTS_HISTORICO.light.md: Copied (new)
2026/08/09 08:53:47 INFO  : cerebro_light/CEREBRO_NODE_OBSERVABILIDADE.light.md: Copied (new)
2026/08/09 08:53:48 INFO  : MEMORIA/memoria_cafezinho_site_multilingue_20260727.md: Copied (new)
2026/08/09 08:53:48 INFO  : MEMORIA/memoria_emagrecimento_workspace_nuvem_first_20260722.md: Copied (new)
2026/08/09 08:53:48 INFO  : MEMORIA/memoria_livro_filhos_da_impunidade_20260722.md: Copied (new)
2026/08/09 08:53:48 INFO  : MEMORIA/memoria_moka_campanha_socios_20260722.md: Copied (new)
2026/08/09 08:53:48 INFO  : MEMORIA/memoria_moka_monetizacao_unificacao_20260722.md: Copied (new)
2026/08/09 08:53:48 INFO  : MEMORIA/memoria_moka_email_godaddy_20260722.md: Copied (new)
2026/08/09 08:53:48 INFO  : MEMORIA/memoria_moka_pesquisa_ia_fornecedores_20260722.md: Copied (new)
2026/08/09 08:53:48 INFO  : MEMORIA/memoria_leitor_de_video_20260721.md: Copied (new)
2026/08/09 08:53:48 INFO  : MEMORIA/memoria_moka_plano_de_negocios_20260722.md: Copied (new)
2026/08/09 08:53:48 INFO  : MEMORIA/memoria_moka_traducao_volumes_20260721.md: Copied (new)
2026/08/09 08:53:48 INFO  : MEMORIA/memoria_moka_video_config_reorg_20260805.md: Copied (new)
2026/08/09 08:53:48 INFO  : MEMORIA/memoria_moka_premium_20260722.md: Copied (new)
2026/08/09 08:53:48 INFO  : MEMORIA/memoria_agente_v4_regional_eleicoes_estados_20260730.md: Copied (new)
2026/08/09 08:53:48 INFO  : MEMORIA/memoria_plano_biblioteca_virtual_20260727.md: Copied (new)
2026/08/09 08:53:48 INFO  : MEMORIA/memoria_moka_writer_conceito_20260805.md: Copied (new)
2026/08/09 08:53:48 INFO  : MEMORIA/memoria_moka_plano_fundador_zero_20260722.md: Copied (new)
2026/08/09 08:53:48 INFO  : MEMORIA/memoria_moka_video_implementacao_20260721.md: Copied (new)
2026/08/09 08:53:48 INFO  : MEMORIA/memoria_plano_editora_multilingue_20260727.md: Copied (new)
2026/08/09 08:53:48 INFO  : MEMORIA/memoria_sessao_hardware_20260527_1445.md: Copied (new)
2026/08/09 08:53:48 INFO  : MEMORIA/memoria_projeto_casa_da_moeda_site_20260728.md: Copied (new)
2026/08/09 08:53:48 INFO  : MEMORIA/memoria_revista_maquiavel_20260730.md: Copied (new)
2026/08/09 08:53:48 INFO  : MEMORIA/memoria_video_diario_multirrede_20260723.md: Copied (new)
2026/08/09 08:53:48 INFO  : MEMORIA/memoria_qa_kimi3_estudio_acoplamento_chaves_20260804.md: Copied (new)
2026/08/09 08:53:48 INFO  : MEMORIA/memoria_total.log: Copied (new)
2026/08/09 08:53:48 INFO  : monitoramento_horario/INDICE_CICLOS_VIGILIA.md: Copied (new)
2026/08/09 08:53:48 INFO  : MEMORIA/memoria_zizilinda_diagnostico_20260727.md: Copied (new)
2026/08/09 08:53:48 INFO  : monitoramento_horario/loop_sentinela_2026-07-24.md: Copied (new)
2026/08/09 08:53:48 INFO  : MEMORIA/memoria_qa_kimi3_estudio_filhos_impunidade_20260729.md: Copied (new)
2026/08/09 08:53:48 INFO  : monitoramento_horario/loop_sentinela_2026-07-22.md: Copied (new)
2026/08/09 08:53:48 INFO  : monitoramento_horario/loop_sentinela_2026-07-27.md: Copied (new)
2026/08/09 08:53:49 INFO  : monitoramento_horario/loop_sentinela_2026-07-23.md: Copied (new)
2026/08/09 08:53:49 INFO  : monitoramento_horario/monitor_posts_15min_20260719.log: Copied (new)
2026/08/09 08:53:49 INFO  : Backups/INDICE_drafts_v4_purge_20260726.md: Copied (new)
2026/08/09 08:53:49 INFO  : ponte_kimi/00_LEIA_PRIMEIRO.md: Copied (new)
2026/08/09 08:53:49 INFO  : ponte_kimi/ESTADO_ATUAL.md: Copied (new)
2026/08/09 08:53:49 INFO  : monitoramento_horario/loop_sentinela_2026-07-25.md: Copied (new)
2026/08/09 08:53:49 INFO  : ponte_kimi/HISTORICO.md: Copied (new)
2026/08/09 08:53:49 INFO  : Backups/restaurar_drafts_purge_20260726.py: Copied (new)
2026/08/09 08:53:49 INFO  : ponte_kimi/CONTRATO_PONTE_CLAUDE_KIMI.md: Copied (new)
2026/08/09 08:53:49 INFO  : ponte_kimi/MEMORIA_TOTAL_PONTE.md: Copied (new)
2026/08/09 08:53:49 INFO  : ponte_kimi/NOMENCLATURA_PONTES_20260806.md: Copied (new)
2026/08/09 08:53:49 INFO  : ponte_kimi/ponte_claude_kimi_DIA_20260807.md: Copied (new)
2026/08/09 08:53:49 INFO  : ARQUITETURA_MOKA/01_visao_geral_aplicativo.md: Copied (new)
2026/08/09 08:53:49 INFO  : monitoramento_horario/loop_sentinela_2026-07-26.md: Copied (new)
2026/08/09 08:53:49 INFO  : ARQUITETURA_MOKA/02_arquitetura_pontos.md: Copied (new)
2026/08/09 08:53:49 INFO  : ARQUITETURA_MOKA/04_inovacoes_e_ideias.md: Copied (new)
2026/08/09 08:53:49 INFO  : ARQUITETURA_MOKA/06_mapa_de_credenciais.md: Copied (new)
2026/08/09 08:53:49 INFO  : ARQUITETURA_MOKA/05_mapa_de_arquivos.md: Copied (new)
2026/08/09 08:53:49 INFO  : ARQUITETURA_MOKA/03_arquitetura_investidores.md: Copied (new)
2026/08/09 08:53:49 INFO  : ARQUITETURA_MOKA/07_relatorio_completo.md: Copied (new)
2026/08/09 08:53:49 INFO  : scripts/gerar_cartao_wp_chatbots.py: Copied (new)
2026/08/09 08:53:49 INFO  : scripts/comparativo_k.py: Copied (new)
2026/08/09 08:53:49 INFO  : scripts/publish_macartismo_now.py.bak_pre_wp_redacao_nova_20260727_044058: Copied (new)
2026/08/09 08:53:49 INFO  : scripts/publish_macartismo_draft.py: Copied (new)
2026/08/09 08:53:49 INFO  : scripts/publish_macartismo_draft.py.bak_pre_wp_redacao_nova_20260727_044058: Copied (new)
2026/08/09 08:53:49 INFO  : scripts/publish_macartismo_now.py: Copied (new)
2026/08/09 08:53:49 INFO  : scripts/update_macartismo_links.py.bak_pre_wp_redacao_nova_20260727_044058: Copied (new)
2026/08/09 08:53:49 INFO  : subcerebro_antigravity_desktop/inbox_antigravity_desktop.md: Copied (new)
2026/08/09 08:53:49 INFO  : subcerebro_antigravity_desktop/sub_cerebro_antigravity_miguel.md: Copied (new)
2026/08/09 08:53:50 INFO  : ARQUITETURA_MOKA/README.md: Copied (new)
2026/08/09 08:53:50 INFO  : subcerebro_antigravity_desktop/README.md: Copied (new)
2026/08/09 08:53:50 INFO  : MEMORIA/relatorios/forum_relatorio_fases_abc_20260614.md: Copied (new)
2026/08/09 08:53:50 INFO  : memorias_provisorias/.fase1_memoria_trabalho.lock: Copied (new)
2026/08/09 08:53:50 INFO  : memorias_provisorias/.parser_state.json: Copied (new)
2026/08/09 08:53:50 INFO  : memorias_provisorias/.parser_state.json.lock: Copied (new)
2026/08/09 08:53:50 INFO  : memorias_provisorias/.status_operacional.md: Copied (new)
2026/08/09 08:53:50 INFO  : memorias_provisorias/INDICE_DESPERTAR_LEVE.md: Copied (new)
2026/08/09 08:53:50 INFO  : memorias_provisorias/MANIFESTO_MEMORIA_TRABALHO.json.bak_pre_integracao_chaves_20260528_2337.json: Copied (new)
2026/08/09 08:53:50 INFO  : memorias_provisorias/PONTO_DE_RETOMADA.md: Copied (new)
2026/08/09 08:53:50 INFO  : memorias_provisorias/PONTO_DE_RETOMADA_CLAUDE.md: Copied (new)
2026/08/09 08:53:50 INFO  : memorias_provisorias/PONTO_DE_RETOMADA_CODEX.md: Copied (new)
2026/08/09 08:53:50 INFO  : memorias_provisorias/PONTO_DE_RETOMADA_DEEPSEEK.md: Copied (new)
2026/08/09 08:53:50 INFO  : memorias_provisorias/PONTO_DE_RETOMADA_GLM.md: Copied (new)
2026/08/09 08:53:50 INFO  : subcerebro_antigravity_desktop/sub_cerebro_antigravity_desktop.md: Copied (new)
2026/08/09 08:53:50 INFO  : memorias_provisorias/PONTO_DE_RETOMADA_KILO_20260709.md: Copied (new)
2026/08/09 08:53:50 INFO  : memorias_provisorias/PONTO_DE_RETOMADA_KIMI.md: Copied (new)
2026/08/09 08:53:50 INFO  : memorias_provisorias/PONTO_DE_RETOMADA_GROK.md: Copied (new)
2026/08/09 08:53:50 INFO  : memorias_provisorias/MANIFESTO_MEMORIA_TRABALHO.json: Copied (new)
2026/08/09 08:53:50 INFO  : memorias_provisorias/PONTO_DE_RETOMADA_QWEN.md: Copied (new)
2026/08/09 08:53:50 INFO  : memorias_provisorias/README.md: Copied (new)
2026/08/09 08:53:50 INFO  : memorias_provisorias/RESUMO_DESPERTAR.md.lock: Copied (new)
2026/08/09 08:53:50 INFO  : memorias_provisorias/RESUMO_DESPERTAR.md: Copied (new)
2026/08/09 08:53:50 INFO  : memorias_provisorias/despertar_leve_antigravity.md: Copied (new)
2026/08/09 08:53:50 INFO  : memorias_provisorias/TEMPLATE_MEMORIA_VIVA.md: Copied (new)
2026/08/09 08:53:51 INFO  : scripts/update_macartismo_links.py: Copied (new)
2026/08/09 08:53:51 INFO  : memorias_provisorias/despertar_leve_deepseek.md: Copied (new)
2026/08/09 08:53:51 INFO  : memorias_provisorias/despertar_leve_glm.md: Copied (new)
2026/08/09 08:53:51 INFO  : memorias_provisorias/despertar_leve_codex.md: Copied (new)
2026/08/09 08:53:51 INFO  : memorias_provisorias/despertar_leve_grok.md: Copied (new)
2026/08/09 08:53:51 INFO  : memorias_provisorias/despertar_leve_kimi.md: Copied (new)
2026/08/09 08:53:51 INFO  : memorias_provisorias/despertar_leve_claude.md: Copied (new)
2026/08/09 08:53:51 INFO  : memorias_provisorias/despertar_leve_qwen.md: Copied (new)
2026/08/09 08:53:51 INFO  : memorias_provisorias/despertar_leve_z.md: Copied (new)
2026/08/09 08:53:51 INFO  : Backups/drafts_v4_purge_20260726_1534.json: Copied (new)
2026/08/09 08:53:51 INFO  : memorias_provisorias/estado_fim_sessao_20260613_1435_codex.md: Copied (new)
2026/08/09 08:53:51 INFO  : memorias_provisorias/despertar_leve_kilo.md: Copied (new)
2026/08/09 08:53:51 INFO  : memorias_provisorias/feedback_agente_aprendizado_editorial_controlado_20260616.md: Copied (new)
2026/08/09 08:53:51 INFO  : memorias_provisorias/despertar_leve_agy.md: Copied (new)
2026/08/09 08:53:51 INFO  : memorias_provisorias/memoria_antigravity_viva.md: Copied (new)
2026/08/09 08:53:51 INFO  : memorias_provisorias/feedback_qwen_bloqueado_para_editorial_por_censura_20260615.md: Copied (new)
2026/08/09 08:53:51 INFO  : memorias_provisorias/feedback_hierarquia_trindade_claude_daemon_vivo.md: Copied (new)
2026/08/09 08:53:51 INFO  : memorias_provisorias/memoria_agy_viva.md: Copied (new)
2026/08/09 08:53:51 INFO  : memorias_provisorias/memoria_deepseek_viva.md.lock: Copied (new)
2026/08/09 08:53:51 INFO  : memorias_provisorias/memoria_codex_viva.md: Copied (new)
2026/08/09 08:53:51 INFO  : memorias_provisorias/memoria_antigravity_viva.md.lock: Copied (new)
2026/08/09 08:53:51 INFO  : memorias_provisorias/memoria_codex_viva.md.lock: Copied (new)
2026/08/09 08:53:51 INFO  : passagem/senha nova wordpress admin aplicacao e normal.txt: Copied (new)
2026/08/09 08:53:51 INFO  : memorias_provisorias/memoria_deepseek_viva.md: Copied (new)
2026/08/09 08:53:51 INFO  : memorias_provisorias/memoria_conclusao_4_fases_spark_workspace_20260807.md: Copied (new)
2026/08/09 08:53:51 INFO  : memorias_provisorias/memoria_glm_viva.md.lock: Copied (new)
2026/08/09 08:53:51 INFO  : memorias_provisorias/memoria_glm_viva.md: Copied (new)
2026/08/09 08:53:51 INFO  : memorias_provisorias/memoria_grok_viva.md.lock: Copied (new)
2026/08/09 08:53:51 INFO  : memorias_provisorias/memoria_kimi_viva.md.lock: Copied (new)
2026/08/09 08:53:52 INFO  : memorias_provisorias/memoria_qwen_viva.md.lock: Copied (new)
2026/08/09 08:53:52 INFO  : memorias_provisorias/memoria_prestacao_contas_spark_drive_etapas_1_15_20260807.md: Copied (new)
2026/08/09 08:53:52 INFO  : memorias_provisorias/memoria_kimi_viva.md: Copied (new)
2026/08/09 08:53:52 INFO  : memorias_provisorias/memoria_maestro_viva.md: Copied (new)
2026/08/09 08:53:52 INFO  : memorias_provisorias/memoria_kilo_viva.md: Copied (new)
2026/08/09 08:53:52 INFO  : memorias_provisorias/memoria_qwen_viva.md: Copied (new)
2026/08/09 08:53:52 INFO  : memorias_provisorias/memoria_sessao_codex_cartas_midia_20260626.md: Copied (new)
2026/08/09 08:53:52 INFO  : memorias_provisorias/memoria_z_viva.md: Copied (new)
2026/08/09 08:53:52 INFO  : memorias_provisorias/memoria_sub_cerebro_spark_drive_20260807.md: Copied (new)
2026/08/09 08:53:52 INFO  : monitoramento_horario/backups_pre_edit/263431_20260729_142112.html: Copied (new)
2026/08/09 08:53:52 INFO  : monitoramento_horario/backups_pre_edit/263430_20260729_131826.html: Copied (new)
2026/08/09 08:53:52 INFO  : memorias_provisorias/memoria_grok_viva.md: Copied (new)
2026/08/09 08:53:52 INFO  : memorias_provisorias/sessao_kilo_20260707_20260709_super_luxo_v4.md: Copied (new)
2026/08/09 08:53:52 INFO  : memorias_provisorias/memoria_sessao_deepseek_20260620.md: Copied (new)
2026/08/09 08:53:52 INFO  : monitoramento_horario/backups_pre_edit/263435_pre_claude_v5_20260729_145014.json: Copied (new)
2026/08/09 08:53:52 INFO  : monitoramento_horario/backups_pre_edit/263445_pre_claude_v5_20260729_145014.json: Copied (new)
2026/08/09 08:53:52 INFO  : monitoramento_horario/backups_pre_edit/263438_20260729_142112.html: Copied (new)
2026/08/09 08:53:52 INFO  : monitoramento_horario/backups_pre_edit/263446_pre_claude_v5_20260729_151910.json: Copied (new)
2026/08/09 08:53:52 INFO  : PLANO_NEGOCIOS_MOKA/documentos/01_plano_negocios_moka.md: Copied (new)
2026/08/09 08:53:52 INFO  : PLANO_NEGOCIOS_MOKA/documentos/06_relatorio_email.html: Copied (new)
2026/08/09 08:53:52 INFO  : PLANO_NEGOCIOS_MOKA/documentos/04_api_pontos_app.py: Copied (new)
2026/08/09 08:53:52 INFO  : PLANO_NEGOCIOS_MOKA/documentos/02_estudo_sistema_pontos.md: Copied (new)
2026/08/09 08:53:52 INFO  : PLANO_NEGOCIOS_MOKA/documentos/09_plano_marketing_venda_direta.md: Copied (new)
2026/08/09 08:53:52 INFO  : PLANO_NEGOCIOS_MOKA/documentos/03_schema_pontos_v1.sql: Copied (new)
2026/08/09 08:53:52 INFO  : PLANO_NEGOCIOS_MOKA/documentos/13_desenho_v3_premium_default.md: Copied (new)
2026/08/09 08:53:52 INFO  : PLANO_NEGOCIOS_MOKA/documentos/10_dossie_marketing_completo.md: Copied (new)
2026/08/09 08:53:52 INFO  : PLANO_NEGOCIOS_MOKA/documentos/05_apresentacao_ecossistema.html: Copied (new)
2026/08/09 08:53:52 INFO  : PLANO_NEGOCIOS_MOKA/documentos/14_controle_assinaturas_automatico.md: Copied (new)
2026/08/09 08:53:52 INFO  : PLANO_NEGOCIOS_MOKA/documentos/15_prompt_sprint_v3.md: Copied (new)
2026/08/09 08:53:52 INFO  : PLANO_NEGOCIOS_MOKA/documentos/17_plano_trabalho_email_canais.md: Copied (new)
2026/08/09 08:53:52 INFO  : monitoramento_horario/correcoes_humanas/correcoes_2026-08-06.jsonl: Copied (new)
2026/08/09 08:53:52 INFO  : monitoramento_horario/custos_llm/custos_2026-07-25.jsonl: Copied (new)
2026/08/09 08:53:53 INFO  : PLANO_NEGOCIOS_MOKA/documentos/18_conceito_biblioteca_livre.md: Copied (new)
2026/08/09 08:53:53 INFO  : ponte_kimi/arquivo/ponte_claude_kimi_NOITE_20260806.md: Copied (new)
2026/08/09 08:53:53 INFO  : monitoramento_horario/correcoes_humanas/correcoes_2026-08-07.jsonl: Copied (new)
2026/08/09 08:53:53 INFO  : monitoramento_horario/correcoes_humanas/correcoes_2026-08-08.jsonl: Copied (new)
2026/08/09 08:53:53 INFO  : monitoramento_horario/mudancas_aplicadas/2026-07-19.jsonl: Copied (new)
2026/08/09 08:53:53 INFO  : monitoramento_horario/mudancas_aplicadas/2026-07-20.jsonl: Copied (new)
2026/08/09 08:53:53 INFO  : PLANO_NEGOCIOS_MOKA/documentos/16_lojas_play_store_app_store.md: Copied (new)
2026/08/09 08:53:53 INFO  : monitoramento_horario/ciclos_vigilia/ciclos_vigilia_2026-08-07.md: Copied (new)
2026/08/09 08:53:53 INFO  : monitoramento_horario/publicacoes_antigravity/backup_pre_edit_263515_20260730_191213.jsonl: Copied (new)
2026/08/09 08:53:53 INFO  : Memorias/manifesto_faxina_discos_20260806.md: Copied (new)
2026/08/09 08:53:53 INFO  : Memorias/memoria_alibaba_offline_planos_telemetria_instancia_redundante_20260807.md: Copied (new)
2026/08/09 08:53:53 INFO  : Memorias/memoria_auditoria_custos_telemetria_recuperacao_crons_20260729.md: Copied (new)
2026/08/09 08:53:53 INFO  : monitoramento_horario/mudancas_aplicadas/2026-07-21.jsonl: Copied (new)
2026/08/09 08:53:53 INFO  : Memorias/memoria_alibaba_token_plan_nao_serve_api_cafezinho_20260801.md: Copied (new)
2026/08/09 08:53:53 INFO  : Memorias/memoria_baleia_azul_destinatarios_gabriel_20260806.md: Copied (new)
2026/08/09 08:53:53 INFO  : Memorias/memoria_ceara_hero_quaest_flickr_20260805.md: Copied (new)
2026/08/09 08:53:53 INFO  : Memorias/memoria_baleia_azul_humanizacao_custos_separados_20260806.md: Copied (new)
2026/08/09 08:53:53 INFO  : Memorias/memoria_baleia_azul_melhorias_audiencia_20260806.md: Copied (new)
2026/08/09 08:53:53 INFO  : Memorias/memoria_central_alertas_20260806.md: Copied (new)
2026/08/09 08:53:53 INFO  : monitoramento_horario/ciclos_vigilia/ciclos_vigilia_2026-08-06.md: Copied (new)
2026/08/09 08:53:53 INFO  : Memorias/memoria_cerco_titulos_longos_v4_20260809.md: Copied (new)
2026/08/09 08:53:53 INFO  : Memorias/memoria_central_fontes_viva_20260806.md: Copied (new)
2026/08/09 08:53:53 INFO  : Memorias/memoria_backup_total_2026.md: Copied (new)
2026/08/09 08:53:53 INFO  : Memorias/memoria_config_glm52_zai_coding_plan_vigilia_20260807.md: Copied (new)
2026/08/09 08:53:53 INFO  : Memorias/memoria_deepseek_v4_flash_coleta_curadoria_plano_20260801.md: Copied (new)
2026/08/09 08:53:53 INFO  : Memorias/memoria_diagnostico_saude_ecossistema_20260801.md: Copied (new)
2026/08/09 08:53:54 INFO  : Memorias/memoria_deploy_canonico_tablet_historico_20260727.md: Copied (new)
2026/08/09 08:53:54 INFO  : Memorias/memoria_banco_ouro_candidatos_qwen_20260805.md: Copied (new)
2026/08/09 08:53:54 INFO  : Memorias/memoria_faxina_pontual_3_servidores_20260807.md: Copied (new)
2026/08/09 08:53:54 INFO  : Memorias/memoria_fix_verificar_nome_worker_yt_20260803.md: Copied (new)
2026/08/09 08:53:54 INFO  : Memorias/memoria_diretrizes_ceo_v4_20260808.md: Copied (new)
2026/08/09 08:53:54 INFO  : Memorias/memoria_droplet_utilitario_20260806.md: Copied (new)
2026/08/09 08:53:54 INFO  : Memorias/memoria_gsn_colunistas_priscila_20260729.md: Copied (new)
2026/08/09 08:53:54 INFO  : Memorias/memoria_foco_local_ceara_riocarta_20260805.md: Copied (new)
2026/08/09 08:53:54 INFO  : Memorias/memoria_foto_na_hora_flickr_20260728.md: Copied (new)
2026/08/09 08:53:54 INFO  : Memorias/memoria_gsn_pauta_mole_pt_20260729.md: Copied (new)
2026/08/09 08:53:54 INFO  : Memorias/memoria_gsn_post_sem_imagem_20260723.md: Copied (new)
2026/08/09 08:53:54 INFO  : Memorias/memoria_k3_256k_modelo_economico_kimi_topup_20260807.md: Copied (new)
2026/08/09 08:53:54 INFO  : Memorias/memoria_gsn_pt_campnou_publicador_gate_20260805.md: Copied (new)
2026/08/09 08:53:54 INFO  : Memorias/memoria_gsn_youtube_repoint_v4_20260807.md: Copied (new)
2026/08/09 08:53:54 INFO  : Memorias/memoria_iproyal_renovacao_fallback_youtube_20260803.md: Copied (new)
2026/08/09 08:53:54 INFO  : Memorias/memoria_manual_pagina_propria_estudio_download_20260808.md: Copied (new)
2026/08/09 08:53:54 INFO  : Memorias/memoria_legenda_obrigatoria_tematicos_20260806.md: Copied (new)
2026/08/09 08:53:54 INFO  : Memorias/memoria_moka_checkout_mercadopago_20260723.md: Copied (new)
2026/08/09 08:53:54 INFO  : Memorias/memoria_mapa_servidores_ecossistema_20260806.md: Copied (new)
2026/08/09 08:53:54 INFO  : Memorias/memoria_menu_spam_cassino_autodd_20260806.md: Copied (new)
2026/08/09 08:53:54 INFO  : Memorias/memoria_moka_primeira_fase_publica_correcoes_20260808.md: Copied (new)
2026/08/09 08:53:54 INFO  : Memorias/memoria_moka_sprint_pos_pivot_552_57_20260805.md: Copied (new)
2026/08/09 08:53:54 INFO  : Memorias/memoria_moka_video_transcricao_transkriptor_plano_v2_20260801.md: Copied (new)
2026/08/09 08:53:54 INFO  : Memorias/memoria_ouro_precision_economia_gemini_20260729.md: Copied (new)
2026/08/09 08:53:54 INFO  : Memorias/memoria_painel_v6_4_correcoes_health_ceara_destaques_foruns_20260807.md: Copied (new)
2026/08/09 08:53:54 INFO  : Memorias/memoria_moka_twa_android_play_store_20260807.md: Copied (new)
2026/08/09 08:53:54 INFO  : Memorias/memoria_qwen_alibaba_contas_20260801.md: Copied (new)
2026/08/09 08:53:54 INFO  : Memorias/memoria_qwen38_max_zcode_20260807.md: Copied (new)
2026/08/09 08:53:55 INFO  : Memorias/memoria_rotacao_qwen_unificacao_62c5c207_20260801.md: Copied (new)
2026/08/09 08:53:55 INFO  : Memorias/memoria_reforma_agente_kimi_busca_imagem_20260809.md: Copied (new)
2026/08/09 08:53:55 INFO  : Memorias/memoria_rodada_tematicos_banco_midia_20260805.md: Copied (new)
2026/08/09 08:53:55 INFO  : Memorias/memoria_renomear_versao_leitor_20260807.md: Copied (new)
2026/08/09 08:53:55 INFO  : Memorias/memoria_midia_ouro_prioridade_nome_identificado_20260807.md: Copied (new)
2026/08/09 08:53:55 INFO  : Memorias/memoria_roteiro_livro_inteiro_edicao_20260807.md: Copied (new)
2026/08/09 08:53:55 INFO  : Memorias/memoria_sec86_guarda_imagem_obrigatoria_20260730.md: Copied (new)
2026/08/09 08:53:55 INFO  : Memorias/memoria_selo_cafezinho_media_group_20260805.md: Copied (new)
2026/08/09 08:53:55 INFO  : Memorias/memoria_spark_google_entrada_ecossistema_20260806.md: Copied (new)
2026/08/09 08:53:55 INFO  : monitoramento_horario/imagens_geradas_20260719/post_262195_codex_wan26.png: Copied (new)
2026/08/09 08:53:55 INFO  : Memorias/memoria_smoke_api_chamada_real_20260728.md: Copied (new)
2026/08/09 08:53:55 INFO  : Memorias/memoria_tematicos_destaques_ga4_20260805.md: Copied (new)
2026/08/09 08:53:55 INFO  : Memorias/memoria_sync_google_drive_20260807.md: Copied (new)
2026/08/09 08:53:55 INFO  : Memorias/memoria_unificacao_cofre_chaves_20260801.md: Copied (new)
2026/08/09 08:53:55 INFO  : Memorias/memoria_v4_bilingue_siglas_cron_nacional_20260727.md: Copied (new)
2026/08/09 08:53:55 INFO  : Memorias/memoria_unificacao_chaves_llm_20260809.md: Copied (new)
2026/08/09 08:53:55 INFO  : Memorias/memoria_tematicos_destaques_painel_20260806.md: Copied (new)
2026/08/09 08:53:55 INFO  : Memorias/memoria_plano_faxina_continua_droplets_20260807.md: Copied (new)
2026/08/09 08:53:55 INFO  : Memorias/memoria_tutorial_conexao_cerebro_llms_20260803.md: Copied (new)
2026/08/09 08:53:55 INFO  : Memorias/memoria_subir_nova_versao_leitor_20260807.md: Copied (new)
2026/08/09 08:53:55 INFO  : Memorias/memoria_unificacao_prometheus_conta_aiatolah_20260809.md: Copied (new)
2026/08/09 08:53:55 INFO  : Memorias/memoria_v4_home_top_10pct_dia_noite_20260808.md: Copied (new)
2026/08/09 08:53:55 INFO  : Memorias/memoria_v4_home_cota_10dia_20noite_20260808.md: Copied (new)
2026/08/09 08:53:55 INFO  : Memorias/memoria_vigilia_tematicos_3_sinais_falso_alarme_20260807.md: Copied (new)
2026/08/09 08:53:55 INFO  : Memorias/memoria_v4_hero_duplicada_pixabay_20260729.md: Copied (new)
2026/08/09 08:53:55 INFO  : Memorias/memoria_youtube_ceara_ativado_20260805.md: Copied (new)
2026/08/09 08:53:55 INFO  : Memorias/memoria_vigilia_credito_zcode_20260807.md: Copied (new)
2026/08/09 08:53:55 INFO  : Memorias/memorias_correcao_materia_264661_painel_v6_falso_incidente_404_20260807.md: Copied (new)
2026/08/09 08:53:55 INFO  : Memorias/memorias_autolimpeza_bancos_noticias_v4_20260807.md: Copied (new)
2026/08/09 08:53:55 INFO  : Memorias/memorias_plano_enxutice_nyc_espelho_tencent_20260807.md: Copied (new)
2026/08/09 08:53:56 INFO  : Backups/baleia_cctv_fix_20260717_1050/MANIFESTO_CORRECAO_CCTV_BALEIA_20260717.md: Copied (new)
2026/08/09 08:53:56 INFO  : Backups/baleia_cctv_fix_20260717_1050/crontab_local.txt: Copied (new)
2026/08/09 08:53:56 INFO  : subcerebro_antigravity_desktop/snapshots/INSTRUCAO_RETOMADA.md: Copied (new)
2026/08/09 08:53:56 INFO  : Backups/baleia_cctv_fix_20260717_1050/watchdog_v3.sh: Copied (new)
2026/08/09 08:53:56 INFO  : monitoramento_horario/publicacoes_claude/backup_pre_edit_263574_20260730_1220.jsonl: Copied (new)
2026/08/09 08:53:56 INFO  : Backups/baleia_cctv_fix_20260717_1050/enviar_baleia_azul.sh: Copied (new)
2026/08/09 08:53:56 INFO  : monitoramento_horario/publicacoes_claude/publish_2026-07-30.jsonl: Copied (new)
2026/08/09 08:53:56 INFO  : monitoramento_horario/publicacoes_claude/backup_pre_edit_263603_20260730_1619.jsonl: Copied (new)
2026/08/09 08:53:56 INFO  : monitoramento_horario/publicacoes_claude/backup_pre_edit_263515_20260730_1218.jsonl: Copied (new)
2026/08/09 08:53:56 INFO  : Backups/kibir_liberacao_publicacao_20260722_2110/coletor.py: Copied (new)
2026/08/09 08:53:56 INFO  : Backups/kibir_liberacao_publicacao_20260722_2110/v4_vertical_draft_worker.py: Copied (new)
2026/08/09 08:53:56 INFO  : Backups/baleia_cctv_fix_20260717_1050/enviar_baleia_azul_v2.sh: Copied (new)
2026/08/09 08:53:56 INFO  : Backups/kibir_liberacao_publicacao_20260722_2110/wp_post_262493_antes.json: Copied (new)
2026/08/09 08:53:56 INFO  : monitoramento_horario/bugs_encontrados/bugs_2026-07-21.jsonl: Copied (new)
2026/08/09 08:53:56 INFO  : monitoramento_horario/bugs_encontrados/README.md: Copied (new)
2026/08/09 08:53:56 INFO  : monitoramento_horario/bugs_encontrados/bugs_2026-07-22.jsonl: Copied (new)
2026/08/09 08:53:56 INFO  : Backups/kibir_liberacao_publicacao_20260722_2110/gerador_imagem_editorial.py: Copied (new)
2026/08/09 08:53:56 INFO  : monitoramento_horario/bugs_encontrados/bugs_2026-07-24.jsonl: Copied (new)
2026/08/09 08:53:57 INFO  : monitoramento_horario/bugs_encontrados/bugs_2026-07-25.jsonl: Copied (new)
2026/08/09 08:53:57 INFO  : monitoramento_horario/bugs_encontrados/bugs_2026-07-28.jsonl: Copied (new)
2026/08/09 08:53:57 INFO  : monitoramento_horario/bugs_encontrados/bugs_2026-07-23.jsonl: Copied (new)
2026/08/09 08:53:57 INFO  : monitoramento_horario/bugs_encontrados/bugs_2026-07-27.jsonl: Copied (new)
2026/08/09 08:53:57 INFO  : monitoramento_horario/bugs_encontrados/bugs_2026-07-29.jsonl: Copied (new)
2026/08/09 08:53:57 INFO  : monitoramento_horario/imagens_geradas_20260719/post_262195_v1.png: Copied (new)
2026/08/09 08:53:57 INFO  : monitoramento_horario/bugs_encontrados/bugs_2026-07-31.jsonl: Copied (new)
2026/08/09 08:53:57 INFO  : monitoramento_horario/bugs_encontrados/bugs_2026-08-02.jsonl: Copied (new)
2026/08/09 08:53:57 INFO  : monitoramento_horario/bugs_encontrados/bugs_2026-07-30.jsonl: Copied (new)
2026/08/09 08:53:57 INFO  : monitoramento_horario/bugs_encontrados/bugs_2026-08-01.jsonl: Copied (new)
2026/08/09 08:53:57 INFO  : monitoramento_horario/bugs_encontrados/bugs_2026-08-04.jsonl: Copied (new)
2026/08/09 08:53:57 INFO  : monitoramento_horario/bugs_encontrados/bugs_2026-08-03.jsonl: Copied (new)
2026/08/09 08:53:57 INFO  : monitoramento_horario/imagens_geradas_20260719/post_262196_v1.png: Copied (new)
2026/08/09 08:53:57 INFO  : monitoramento_horario/bugs_encontrados/bugs_2026-07-26.jsonl: Copied (new)
2026/08/09 08:53:57 INFO  : monitoramento_horario/bugs_encontrados/bugs_2026-08-06.jsonl: Copied (new)
2026/08/09 08:53:57 INFO  : Backups/inbox_2026-07-30/README.md: Copied (new)
2026/08/09 08:53:57 INFO  : monitoramento_horario/bugs_encontrados/bugs_2026-08-09.jsonl: Copied (new)
2026/08/09 08:53:57 INFO  : monitoramento_horario/bugs_encontrados/bugs_2026-08-07.jsonl: Copied (new)
2026/08/09 08:53:57 INFO  : Backups/inbox_2026-07-30/agy.md: Copied (new)
2026/08/09 08:53:57 INFO  : monitoramento_horario/bugs_encontrados/bugs_2026-08-08.jsonl: Copied (new)
2026/08/09 08:53:57 INFO  : Backups/inbox_2026-07-30/agy_cli.md: Copied (new)
2026/08/09 08:53:57 INFO  : Backups/inbox_2026-07-30/antigravity.md: Copied (new)
2026/08/09 08:53:57 INFO  : Backups/inbox_2026-07-30/antigravity_desktop.md: Copied (new)
2026/08/09 08:53:57 INFO  : Backups/inbox_2026-07-30/claude.md: Copied (new)
2026/08/09 08:53:58 INFO  : Backups/inbox_2026-07-30/codex.md: Copied (new)
2026/08/09 08:53:58 INFO  : Backups/inbox_2026-07-30/glm.md: Copied (new)
2026/08/09 08:53:58 INFO  : monitoramento_horario/bugs_encontrados/bugs_2026-08-05.jsonl: Copied (new)
2026/08/09 08:53:58 INFO  : Backups/inbox_2026-07-30/glm_coding.md: Copied (new)
2026/08/09 08:53:58 INFO  : Backups/inbox_2026-07-30/deepseek.md: Copied (new)
2026/08/09 08:53:58 INFO  : Backups/inbox_2026-07-30/grok.md: Copied (new)
2026/08/09 08:53:58 INFO  : Backups/inbox_2026-07-30/gpt.md: Copied (new)
2026/08/09 08:53:58 INFO  : Backups/inbox_2026-07-30/grok_coding.md: Copied (new)
2026/08/09 08:53:58 INFO  : Backups/inbox_2026-07-30/miguel.md: Copied (new)
2026/08/09 08:53:58 INFO  : Backups/inbox_2026-07-30/ming.md: Copied (new)
2026/08/09 08:53:58 INFO  : Backups/inbox_2026-07-30/qwen.md: Copied (new)
2026/08/09 08:53:58 INFO  : Backups/inbox_2026-07-30/qwen_coding.md: Copied (new)
2026/08/09 08:53:58 INFO  : Backups/inbox_2026-07-30/vibe_mistral_cli.md: Copied (new)
2026/08/09 08:53:58 INFO  : Backups/inbox_2026-07-30/kilo.md: Copied (new)
2026/08/09 08:53:58 INFO  : Backups/limpeza_comunicacao_reforma_v4_20260717_131257/MANIFESTO_LIMPEZA_COMUNICACAO.md: Copied (new)
2026/08/09 08:53:58 INFO  : monitoramento_horario/relatorios_revisores/2026-08-04.md: Copied (new)
2026/08/09 08:53:58 INFO  : Backups/limpeza_comunicacao_reforma_v4_20260717_131257/canal_trindade_antes.md: Copied (new)
2026/08/09 08:53:58 INFO  : Backups/inbox_2026-07-30/glm_5_2_externo.md: Copied (new)
2026/08/09 08:53:58 INFO  : Memorias/faxina_20260807/MANIFESTO_FAXINA_rio-ag.jsonl: Copied (new)
2026/08/09 08:53:58 INFO  : Backups/inbox_2026-07-30/kimi.md: Copied (new)
2026/08/09 08:53:58 INFO  : Memorias/faxina_20260807/MANIFESTO_FAXINA_nyc.jsonl: Copied (new)
2026/08/09 08:53:58 INFO  : monitoramento_horario/relatorios_revisores/2026-08-05.md: Copied (new)
2026/08/09 08:53:58 INFO  : monitoramento_horario/vigilia_haiku/vigilia_haiku_tematicos_2026-07-27.jsonl: Copied (new)
2026/08/09 08:53:58 INFO  : monitoramento_horario/vigilia_haiku/vigilia_haiku_2026-07-27.jsonl: Copied (new)
2026/08/09 08:53:58 INFO  : monitoramento_horario/tematicos/tematicos_2026-07-24.jsonl: Copied (new)
2026/08/09 08:53:58 INFO  : monitoramento_horario/vigilia_tematicos/snapshot_2026-08-07_10h_deep.json: Copied (new)
2026/08/09 08:53:58 INFO  : monitoramento_horario/tematicos/tematicos_2026-07-26.jsonl: Copied (new)
2026/08/09 08:53:58 INFO  : monitoramento_horario/vigilia_tematicos/snapshot_2026-08-07_11h15_v2.json: Copied (new)
2026/08/09 08:53:58 INFO  : Backups/reforma_v4_baleia_azul_20260717_pre_sprint/CEREBRO_NODE_BALEIA_AZUL.pre_handover_deepseek.md: Copied (new)
2026/08/09 08:53:58 INFO  : Backups/reforma_v4_baleia_azul_20260717_pre_sprint/CEREBRO_NODE_BALEIA_AZUL.pre_edicao_extraordinaria_11.md: Copied (new)
2026/08/09 08:53:58 INFO  : monitoramento_horario/vigilia_tematicos/vigilia_tematicos_2026-08-07.md: Copied (new)
2026/08/09 08:53:59 INFO  : Backups/reforma_v4_baleia_azul_20260717_pre_sprint/INDICE_DESPERTAR_LEVE.md: Copied (new)
2026/08/09 08:53:59 INFO  : monitoramento_horario/tematicos/tematicos_2026-07-25.jsonl: Copied (new)
2026/08/09 08:53:59 INFO  : Backups/reforma_v4_baleia_azul_20260717_pre_sprint/boletim_baleia_azul_20260717.md: Copied (new)
2026/08/09 08:53:59 INFO  : Backups/reforma_v4_baleia_azul_20260717_pre_sprint/CEREBRO_NODE_COFRE_CHAVES.md: Copied (new)
2026/08/09 08:53:59 INFO  : Backups/reforma_v4_baleia_azul_20260717_pre_sprint/despertar_leve_deepseek.md: Copied (new)
2026/08/09 08:53:59 INFO  : Backups/reforma_v4_baleia_azul_20260717_pre_sprint/MANIFESTO_BALEIA_AZUL_20260717.md: Copied (new)
2026/08/09 08:53:59 INFO  : Backups/rotacao_trindade_v4_20260718_220604/SHA256SUMS.txt: Copied (new)
2026/08/09 08:53:59 INFO  : Backups/manual_fixes/2026-08-09/post_264874_pre_titulo_curto.json: Copied (new)
2026/08/09 08:53:59 INFO  : Backups/reforma_v4_abertura_sprint_20260717_1042/CEREBRO_NODE_SPRINTS_ATIVOS_antes.md: Copied (new)
2026/08/09 08:53:59 INFO  : monitoramento_horario/tematicos/tematicos_2026-07-27.jsonl: Copied (new)
2026/08/09 08:53:59 INFO  : Backups/rotacao_trindade_v4_20260718_220604/cerebro/canal_trindade.md: Copied (new)
2026/08/09 08:53:59 INFO  : Backups/rotacao_trindade_v4_20260718_220604/projeto/canal_trindade.md: Copied (new)
2026/08/09 08:53:59 INFO  : Backups/reforma_v4_abertura_sprint_20260717_1042/canal_trindade_antes_da_limpeza.md: Copied (new)
2026/08/09 08:53:59 INFO  : monitoramento_horario/tematicos/.estado/aiatolah.json: Copied (new)
2026/08/09 08:53:59 INFO  : monitoramento_horario/tematicos/.estado/ceara_digital.json: Copied (new)
2026/08/09 08:53:59 INFO  : monitoramento_horario/tematicos/.estado/mapa_rio.json: Copied (new)
2026/08/09 08:53:59 INFO  : monitoramento_horario/tematicos/.estado/discover_brazil.json: Copied (new)
2026/08/09 08:53:59 INFO  : monitoramento_horario/tematicos/.estado/mundo_trilhos.json: Copied (new)
2026/08/09 08:53:59 INFO  : monitoramento_horario/tematicos/.estado/global_south_news.json: Copied (new)
2026/08/09 08:53:59 INFO  : Backups/reforma_v4_abertura_sprint_20260717_1042/MANIFESTO_ABERTURA_SPRINT_REFORMA_V4_20260717.md: Copied (new)
2026/08/09 08:53:59 INFO  : monitoramento_horario/tematicos/.estado/rio_carta.json: Copied (new)
2026/08/09 08:53:59 INFO  : monitoramento_horario/tematicos/analises_deepseek/tematicos_20260725_0531.json: Copied (new)
2026/08/09 08:54:00 INFO  : monitoramento_horario/tematicos/analises_deepseek/tematicos_20260725_0244.json: Copied (new)
2026/08/09 08:54:00 INFO  : monitoramento_horario/tematicos/analises_deepseek/tematicos_20260725_1031.json: Copied (new)
2026/08/09 08:54:00 INFO  : monitoramento_horario/tematicos/analises_deepseek/tematicos_20260725_0801.json: Copied (new)
2026/08/09 08:54:00 INFO  : monitoramento_horario/tematicos/analises_deepseek/tematicos_20260725_1603.json: Copied (new)
2026/08/09 08:54:00 INFO  : monitoramento_horario/tematicos/analises_deepseek/tematicos_20260725_1833.json: Copied (new)
2026/08/09 08:54:00 INFO  : monitoramento_horario/tematicos/analises_deepseek/tematicos_20260725_2103.json: Copied (new)
2026/08/09 08:54:00 INFO  : monitoramento_horario/tematicos/.estado/rail_post.json: Copied (new)
2026/08/09 08:54:00 INFO  : monitoramento_horario/tematicos/analises_deepseek/tematicos_20260726_0016.json: Copied (new)
2026/08/09 08:54:00 INFO  : backup_total_2026/logs/B2-01.j2.stdout: Copied (new)
2026/08/09 08:54:00 INFO  : backup_total_2026/logs/B2-01.j1.stdout: Copied (new)
2026/08/09 08:54:00 INFO  : monitoramento_horario/tematicos/analises_deepseek/tematicos_20260726_1053.json: Copied (new)
2026/08/09 08:54:00 INFO  : monitoramento_horario/tematicos/analises_deepseek/tematicos_20260726_1216.json: Copied (new)
2026/08/09 08:54:00 INFO  : monitoramento_horario/tematicos/analises_deepseek/tematicos_20260726_1513.json: Copied (new)
2026/08/09 08:54:00 INFO  : monitoramento_horario/tematicos/analises_deepseek/tematicos_20260726_1915.json: Copied (new)
2026/08/09 08:54:00 INFO  : monitoramento_horario/tematicos/analises_deepseek/tematicos_20260726_2113.json: Copied (new)
2026/08/09 08:54:00 INFO  : monitoramento_horario/tematicos/analises_deepseek/tematicos_20260727_0013.json: Copied (new)
2026/08/09 08:54:01 INFO  : backup_total_2026/logs/B2-01.j3.stdout: Copied (new)
2026/08/09 08:54:01 INFO  : monitoramento_horario/tematicos/analises_deepseek/tematicos_20260725_1333.json: Copied (new)
2026/08/09 08:54:01 INFO  : monitoramento_horario/tematicos/analises_deepseek/tematicos_20260727_0313.json: Copied (new)
2026/08/09 08:54:01 INFO  : backup_total_2026/logs/B2-01_j1.sh: Copied (new)
2026/08/09 08:54:01 INFO  : backup_total_2026/logs/B2-01_j2.sh: Copied (new)
2026/08/09 08:54:01 INFO  : backup_total_2026/logs/B2-01.log: Copied (new)
2026/08/09 08:54:01 INFO  : backup_total_2026/logs/B2-02_j1.sh: Copied (new)
2026/08/09 08:54:01 INFO  : backup_total_2026/logs/B2-01_j3.sh: Copied (new)
2026/08/09 08:54:01 INFO  : backup_total_2026/logs/B2-03.j1.stdout: Copied (new)
2026/08/09 08:54:01 INFO  : backup_total_2026/logs/B2-02.log: Copied (new)
2026/08/09 08:54:01 INFO  : backup_total_2026/logs/B2-03_j1.sh: Copied (new)
2026/08/09 08:54:01 INFO  : backup_total_2026/logs/B2-02.j1.stdout: Copied (new)
2026/08/09 08:54:02 INFO  : backup_total_2026/logs/B2-05.j1.stdout: Copied (new)
2026/08/09 08:54:02 INFO  : backup_total_2026/logs/B2-04.j1.stdout: Copied (new)
2026/08/09 08:54:02 INFO  : backup_total_2026/logs/B2-04_j1.sh: Copied (new)
2026/08/09 08:54:02 INFO  : backup_total_2026/logs/B2-05.j2.stdout: Copied (new)
2026/08/09 08:54:02 INFO  : backup_total_2026/logs/B2-04.log: Copied (new)
2026/08/09 08:54:02 INFO  : backup_total_2026/logs/B2-05.j3.stdout: Copied (new)
2026/08/09 08:54:02 INFO  : backup_total_2026/logs/B2-05.j5.stdout: Copied (new)
2026/08/09 08:54:02 INFO  : backup_total_2026/logs/B2-03.log: Copied (new)
2026/08/09 08:54:02 INFO  : backup_total_2026/logs/B2-05_j1.sh: Copied (new)
2026/08/09 08:54:03 INFO  : backup_total_2026/logs/B2-05_j2.sh: Copied (new)
2026/08/09 08:54:03 INFO  : backup_total_2026/logs/B2-05.j4.stdout: Copied (new)
2026/08/09 08:54:03 INFO  : backup_total_2026/logs/B2-05_j4.sh: Copied (new)
2026/08/09 08:54:03 INFO  : backup_total_2026/logs/B2-05_j3.sh: Copied (new)
2026/08/09 08:54:03 INFO  : backup_total_2026/logs/B2-06.j1.stdout: Copied (new)
2026/08/09 08:54:03 INFO  : backup_total_2026/logs/B2-05_j5.sh: Copied (new)
2026/08/09 08:54:03 INFO  : backup_total_2026/logs/B2-06.j2.stdout: Copied (new)
2026/08/09 08:54:03 INFO  : backup_total_2026/logs/B2-06_j1.sh: Copied (new)
2026/08/09 08:54:03 INFO  : backup_total_2026/logs/B2-06_j2.sh: Copied (new)
2026/08/09 08:54:04 INFO  : backup_total_2026/logs/B2-07.j1.stdout: Copied (new)
2026/08/09 08:54:04 INFO  : backup_total_2026/logs/B2-07_j1.sh: Copied (new)
2026/08/09 08:54:04 INFO  : backup_total_2026/logs/B2-08.j1.stdout: Copied (new)
2026/08/09 08:54:04 INFO  : backup_total_2026/logs/B2-08.log: Copied (new)
2026/08/09 08:54:04 INFO  : backup_total_2026/logs/B2-09.j1.stdout: Copied (new)
2026/08/09 08:54:04 INFO  : backup_total_2026/logs/B2-08_j1.sh: Copied (new)
2026/08/09 08:54:05 INFO  : backup_total_2026/logs/B2-09_j1.sh: Copied (new)
2026/08/09 08:54:05 INFO  : backup_total_2026/logs/B2-10.j1.stdout: Copied (new)
2026/08/09 08:54:05 INFO  : backup_total_2026/logs/B2-07.log: Copied (new)
2026/08/09 08:54:06 INFO  : backup_total_2026/logs/B2-10_j1.sh: Copied (new)
2026/08/09 08:54:06 INFO  : backup_total_2026/logs/B2-11.j1.stdout: Copied (new)
2026/08/09 08:54:07 INFO  : backup_total_2026/logs/B2-11_j1.sh: Copied (new)
2026/08/09 08:54:07 INFO  : backup_total_2026/logs/B2-09.log: Copied (new)
2026/08/09 08:54:07 INFO  : backup_total_2026/logs/C01.log: Copied (new)
2026/08/09 08:54:08 INFO  : backup_total_2026/logs/C03.log: Copied (new)
2026/08/09 08:54:08 INFO  : backup_total_2026/logs/C04.log: Copied (new)
2026/08/09 08:54:09 INFO  : backup_total_2026/logs/C02.log: Copied (new)
2026/08/09 08:54:09 INFO  : backup_total_2026/logs/B2-10.log: Copied (new)
2026/08/09 08:54:10 ERROR : backup_total_2026/logs/B2-11.log: corrupted on transfer: sha1 hashes differ src(Local file system at /home/migueldorosario/Downloads/Antigravity Google/Cerebro) "8fc530b6124a769ef397df30cd8102615c042334" vs dst(B2 bucket backup-total-local-2026 path Workspace_Vivo/Cerebro) "72dd7564f49051fdfbaf3b6edb656efb50e933d2"
2026/08/09 08:54:10 INFO  : backup_total_2026/logs/B2-11.log: Removing failed copy
2026/08/09 08:54:11 INFO  : backup_total_2026/logs/C07.log: Copied (new)
2026/08/09 08:54:12 INFO  : backup_total_2026/logs/C08.log: Copied (new)
2026/08/09 08:54:16 INFO  : backup_total_2026/logs/C09.log: Copied (new)
2026/08/09 08:54:16 INFO  : backup_total_2026/logs/C10.log: Copied (new)
2026/08/09 08:54:16 INFO  : backup_total_2026/logs/C11.j1.stdout: Copied (new)
2026/08/09 08:54:16 INFO  : backup_total_2026/logs/C11.j2.stdout: Copied (new)
2026/08/09 08:54:17 INFO  : backup_total_2026/logs/C11.j3.stdout: Copied (new)
2026/08/09 08:54:17 INFO  : backup_total_2026/logs/C11.j4.stdout: Copied (new)
2026/08/09 08:54:17 INFO  : backup_total_2026/logs/C12.j1.stdout: Copied (new)
2026/08/09 08:54:18 INFO  : backup_total_2026/logs/B2-06.log: Copied (new)
2026/08/09 08:54:18 INFO  : backup_total_2026/logs/C12.log: Copied (new)
2026/08/09 08:54:18 INFO  : backup_total_2026/logs/C13.j1.stdout: Copied (new)
2026/08/09 08:54:18 INFO  : backup_total_2026/logs/C13.j2.stdout: Copied (new)
2026/08/09 08:54:18 INFO  : backup_total_2026/logs/C13.j3.stdout: Copied (new)
2026/08/09 08:54:19 INFO  : Backups/vigilia_v5/2026-07-30/263515_pre_publish_20260730_202015.json: Copied (new)
2026/08/09 08:54:19 INFO  : backup_total_2026/logs/C13.j4.stdout: Copied (new)
2026/08/09 08:54:19 INFO  : Backups/vigilia_v5/2026-07-30/263557_pre_publish_20260730_214927.json: Copied (new)
2026/08/09 08:54:19 INFO  : backup_total_2026/logs/C13.j5.stdout: Copied (new)
2026/08/09 08:54:20 INFO  : backup_total_2026/logs/B2-05.log: Copied (new)
2026/08/09 08:54:20 INFO  : Backups/vigilia_v5/2026-07-30/263564_pre_publish_20260730_221921.json: Copied (new)
2026/08/09 08:54:20 INFO  : backup_total_2026/logs/C11.log: Copied (new)
2026/08/09 08:54:20 INFO  : backup_total_2026/logs/C14.j1.stdout: Copied (new)
2026/08/09 08:54:20 INFO  : Backups/vigilia_v5/2026-07-30/263631_pre_publish_20260730_221921.json: Copied (new)
2026/08/09 08:54:20 INFO  : Backups/vigilia_v5/2026-07-30/263631_titulo_fix_20260730_222002.json: Copied (new)
2026/08/09 08:54:21 INFO  : backup_total_2026/logs/C14.j2.stdout: Copied (new)
2026/08/09 08:54:21 INFO  : Backups/vigilia_v5/2026-07-30/263632_pre_publish_20260730_202015.json: Copied (new)
2026/08/09 08:54:21 INFO  : Backups/vigilia_v5/2026-07-30/263636_pre_publish_20260730_211903.json: Copied (new)
2026/08/09 08:54:21 INFO  : backup_total_2026/logs/C14_loop_j2.sh: Copied (new)
2026/08/09 08:54:22 INFO  : Backups/vigilia_v5/2026-07-30/263641_pre_publish_20260730_214927.json: Copied (new)
2026/08/09 08:54:22 INFO  : backup_total_2026/logs/C14.log: Copied (new)
2026/08/09 08:54:22 INFO  : backup_total_2026/logs/C15.j1.stdout: Copied (new)
2026/08/09 08:54:22 INFO  : Backups/vigilia_v5/2026-07-30/263647_pre_publish_20260730_230109.json: Copied (new)
2026/08/09 08:54:22 INFO  : backup_total_2026/logs/C15.j10.stdout: Copied (new)
2026/08/09 08:54:22 INFO  : backup_total_2026/logs/C13.log: Copied (new)
2026/08/09 08:54:22 INFO  : backup_total_2026/logs/C15.j11.stdout: Copied (new)
2026/08/09 08:54:23 INFO  : backup_total_2026/logs/C15.j12_longa.stdout: Copied (new)
2026/08/09 08:54:23 INFO  : backup_total_2026/logs/C15.j2.stdout: Copied (new)
2026/08/09 08:54:23 INFO  : backup_total_2026/logs/C06.log: Copied (new)
2026/08/09 08:54:23 INFO  : backup_total_2026/logs/C15.j3.stdout: Copied (new)
2026/08/09 08:54:23 INFO  : backup_total_2026/logs/C15.j4.stdout: Copied (new)
2026/08/09 08:54:23 INFO  : backup_total_2026/logs/C15.j5.stdout: Copied (new)
2026/08/09 08:54:23 INFO  : backup_total_2026/logs/C15.j6.stdout: Copied (new)
2026/08/09 08:54:23 INFO  : backup_total_2026/logs/C15.j7.stdout: Copied (new)
2026/08/09 08:54:23 INFO  : backup_total_2026/logs/C15.j8.stdout: Copied (new)
2026/08/09 08:54:23 INFO  : backup_total_2026/logs/C15_j1.sh: Copied (new)
2026/08/09 08:54:23 INFO  : backup_total_2026/logs/C15_j10.sh: Copied (new)
2026/08/09 08:54:23 INFO  : backup_total_2026/logs/C15.j9.stdout: Copied (new)
2026/08/09 08:54:23 INFO  : backup_total_2026/logs/C15_j11.sh: Copied (new)
2026/08/09 08:54:23 INFO  : backup_total_2026/logs/C15_j12_longa.sh: Copied (new)
2026/08/09 08:54:24 INFO  : backup_total_2026/logs/C15_j2.sh: Copied (new)
2026/08/09 08:54:24 INFO  : backup_total_2026/logs/C15_j3.sh: Copied (new)
2026/08/09 08:54:24 INFO  : backup_total_2026/logs/C15_j5.sh: Copied (new)
2026/08/09 08:54:24 INFO  : backup_total_2026/logs/C15_j4.sh: Copied (new)
2026/08/09 08:54:24 INFO  : backup_total_2026/logs/C15_j6.sh: Copied (new)
2026/08/09 08:54:24 INFO  : backup_total_2026/logs/C15_j8.sh: Copied (new)
2026/08/09 08:54:24 INFO  : backup_total_2026/logs/C15_j9.sh: Copied (new)
2026/08/09 08:54:24 INFO  : backup_total_2026/logs/C15_j7.sh: Copied (new)
2026/08/09 08:54:24 INFO  : backup_total_2026/logs/C16.j1.stdout: Copied (new)
2026/08/09 08:54:25 INFO  : backup_total_2026/logs/C16.j2.stdout: Copied (new)
2026/08/09 08:54:25 INFO  : backup_total_2026/logs/C16.j4_checkPC.stdout: Copied (new)
2026/08/09 08:54:25 INFO  : backup_total_2026/logs/C16.j3_check.stdout: Copied (new)
2026/08/09 08:54:25 INFO  : backup_total_2026/logs/C16.j5.stdout: Copied (new)
2026/08/09 08:54:25 INFO  : backup_total_2026/logs/C16.j7.stdout: Copied (new)
2026/08/09 08:54:25 INFO  : backup_total_2026/logs/C16.j6.stdout: Copied (new)
2026/08/09 08:54:26 INFO  : backup_total_2026/logs/C16_j1.sh: Copied (new)
2026/08/09 08:54:26 INFO  : backup_total_2026/logs/C16_check.log: Copied (new)
2026/08/09 08:54:26 INFO  : backup_total_2026/logs/C16_checkPC.log: Copied (new)
2026/08/09 08:54:26 INFO  : backup_total_2026/logs/C16_j2.sh: Copied (new)
2026/08/09 08:54:27 INFO  : backup_total_2026/logs/C16_j3_check.sh: Copied (new)
2026/08/09 08:54:27 INFO  : backup_total_2026/logs/C16_j5_topupOutros.sh: Copied (new)
2026/08/09 08:54:27 INFO  : backup_total_2026/logs/C16.log: Copied (new)
2026/08/09 08:54:27 INFO  : backup_total_2026/logs/C16_j6_topupPC.sh: Copied (new)
2026/08/09 08:54:27 INFO  : backup_total_2026/logs/C16_j4_checkPC.sh: Copied (new)
2026/08/09 08:54:27 INFO  : backup_total_2026/logs/C16_j7_recheckPC.sh: Copied (new)
2026/08/09 08:54:27 INFO  : backup_total_2026/logs/C16_recheckPC.log: Copied (new)
2026/08/09 08:54:28 INFO  : Backups/backup_cerebro_20260728_164635/00_CEREBRO_CANONICO.md: Copied (new)
2026/08/09 08:54:28 INFO  : Backups/backup_cerebro_20260728_164635/A_GRANDE_REFORMA_DO_CAFEZINHO.md: Copied (new)
2026/08/09 08:54:28 INFO  : Backups/backup_cerebro_20260728_164635/CARTAO_BOLSO_SSH_SERVIDOR_WP_CAFEZINHO.md: Copied (new)
2026/08/09 08:54:28 INFO  : Backups/backup_cerebro_20260728_164635/CARTAO_BOLSO_WP_CAFEZINHO_SYNC_CHATBOTS.md: Copied (new)
2026/08/09 08:54:28 INFO  : Backups/backup_cerebro_20260728_164635/CARTAO_BOLSO_WP_REVISTA_FORUM.md: Copied (new)
2026/08/09 08:54:28 INFO  : Backups/backup_cerebro_20260728_164635/CEREBRO_INDEX_DADOS_PUBLICOS.md: Copied (new)
2026/08/09 08:54:28 INFO  : Backups/backup_cerebro_20260728_164635/CEREBRO_INDEX_GSN.md: Copied (new)
2026/08/09 08:54:29 INFO  : Backups/backup_cerebro_20260728_164635/CEREBRO_INDEX_INCIDENTES_20260522.md: Copied (new)
2026/08/09 08:54:29 INFO  : Backups/backup_cerebro_20260728_164635/CEREBRO_INDEX_LEITOR_VIDEO.md: Copied (new)
2026/08/09 08:54:29 INFO  : Backups/backup_cerebro_20260728_164635/CEREBRO_INDEX_AIATOLAH.md: Copied (new)
2026/08/09 08:54:29 INFO  : Backups/backup_cerebro_20260728_164635/CEREBRO_INDEX_MASTER.md: Copied (new)
2026/08/09 08:54:29 INFO  : Backups/backup_cerebro_20260728_164635/CEREBRO_INDEX_MIGUEL.md: Copied (new)
2026/08/09 08:54:29 INFO  : Backups/backup_cerebro_20260728_164635/CEREBRO_INDEX_MOKA_MASTER.md: Copied (new)
2026/08/09 08:54:29 INFO  : Backups/backup_cerebro_20260728_164635/CEREBRO_INDEX_MOKA.md: Copied (new)
2026/08/09 08:54:29 INFO  : Backups/backup_cerebro_20260728_164635/CEREBRO_INDEX_REFORMA_ARQUIVOS_20260722.md: Copied (new)
2026/08/09 08:54:29 INFO  : Backups/backup_cerebro_20260728_164635/CEREBRO_INDEX_SATELITES.md: Copied (new)
2026/08/09 08:54:29 INFO  : Backups/backup_cerebro_20260728_164635/CEREBRO_INDEX_RIOCARTA.md: Copied (new)
2026/08/09 08:54:29 INFO  : Backups/backup_cerebro_20260728_164635/CEREBRO_INDEX_VIGIAS.md: Copied (new)
2026/08/09 08:54:30 INFO  : Backups/backup_cerebro_20260728_164635/CEREBRO_NODE_AGENDA_LEMBRETES.md: Copied (new)
2026/08/09 08:54:30 INFO  : Backups/backup_cerebro_20260728_164635/CEREBRO_NODE_ARQUITETURA.md: Copied (new)
2026/08/09 08:54:30 INFO  : Backups/backup_cerebro_20260728_164635/CEREBRO_NODE_AGENTES.md: Copied (new)
2026/08/09 08:54:30 INFO  : Backups/backup_cerebro_20260728_164635/CEREBRO_NODE_ATUALIZACOES.md.bak_pre_claude_opus_fixes_20260727_1805: Copied (new)
2026/08/09 08:54:31 INFO  : Backups/backup_cerebro_20260728_164635/CEREBRO_NODE_BACKUPS_BACKBLAZE.md: Copied (new)
2026/08/09 08:54:31 INFO  : Backups/backup_cerebro_20260728_164635/CEREBRO_NODE_ATUALIZACOES.md.bak_pre_wp_redacao_nova_20260727_044058: Copied (new)
2026/08/09 08:54:31 INFO  : Backups/backup_cerebro_20260728_164635/CEREBRO_NODE_ATUALIZACOES.md: Copied (new)
2026/08/09 08:54:31 INFO  : Backups/backup_cerebro_20260728_164635/CEREBRO_NODE_BALEIA_AZUL.md: Copied (new)
2026/08/09 08:54:32 INFO  : Backups/backup_cerebro_20260728_164635/CEREBRO_NODE_BOLETIM_NEWS_CAFEZINHO.md: Copied (new)
2026/08/09 08:54:32 INFO  : Backups/backup_cerebro_20260728_164635/CEREBRO_NODE_BOLETIM_NEWS_DEEPSEEK.md: Copied (new)
2026/08/09 08:54:32 INFO  : Backups/backup_cerebro_20260728_164635/CEREBRO_NODE_BOLETIM_NEWS_RIOCARTA.md: Copied (new)
2026/08/09 08:54:32 INFO  : Backups/backup_cerebro_20260728_164635/CEREBRO_NODE_BOLETIM_NEWS.md: Copied (new)
2026/08/09 08:54:32 INFO  : Backups/backup_cerebro_20260728_164635/CEREBRO_NODE_BUGS.md: Copied (new)
2026/08/09 08:54:32 INFO  : Backups/backup_cerebro_20260728_164635/CEREBRO_NODE_BUGS_ATIVOS.md: Copied (new)
2026/08/09 08:54:32 INFO  : Backups/backup_cerebro_20260728_164635/CEREBRO_NODE_BUGS_FIXES_INDICE.md: Copied (new)
2026/08/09 08:54:32 INFO  : Backups/backup_cerebro_20260728_164635/CEREBRO_NODE_BUGS_SOLUCOES.md: Copied (new)
2026/08/09 08:54:32 INFO  : Backups/backup_cerebro_20260728_164635/CEREBRO_NODE_CATALOGO_MODELOS_LLM.md: Copied (new)
2026/08/09 08:54:33 INFO  : Backups/backup_cerebro_20260728_164635/CEREBRO_NODE_CANARIO_POS_REFORMA.md: Copied (new)
2026/08/09 08:54:33 INFO  : Backups/backup_cerebro_20260728_164635/CEREBRO_NODE_CHECKUPS.md: Copied (new)
2026/08/09 08:54:33 INFO  : Backups/backup_cerebro_20260728_164635/CEREBRO_NODE_CHAVES_E_LLMS.md: Copied (new)
2026/08/09 08:54:33 INFO  : Backups/backup_cerebro_20260728_164635/CEREBRO_NODE_CODIGO_MORTO_INDEXADO.md: Copied (new)
2026/08/09 08:54:33 INFO  : Backups/backup_cerebro_20260728_164635/CEREBRO_NODE_COFRE_CHAVES.md.bak_pre_wp_redacao_nova_20260727_044058: Copied (new)
2026/08/09 08:54:34 INFO  : Backups/backup_cerebro_20260728_164635/CEREBRO_NODE_COFRE_CHAVES.md: Copied (new)
2026/08/09 08:54:34 INFO  : Backups/backup_cerebro_20260728_164635/CEREBRO_NODE_COMUNICACAO.md: Copied (new)
2026/08/09 08:54:34 INFO  : Backups/backup_cerebro_20260728_164635/CEREBRO_NODE_BUGS_RESOLVIDOS.md: Copied (new)
2026/08/09 08:54:34 INFO  : Backups/backup_cerebro_20260728_164635/CEREBRO_NODE_GOVERNANCA.md: Copied (new)
2026/08/09 08:54:34 INFO  : backup_total_2026/logs/C05.log: Copied (new)
2026/08/09 08:54:34 INFO  : Backups/backup_cerebro_20260728_164635/CEREBRO_NODE_GOVERNANCA_SPRINTS_HISTORICO.md: Copied (new)
2026/08/09 08:54:34 INFO  : Backups/backup_cerebro_20260728_164635/CEREBRO_NODE_DIRETRIZES_COLETORES.md: Copied (new)
2026/08/09 08:54:34 INFO  : Backups/backup_cerebro_20260728_164635/CEREBRO_NODE_HARDWARE_MIGUEL.md: Copied (new)
2026/08/09 08:54:34 INFO  : Backups/backup_cerebro_20260728_164635/CEREBRO_NODE_HARDWARE_MIGUEL_ROLLBACK.md: Copied (new)
2026/08/09 08:54:35 INFO  : Backups/backup_cerebro_20260728_164635/CEREBRO_NODE_MANCHETE.md: Copied (new)
2026/08/09 08:54:35 INFO  : Backups/backup_cerebro_20260728_164635/CEREBRO_NODE_LIVRO_FILHOS_DA_IMPUNIDADE.md: Copied (new)
2026/08/09 08:54:35 INFO  : Backups/backup_cerebro_20260728_164635/CEREBRO_NODE_GOVERNANCA_REGRAS_VIVAS.md: Copied (new)
2026/08/09 08:54:35 INFO  : Backups/backup_cerebro_20260728_164635/CEREBRO_NODE_MEMORIA_TRABALHO.md: Copied (new)
2026/08/09 08:54:35 INFO  : Backups/backup_cerebro_20260728_164635/CEREBRO_NODE_MUNDO_TRILHOS.md: Copied (new)
2026/08/09 08:54:35 INFO  : Backups/backup_cerebro_20260728_164635/CEREBRO_NODE_OBSERVABILIDADE.md: Copied (new)
2026/08/09 08:54:35 INFO  : Backups/backup_cerebro_20260728_164635/CEREBRO_NODE_ORLANDO_DINIZ.md: Copied (new)
2026/08/09 08:54:35 INFO  : Backups/backup_cerebro_20260728_164635/CEREBRO_NODE_PUBLICACAO_WP_CAFEZINHO.md.bak_pre_wp_redacao_nova_20260727_044058: Copied (new)
2026/08/09 08:54:35 INFO  : Backups/backup_cerebro_20260728_164635/CEREBRO_NODE_PUBLICACAO_DUPLA_WP.md: Copied (new)
2026/08/09 08:54:35 INFO  : Backups/backup_cerebro_20260728_164635/CEREBRO_NODE_QUALIDADE_REDACAO.md: Copied (new)
2026/08/09 08:54:35 INFO  : Backups/backup_cerebro_20260728_164635/CEREBRO_NODE_PUBLICACAO_WP_CAFEZINHO.md: Copied (new)
2026/08/09 08:54:35 INFO  : Backups/backup_cerebro_20260728_164635/CEREBRO_NODE_RELATORIOS_MONITORAMENTO.md: Copied (new)
2026/08/09 08:54:35 INFO  : Backups/backup_cerebro_20260728_164635/CEREBRO_NODE_SPRINTS_ATIVOS.md: Copied (new)
2026/08/09 08:54:35 INFO  : Backups/backup_cerebro_20260728_164635/CEREBRO_NODE_SEO_OBSERVATORY.md: Copied (new)
2026/08/09 08:54:36 INFO  : Backups/backup_cerebro_20260728_164635/CEREBRO_NODE_TELEMETRIA.md: Copied (new)
2026/08/09 08:54:36 INFO  : Backups/backup_cerebro_20260728_164635/HISTORIA_AGENTE_CAETANO_20260531_20260626.md: Copied (new)
2026/08/09 08:54:36 INFO  : Backups/backup_cerebro_20260728_164635/MANIFESTO_ESTANTE_PRINCIPAL_20260722.md: Copied (new)
2026/08/09 08:54:36 INFO  : Backups/backup_cerebro_20260728_164635/IDENTIDADE_CANONICA.md: Copied (new)
2026/08/09 08:54:36 INFO  : Backups/backup_cerebro_20260728_164635/MEMORIA_BUGS_ATUAL.md: Copied (new)
2026/08/09 08:54:36 INFO  : Backups/backup_cerebro_20260728_164635/MEMORIA_BUGS_HISTORICA.md: Copied (new)
2026/08/09 08:54:36 INFO  : backup_total_2026/logs/C15.log: Copied (new)
2026/08/09 08:54:36 INFO  : Backups/backup_cerebro_20260728_164635/cerebro_light.py: Copied (new)
2026/08/09 08:54:36 INFO  : Backups/backup_cerebro_20260728_164635/MEMORY.md: Copied (new)
2026/08/09 08:54:36 INFO  : Backups/backup_cerebro_20260728_164635/banco_eleitoral_cerebro.py: Copied (new)
2026/08/09 08:54:36 INFO  : Backups/backup_cerebro_20260728_164635/indice_cerebro.json: Copied (new)
2026/08/09 08:54:36 INFO  : Backups/backup_cerebro_20260728_164635/mapa_reorganizacao_20260717.md: Copied (new)
2026/08/09 08:54:36 INFO  : Backups/vigilia_v5/2026-07-31/263498_pre_schedule_20260731_105834.json: Copied (new)
2026/08/09 08:54:36 INFO  : Backups/vigilia_v5/2026-07-31/263574_pre_schedule_20260731_105834.json: Copied (new)
2026/08/09 08:54:37 INFO  : Backups/vigilia_v5/2026-07-31/263616_pre_publish_20260731_032751.json: Copied (new)
2026/08/09 08:54:37 INFO  : Backups/vigilia_v5/2026-07-31/263626_pre_publish_20260731_052759.json: Copied (new)
2026/08/09 08:54:37 INFO  : Backups/vigilia_v5/2026-07-31/263611_pre_publish_20260731_002721.json: Copied (new)
2026/08/09 08:54:37 INFO  : Backups/vigilia_v5/2026-07-31/263571_pre_schedule_20260731_105834.json: Copied (new)
2026/08/09 08:54:37 INFO  : Backups/vigilia_v5/2026-07-31/263634_pre_schedule_20260731_105834.json: Copied (new)
2026/08/09 08:54:37 INFO  : Backups/vigilia_v5/2026-07-31/263635_pre_schedule_20260731_105834.json: Copied (new)
2026/08/09 08:54:37 INFO  : Backups/vigilia_v5/2026-07-31/263646_pre_publish_20260731_052759.json: Copied (new)
2026/08/09 08:54:37 INFO  : Backups/vigilia_v5/2026-07-31/263650_pre_publish_20260731_022738.json: Copied (new)
2026/08/09 08:54:37 INFO  : Backups/vigilia_v5/2026-07-31/263654_pre_schedule_20260731_105834.json: Copied (new)
2026/08/09 08:54:37 INFO  : Backups/vigilia_v5/2026-07-31/263638_pre_schedule_20260731_105834.json: Copied (new)
2026/08/09 08:54:37 INFO  : Backups/backup_cerebro_20260728_164635/banco_eleitoral.db: Copied (new)
2026/08/09 08:54:37 INFO  : Backups/vigilia_v5/2026-07-31/263655_pre_publish_20260731_052759.json: Copied (new)
2026/08/09 08:54:37 INFO  : Backups/vigilia_v5/2026-07-31/263665_pre_publish_20260731_032751.json: Copied (new)
2026/08/09 08:54:37 INFO  : Backups/vigilia_v5/2026-07-31/263663_pre_publish_20260731_022738.json: Copied (new)
2026/08/09 08:54:37 INFO  : Backups/vigilia_v5/2026-07-31/263657_pre_publish_20260731_084859.json: Copied (new)
2026/08/09 08:54:37 INFO  : Backups/vigilia_v5/2026-07-31/263671_pre_publish_20260731_111907.json: Copied (new)
2026/08/09 08:54:37 INFO  : Backups/vigilia_v5/2026-07-31/263672_pre_publish_20260731_052759.json: Copied (new)
2026/08/09 08:54:37 INFO  : Backups/vigilia_v5/2026-07-31/263685_pre_publish_20260731_115153.json: Copied (new)
2026/08/09 08:54:38 INFO  : Backups/vigilia_v5/2026-07-31/263686_pre_publish_20260731_122020.json: Copied (new)
2026/08/09 08:54:38 INFO  : Backups/vigilia_v5/2026-07-31/263681_pre_publish_20260731_094912.json: Copied (new)
2026/08/09 08:54:38 INFO  : Backups/vigilia_v5/2026-07-31/263682_pre_publish_20260731_064829.json: Copied (new)
2026/08/09 08:54:38 INFO  : Backups/vigilia_v5/2026-07-31/263679_pre_publish_20260731_064829.json: Copied (new)
2026/08/09 08:54:38 INFO  : Backups/vigilia_v5/2026-07-31/263693_pre_publish_20260731_091920.json: Copied (new)
2026/08/09 08:54:38 INFO  : Backups/vigilia_v5/2026-07-31/263689_pre_publish_20260731_074859.json: Copied (new)
2026/08/09 08:54:38 INFO  : Backups/vigilia_v5/2026-07-31/263697_pre_publish_20260731_091920.json: Copied (new)
2026/08/09 08:54:38 INFO  : Backups/vigilia_v5/2026-07-31/263653_pre_schedule_20260731_105834.json: Copied (new)
2026/08/09 08:54:38 INFO  : Backups/vigilia_v5/2026-07-31/263703_pre_publish_20260731_104943.json: Copied (new)
2026/08/09 08:54:38 INFO  : Backups/vigilia_v5/2026-07-31/263704_pre_publish_20260731_200625.json: Copied (new)
2026/08/09 08:54:38 INFO  : Backups/vigilia_v5/2026-07-31/263705_pre_publish_20260731_104943.json: Copied (new)
2026/08/09 08:54:38 INFO  : Backups/vigilia_v5/2026-07-31/263721_pre_publish_20260731_122020.json: Copied (new)
2026/08/09 08:54:38 INFO  : Backups/vigilia_v5/2026-07-31/263699_pre_publish_20260731_115153.json: Copied (new)
2026/08/09 08:54:38 INFO  : Backups/vigilia_v5/2026-07-31/263725_pre_publish_20260731_122020.json: Copied (new)
2026/08/09 08:54:38 INFO  : Backups/vigilia_v5/2026-07-31/263727_pre_publish_20260731_124932.json: Copied (new)
2026/08/09 08:54:38 INFO  : Backups/vigilia_v5/2026-07-31/263734_pre_publish_20260731_134937.json: Copied (new)
2026/08/09 08:54:38 INFO  : Backups/vigilia_v5/2026-07-31/263732_pre_publish_20260731_134937.json: Copied (new)
2026/08/09 08:54:38 INFO  : Backups/vigilia_v5/2026-07-31/263773_pre_publish_000033.json: Copied (new)
2026/08/09 08:54:39 INFO  : Backups/vigilia_v5/2026-07-31/263776_pre_publish_20260731_200625.json: Copied (new)
2026/08/09 08:54:39 INFO  : Backups/vigilia_v5/2026-07-31/263767_pre_publish_20260731_200625.json: Copied (new)
2026/08/09 08:54:39 INFO  : Backups/vigilia_v5/2026-07-31/263779_pre_publish_20260731_201900.json: Copied (new)
2026/08/09 08:54:39 INFO  : Backups/vigilia_v5/2026-07-31/263781_pre_publish_20260731_211912.json: Copied (new)
2026/08/09 08:54:39 INFO  : Backups/vigilia_v5/2026-07-31/263770_pre_publish_20260731_200518.json: Copied (new)
2026/08/09 08:54:39 INFO  : monitoramento_horario/propostas_correcao/255174_corpo_20260726_1801.md: Copied (new)
2026/08/09 08:54:39 INFO  : Backups/vigilia_v5/2026-07-31/263791_pre_publish_235948.json: Copied (new)
2026/08/09 08:54:39 INFO  : monitoramento_horario/propostas_correcao/262232_titulo_20260720_0112.md: Copied (new)
2026/08/09 08:54:39 INFO  : monitoramento_horario/propostas_correcao/262127_manchete_20260720_0658.md: Copied (new)
2026/08/09 08:54:39 INFO  : monitoramento_horario/propostas_correcao/262232_titulo_20260720_0556.md: Copied (new)
2026/08/09 08:54:39 INFO  : monitoramento_horario/propostas_correcao/262127_manchete_20260720_0112.md: Copied (new)
2026/08/09 08:54:39 INFO  : monitoramento_horario/propostas_correcao/262236_titulo_20260720_0112.md: Copied (new)
2026/08/09 08:54:39 INFO  : monitoramento_horario/propostas_correcao/262236_titulo_20260720_0556.md: Copied (new)
2026/08/09 08:54:39 INFO  : monitoramento_horario/propostas_correcao/262232_titulo_20260720_0553.md: Copied (new)
2026/08/09 08:54:39 INFO  : monitoramento_horario/propostas_correcao/262243_titulo_20260720_0553.md: Copied (new)
2026/08/09 08:54:39 INFO  : monitoramento_horario/propostas_correcao/262243_titulo_20260720_0556.md: Copied (new)
2026/08/09 08:54:40 INFO  : monitoramento_horario/propostas_correcao/262250_titulo_20260720_0556.md: Copied (new)
2026/08/09 08:54:40 INFO  : monitoramento_horario/propostas_correcao/262257_titulo_20260720_0553.md: Copied (new)
2026/08/09 08:54:40 INFO  : monitoramento_horario/propostas_correcao/262250_manchete_20260720_0553.md: Copied (new)
2026/08/09 08:54:40 INFO  : monitoramento_horario/propostas_correcao/262309_manchete + fact-check completo_20260720_1345.md: Copied (new)
2026/08/09 08:54:40 INFO  : monitoramento_horario/propostas_correcao/262309_manchete+corpo_20260720_1415.md: Copied (new)
2026/08/09 08:54:40 INFO  : monitoramento_horario/propostas_correcao/262309_verificacao_factual_20260720_1119.md: Copied (new)
2026/08/09 08:54:40 INFO  : monitoramento_horario/propostas_correcao/262257_titulo_20260720_0556.md: Copied (new)
2026/08/09 08:54:40 INFO  : monitoramento_horario/propostas_correcao/262309_revisao_editorial_20260720_1315.md: Copied (new)
2026/08/09 08:54:40 INFO  : monitoramento_horario/propostas_correcao/262309_verificacao_factual_20260720_1215.md: Copied (new)
2026/08/09 08:54:40 INFO  : monitoramento_horario/propostas_correcao/262403_manchete_20260721_1327.md: Copied (new)
2026/08/09 08:54:40 INFO  : monitoramento_horario/propostas_correcao/262309_revisao_editorial_20260720_1245.md: Copied (new)
2026/08/09 08:54:40 INFO  : monitoramento_horario/propostas_correcao/262403_titulo_20260721_1801.md: Copied (new)
2026/08/09 08:54:40 INFO  : monitoramento_horario/propostas_correcao/262403_manchete_20260721_1517.md: Copied (new)
2026/08/09 08:54:40 INFO  : monitoramento_horario/propostas_correcao/262403_titulo_contextualizacao_empresa_20260721_1645.md: Copied (new)
2026/08/09 08:54:41 INFO  : monitoramento_horario/propostas_correcao/262403_titulo_20260721_1446.md: Copied (new)
2026/08/09 08:54:41 INFO  : monitoramento_horario/propostas_correcao/262418_corpo_20260721_0950.md: Copied (new)
2026/08/09 08:54:41 INFO  : monitoramento_horario/propostas_correcao/262432_duplicata_20260721_1545.md: Copied (new)
2026/08/09 08:54:41 INFO  : monitoramento_horario/propostas_correcao/262412_corpo_20260721_0755.md: Copied (new)
2026/08/09 08:54:41 INFO  : monitoramento_horario/propostas_correcao/262403_título_20260721_1415.md: Copied (new)
2026/08/09 08:54:41 INFO  : monitoramento_horario/propostas_correcao/262432_duplicata_20260721_1915.md: Copied (new)
2026/08/09 08:54:41 INFO  : monitoramento_horario/propostas_correcao/262486_corpo_20260722_0001.md: Copied (new)
2026/08/09 08:54:41 INFO  : monitoramento_horario/propostas_correcao/262493_corpo (lide, primeiro parágrafo)_20260722_1845.md: Copied (new)
2026/08/09 08:54:41 INFO  : monitoramento_horario/propostas_correcao/262493_corpo_20260722_1801.md: Copied (new)
2026/08/09 08:54:41 INFO  : monitoramento_horario/propostas_correcao/262445_titulo_20260721_1346.md: Copied (new)
2026/08/09 08:54:41 INFO  : monitoramento_horario/propostas_correcao/262432_titulo_corpo_duplicata_20260721_1815.md: Copied (new)
2026/08/09 08:54:41 INFO  : monitoramento_horario/propostas_correcao/262486_titulo_corpo_erro_factual_20260722_0017.md: Copied (new)
2026/08/09 08:54:41 INFO  : monitoramento_horario/propostas_correcao/262493_corpo_20260722_1830.md: Copied (new)
2026/08/09 08:54:41 INFO  : monitoramento_horario/propostas_correcao/262493_corpo_20260722_1915.md: Copied (new)
2026/08/09 08:54:41 INFO  : monitoramento_horario/propostas_correcao/262494_corpo_20260721_2145.md: Copied (new)
2026/08/09 08:54:41 INFO  : monitoramento_horario/propostas_correcao/262493_lide_20260722_1901.md: Copied (new)
2026/08/09 08:54:41 INFO  : monitoramento_horario/propostas_correcao/262501_corpo_20260721_2301.md: Copied (new)
2026/08/09 08:54:41 INFO  :   130.259 MiB / 214.715 MiB, 61%, 2.690 MiB/s, ETA 31s (xfr#740/4315)
2026/08/09 08:54:42 INFO  : monitoramento_horario/propostas_correcao/262501_corpo_20260722_0001.md: Copied (new)
2026/08/09 08:54:42 INFO  : monitoramento_horario/propostas_correcao/262501_cargos_ministeriais_errados_20260722_0017.md: Copied (new)
2026/08/09 08:54:42 INFO  : monitoramento_horario/propostas_correcao/262501_corpo_paragrafos_iniciais_20260721_2315.md: Copied (new)
2026/08/09 08:54:42 INFO  : monitoramento_horario/propostas_correcao/262501_corpo_20260721_2346.md: Copied (new)
2026/08/09 08:54:42 INFO  : monitoramento_horario/propostas_correcao/262509_conteudo_20260722_0315.md: Copied (new)
2026/08/09 08:54:42 INFO  : monitoramento_horario/propostas_correcao/262501_corpo_20260721_2245.md: Copied (new)
2026/08/09 08:54:42 INFO  : monitoramento_horario/propostas_correcao/262509_corpo_20260722_0301.md: Copied (new)
2026/08/09 08:54:42 INFO  : monitoramento_horario/propostas_correcao/262509_corpo_20260722_0346.md: Copied (new)
2026/08/09 08:54:42 INFO  : monitoramento_horario/propostas_correcao/262509_corpo_20260722_0402.md: Copied (new)
2026/08/09 08:54:42 INFO  : monitoramento_horario/propostas_correcao/262519_corpo_20260722_0346.md: Copied (new)
2026/08/09 08:54:42 INFO  : monitoramento_horario/propostas_correcao/262509_corpo_20260722_0417.md: Copied (new)
2026/08/09 08:54:42 INFO  : monitoramento_horario/propostas_correcao/262543_corpo_capitalizacao_nomes_20260722_0946.md: Copied (new)
2026/08/09 08:54:42 INFO  : monitoramento_horario/propostas_correcao/262561_corpo_20260722_1431.md: Copied (new)
2026/08/09 08:54:42 INFO  : monitoramento_horario/propostas_correcao/262561_corpo_20260722_1445.md: Copied (new)
2026/08/09 08:54:42 INFO  : monitoramento_horario/propostas_correcao/262561_titulo_corpo_duplicata_20260722_1617.md: Copied (new)
2026/08/09 08:54:42 INFO  : monitoramento_horario/propostas_correcao/262561_corpo_20260722_1515.md: Copied (new)
2026/08/09 08:54:42 INFO  : monitoramento_horario/propostas_correcao/262519_corpo_20260722_0402.md: Copied (new)
2026/08/09 08:54:42 INFO  : monitoramento_horario/propostas_correcao/262559_corpo_20260722_1346.md: Copied (new)
2026/08/09 08:54:42 INFO  : monitoramento_horario/propostas_correcao/262575_corpo_20260722_1746.md: Copied (new)
2026/08/09 08:54:43 INFO  : monitoramento_horario/propostas_correcao/262575_corpo_20260722_1845.md: Copied (new)
2026/08/09 08:54:43 INFO  : monitoramento_horario/propostas_correcao/262578_corpo_texto_ancora_20260723_1016.md: Copied (new)
2026/08/09 08:54:43 INFO  : monitoramento_horario/propostas_correcao/262595_duplicata_20260722_2346.md: Copied (new)
2026/08/09 08:54:43 INFO  : monitoramento_horario/propostas_correcao/262612_manchete_20260723_0215.md: Copied (new)
2026/08/09 08:54:43 INFO  : monitoramento_horario/propostas_correcao/262665_corpo_20260723_1145.md: Copied (new)
2026/08/09 08:54:43 INFO  : monitoramento_horario/propostas_correcao/262603_corpo_20260723_0046.md: Copied (new)
2026/08/09 08:54:43 INFO  : monitoramento_horario/propostas_correcao/262665_corpo_paragrafo_2_20260723_1201.md: Copied (new)
2026/08/09 08:54:43 INFO  : monitoramento_horario/propostas_correcao/262672_corpo_20260723_1346.md: Copied (new)
2026/08/09 08:54:43 INFO  : monitoramento_horario/propostas_correcao/262603_conteudo_duplicado_20260723_0145.md: Copied (new)
2026/08/09 08:54:43 INFO  : monitoramento_horario/propostas_correcao/262673_duplicata_20260723_1501.md: Copied (new)
2026/08/09 08:54:43 INFO  : monitoramento_horario/propostas_correcao/262673_corpo_20260723_1346.md: Copied (new)
2026/08/09 08:54:43 INFO  : monitoramento_horario/propostas_correcao/262672_corpo_20260723_1401.md: Copied (new)
2026/08/09 08:54:43 INFO  : monitoramento_horario/propostas_correcao/262679_corpo_20260723_1546.md: Copied (new)
2026/08/09 08:54:43 INFO  : monitoramento_horario/propostas_correcao/262679_titulo_20260723_1601.md: Copied (new)
2026/08/09 08:54:43 INFO  : monitoramento_horario/propostas_correcao/262713_corpo_20260723_2345.md: Copied (new)
2026/08/09 08:54:43 INFO  : monitoramento_horario/propostas_correcao/262713_corpo_20260724_0046.md: Copied (new)
2026/08/09 08:54:43 INFO  : monitoramento_horario/propostas_correcao/262713_corpo_20260724_0100.md: Copied (new)
2026/08/09 08:54:43 INFO  : monitoramento_horario/propostas_correcao/262705_corpo_20260723_2145.md: Copied (new)
2026/08/09 08:54:43 INFO  : monitoramento_horario/propostas_correcao/262698_corpo_20260723_2131.md: Copied (new)
2026/08/09 08:54:44 INFO  : monitoramento_horario/propostas_correcao/262713_corpo_integral_20260724_0001.md: Copied (new)
2026/08/09 08:54:44 INFO  : monitoramento_horario/propostas_correcao/262713_corpo_20260724_0146.md: Copied (new)
2026/08/09 08:54:44 INFO  : monitoramento_horario/propostas_correcao/262741_duplicata_20260724_0930.md: Copied (new)
2026/08/09 08:54:44 INFO  : monitoramento_horario/propostas_correcao/262830_corpo e título_20260724_2201.md: Copied (new)
2026/08/09 08:54:44 INFO  : monitoramento_horario/propostas_correcao/262727_corpo_20260724_0352.md: Copied (new)
2026/08/09 08:54:44 INFO  : monitoramento_horario/propostas_correcao/262830_corpo_20260724_2101.md: Copied (new)
2026/08/09 08:54:44 INFO  : monitoramento_horario/propostas_correcao/262830_corpo_20260724_2031.md: Copied (new)
2026/08/09 08:54:44 INFO  : monitoramento_horario/propostas_correcao/262842_titulo_20260724_2201.md: Copied (new)
2026/08/09 08:54:44 INFO  : Backups/telemetria_custos_20260728/banco_custos_2026-07.jsonl: Copied (new)
2026/08/09 08:54:44 INFO  : monitoramento_horario/propostas_correcao/262858_corpo (primeiro parágrafo)_20260725_0301.md: Copied (new)
2026/08/09 08:54:44 INFO  : monitoramento_horario/propostas_correcao/262830_corpo_20260724_2130.md: Copied (new)
2026/08/09 08:54:44 INFO  : monitoramento_horario/propostas_correcao/262819_titulo_20260725_0018.md: Copied (new)
2026/08/09 08:54:44 INFO  : monitoramento_horario/propostas_correcao/262862_corpo_20260725_0449.md: Copied (new)
2026/08/09 08:54:44 INFO  : monitoramento_horario/propostas_correcao/262949_corpo_20260726_0201.md: Copied (new)
2026/08/09 08:54:44 INFO  : Backups/vigilia_v5/2026-08-02/263931_pre_publish_20260802_002748.json: Copied (new)
2026/08/09 08:54:44 INFO  : Backups/vigilia_v5/2026-08-02/263935_pre_publish_20260802_022819.json: Copied (new)
2026/08/09 08:54:44 INFO  : Backups/vigilia_v5/2026-08-02/263933_pre_publish_20260802_002737.json: Copied (new)
2026/08/09 08:54:44 INFO  : Backups/vigilia_v5/2026-08-02/263947_pre_publish_20260802_064803.json: Copied (new)
2026/08/09 08:54:44 INFO  : Backups/vigilia_v5/2026-08-02/263943_pre_publish_20260802_022801.json: Copied (new)
2026/08/09 08:54:44 INFO  : Backups/vigilia_v5/2026-08-02/263941_pre_publish_20260802_022812.json: Copied (new)
2026/08/09 08:54:44 INFO  : monitoramento_horario/propostas_correcao/263017_corpo_20260727_0601.md: Copied (new)
2026/08/09 08:54:44 INFO  : Backups/vigilia_v5/2026-08-02/263945_pre_publish_20260802_032639.json: Copied (new)
2026/08/09 08:54:44 INFO  : Backups/vigilia_v5/2026-08-02/263950_pre_publish_20260802_042728.json: Copied (new)
2026/08/09 08:54:45 INFO  : Backups/vigilia_v5/2026-08-02/263952_pre_publish_20260802_071907.json: Copied (new)
2026/08/09 08:54:45 INFO  : Backups/vigilia_v5/2026-08-02/263961_pre_publish_20260802_064757.json: Copied (new)
2026/08/09 08:54:45 INFO  : Backups/vigilia_v5/2026-08-02/263936_pre_publish_20260802_022816.json: Copied (new)
2026/08/09 08:54:45 INFO  : Backups/vigilia_v5/2026-08-02/263953_pre_publish_20260802_085821.json: Copied (new)
2026/08/09 08:54:45 INFO  : Backups/vigilia_v5/2026-08-02/263955_pre_publish_20260802_094938.json: Copied (new)
2026/08/09 08:54:45 INFO  : Backups/vigilia_v5/2026-08-02/263965_pre_publish_20260802_094930.json: Copied (new)
2026/08/09 08:54:45 INFO  : Backups/vigilia_v5/2026-08-02/263958_pre_publish_20260802_064809.json: Copied (new)
2026/08/09 08:54:45 INFO  : Backups/vigilia_v5/2026-08-02/263963_pre_publish_20260802_101842.json: Copied (new)
2026/08/09 08:54:45 INFO  : Backups/vigilia_v5/2026-08-02/263968_pre_publish_20260802_074830.json: Copied (new)
2026/08/09 08:54:45 INFO  : Backups/vigilia_v5/2026-08-02/263971_pre_publish_20260802_084904.json: Copied (new)
2026/08/09 08:54:45 INFO  : Backups/vigilia_v5/2026-08-02/263981_pre_publish_20260802_111851.json: Copied (new)
2026/08/09 08:54:45 INFO  : Backups/vigilia_v5/2026-08-02/263980_pre_publish_20260802_111842.json: Copied (new)
2026/08/09 08:54:45 INFO  : Backups/vigilia_v5/2026-08-02/263986_pre_publish_20260802_114835.json: Copied (new)
2026/08/09 08:54:45 INFO  : Backups/vigilia_v5/2026-08-02/263992_pre_publish_20260802_124906.json: Copied (new)
2026/08/09 08:54:45 INFO  : Backups/vigilia_v5/2026-08-02/263994_pre_publish_20260802_131829.json: Copied (new)
2026/08/09 08:54:45 INFO  : Backups/vigilia_v5/2026-08-02/264000_pre_publish_20260802_141916.json: Copied (new)
2026/08/09 08:54:45 INFO  : Backups/vigilia_v5/2026-08-02/263998_pre_publish_20260802_134829.json: Copied (new)
2026/08/09 08:54:45 INFO  : Backups/vigilia_v5/2026-08-02/264002_pre_publish_20260802_144838.json: Copied (new)
2026/08/09 08:54:45 INFO  : Backups/vigilia_v5/2026-08-02/264004_pre_publish_20260802_151829.json: Copied (new)
2026/08/09 08:54:45 INFO  : Backups/vigilia_v5/2026-08-02/264008_pre_publish_20260802_154837.json: Copied (new)
2026/08/09 08:54:45 INFO  : Backups/vigilia_v5/2026-08-02/263970_pre_publish_20260802_101837.json: Copied (new)
2026/08/09 08:54:45 INFO  : Backups/vigilia_v5/2026-08-02/264010_pre_publish_20260802_161829.json: Copied (new)
2026/08/09 08:54:45 INFO  : Backups/vigilia_v5/2026-08-02/264012_pre_publish_20260802_164829.json: Copied (new)
2026/08/09 08:54:45 INFO  : Backups/vigilia_v5/2026-08-02/264014_pre_publish_20260802_171834.json: Copied (new)
2026/08/09 08:54:45 INFO  : Backups/vigilia_v5/2026-08-02/264018_pre_publish_20260802_201935.json: Copied (new)
2026/08/09 08:54:45 INFO  : Backups/vigilia_v5/2026-08-02/264021_pre_publish_20260802_181850.json: Copied (new)
2026/08/09 08:54:45 INFO  : Backups/vigilia_v5/2026-08-02/264019_pre_publish_20260802_181854.json: Copied (new)
2026/08/09 08:54:45 INFO  : Backups/vigilia_v5/2026-08-02/264027_pre_publish_20260802_201938.json: Copied (new)
2026/08/09 08:54:45 INFO  : Backups/vigilia_v5/2026-08-02/264032_pre_publish_20260802_232657.json: Copied (new)
2026/08/09 08:54:45 INFO  : Backups/vigilia_v5/2026-08-02/264031_pre_publish_20260802_201929.json: Copied (new)
2026/08/09 08:54:46 INFO  : Backups/vigilia_v5/2026-08-02/264033_pre_publish_20260802_211945.json: Copied (new)
2026/08/09 08:54:46 INFO  : Backups/vigilia_v5/2026-08-02/264035_pre_publish_20260802_211939.json: Copied (new)
2026/08/09 08:54:46 INFO  : Backups/vigilia_v5/2026-08-02/264037_pre_publish_20260802_230058.json: Copied (new)
2026/08/09 08:54:46 INFO  : Backups/vigilia_v5/2026-08-01/263638_pre_remove_nohome_141237.json: Copied (new)
2026/08/09 08:54:46 INFO  : Backups/vigilia_v5/2026-08-01/263634_pre_remove_nohome_141345.json: Copied (new)
2026/08/09 08:54:46 INFO  : Backups/vigilia_v5/2026-08-02/264039_pre_publish_20260802_230052.json: Copied (new)
2026/08/09 08:54:46 INFO  : Backups/vigilia_v5/2026-08-02/264023_pre_publish_20260802_191824.json: Copied (new)
2026/08/09 08:54:46 INFO  : Backups/vigilia_v5/2026-08-01/263653_pre_remove_nohome_141258.json: Copied (new)
2026/08/09 08:54:46 INFO  : Backups/vigilia_v5/2026-08-01/263654_pre_remove_nohome_141410.json: Copied (new)
2026/08/09 08:54:46 INFO  : Backups/vigilia_v5/2026-08-01/263667_pre_publish_022803.json: Copied (new)
2026/08/09 08:54:46 INFO  : Backups/vigilia_v5/2026-08-01/263691_pre_publish_012720.json: Copied (new)
2026/08/09 08:54:46 INFO  : Backups/vigilia_v5/2026-08-01/263787_pre_publish_002721.json: Copied (new)
2026/08/09 08:54:46 INFO  : Backups/vigilia_v5/2026-08-01/263783_pre_publish_000130.json: Copied (new)
2026/08/09 08:54:46 INFO  : Backups/vigilia_v5/2026-08-01/263741_pre_publish_20260801_211938.json: Copied (new)
2026/08/09 08:54:46 INFO  : Backups/vigilia_v5/2026-08-01/263701_pre_publish_20260801_214930.json: Copied (new)
2026/08/09 08:54:46 INFO  : Backups/vigilia_v5/2026-08-01/263788_pre_publish_20260801_164924.json: Copied (new)
2026/08/09 08:54:46 INFO  : Backups/vigilia_v5/2026-08-01/263793_pre_publish_20260801_172012.json: Copied (new)
2026/08/09 08:54:46 INFO  : Backups/vigilia_v5/2026-08-01/263798_pre_publish_20260801_174944.json: Copied (new)
2026/08/09 08:54:46 INFO  : Backups/vigilia_v5/2026-08-01/263789_pre_publish_000133.json: Copied (new)
2026/08/09 08:54:46 INFO  : Backups/vigilia_v5/2026-08-01/263811_pre_publish_022813.json: Copied (new)
2026/08/09 08:54:46 INFO  : Backups/vigilia_v5/2026-08-01/263811_pre_publish_022835.json: Copied (new)
2026/08/09 08:54:46 INFO  : Backups/vigilia_v5/2026-08-01/263814_pre_publish_032810.json: Copied (new)
2026/08/09 08:54:46 INFO  : Backups/vigilia_v5/2026-08-01/263815_pre_publish_032816.json: Copied (new)
2026/08/09 08:54:46 INFO  : Backups/vigilia_v5/2026-08-01/263823_pre_publish_052835.json: Copied (new)
2026/08/09 08:54:46 INFO  : Backups/vigilia_v5/2026-08-01/263806_pre_publish_20260801_204942.json: Copied (new)
2026/08/09 08:54:46 INFO  : Backups/vigilia_v5/2026-08-01/263825_pre_publish_052831.json: Copied (new)
2026/08/09 08:54:46 INFO  : Backups/vigilia_v5/2026-08-01/263821_pre_publish_042813.json: Copied (new)
2026/08/09 08:54:46 INFO  : Backups/vigilia_v5/2026-08-01/263829_pre_publish_052825.json: Copied (new)
2026/08/09 08:54:46 INFO  : Backups/vigilia_v5/2026-08-01/263820_pre_publish_20260801_185706.json: Copied (new)
2026/08/09 08:54:46 INFO  : Backups/vigilia_v5/2026-08-01/263831_pre_publish_141919.json: Copied (new)
2026/08/09 08:54:47 INFO  : Backups/vigilia_v5/2026-08-01/263836_pre_publish_064859.json: Copied (new)
2026/08/09 08:54:47 INFO  : Backups/vigilia_v5/2026-08-01/263838_pre_publish_114952.json: Copied (new)
2026/08/09 08:54:47 INFO  : Backups/vigilia_v5/2026-08-01/263841_pre_publish_20260801_185659.json: Copied (new)
2026/08/09 08:54:47 INFO  : Backups/vigilia_v5/2026-08-01/263838_pre_remove_nohome_141356.json: Copied (new)
2026/08/09 08:54:47 INFO  : Backups/vigilia_v5/2026-08-01/263832_pre_publish_064927.json: Copied (new)
2026/08/09 08:54:47 INFO  : Backups/vigilia_v5/2026-08-01/263834_pre_publish_064924.json: Copied (new)
2026/08/09 08:54:47 INFO  : Backups/vigilia_v5/2026-08-01/263845_pre_publish_084931.json: Copied (new)
2026/08/09 08:54:47 INFO  : Backups/vigilia_v5/2026-08-01/263844_pre_publish_122017.json: Copied (new)
2026/08/09 08:54:47 INFO  : Backups/vigilia_v5/2026-08-01/263847_pre_publish_091932.json: Copied (new)
2026/08/09 08:54:47 INFO  : Backups/vigilia_v5/2026-08-01/263847_pre_remove_nohome_141245.json: Copied (new)
2026/08/09 08:54:47 INFO  : Backups/vigilia_v5/2026-08-01/263851_pre_remove_nohome_141429.json: Copied (new)
2026/08/09 08:54:47 INFO  : Backups/vigilia_v5/2026-08-01/263844_pre_remove_nohome_141420.json: Copied (new)
2026/08/09 08:54:47 INFO  : Backups/vigilia_v5/2026-08-01/263852_pre_publish_131941.json: Copied (new)
2026/08/09 08:54:47 INFO  : Backups/vigilia_v5/2026-08-01/263851_pre_publish_124925.json: Copied (new)
2026/08/09 08:54:47 INFO  : Backups/vigilia_v5/2026-08-01/263852_pre_remove_nohome_141445.json: Copied (new)
2026/08/09 08:54:47 INFO  : Backups/vigilia_v5/2026-08-01/263853_pre_publish_20260801_185646.json: Copied (new)
2026/08/09 08:54:47 INFO  : Backups/vigilia_v5/2026-08-01/263857_pre_publish_115005.json: Copied (new)
2026/08/09 08:54:47 INFO  : Backups/vigilia_v5/2026-08-01/263854_pre_publish_134939.json: Copied (new)
2026/08/09 08:54:47 INFO  : Backups/vigilia_v5/2026-08-01/263872_pre_publish_20260801_201951.json: Copied (new)
2026/08/09 08:54:47 INFO  : Backups/vigilia_v5/2026-08-01/263857_pre_remove_nohome_141402.json: Copied (new)
2026/08/09 08:54:47 INFO  : Backups/vigilia_v5/2026-08-01/263881_pre_publish_20260801_162059.json: Copied (new)
2026/08/09 08:54:47 INFO  : Backups/vigilia_v5/2026-08-01/263842_pre_publish_081941.json: Copied (new)
2026/08/09 08:54:47 INFO  : Backups/vigilia_v5/2026-08-01/263874_pre_publish_20260801_200514.json: Copied (new)
2026/08/09 08:54:47 INFO  : Backups/vigilia_v5/2026-08-01/263854_pre_remove_nohome_141453.json: Copied (new)
2026/08/09 08:54:47 INFO  : Backups/vigilia_v5/2026-08-01/263883_pre_publish_20260801_162054.json: Copied (new)
2026/08/09 08:54:47 INFO  : Backups/vigilia_v5/2026-08-01/263891_pre_publish_20260801_174932.json: Copied (new)
2026/08/09 08:54:47 INFO  : Backups/vigilia_v5/2026-08-01/263901_pre_publish_20260801_204927.json: Copied (new)
2026/08/09 08:54:48 INFO  : Backups/vigilia_v5/2026-08-01/263911_pre_publish_20260801_201947.json: Copied (new)
2026/08/09 08:54:48 INFO  : Backups/vigilia_v5/2026-08-01/263880_pre_publish_20260801_185715.json: Copied (new)
2026/08/09 08:54:48 INFO  : Backups/vigilia_v5/2026-08-01/263921_pre_publish_20260801_221921.json: Copied (new)
2026/08/09 08:54:48 INFO  : Backups/vigilia_v5/2026-08-01/263915_pre_publish_20260801_211932.json: Copied (new)
2026/08/09 08:54:48 INFO  : Backups/vigilia_v5/2026-08-01/263887_pre_publish_20260801_162039.json: Copied (new)
2026/08/09 08:54:48 INFO  : Backups/vigilia_v5/2026-08-01/263903_pre_publish_20260801_214914.json: Copied (new)
2026/08/09 08:54:48 INFO  : Backups/vigilia_v5/2026-08-01/263923_pre_publish_20260801_221909.json: Copied (new)
2026/08/09 08:54:48 INFO  : Backups/vigilia_v5/2026-08-01/263925_pre_publish_20260801_230115.json: Copied (new)
2026/08/09 08:54:48 INFO  : Backups/vigilia_v5/2026-08-01/263907_pre_publish_20260801_200502.json: Copied (new)
2026/08/09 08:54:48 INFO  : Backups/vigilia_v5/2026-08-01/263927_pre_publish_20260801_232716.json: Copied (new)
2026/08/09 08:54:48 INFO  : Backups/vigilia_v5/2026-08-04/264179_pre_publish_20260804_013003.json: Copied (new)
2026/08/09 08:54:48 INFO  : Backups/vigilia_v5/2026-08-04/264171_pre_publish_20260804_002934.json: Copied (new)
2026/08/09 08:54:48 INFO  : Backups/vigilia_v5/2026-08-04/264181_pre_publish_20260804_042909.json: Copied (new)
2026/08/09 08:54:48 INFO  : Backups/vigilia_v5/2026-08-04/264182_pre_publish_20260804_022757.json: Copied (new)
2026/08/09 08:54:48 INFO  : Backups/vigilia_v5/2026-08-04/264195_pre_publish_20260804_052902.json: Copied (new)
2026/08/09 08:54:48 INFO  : Backups/vigilia_v5/2026-08-04/264193_pre_publish_20260804_052907.json: Copied (new)
2026/08/09 08:54:48 INFO  : Backups/vigilia_v5/2026-08-04/264177_pre_publish_20260804_013009.json: Copied (new)
2026/08/09 08:54:48 INFO  : Backups/vigilia_v5/2026-08-04/264191_pre_publish_20260804_042828.json: Copied (new)
2026/08/09 08:54:48 INFO  : Backups/vigilia_v5/2026-08-04/264184_pre_publish_20260804_033509.json: Copied (new)
2026/08/09 08:54:48 INFO  : Backups/vigilia_v5/2026-08-04/264188_pre_publish_20260804_033504.json: Copied (new)
2026/08/09 08:54:48 INFO  : Backups/vigilia_v5/2026-08-04/264199_pre_publish_20260804_052856.json: Copied (new)
2026/08/09 08:54:48 INFO  : Backups/vigilia_v5/2026-08-04/264202_pre_publish_20260804_084946.json: Copied (new)
2026/08/09 08:54:48 INFO  : Backups/vigilia_v5/2026-08-04/264201_pre_publish_20260804_101929.json: Copied (new)
2026/08/09 08:54:48 INFO  : Backups/vigilia_v5/2026-08-04/264206_pre_publish_20260804_094935.json: Copied (new)
2026/08/09 08:54:48 INFO  : Backups/vigilia_v5/2026-08-04/264211_pre_publish_20260804_082025.json: Copied (new)
2026/08/09 08:54:48 INFO  : Backups/vigilia_v5/2026-08-04/264208_pre_publish_20260804_074954.json: Copied (new)
2026/08/09 08:54:48 INFO  : Backups/vigilia_v5/2026-08-04/264212_pre_publish_20260804_082010.json: Copied (new)
2026/08/09 08:54:48 INFO  : monitoramento_horario/backups_edicao/263017_pre_claude_datas_20260727_063532.md: Copied (new)
2026/08/09 08:54:48 INFO  : Backups/vigilia_v5/2026-08-04/264219_pre_publish_20260804_105102.json: Copied (new)
2026/08/09 08:54:49 INFO  : monitoramento_horario/backups_edicao/263017_pre_claude_republish_pos_kimi_20260727_075924.md: Copied (new)
2026/08/09 08:54:49 INFO  : monitoramento_horario/backups_edicao/263023_pre_claude_grafia_donald_20260727_075924.md: Copied (new)
2026/08/09 08:54:49 INFO  : monitoramento_horario/backups_edicao/263037_pre_claude_republish_20260727_095032.md: Copied (new)
2026/08/09 08:54:49 INFO  : monitoramento_horario/backups_edicao/263060_pre_claude_revistaforum_20260727_132411.md: Copied (new)
2026/08/09 08:54:49 INFO  : monitoramento_horario/backups_edicao/263042_pre_claude_ali_para_mojtaba_20260727_095032.md: Copied (new)
2026/08/09 08:54:49 INFO  : Backups/vigilia_v5/2026-08-04/264203_pre_publish_20260804_064849.json: Copied (new)
2026/08/09 08:54:49 INFO  : monitoramento_horario/backups_edicao/263075_pre_claude_israel_maiusc_200_20260727_132020.md: Copied (new)
2026/08/09 08:54:49 INFO  : monitoramento_horario/backups_edicao/263036_pre_claude_html_strong_20260727_075924.md: Copied (new)
2026/08/09 08:54:49 INFO  : monitoramento_horario/backups_edicao/263074_pre_claude_sp_maiusculo_20260727_132020.md: Copied (new)
2026/08/09 08:54:49 INFO  : monitoramento_horario/backups_edicao/263086_pre_claude_barroso_para_fachin_20260727_133223.md: Copied (new)
2026/08/09 08:54:49 INFO  : monitoramento_horario/backups_edicao/263083_pre_claude_yellen_para_bessent_20260727_133223.md: Copied (new)
2026/08/09 08:54:49 INFO  : monitoramento_horario/backups_edicao/263081_pre_claude_coreia_pontuacao_20260727_132020.md: Copied (new)
2026/08/09 08:54:49 INFO  : monitoramento_horario/backups_edicao/263099_pre_claude_tecnoblog_grafia_20260727_143150.md: Copied (new)
2026/08/09 08:54:49 INFO  : monitoramento_horario/backups_edicao/263088_pre_claude_publish_direto_20260727_140152.md: Copied (new)
2026/08/09 08:54:49 INFO  : monitoramento_horario/backups_edicao/263106_pre_claude_publish_direto_20260727_143150.md: Copied (new)
2026/08/09 08:54:49 INFO  : monitoramento_horario/backups_edicao/263113_pre_claude_nvidia_maiusc_20260727_153143.md: Copied (new)
2026/08/09 08:54:49 INFO  : monitoramento_horario/backups_edicao/263115_pre_claude_china_eua_brasil_20260727_160141.md: Copied (new)
2026/08/09 08:54:49 INFO  : monitoramento_horario/backups_edicao/263117_pre_claude_ministros_secom_tse_20260727_160141.md: Copied (new)
2026/08/09 08:54:49 INFO  : monitoramento_horario/backups_edicao/263109_pre_claude_donald_actualidad_20260727_150211.md: Copied (new)
2026/08/09 08:54:49 INFO  : monitoramento_horario/backups_edicao/263121_pre_claude_publish_direto_20260727_163125.md: Copied (new)
2026/08/09 08:54:49 INFO  : monitoramento_horario/backups_edicao/263144_pre_claude_publish_direto_20260727_175338.md: Copied (new)
2026/08/09 08:54:49 INFO  : monitoramento_horario/backups_edicao/263147_pre_claude_lula_china_maiusc_20260727_182434.md: Copied (new)
2026/08/09 08:54:49 INFO  : monitoramento_horario/backups_edicao/263126_pre_claude_biden_actualidad_benjamin_domingo_20260727_172342.md: Copied (new)
2026/08/09 08:54:49 INFO  : monitoramento_horario/backups_edicao/263153_pre_claude_publish_direto_20260727_185346.md: Copied (new)
2026/08/09 08:54:49 INFO  : monitoramento_horario/backups_edicao/263123_pre_claude_yoon_para_lee_20260727_165641.md: Copied (new)
2026/08/09 08:54:49 INFO  : monitoramento_horario/backups_edicao/263155_pre_claude_publish_direto_20260727_192357.md: Copied (new)
2026/08/09 08:54:49 INFO  : monitoramento_horario/backups_edicao/263151_pre_claude_pgr_revistaforum_senado_para_presidencia_20260727_182434.md: Copied (new)
2026/08/09 08:54:49 INFO  : monitoramento_horario/backups_edicao/263159_pre_claude_pro_lula_maiusc_20260727_192357.md: Copied (new)
2026/08/09 08:54:49 INFO  : monitoramento_horario/backups_edicao/263167_pre_claude_publish_direto_analise_editorial_20260727_212356.md: Copied (new)
2026/08/09 08:54:49 INFO  : monitoramento_horario/backups_edicao/263165_pre_claude_pending_veto_kimi_20260727_202343.md: Copied (new)
2026/08/09 08:54:49 INFO  : monitoramento_horario/backups_edicao/263163_pre_claude_publish_direto_20260727_202343.md: Copied (new)
2026/08/09 08:54:50 INFO  : monitoramento_horario/backups_edicao/263173_pre_claude_revistaforum_20260727_222359.md: Copied (new)
2026/08/09 08:54:50 INFO  : monitoramento_horario/backups_edicao/263171_pre_claude_ibm_openai_maiusc_20260727_212356.md: Copied (new)
2026/08/09 08:54:50 INFO  : monitoramento_horario/backups_edicao/263177_pre_claude_ano_2023_para_2026_20260727_222359.md: Copied (new)
2026/08/09 08:54:50 INFO  : monitoramento_horario/backups_edicao/263186_pre_claude_arstechnica_20260727_232816.md: Copied (new)
2026/08/09 08:54:50 INFO  : monitoramento_horario/backups_edicao/263181_pre_claude_titulo_eua_ira_maiusc_20260727_232816.md: Copied (new)
2026/08/09 08:54:50 INFO  : monitoramento_horario/backups_edicao/263175_pre_claude_benjamin_actualidad_20260727_222359.md: Copied (new)
2026/08/09 08:54:50 INFO  : monitoramento_horario/backups_edicao/263179_pre_claude_hana_maiusc_20260727_232816.md: Copied (new)
2026/08/09 08:54:50 INFO  : monitoramento_horario/backups_edicao/263190_pre_claude_publish_direto_video_tvforum_milei_20260728_002803.md: Copied (new)
2026/08/09 08:54:50 INFO  : monitoramento_horario/backups_edicao/263196_pre_claude_actualidad_20260728_012820.md: Copied (new)
2026/08/09 08:54:50 INFO  : monitoramento_horario/backups_edicao/263194_pre_claude_publish_direto_milei_lixo_socialista_20260728_002803.md: Copied (new)
2026/08/09 08:54:50 INFO  : monitoramento_horario/backups_edicao/263192_pre_claude_publish_direto_xi_soberania_brasil_20260728_002803.md: Copied (new)
2026/08/09 08:54:50 INFO  : monitoramento_horario/backups_edicao/263206_pre_claude_publish_direto_20260728_032832.md: Copied (new)
2026/08/09 08:54:50 INFO  : monitoramento_horario/backups_edicao/263208_pre_claude_revistaforum_jair_20260728_042809.md: Copied (new)
2026/08/09 08:54:50 INFO  : monitoramento_horario/backups_edicao/263202_pre_claude_us_injetar_participar_20260728_032832.md: Copied (new)
2026/08/09 08:54:50 INFO  : monitoramento_horario/backups_edicao/263212_pre_claude_publish_direto_zelensky_casa_branca_20260728_052854.md: Copied (new)
2026/08/09 08:54:50 INFO  : monitoramento_horario/backups_edicao/263218_pre_claude_donald_maiusc_20260728_064916.md: Copied (new)
2026/08/09 08:54:50 INFO  : monitoramento_horario/backups_edicao/263220_pre_claude_publish_direto_20260728_072253.md: Copied (new)
2026/08/09 08:54:50 INFO  : monitoramento_horario/backups_edicao/263210_pre_claude_publish_direto_tp200_drone_20260728_052854.md: Copied (new)
2026/08/09 08:54:50 INFO  : monitoramento_horario/backups_edicao/263224_pre_claude_revistaforum_20260728_075241.md: Copied (new)
2026/08/09 08:54:50 INFO  : monitoramento_horario/backups_edicao/263226_pre_claude_publish_direto_israel_liberta_60_20260728_082259.md: Copied (new)
2026/08/09 08:54:50 INFO  : monitoramento_horario/backups_edicao/263200_pre_claude_publish_direto_20260728_012820.md: Copied (new)
2026/08/09 08:54:50 INFO  : monitoramento_horario/backups_edicao/263216_pre_claude_sintese_direto_20260728_064916.md: Copied (new)
2026/08/09 08:54:50 INFO  : monitoramento_horario/backups_edicao/263234_pre_claude_publish_direto_empresarios_flavio_20260728_095257.md: Copied (new)
2026/08/09 08:54:50 INFO  : monitoramento_horario/backups_edicao/263228_pre_claude_publish_direto_flavio_urnas_smartmatic_20260728_082259.md: Copied (new)
2026/08/09 08:54:50 INFO  : monitoramento_horario/backups_edicao/263236_pre_claude_publish_direto_xi_eslovaquia_20260728_095257.md: Copied (new)
2026/08/09 08:54:50 INFO  : monitoramento_horario/backups_edicao/263230_pre_claude_publish_direto_20260728_092218.md: Copied (new)
2026/08/09 08:54:50 INFO  : monitoramento_horario/backups_edicao/263238_pre_claude_publish_direto_20260728_102301.md: Copied (new)
2026/08/09 08:54:51 INFO  : monitoramento_horario/backups_edicao/263259_pre_claude_publish_direto_20260728_114906.md: Copied (new)
2026/08/09 08:54:51 INFO  : monitoramento_horario/backups_edicao/263240_pre_claude_mpf_revistaforum_20260728_111935.md: Copied (new)
2026/08/09 08:54:51 INFO  : monitoramento_horario/backups_edicao/263264_pre_claude_unrwa_maiusc_20260728_121925.md: Copied (new)
2026/08/09 08:54:51 INFO  : monitoramento_horario/backups_edicao/263277_pre_claude_publish_direto_20260728_131927.md: Copied (new)
2026/08/09 08:54:51 INFO  : monitoramento_horario/backups_edicao/263275_pre_claude_data_resultado_final_haiti_20260728_131927.md: Copied (new)
2026/08/09 08:54:51 INFO  : monitoramento_horario/backups_edicao/263247_pre_claude_publish_direto_20260728_111935.md: Copied (new)
2026/08/09 08:54:51 INFO  : Backups/vigilia_v5/2026-08-03/263701_pre_fix_genero_20260803_073618.json: Copied (new)
2026/08/09 08:54:51 INFO  : Backups/vigilia_v5/2026-08-03/263921_pre_fix_genero_20260803_073605.json: Copied (new)
2026/08/09 08:54:51 INFO  : monitoramento_horario/backups_edicao/263251_pre_claude_publish_direto_20260728_111935.md: Copied (new)
2026/08/09 08:54:51 INFO  : Backups/vigilia_v5/2026-08-03/263925_pre_fix_genero_20260803_073600.json: Copied (new)
2026/08/09 08:54:51 INFO  : Backups/vigilia_v5/2026-08-03/263903_pre_fix_genero_20260803_073621.json: Copied (new)
2026/08/09 08:54:51 INFO  : Backups/vigilia_v5/2026-08-03/263933_pre_fix_genero_20260803_073551.json: Copied (new)
2026/08/09 08:54:51 INFO  : Backups/vigilia_v5/2026-08-03/263936_pre_fix_genero_20260803_073506.json: Copied (new)
2026/08/09 08:54:51 INFO  : Backups/vigilia_v5/2026-08-03/263945_pre_fix_genero_20260803_073501.json: Copied (new)
2026/08/09 08:54:51 INFO  : Backups/vigilia_v5/2026-08-03/263952_pre_fix_genero_20260803_073438.json: Copied (new)
2026/08/09 08:54:51 INFO  : Backups/vigilia_v5/2026-08-03/263941_pre_fix_genero_20260803_073531.json: Copied (new)
2026/08/09 08:54:51 INFO  : Backups/vigilia_v5/2026-08-03/263953_pre_fix_genero_20260803_073429.json: Copied (new)
2026/08/09 08:54:51 INFO  : Backups/vigilia_v5/2026-08-03/263963_pre_fix_genero_20260803_073424.json: Copied (new)
2026/08/09 08:54:51 INFO  : Backups/vigilia_v5/2026-08-03/263961_pre_fix_genero_20260803_073457.json: Copied (new)
2026/08/09 08:54:51 INFO  : Backups/vigilia_v5/2026-08-03/263958_pre_fix_genero_20260803_073452.json: Copied (new)
2026/08/09 08:54:51 INFO  : Backups/vigilia_v5/2026-08-03/263741_pre_fix_genero_20260803_073626.json: Copied (new)
2026/08/09 08:54:51 INFO  : Backups/vigilia_v5/2026-08-03/263970_pre_fix_genero_20260803_073426.json: Copied (new)
2026/08/09 08:54:51 INFO  : Backups/vigilia_v5/2026-08-03/263981_pre_fix_genero_20260803_073421.json: Copied (new)
2026/08/09 08:54:51 INFO  : Backups/vigilia_v5/2026-08-03/263931_pre_fix_genero_20260803_073540.json: Copied (new)
2026/08/09 08:54:52 INFO  : Backups/vigilia_v5/2026-08-03/263968_pre_fix_genero_20260803_073436.json: Copied (new)
2026/08/09 08:54:52 INFO  : Backups/vigilia_v5/2026-08-03/263971_pre_fix_genero_20260803_073432.json: Copied (new)
2026/08/09 08:54:52 INFO  : Backups/vigilia_v5/2026-08-03/263994_pre_fix_genero_20260803_073413.json: Copied (new)
2026/08/09 08:54:52 INFO  : Backups/vigilia_v5/2026-08-03/264008_pre_fix_semantica_alerta_acusa_20260803_132543.json: Copied (new)
2026/08/09 08:54:52 INFO  : Backups/vigilia_v5/2026-08-03/264010_pre_fix_genero_20260803_073407.json: Copied (new)
2026/08/09 08:54:52 INFO  : Backups/vigilia_v5/2026-08-03/264014_pre_fix_genero_20260803_073401.json: Copied (new)
2026/08/09 08:54:52 INFO  : Backups/vigilia_v5/2026-08-03/264019_pre_fix_genero_20260803_073358.json: Copied (new)
2026/08/09 08:54:52 INFO  : Backups/vigilia_v5/2026-08-03/264033_pre_fix_genero_20260803_073355.json: Copied (new)
2026/08/09 08:54:52 INFO  : Backups/vigilia_v5/2026-08-03/264012_pre_fix_genero_20260803_073404.json: Copied (new)
2026/08/09 08:54:52 INFO  : Backups/vigilia_v5/2026-08-03/264037_pre_fix_genero_20260803_073349.json: Copied (new)
2026/08/09 08:54:52 INFO  : Backups/vigilia_v5/2026-08-03/264046_pre_publish_20260803_002724.json: Copied (new)
2026/08/09 08:54:52 INFO  : Backups/vigilia_v5/2026-08-03/264046_pre_fix_genero_20260803_073341.json: Copied (new)
2026/08/09 08:54:52 INFO  : Backups/vigilia_v5/2026-08-03/264052_pre_publish_20260803_012711.json: Copied (new)
2026/08/09 08:54:52 INFO  : Backups/vigilia_v5/2026-08-03/264054_pre_fix_titulo_semantico_20260803_074706.json: Copied (new)
2026/08/09 08:54:52 INFO  : Backups/vigilia_v5/2026-08-03/264054_pre_publish_20260803_032726.json: Copied (new)
2026/08/09 08:54:52 INFO  : Backups/vigilia_v5/2026-08-03/264048_pre_publish_20260803_002718.json: Copied (new)
2026/08/09 08:54:52 INFO  : Backups/vigilia_v5/2026-08-03/264056_pre_publish_20260803_064841.json: Copied (new)
2026/08/09 08:54:52 INFO  : Backups/vigilia_v5/2026-08-03/264059_pre_fix_genero_20260803_073334.json: Copied (new)
2026/08/09 08:54:52 INFO  : Backups/vigilia_v5/2026-08-03/264059_pre_publish_20260803_042658.json: Copied (new)
2026/08/09 08:54:52 INFO  : Backups/vigilia_v5/2026-08-03/264061_pre_fix_genero_20260803_073327.json: Copied (new)
2026/08/09 08:54:52 INFO  : Backups/vigilia_v5/2026-08-03/264061_pre_publish_20260803_071859.json: Copied (new)
2026/08/09 08:54:52 INFO  : Backups/vigilia_v5/2026-08-03/264062_pre_fix_passado_nohome_20260803_080551.json: Copied (new)
2026/08/09 08:54:52 INFO  : Backups/vigilia_v5/2026-08-03/264062_pre_publish_20260803_074837.json: Copied (new)
2026/08/09 08:54:52 INFO  : Backups/vigilia_v5/2026-08-03/264054_pre_fix_genero_20260803_073338.json: Copied (new)
2026/08/09 08:54:52 INFO  : Backups/vigilia_v5/2026-08-03/264063_pre_publish_20260803_052754.json: Copied (new)
2026/08/09 08:54:53 INFO  : Backups/vigilia_v5/2026-08-03/264065_pre_fix_genero_20260803_073330.json: Copied (new)
2026/08/09 08:54:53 INFO  : Backups/vigilia_v5/2026-08-03/264068_pre_fix_titulo_semantico_20260803_074702.json: Copied (new)
2026/08/09 08:54:53 INFO  : Backups/vigilia_v5/2026-08-03/264065_pre_publish_20260803_052751.json: Copied (new)
2026/08/09 08:54:53 INFO  : Backups/vigilia_v5/2026-08-03/264068_pre_publish_20260803_064837.json: Copied (new)
2026/08/09 08:54:53 INFO  : Backups/vigilia_v5/2026-08-03/264071_pre_fix_genero_20260803_073321.json: Copied (new)
2026/08/09 08:54:53 INFO  : Backups/vigilia_v5/2026-08-03/264071_pre_publish_20260803_071903.json: Copied (new)
2026/08/09 08:54:53 INFO  : Backups/vigilia_v5/2026-08-03/264004_pre_fix_genero_20260803_073409.json: Copied (new)
2026/08/09 08:54:53 INFO  : Backups/vigilia_v5/2026-08-03/264077_pre_publish_20260803_081948.json: Copied (new)
2026/08/09 08:54:53 INFO  : Backups/vigilia_v5/2026-08-03/264086_pre_publish_20260803_084858.json: Copied (new)
2026/08/09 08:54:53 INFO  : Backups/vigilia_v5/2026-08-03/264070_pre_publish_20260803_091919.json: Copied (new)
2026/08/09 08:54:53 INFO  : Backups/vigilia_v5/2026-08-03/264093_pre_publish_20260803_091910.json: Copied (new)
2026/08/09 08:54:53 INFO  : Backups/vigilia_v5/2026-08-03/264095_pre_publish_20260803_094949.json: Copied (new)
2026/08/09 08:54:53 INFO  : Backups/vigilia_v5/2026-08-03/264097_pre_publish_20260803_094945.json: Copied (new)
2026/08/09 08:54:53 INFO  : Backups/vigilia_v5/2026-08-03/264104_pre_publish_20260803_105012.json: Copied (new)
2026/08/09 08:54:53 INFO  : Backups/vigilia_v5/2026-08-03/264114_pre_publish_20260803_144901.json: Copied (new)
2026/08/09 08:54:53 INFO  : Backups/vigilia_v5/2026-08-03/264115_pre_publish_20260803_124931.json: Copied (new)
2026/08/09 08:54:53 INFO  : Backups/vigilia_v5/2026-08-03/264105_pre_publish_20260803_105003.json: Copied (new)
2026/08/09 08:54:53 INFO  : Backups/vigilia_v5/2026-08-03/264123_pre_publish_20260803_162019.json: Copied (new)
2026/08/09 08:54:53 INFO  : Backups/vigilia_v5/2026-08-03/264126_pre_fix_dri_lorenzo_20260803_145921.json: Copied (new)
2026/08/09 08:54:53 INFO  : Backups/vigilia_v5/2026-08-03/264126_pre_publish_20260803_144905.json: Copied (new)
2026/08/09 08:54:53 INFO  : Backups/vigilia_v5/2026-08-03/264112_pre_publish_20260803_121847.json: Copied (new)
2026/08/09 08:54:53 INFO  : Backups/vigilia_v5/2026-08-03/264131_pre_publish_20260803_162010.json: Copied (new)
2026/08/09 08:54:53 INFO  : Backups/vigilia_v5/2026-08-03/264099_pre_publish_20260803_124926.json: Copied (new)
2026/08/09 08:54:53 INFO  : Backups/vigilia_v5/2026-08-03/264144_pre_publish_20260803_175029.json: Copied (new)
2026/08/09 08:54:53 INFO  : Backups/vigilia_v5/2026-08-03/264146_pre_publish_20260803_182120.json: Copied (new)
2026/08/09 08:54:54 INFO  : Backups/vigilia_v5/2026-08-03/264153_pre_publish_20260803_195055.json: Copied (new)
2026/08/09 08:54:54 INFO  : Backups/vigilia_v5/2026-08-03/264129_pre_publish_20260803_182113.json: Copied (new)
2026/08/09 08:54:54 INFO  : Backups/vigilia_v5/2026-08-03/264118_pre_publish_20260803_124922.json: Copied (new)
2026/08/09 08:54:54 INFO  : Backups/vigilia_v5/2026-08-03/264159_pre_publish_20260803_205125.json: Copied (new)
2026/08/09 08:54:54 INFO  : Backups/vigilia_v5/2026-08-03/264158_pre_publish_20260803_202023.json: Copied (new)
2026/08/09 08:54:54 INFO  : Backups/vigilia_v5/2026-08-03/264161_pre_publish_20260803_205117.json: Copied (new)
2026/08/09 08:54:54 INFO  : Backups/vigilia_v5/2026-08-03/264167_pre_publish_20260803_222211.json: Copied (new)
2026/08/09 08:54:54 INFO  : Backups/vigilia_v5/2026-08-03/264165_pre_publish_20260803_215008.json: Copied (new)
2026/08/09 08:54:54 INFO  : Backups/vigilia_v5/2026-08-03/264169_pre_publish_20260803_230308.json: Copied (new)
2026/08/09 08:54:54 INFO  : Backups/vigilia_v5/2026-08-03/264149_pre_publish_20260803_184952.json: Copied (new)
2026/08/09 08:54:54 INFO  : Backups/rotacao_trindade_v4_20260718_220604/cerebro/inbox_trindade/README.md: Copied (new)
2026/08/09 08:54:54 INFO  : Backups/vigilia_v5/2026-08-03/264155_pre_publish_20260803_195038.json: Copied (new)
2026/08/09 08:54:54 INFO  : Backups/rotacao_trindade_v4_20260718_220604/cerebro/inbox_trindade/agy.md: Copied (new)
2026/08/09 08:54:54 INFO  : Backups/rotacao_trindade_v4_20260718_220604/cerebro/inbox_trindade/antigravity_desktop.md: Copied (new)
2026/08/09 08:54:54 INFO  : Backups/rotacao_trindade_v4_20260718_220604/cerebro/inbox_trindade/codex.md: Copied (new)
2026/08/09 08:54:54 INFO  : Backups/rotacao_trindade_v4_20260718_220604/cerebro/inbox_trindade/antigravity.md: Copied (new)
2026/08/09 08:54:54 INFO  : Backups/rotacao_trindade_v4_20260718_220604/cerebro/inbox_trindade/glm.md: Copied (new)
2026/08/09 08:54:54 INFO  : Backups/rotacao_trindade_v4_20260718_220604/cerebro/inbox_trindade/glm_5_2_externo.md: Copied (new)
2026/08/09 08:54:54 INFO  : Backups/rotacao_trindade_v4_20260718_220604/cerebro/inbox_trindade/glm_coding.md: Copied (new)
2026/08/09 08:54:54 INFO  : Backups/rotacao_trindade_v4_20260718_220604/cerebro/inbox_trindade/agy_cli.md: Copied (new)
2026/08/09 08:54:54 INFO  : Backups/rotacao_trindade_v4_20260718_220604/cerebro/inbox_trindade/claude.md: Copied (new)
2026/08/09 08:54:54 INFO  : Backups/rotacao_trindade_v4_20260718_220604/cerebro/inbox_trindade/grok_coding.md: Copied (new)
2026/08/09 08:54:54 INFO  : Backups/rotacao_trindade_v4_20260718_220604/cerebro/inbox_trindade/gpt.md: Copied (new)
2026/08/09 08:54:54 INFO  : Backups/rotacao_trindade_v4_20260718_220604/cerebro/inbox_trindade/grok.md: Copied (new)
2026/08/09 08:54:54 INFO  : Backups/rotacao_trindade_v4_20260718_220604/cerebro/inbox_trindade/deepseek.md: Copied (new)
2026/08/09 08:54:54 INFO  : Backups/rotacao_trindade_v4_20260718_220604/cerebro/inbox_trindade/kimi.md: Copied (new)
2026/08/09 08:54:54 INFO  : Backups/rotacao_trindade_v4_20260718_220604/cerebro/inbox_trindade/kilo.md: Copied (new)
2026/08/09 08:54:55 INFO  : Backups/rotacao_trindade_v4_20260718_220604/cerebro/inbox_trindade/ming.md: Copied (new)
2026/08/09 08:54:55 INFO  : Backups/rotacao_trindade_v4_20260718_220604/cerebro/inbox_trindade/miguel.md: Copied (new)
2026/08/09 08:54:55 INFO  : Backups/rotacao_trindade_v4_20260718_220604/cerebro/inbox_trindade/qwen_coding.md: Copied (new)
2026/08/09 08:54:55 INFO  : Backups/rotacao_trindade_v4_20260718_220604/cerebro/inbox_trindade/qwen.md: Copied (new)
2026/08/09 08:54:55 INFO  : Backups/rotacao_trindade_v4_20260718_220604/cerebro/inbox_trindade/vibe_mistral_cli.md: Copied (new)
2026/08/09 08:54:55 INFO  : Backups/rotacao_trindade_v4_20260718_220604/projeto/inbox_trindade/antigravity.md: Copied (new)
2026/08/09 08:54:55 INFO  : Backups/rotacao_trindade_v4_20260718_220604/projeto/inbox_trindade/claude.md: Copied (new)
2026/08/09 08:54:55 INFO  : Backups/rotacao_trindade_v4_20260718_220604/projeto/inbox_trindade/deepseek.md: Copied (new)
2026/08/09 08:54:55 INFO  : Backups/rotacao_trindade_v4_20260718_220604/projeto/inbox_trindade/glm.md: Copied (new)
2026/08/09 08:54:55 INFO  : Backups/rotacao_trindade_v4_20260718_220604/projeto/inbox_trindade/agy.md: Copied (new)
2026/08/09 08:54:55 INFO  : Backups/rotacao_trindade_v4_20260718_220604/projeto/inbox_trindade/grok.md: Copied (new)
2026/08/09 08:54:55 INFO  : Backups/rotacao_trindade_v4_20260718_220604/projeto/inbox_trindade/kilo.md: Copied (new)
2026/08/09 08:54:55 INFO  : Backups/rotacao_trindade_v4_20260718_220604/projeto/inbox_trindade/qwen.md: Copied (new)
2026/08/09 08:54:55 INFO  : Backups/vigilia_v5/2026-08-05/264271_pre_pending_duplicata_20260805_004725.json: Copied (new)
2026/08/09 08:54:55 INFO  : Backups/rotacao_trindade_v4_20260718_220604/projeto/inbox_trindade/codex.md: Copied (new)
2026/08/09 08:54:55 INFO  : Backups/rotacao_trindade_v4_20260718_220604/projeto/inbox_trindade/kimi.md: Copied (new)
2026/08/09 08:54:55 INFO  : Backups/vigilia_v5/2026-08-05/264305_pre_publish_20260805_004717.json: Copied (new)
2026/08/09 08:54:55 INFO  : Backups/vigilia_v5/2026-08-05/264308_pre_publish_20260805_044344.json: Copied (new)
2026/08/09 08:54:55 INFO  : Backups/vigilia_v5/2026-08-05/264306_pre_publish_20260805_054418.json: Copied (new)
2026/08/09 08:54:55 INFO  : Backups/vigilia_v5/2026-08-05/264276_pre_publish_20260805_034407.json: Copied (new)
2026/08/09 08:54:55 INFO  : Backups/vigilia_v5/2026-08-05/264314_pre_publish_20260805_024436.json: Copied (new)
2026/08/09 08:54:55 INFO  : Backups/vigilia_v5/2026-08-05/264312_pre_publish_20260805_004723.json: Copied (new)
2026/08/09 08:54:55 INFO  : Backups/vigilia_v5/2026-08-05/264316_pre_publish_20260805_014317.json: Copied (new)
2026/08/09 08:54:55 INFO  : Backups/vigilia_v5/2026-08-05/264318_pre_publish_20260805_014309.json: Copied (new)
2026/08/09 08:54:55 INFO  : Backups/vigilia_v5/2026-08-05/264323_pre_publish_20260805_024433.json: Copied (new)
2026/08/09 08:54:55 INFO  : Backups/vigilia_v5/2026-08-05/264325_pre_publish_20260805_034411.json: Copied (new)
2026/08/09 08:54:55 INFO  : Backups/vigilia_v5/2026-08-05/264329_pre_publish_20260805_044333.json: Copied (new)
2026/08/09 08:54:56 INFO  : Backups/vigilia_v5/2026-08-05/264334_pre_pending_duplicata_20260805_054428.json: Copied (new)
2026/08/09 08:54:56 INFO  : Backups/vigilia_v5/2026-08-05/264339_pre_publish_20260805_085408.json: Copied (new)
2026/08/09 08:54:56 INFO  : Backups/vigilia_v5/2026-08-05/264338_pre_publish_20260805_065219.json: Copied (new)
2026/08/09 08:54:56 INFO  : Backups/vigilia_v5/2026-08-05/264340_pre_publish_20260805_072349.json: Copied (new)
2026/08/09 08:54:56 INFO  : Backups/vigilia_v5/2026-08-05/264343_pre_publish_20260805_065225.json: Copied (new)
2026/08/09 08:54:56 INFO  : Backups/vigilia_v5/2026-08-05/264347_pre_publish_20260805_105334.json: Copied (new)
2026/08/09 08:54:56 INFO  : Backups/vigilia_v5/2026-08-05/264349_pre_publish_20260805_082237.json: Copied (new)
2026/08/09 08:54:56 INFO  : Backups/vigilia_v5/2026-08-05/264331_pre_publish_20260805_054412.json: Copied (new)
2026/08/09 08:54:56 INFO  : Backups/vigilia_v5/2026-08-05/264355_pre_publish_20260805_095222.json: Copied (new)
2026/08/09 08:54:56 INFO  : Backups/vigilia_v5/2026-08-05/264358_pre_publish_20260805_102249.json: Copied (new)
2026/08/09 08:54:56 INFO  : Backups/vigilia_v5/2026-08-05/264364_pre_pending_bug_editorial_20260805_112352.json: Copied (new)
2026/08/09 08:54:56 INFO  : Backups/vigilia_v5/2026-08-05/264366_pre_publish_20260805_112347.json: Copied (new)
2026/08/09 08:54:56 INFO  : Backups/vigilia_v5/2026-08-05/264374_pre_publish_20260805_125252.json: Copied (new)
2026/08/09 08:54:56 INFO  : Backups/vigilia_v5/2026-08-05/264372_pre_publish_20260805_122306.json: Copied (new)
2026/08/09 08:54:56 INFO  : Backups/vigilia_v5/2026-08-05/264296_pre_pending_duplicata_20260805_034422.json: Copied (new)
2026/08/09 08:54:56 INFO  : Backups/vigilia_v5/2026-08-05/264383_pre_publish_20260805_135247.json: Copied (new)
2026/08/09 08:54:56 INFO  : Backups/vigilia_v5/2026-08-05/264376_pre_publish_20260805_132323.json: Copied (new)
2026/08/09 08:54:56 INFO  : Backups/vigilia_v5/2026-08-05/264389_pre_publish_20260805_142315.json: Copied (new)
2026/08/09 08:54:56 INFO  : Backups/vigilia_v5/2026-08-05/264385_pre_publish_20260805_145415.json: Copied (new)
2026/08/09 08:54:56 INFO  : Backups/vigilia_v5/2026-08-05/264392_pre_pending_saturacao_20260805_145421.json: Copied (new)
2026/08/09 08:54:56 INFO  : Backups/vigilia_v5/2026-08-05/264400_pre_publish_20260805_162226.json: Copied (new)
2026/08/09 08:54:56 INFO  : Backups/vigilia_v5/2026-08-05/264403_pre_publish_20260805_192229.json: Copied (new)
2026/08/09 08:54:56 INFO  : Backups/vigilia_v5/2026-08-05/264406_pre_publish_20260805_212208.json: Copied (new)
2026/08/09 08:54:56 INFO  : Backups/vigilia_v5/2026-08-05/264408_pre_pending_bug_factual_20260805_185359.json: Copied (new)
2026/08/09 08:54:56 INFO  : Backups/vigilia_v5/2026-08-05/264425_pre_publish_20260805_222302.json: Copied (new)
2026/08/09 08:54:56 INFO  : Backups/vigilia_v5/2026-08-05/264402_pre_publish_20260805_185353.json: Copied (new)
2026/08/09 08:54:56 INFO  : Backups/vigilia_v5/2026-08-05/264390_pre_publish_20260805_152211.json: Copied (new)
2026/08/09 08:54:56 INFO  : Backups/vigilia_v5/2026-08-05/264426_pre_publish_20260805_195312.json: Copied (new)
2026/08/09 08:54:56 INFO  : Backups/vigilia_v5/2026-08-05/264432_pre_publish_20260805_202306.json: Copied (new)
2026/08/09 08:54:57 INFO  : Backups/vigilia_v5/2026-08-05/264394_pre_pending_duplicata_20260805_145419.json: Copied (new)
2026/08/09 08:54:57 INFO  : Backups/vigilia_v5/2026-08-05/264438_pre_publish_20260805_215219.json: Copied (new)
2026/08/09 08:54:57 INFO  : Backups/vigilia_v5/2026-08-05/264433_pre_publish_20260805_205419.json: Copied (new)
2026/08/09 08:54:57 INFO  : Backups/backup_cerebro_20260728_164635/ARQUITETURA_MOKA/01_visao_geral_aplicativo.md: Copied (new)
2026/08/09 08:54:57 INFO  : Backups/backup_cerebro_20260728_164635/ARQUITETURA_MOKA/02_arquitetura_pontos.md: Copied (new)
2026/08/09 08:54:57 INFO  : Backups/vigilia_v5/2026-08-05/264447_pre_publish_20260805_232009.json: Copied (new)
2026/08/09 08:54:57 INFO  : Backups/vigilia_v5/2026-08-05/264443_pre_publish_20260805_232014.json: Copied (new)
2026/08/09 08:54:57 INFO  : Backups/backup_cerebro_20260728_164635/ARQUITETURA_MOKA/04_inovacoes_e_ideias.md: Copied (new)
2026/08/09 08:54:57 INFO  : Backups/backup_cerebro_20260728_164635/ARQUITETURA_MOKA/05_mapa_de_arquivos.md: Copied (new)
2026/08/09 08:54:57 INFO  : Backups/backup_cerebro_20260728_164635/ARQUITETURA_MOKA/06_mapa_de_credenciais.md: Copied (new)
2026/08/09 08:54:57 INFO  : Backups/reforma_v4_abertura_sprint_20260717_1042/inbox_trindade_antes_da_limpeza/agy.md: Copied (new)
2026/08/09 08:54:57 INFO  : Backups/reforma_v4_abertura_sprint_20260717_1042/inbox_trindade_antes_da_limpeza/agy_cli.md: Copied (new)
2026/08/09 08:54:57 INFO  : Backups/backup_cerebro_20260728_164635/ARQUITETURA_MOKA/07_relatorio_completo.md: Copied (new)
2026/08/09 08:54:57 INFO  : Backups/backup_cerebro_20260728_164635/ARQUITETURA_MOKA/README.md: Copied (new)
2026/08/09 08:54:57 INFO  : Backups/reforma_v4_abertura_sprint_20260717_1042/inbox_trindade_antes_da_limpeza/analise_ipca15_junho2026.md: Copied (new)
2026/08/09 08:54:57 INFO  : Backups/reforma_v4_abertura_sprint_20260717_1042/inbox_trindade_antes_da_limpeza/README.md: Copied (new)
2026/08/09 08:54:57 INFO  : Backups/reforma_v4_abertura_sprint_20260717_1042/inbox_trindade_antes_da_limpeza/antigravity.md: Copied (new)
2026/08/09 08:54:57 INFO  : Backups/backup_cerebro_20260728_164635/ARQUITETURA_MOKA/03_arquitetura_investidores.md: Copied (new)
2026/08/09 08:54:57 INFO  : Backups/reforma_v4_abertura_sprint_20260717_1042/inbox_trindade_antes_da_limpeza/apresentacao_eidas.html: Copied (new)
2026/08/09 08:54:57 INFO  : Backups/reforma_v4_abertura_sprint_20260717_1042/inbox_trindade_antes_da_limpeza/codex.md: Copied (new)
2026/08/09 08:54:57 INFO  : Backups/reforma_v4_abertura_sprint_20260717_1042/inbox_trindade_antes_da_limpeza/deepseek.md: Copied (new)
2026/08/09 08:54:57 INFO  : Backups/reforma_v4_abertura_sprint_20260717_1042/inbox_trindade_antes_da_limpeza/detalhar_page.txt: Copied (new)
2026/08/09 08:54:57 INFO  : Backups/reforma_v4_abertura_sprint_20260717_1042/inbox_trindade_antes_da_limpeza/claude.md: Copied (new)
2026/08/09 08:54:57 INFO  : Backups/reforma_v4_abertura_sprint_20260717_1042/inbox_trindade_antes_da_limpeza/gerar_pdfs.py: Copied (new)
2026/08/09 08:54:57 INFO  : Backups/reforma_v4_abertura_sprint_20260717_1042/inbox_trindade_antes_da_limpeza/find_institutes.js: Copied (new)
2026/08/09 08:54:58 INFO  : Backups/reforma_v4_abertura_sprint_20260717_1042/inbox_trindade_antes_da_limpeza/detalhar_page_html.txt: Copied (new)
2026/08/09 08:54:58 INFO  : Backups/reforma_v4_abertura_sprint_20260717_1042/inbox_trindade_antes_da_limpeza/glm.md: Copied (new)
2026/08/09 08:54:58 INFO  : Backups/reforma_v4_abertura_sprint_20260717_1042/inbox_trindade_antes_da_limpeza/glm_coding.md: Copied (new)
2026/08/09 08:54:58 INFO  : Backups/reforma_v4_abertura_sprint_20260717_1042/inbox_trindade_antes_da_limpeza/glm_5_2_externo.md: Copied (new)
2026/08/09 08:54:58 INFO  : Backups/reforma_v4_abertura_sprint_20260717_1042/inbox_trindade_antes_da_limpeza/grok.md: Copied (new)
2026/08/09 08:54:58 INFO  : Backups/reforma_v4_abertura_sprint_20260717_1042/inbox_trindade_antes_da_limpeza/kilo.md: Copied (new)
2026/08/09 08:54:58 INFO  : Backups/reforma_v4_abertura_sprint_20260717_1042/inbox_trindade_antes_da_limpeza/gpt.md: Copied (new)
2026/08/09 08:54:58 INFO  : Backups/reforma_v4_abertura_sprint_20260717_1042/inbox_trindade_antes_da_limpeza/kimi.md: Copied (new)
2026/08/09 08:54:58 INFO  : Backups/reforma_v4_abertura_sprint_20260717_1042/inbox_trindade_antes_da_limpeza/materia_eidas_20260630.md: Copied (new)
2026/08/09 08:54:58 INFO  : Backups/reforma_v4_abertura_sprint_20260717_1042/inbox_trindade_antes_da_limpeza/materia_eidas_diagramada.html: Copied (new)
2026/08/09 08:54:58 INFO  : Backups/reforma_v4_abertura_sprint_20260717_1042/inbox_trindade_antes_da_limpeza/grok_coding.md: Copied (new)
2026/08/09 08:54:58 INFO  : Backups/reforma_v4_abertura_sprint_20260717_1042/inbox_trindade_antes_da_limpeza/miguel.md: Copied (new)
2026/08/09 08:54:58 INFO  : Backups/reforma_v4_abertura_sprint_20260717_1042/inbox_trindade_antes_da_limpeza/package-lock.json: Copied (new)
2026/08/09 08:54:58 INFO  : Backups/reforma_v4_abertura_sprint_20260717_1042/inbox_trindade_antes_da_limpeza/package.json: Copied (new)
2026/08/09 08:54:58 INFO  : Backups/reforma_v4_abertura_sprint_20260717_1042/inbox_trindade_antes_da_limpeza/parser_tse.js: Copied (new)
2026/08/09 08:54:58 INFO  : Backups/reforma_v4_abertura_sprint_20260717_1042/inbox_trindade_antes_da_limpeza/parser_tse_quaest.js: Copied (new)
2026/08/09 08:54:58 INFO  : Backups/reforma_v4_abertura_sprint_20260717_1042/inbox_trindade_antes_da_limpeza/apresentacao_eidas.pdf: Copied (new)
2026/08/09 08:54:58 INFO  : Backups/reforma_v4_abertura_sprint_20260717_1042/inbox_trindade_antes_da_limpeza/parser_tse_quaest_fixed.js: Copied (new)
2026/08/09 08:54:58 INFO  : Backups/reforma_v4_abertura_sprint_20260717_1042/inbox_trindade_antes_da_limpeza/ming.md: Copied (new)
2026/08/09 08:54:58 INFO  : Backups/reforma_v4_abertura_sprint_20260717_1042/inbox_trindade_antes_da_limpeza/pedido_ponto_de_retomada_20260628.md: Copied (new)
2026/08/09 08:54:59 INFO  : Backups/reforma_v4_abertura_sprint_20260717_1042/inbox_trindade_antes_da_limpeza/pesqele_data.json: Copied (new)
2026/08/09 08:54:59 INFO  : Backups/reforma_v4_abertura_sprint_20260717_1042/inbox_trindade_antes_da_limpeza/pesqele_body.txt: Copied (new)
2026/08/09 08:54:59 INFO  : Backups/reforma_v4_abertura_sprint_20260717_1042/inbox_trindade_antes_da_limpeza/pesqele_results_body.txt: Copied (new)
2026/08/09 08:54:59 INFO  : Backups/reforma_v4_abertura_sprint_20260717_1042/inbox_trindade_antes_da_limpeza/pesqele_home.png: Copied (new)
2026/08/09 08:54:59 INFO  : Backups/reforma_v4_abertura_sprint_20260717_1042/inbox_trindade_antes_da_limpeza/pesqele_results.png: Copied (new)
2026/08/09 08:54:59 INFO  : Backups/reforma_v4_abertura_sprint_20260717_1042/inbox_trindade_antes_da_limpeza/pesqele_html.txt: Copied (new)
2026/08/09 08:54:59 INFO  : Backups/reforma_v4_abertura_sprint_20260717_1042/inbox_trindade_antes_da_limpeza/pesqele_search.png: Copied (new)
2026/08/09 08:54:59 INFO  : Backups/reforma_v4_abertura_sprint_20260717_1042/inbox_trindade_antes_da_limpeza/pesquisas_tse_2026.json: Copied (new)
2026/08/09 08:54:59 INFO  : Backups/reforma_v4_abertura_sprint_20260717_1042/inbox_trindade_antes_da_limpeza/pesqele_form_html.txt: Copied (new)
2026/08/09 08:54:59 INFO  : Backups/reforma_v4_abertura_sprint_20260717_1042/inbox_trindade_antes_da_limpeza/pesquisas_tse_2026_detalhes.json: Copied (new)
2026/08/09 08:54:59 INFO  : Backups/reforma_v4_abertura_sprint_20260717_1042/inbox_trindade_antes_da_limpeza/pesqele_search_body.txt: Copied (new)
2026/08/09 08:55:00 INFO  : Backups/reforma_v4_abertura_sprint_20260717_1042/inbox_trindade_antes_da_limpeza/pesquisas_tse_2026_raw_modals.json: Copied (new)
2026/08/09 08:55:00 INFO  : Backups/reforma_v4_abertura_sprint_20260717_1042/inbox_trindade_antes_da_limpeza/pesquisas_tse_2026_processadas.json: Copied (new)
2026/08/09 08:55:00 INFO  : Backups/reforma_v4_abertura_sprint_20260717_1042/inbox_trindade_antes_da_limpeza/pesquisas_tse_2026_tabela.csv: Copied (new)
2026/08/09 08:55:00 INFO  : Backups/reforma_v4_abertura_sprint_20260717_1042/inbox_trindade_antes_da_limpeza/pesquisas_tse_2026_todas.json: Copied (new)
2026/08/09 08:55:00 INFO  : Backups/reforma_v4_abertura_sprint_20260717_1042/inbox_trindade_antes_da_limpeza/pesqele_search_html.txt: Copied (new)
2026/08/09 08:55:00 INFO  : Backups/reforma_v4_abertura_sprint_20260717_1042/inbox_trindade_antes_da_limpeza/pesquisas_tse_2026_todas_br.json: Copied (new)
2026/08/09 08:55:00 INFO  : Backups/reforma_v4_abertura_sprint_20260717_1042/inbox_trindade_antes_da_limpeza/pesquisas_tse_2026_full.json: Copied (new)
2026/08/09 08:55:00 INFO  : Backups/reforma_v4_abertura_sprint_20260717_1042/inbox_trindade_antes_da_limpeza/quaest_ipec.json: Copied (new)
2026/08/09 08:55:00 INFO  : Backups/reforma_v4_abertura_sprint_20260717_1042/inbox_trindade_antes_da_limpeza/publicar_pagina_direitos.py: Copied (new)
2026/08/09 08:55:00 INFO  : Backups/reforma_v4_abertura_sprint_20260717_1042/inbox_trindade_antes_da_limpeza/qwen.md: Copied (new)
2026/08/09 08:55:00 INFO  : Backups/reforma_v4_abertura_sprint_20260717_1042/inbox_trindade_antes_da_limpeza/qwen_coding.md: Copied (new)
2026/08/09 08:55:00 INFO  : Backups/reforma_v4_abertura_sprint_20260717_1042/inbox_trindade_antes_da_limpeza/resumo_pesquisas.json: Copied (new)
2026/08/09 08:55:00 INFO  : Backups/reforma_v4_abertura_sprint_20260717_1042/inbox_trindade_antes_da_limpeza/scraper_tse2.js: Copied (new)
2026/08/09 08:55:00 INFO  : Backups/reforma_v4_abertura_sprint_20260717_1042/inbox_trindade_antes_da_limpeza/scraper_tse.js: Copied (new)
2026/08/09 08:55:00 INFO  : Backups/reforma_v4_abertura_sprint_20260717_1042/inbox_trindade_antes_da_limpeza/scraper_tse3.js: Copied (new)
2026/08/09 08:55:00 INFO  : Backups/reforma_v4_abertura_sprint_20260717_1042/inbox_trindade_antes_da_limpeza/scraper_tse4.js: Copied (new)
2026/08/09 08:55:01 INFO  : Backups/reforma_v4_abertura_sprint_20260717_1042/inbox_trindade_antes_da_limpeza/scraper_tse5.js: Copied (new)
2026/08/09 08:55:01 INFO  : Backups/reforma_v4_abertura_sprint_20260717_1042/inbox_trindade_antes_da_limpeza/scraper_tse6.js: Copied (new)
2026/08/09 08:55:01 INFO  : Backups/reforma_v4_abertura_sprint_20260717_1042/inbox_trindade_antes_da_limpeza/relatorio_pesquisas_2026.md: Copied (new)
2026/08/09 08:55:01 INFO  : Backups/reforma_v4_abertura_sprint_20260717_1042/inbox_trindade_antes_da_limpeza/scraper_tse_detalhar_test.js: Copied (new)
2026/08/09 08:55:01 INFO  : Backups/reforma_v4_abertura_sprint_20260717_1042/inbox_trindade_antes_da_limpeza/scraper_tse_detalhes.js: Copied (new)
2026/08/09 08:55:01 INFO  : Backups/reforma_v4_abertura_sprint_20260717_1042/inbox_trindade_antes_da_limpeza/scraper_tse_custos.js: Copied (new)
2026/08/09 08:55:01 INFO  : Backups/reforma_v4_abertura_sprint_20260717_1042/inbox_trindade_antes_da_limpeza/scraper_tse_form.js: Copied (new)
2026/08/09 08:55:01 INFO  : Backups/reforma_v4_abertura_sprint_20260717_1042/inbox_trindade_antes_da_limpeza/scraper_tse_fast.js: Copied (new)
2026/08/09 08:55:01 INFO  : Backups/reforma_v4_abertura_sprint_20260717_1042/inbox_trindade_antes_da_limpeza/scraper_tse_full.js: Copied (new)
2026/08/09 08:55:01 INFO  : Backups/reforma_v4_abertura_sprint_20260717_1042/inbox_trindade_antes_da_limpeza/scraper_tse_isolated.js: Copied (new)
2026/08/09 08:55:01 INFO  : Backups/reforma_v4_abertura_sprint_20260717_1042/inbox_trindade_antes_da_limpeza/scraper_tse_modals.js: Copied (new)
2026/08/09 08:55:01 INFO  : Backups/reforma_v4_abertura_sprint_20260717_1042/inbox_trindade_antes_da_limpeza/scraper_tse_modals3.js: Copied (new)
2026/08/09 08:55:01 INFO  : Backups/reforma_v4_abertura_sprint_20260717_1042/inbox_trindade_antes_da_limpeza/scraper_tse_paginator.js: Copied (new)
2026/08/09 08:55:01 INFO  : Backups/reforma_v4_abertura_sprint_20260717_1042/inbox_trindade_antes_da_limpeza/scraper_tse_modals2.js: Copied (new)
2026/08/09 08:55:01 INFO  : Backups/reforma_v4_abertura_sprint_20260717_1042/inbox_trindade_antes_da_limpeza/scraper_tse_todas_br.js: Copied (new)
2026/08/09 08:55:01 INFO  : Backups/reforma_v4_abertura_sprint_20260717_1042/inbox_trindade_antes_da_limpeza/test_quaest.js: Copied (new)
2026/08/09 08:55:01 INFO  : Backups/reforma_v4_abertura_sprint_20260717_1042/inbox_trindade_antes_da_limpeza/vibe_mistral_cli.md: Copied (new)
2026/08/09 08:55:01 INFO  : Backups/backup_cerebro_20260728_164635/Inventarios/github_ssh_keys_20260625.md: Copied (new)
2026/08/09 08:55:01 INFO  : Backups/vigilia_v5/2026-08-09/264812_d23acbf20369731b.json: Copied (new)
2026/08/09 08:55:01 INFO  : Backups/vigilia_v5/2026-08-09/264920_83d78822fb39ac89.json: Copied (new)
2026/08/09 08:55:01 INFO  : Backups/vigilia_v5/2026-08-09/264926_f735dbaeb806403d.json: Copied (new)
2026/08/09 08:55:01 INFO  : Backups/vigilia_v5/2026-08-09/_DELETED_264869_76568a865d3fe7a6.json: Copied (new)
2026/08/09 08:55:01 INFO  : Backups/vigilia_v5/2026-08-09/_pos_264869_8d896d3745f0bdce.json: Copied (new)
2026/08/09 08:55:02 INFO  : Backups/vigilia_v5/2026-08-09/_pos_264871_de183cebae3b361d.json: Copied (new)
2026/08/09 08:55:02 INFO  : Backups/vigilia_v5/2026-08-09/_pos_264875_734651f83ed15445.json: Copied (new)
2026/08/09 08:55:02 INFO  : Backups/vigilia_v5/2026-08-09/_pos_264881_b3d891e3e0e93cc2.json: Copied (new)
2026/08/09 08:55:02 INFO  : Backups/vigilia_v5/2026-08-09/264812_7ee232a5e890c4fb.json: Copied (new)
2026/08/09 08:55:02 INFO  : Backups/vigilia_v5/2026-08-09/_pos_264874_13a7d47c9de28ea2.json: Copied (new)
2026/08/09 08:55:02 INFO  : Backups/vigilia_v5/2026-08-09/_pos_264902_1c3e1d1e99e91799.json: Copied (new)
2026/08/09 08:55:02 INFO  : Backups/vigilia_v5/2026-08-09/_pos_264918_45f29416292abd4d.json: Copied (new)
2026/08/09 08:55:02 INFO  : Backups/vigilia_v5/2026-08-09/_pos_v2_retificacao_264823_eea53b3d4af5705e.json: Copied (new)
2026/08/09 08:55:02 INFO  : Backups/vigilia_v5/2026-08-09/_pos_264913_e5b2f65e5b816b90.json: Copied (new)
2026/08/09 08:55:02 INFO  : Backups/vigilia_v5/2026-08-09/_pre_264869_7bea59b379d4d260.json: Copied (new)
2026/08/09 08:55:02 INFO  : Backups/vigilia_v5/2026-08-09/_pre_264871_3067eb3ec310e494.json: Copied (new)
2026/08/09 08:55:02 INFO  : Backups/vigilia_v5/2026-08-09/_pre_264874_7afda28f39878212.json: Copied (new)
2026/08/09 08:55:02 INFO  : Backups/vigilia_v5/2026-08-09/_pos_v2_retificacao_264722_2ddacce551cf6500.json: Copied (new)
2026/08/09 08:55:02 INFO  : Backups/vigilia_v5/2026-08-09/_pre_264881_a8eec3723fdc7871.json: Copied (new)
2026/08/09 08:55:02 INFO  : Backups/vigilia_v5/2026-08-09/_pre_264902_9782e747b662161c.json: Copied (new)
2026/08/09 08:55:02 INFO  : Backups/vigilia_v5/2026-08-09/_pre_264875_154b41390de0bb0f.json: Copied (new)
2026/08/09 08:55:02 INFO  : Backups/vigilia_v5/2026-08-09/_pre_264913_831d8c460aff184e.json: Copied (new)
2026/08/09 08:55:02 INFO  : Backups/vigilia_v5/2026-08-09/_pre_v2_retificacao_264722_b9d5a4b0ff1ec438.json: Copied (new)
2026/08/09 08:55:02 INFO  : Backups/vigilia_v5/2026-08-09/_pre_264918_7672229d9020555a.json: Copied (new)
2026/08/09 08:55:02 INFO  : Backups/vigilia_v5/2026-08-09/_pre_v2_retificacao_264823_629ee8040f3b7a86.json: Copied (new)
2026/08/09 08:55:02 INFO  : Backups/backup_cerebro_20260728_164635/Memorias/memoria_deploy_canonico_tablet_historico_20260727.md: Copied (new)
2026/08/09 08:55:02 INFO  : Backups/backup_cerebro_20260728_164635/Memorias/memoria_foto_na_hora_flickr_20260728.md: Copied (new)
2026/08/09 08:55:02 INFO  : Backups/backup_cerebro_20260728_164635/Memorias/memoria_gsn_post_sem_imagem_20260723.md: Copied (new)
2026/08/09 08:55:03 INFO  : Backups/backup_cerebro_20260728_164635/Memorias/memoria_v4_bilingue_siglas_cron_nacional_20260727.md: Copied (new)
2026/08/09 08:55:03 INFO  : Backups/vigilia_v5/2026-08-06/264424_pre_publish_20260805_234222.json: Copied (new)
2026/08/09 08:55:03 INFO  : Backups/vigilia_v5/2026-08-06/264426_pre_correcao_ambiguidade_geografica_20260805_234707.json: Copied (new)
2026/08/09 08:55:03 INFO  : Backups/vigilia_v5/2026-08-06/264435_pre_publish_20260806_014143.json: Copied (new)
2026/08/09 08:55:03 INFO  : Backups/vigilia_v5/2026-08-06/264428_pre_pending_decisao_miguel_20260806_034810.json: Copied (new)
2026/08/09 08:55:03 INFO  : Backups/vigilia_v5/2026-08-06/264452_pre_publish_20260805_234210.json: Copied (new)
2026/08/09 08:55:03 INFO  : Backups/backup_cerebro_20260728_164635/Memorias/memoria_moka_checkout_mercadopago_20260723.md: Copied (new)
2026/08/09 08:55:03 INFO  : Backups/vigilia_v5/2026-08-06/264456_pre_publish_20260806_004226.json: Copied (new)
2026/08/09 08:55:03 INFO  : Backups/vigilia_v5/2026-08-06/264458_pre_pending_duplicata_saturacao_20260806_014149.json: Copied (new)
2026/08/09 08:55:03 INFO  : Backups/vigilia_v5/2026-08-06/264454_pre_publish_20260806_004235.json: Copied (new)
2026/08/09 08:55:03 INFO  : Backups/vigilia_v5/2026-08-06/264462_pre_publish_20260806_024346.json: Copied (new)
2026/08/09 08:55:03 INFO  : Backups/vigilia_v5/2026-08-06/264468_pre_publish_20260806_034137.json: Copied (new)
2026/08/09 08:55:03 INFO  : Backups/vigilia_v5/2026-08-06/264472_pre_publish_20260806_044133.json: Copied (new)
2026/08/09 08:55:03 INFO  : Backups/reforma_v4_abertura_sprint_20260717_1042/inbox_trindade_antes_da_limpeza/pesqele_results_html.txt: Copied (new)
2026/08/09 08:55:03 INFO  : Backups/vigilia_v5/2026-08-06/264466_pre_publish_20260806_034142.json: Copied (new)
2026/08/09 08:55:03 INFO  : Backups/vigilia_v5/2026-08-06/264474_pre_publish_20260806_044121.json: Copied (new)
2026/08/09 08:55:03 INFO  : Backups/vigilia_v5/2026-08-06/264476_pre_publish_20260806_054141.json: Copied (new)
2026/08/09 08:55:03 INFO  : Backups/vigilia_v5/2026-08-06/264464_pre_publish_20260806_024336.json: Copied (new)
2026/08/09 08:55:03 INFO  : Backups/vigilia_v5/2026-08-06/264484_pre_publish_20260806_065043.json: Copied (new)
2026/08/09 08:55:03 INFO  : Backups/vigilia_v5/2026-08-06/264482_pre_publish_20260806_065055.json: Copied (new)
2026/08/09 08:55:03 INFO  : Backups/vigilia_v5/2026-08-06/264486_pre_publish_20260806_072221.json: Copied (new)
2026/08/09 08:55:03 INFO  : Backups/vigilia_v5/2026-08-06/264480_pre_publish_20260806_054137.json: Copied (new)
2026/08/09 08:55:04 INFO  : Backups/vigilia_v5/2026-08-06/264488_pre_publish_20260806_075224.json: Copied (new)
2026/08/09 08:55:04 INFO  : Backups/vigilia_v5/2026-08-06/264491_pre_publish_20260806_082200.json: Copied (new)
2026/08/09 08:55:04 INFO  : Backups/vigilia_v5/2026-08-06/264496_pre_pending_saturacao_hormuz_20260806_115301.json: Copied (new)
2026/08/09 08:55:04 INFO  : Backups/vigilia_v5/2026-08-06/264499_pre_publish_20260806_092307.json: Copied (new)
2026/08/09 08:55:04 INFO  : Backups/vigilia_v5/2026-08-06/264501_pre_publish_20260806_095218.json: Copied (new)
2026/08/09 08:55:04 INFO  : Backups/vigilia_v5/2026-08-06/264490_pre_publish_20260806_102358.json: Copied (new)
2026/08/09 08:55:04 INFO  : Backups/vigilia_v5/2026-08-06/264503_pre_pending_bug_factual_20260806_102353.json: Copied (new)
2026/08/09 08:55:04 INFO  : Backups/vigilia_v5/2026-08-06/264507_pre_publish_20260806_105320.json: Copied (new)
2026/08/09 08:55:04 INFO  : Backups/vigilia_v5/2026-08-06/264505_pre_publish_20260806_112235.json: Copied (new)
2026/08/09 08:55:04 INFO  : Backups/vigilia_v5/2026-08-06/264514_pre_publish_20260806_115254.json: Copied (new)
2026/08/09 08:55:04 INFO  : Backups/vigilia_v5/2026-08-06/264528_pre_publish_20260806_122227.json: Copied (new)
2026/08/09 08:55:04 INFO  : Backups/vigilia_v5/2026-08-06/264532_pre_publish_20260806_125217.json: Copied (new)
2026/08/09 08:55:04 INFO  : Backups/vigilia_v5/2026-08-06/264538_pre_pending_duplicata_20260806_132319.json: Copied (new)
2026/08/09 08:55:04 INFO  : Backups/vigilia_v5/2026-08-06/264542_pos_publish_135337.json: Copied (new)
2026/08/09 08:55:04 INFO  : Backups/vigilia_v5/2026-08-06/264542_pre_fix_fonte_www12_135337.json: Copied (new)
2026/08/09 08:55:04 INFO  : Backups/vigilia_v5/2026-08-06/264493_pre_publish_20260806_085221.json: Copied (new)
2026/08/09 08:55:04 INFO  : Backups/vigilia_v5/2026-08-06/264544_pre_pending_ia_regional_proibido_155316.json: Copied (new)
2026/08/09 08:55:04 INFO  : Backups/vigilia_v5/2026-08-06/264526_pre_publish_20260806_132309.json: Copied (new)
2026/08/09 08:55:04 INFO  : Backups/vigilia_v5/2026-08-06/264549_pos_publish_142410.json: Copied (new)
2026/08/09 08:55:04 INFO  : Backups/vigilia_v5/2026-08-06/264549_pre_fix_trump_michigan_142410.json: Copied (new)
2026/08/09 08:55:04 INFO  : Backups/vigilia_v5/2026-08-06/264552_pre_pending_duplicata_de_264556_145448.json: Copied (new)
2026/08/09 08:55:04 INFO  : monitoramento_horario/backups_edicao/backup_pre_publish_ciclo_0717_20260729_071853/263396_pre.json: Copied (new)
2026/08/09 08:55:04 INFO  : Backups/vigilia_v5/2026-08-06/264553_pos_publish_152341.json: Copied (new)
2026/08/09 08:55:04 INFO  : Backups/vigilia_v5/2026-08-06/264556_pos_publish_145448.json: Copied (new)
2026/08/09 08:55:04 INFO  : Backups/vigilia_v5/2026-08-06/264556_pre_publish_yt_gaspar_145448.json: Copied (new)
2026/08/09 08:55:04 INFO  : Backups/vigilia_v5/2026-08-06/264557_pos_republish_152629.json: Copied (new)
2026/08/09 08:55:05 INFO  : Backups/reforma_v4_abertura_sprint_20260717_1042/inbox_trindade_antes_da_limpeza/materia_eidas_diagramada.pdf: Copied (new)
2026/08/09 08:55:05 INFO  : Backups/vigilia_v5/2026-08-06/264561_pos_republish_kimi_35a59e05ac236573.json: Copied (new)
2026/08/09 08:55:05 INFO  : Backups/vigilia_v5/2026-08-06/264557_pre_republish_pos_regra_v3_miguel_ciencia_livre_152629.json: Copied (new)
2026/08/09 08:55:05 INFO  : Backups/vigilia_v5/2026-08-06/264561_pre_pending_70726e3073b870d6.json: Copied (new)
2026/08/09 08:55:05 INFO  : Backups/vigilia_v5/2026-08-06/264561_pos_pending_ab8605c50a4b2dd1.json: Copied (new)
2026/08/09 08:55:05 INFO  : Backups/vigilia_v5/2026-08-06/264561_pre_republish_kimi_8c5f52fec6565270.json: Copied (new)
2026/08/09 08:55:05 INFO  : Backups/vigilia_v5/2026-08-06/264553_pre_fix_contexto_despedida_petro_152341.json: Copied (new)
2026/08/09 08:55:05 INFO  : Backups/vigilia_v5/2026-08-06/264557_pre_pending_ia_cota_estourada_152341.json: Copied (new)
2026/08/09 08:55:05 INFO  : Backups/vigilia_v5/2026-08-06/264562_pos_publish_155316.json: Copied (new)
2026/08/09 08:55:05 INFO  : Backups/vigilia_v5/2026-08-06/264562_pre_fix_spacex_titulo_155316.json: Copied (new)
2026/08/09 08:55:05 INFO  : Backups/vigilia_v5/2026-08-06/264564_pre_publish_a4b7e257aec3a04c.json: Copied (new)
2026/08/09 08:55:05 INFO  : Backups/vigilia_v5/2026-08-06/264564_pos_publish_a3053d74d7c96846.json: Copied (new)
2026/08/09 08:55:05 INFO  : Backups/vigilia_v5/2026-08-06/264567_pos_pending_e5e675859b322e85.json: Copied (new)
2026/08/09 08:55:05 INFO  : Backups/vigilia_v5/2026-08-06/264567_pre_republish_676c7c137a6d013f.json: Copied (new)
2026/08/09 08:55:05 INFO  : Backups/vigilia_v5/2026-08-06/264567_pre_pending_dc230b3061928484.json: Copied (new)
2026/08/09 08:55:05 INFO  : Backups/vigilia_v5/2026-08-06/264573_pos_pending_d74931d89cc93ab0.json: Copied (new)
2026/08/09 08:55:05 INFO  : Backups/vigilia_v5/2026-08-06/264567_pos_republish_5b577e750a27f8e8.json: Copied (new)
2026/08/09 08:55:05 INFO  : Backups/vigilia_v5/2026-08-06/264573_pre_republish_kimi_ae33920e43b792e4.json: Copied (new)
2026/08/09 08:55:05 INFO  : Backups/vigilia_v5/2026-08-06/264573_pos_republish_kimi_954e142df288f959.json: Copied (new)
2026/08/09 08:55:05 INFO  : Backups/vigilia_v5/2026-08-06/264577_pre_publish_df73cbdb3c678bd7.json: Copied (new)
2026/08/09 08:55:05 INFO  : Backups/vigilia_v5/2026-08-06/264579_pos_pending_2b89a6c6375453b2.json: Copied (new)
2026/08/09 08:55:05 INFO  : Backups/vigilia_v5/2026-08-06/264577_pos_publish_a432ad95960ef84e.json: Copied (new)
2026/08/09 08:55:05 INFO  : Backups/vigilia_v5/2026-08-06/264573_pre_pending_61e50861ba36b8be.json: Copied (new)
2026/08/09 08:55:05 INFO  : Backups/vigilia_v5/2026-08-06/264579_pos_republish_kimi_L2_8be5e1308493004d.json: Copied (new)
2026/08/09 08:55:05 INFO  : Backups/vigilia_v5/2026-08-06/264579_pre_republish_kimi_L2_7353c95e85d4083a.json: Copied (new)
2026/08/09 08:55:05 INFO  : Backups/vigilia_v5/2026-08-06/264579_pre_pending_8a442f31408a7bc8.json: Copied (new)
2026/08/09 08:55:05 INFO  : Backups/vigilia_v5/2026-08-06/264595_pre_publish_33a5f2e3afee03aa.json: Copied (new)
2026/08/09 08:55:05 INFO  : Backups/vigilia_v5/2026-08-06/264596_pos_republish_kimi_L2_24c820ec15a4edd3.json: Copied (new)
2026/08/09 08:55:06 INFO  : Backups/vigilia_v5/2026-08-06/264596_pos_pending_c8b99316e0b7bd7e.json: Copied (new)
2026/08/09 08:55:06 INFO  : Backups/vigilia_v5/2026-08-06/264596_pre_republish_kimi_L2_8cfbbc66385d84c7.json: Copied (new)
2026/08/09 08:55:06 INFO  : Backups/vigilia_v5/2026-08-06/264597_pos_republish_kimi_L3_0cefb22670b7a510.json: Copied (new)
2026/08/09 08:55:06 INFO  : Backups/vigilia_v5/2026-08-06/264597_pre_pending_8a06c90fd514d9d7.json: Copied (new)
2026/08/09 08:55:06 INFO  : Backups/vigilia_v5/2026-08-06/264598_pos_pending_6c0058df64aaafcf.json: Copied (new)
2026/08/09 08:55:06 INFO  : Backups/vigilia_v5/2026-08-06/264595_pos_publish_e63a3c2f9d698b91.json: Copied (new)
2026/08/09 08:55:06 INFO  : Backups/vigilia_v5/2026-08-06/264597_pos_pending_5da925c05dd6a112.json: Copied (new)
2026/08/09 08:55:06 INFO  : Backups/vigilia_v5/2026-08-06/264598_pos_republish_kimi_L3_9028ef1060db24bc.json: Copied (new)
2026/08/09 08:55:06 INFO  : Backups/vigilia_v5/2026-08-06/264597_pre_republish_kimi_L3_9011f172be6ae119.json: Copied (new)
2026/08/09 08:55:06 INFO  : Backups/vigilia_v5/2026-08-06/264596_pre_pending_8fe1eb0b201b663f.json: Copied (new)
2026/08/09 08:55:06 INFO  : monitoramento_horario/backups_edicao/backup_pre_publish_ciclo_0747_20260729_074840/263399_pre.json: Copied (new)
2026/08/09 08:55:06 INFO  : Backups/vigilia_v5/2026-08-06/264598_pre_pending_018ba5e8cceff1b4.json: Copied (new)
2026/08/09 08:55:06 INFO  : Backups/backup_cerebro_20260728_164635/PLANO_NEGOCIOS_MOKA/07_proximos_passos.md: Copied (new)
2026/08/09 08:55:06 INFO  : Backups/backup_cerebro_20260728_164635/alibaba/AccessKey.csv: Copied (new)
2026/08/09 08:55:06 INFO  : Backups/vigilia_v5/2026-08-06/264598_pre_republish_kimi_L3_c27aef6692937250.json: Copied (new)
2026/08/09 08:55:06 INFO  : Backups/telemetria_custos_20260728/banco_custos_2026-06.jsonl: Copied (new)
2026/08/09 08:55:06 INFO  : Backups/backup_cerebro_20260728_164635/PLANO_NEGOCIOS_MOKA/08_resumo_da_conversa_mae.md: Copied (new)
2026/08/09 08:55:06 INFO  : Backups/backup_cerebro_20260728_164635/PLANO_NEGOCIOS_MOKA/README.md: Copied (new)
2026/08/09 08:55:06 INFO  : Backups/backup_cerebro_20260728_164635/PLANO_NEGOCIOS_MOKA/11_estado_20260723_madrugada.md: Copied (new)
2026/08/09 08:55:06 INFO  : Backups/backup_cerebro_20260728_164635/MEMORIA/CATALOGO_BANCOS_DE_DADOS.md: Copied (new)
2026/08/09 08:55:06 INFO  : Backups/backup_cerebro_20260728_164635/MEMORIA/knowledge_24h.md: Copied (new)
2026/08/09 08:55:06 INFO  : monitoramento_horario/backups_edicao/backup_pre_publish_ciclo_0847_20260729_084925/263405_pre.json: Copied (new)
2026/08/09 08:55:06 INFO  : Backups/backup_cerebro_20260728_164635/PLANO_NEGOCIOS_MOKA/12_checkpoint_pre_lancamento_20260723.md: Copied (new)
2026/08/09 08:55:06 INFO  : Backups/backup_cerebro_20260728_164635/MEMORIA/memoria_48h.json: Copied (new)
2026/08/09 08:55:07 INFO  : Backups/backup_cerebro_20260728_164635/MEMORIA/memoria_cafezinho_site_multilingue_20260727.md: Copied (new)
2026/08/09 08:55:07 INFO  : Backups/backup_cerebro_20260728_164635/MEMORIA/memoria_agente_twitter_imagem.md: Copied (new)
2026/08/09 08:55:07 INFO  : Backups/backup_cerebro_20260728_164635/MEMORIA/memoria_leitor_de_video_20260721.md: Copied (new)
2026/08/09 08:55:07 INFO  : Backups/rotacao_trindade_v4_20260718_220604/projeto/inbox_trindade/eidas_assets/global.png: Copied (new)
2026/08/09 08:55:07 INFO  : Backups/backup_cerebro_20260728_164635/MEMORIA/memoria_emagrecimento_workspace_nuvem_first_20260722.md: Copied (new)
2026/08/09 08:55:07 INFO  : Backups/backup_cerebro_20260728_164635/MEMORIA/memoria_moka_email_godaddy_20260722.md: Copied (new)
2026/08/09 08:55:07 INFO  : Backups/backup_cerebro_20260728_164635/MEMORIA/memoria_moka_campanha_socios_20260722.md: Copied (new)
2026/08/09 08:55:07 INFO  : Backups/backup_cerebro_20260728_164635/MEMORIA/memoria_moka_pesquisa_ia_fornecedores_20260722.md: Copied (new)
2026/08/09 08:55:07 INFO  : Backups/backup_cerebro_20260728_164635/MEMORIA/memoria_moka_monetizacao_unificacao_20260722.md: Copied (new)
2026/08/09 08:55:07 INFO  : Backups/backup_cerebro_20260728_164635/MEMORIA/memoria_livro_filhos_da_impunidade_20260722.md: Copied (new)
2026/08/09 08:55:07 INFO  : Backups/backup_cerebro_20260728_164635/MEMORIA/memoria_moka_premium_20260722.md: Copied (new)
2026/08/09 08:55:07 INFO  : Backups/backup_cerebro_20260728_164635/MEMORIA/memoria_moka_traducao_volumes_20260721.md: Copied (new)
2026/08/09 08:55:07 INFO  : Backups/backup_cerebro_20260728_164635/MEMORIA/memoria_moka_plano_de_negocios_20260722.md: Copied (new)
2026/08/09 08:55:07 INFO  : Backups/rotacao_trindade_v4_20260718_220604/projeto/inbox_trindade/eidas_assets/wallet.png: Copied (new)
2026/08/09 08:55:07 INFO  : Backups/backup_cerebro_20260728_164635/MEMORIA/memoria_moka_plano_fundador_zero_20260722.md: Copied (new)
2026/08/09 08:55:07 INFO  : Backups/backup_cerebro_20260728_164635/MEMORIA/memoria_sessao_hardware_20260527_1445.md: Copied (new)
2026/08/09 08:55:07 INFO  : Backups/backup_cerebro_20260728_164635/MEMORIA/memoria_zizilinda_diagnostico_20260727.md: Copied (new)
2026/08/09 08:55:07 INFO  : Backups/backup_cerebro_20260728_164635/MEMORIA/memoria_plano_biblioteca_virtual_20260727.md: Copied (new)
2026/08/09 08:55:07 INFO  : Backups/backup_cerebro_20260728_164635/MEMORIA/memoria_plano_editora_multilingue_20260727.md: Copied (new)
2026/08/09 08:55:07 INFO  : Backups/rotacao_trindade_v4_20260718_220604/projeto/inbox_trindade/eidas_assets/key.png: Copied (new)
2026/08/09 08:55:07 INFO  : Backups/backup_cerebro_20260728_164635/MEMORIA/memoria_video_diario_multirrede_20260723.md: Copied (new)
2026/08/09 08:55:07 INFO  : monitoramento_horario/backups_edicao/backup_pre_publish_ciclo_0947_20260729_094838/263409_pre.json: Copied (new)
2026/08/09 08:55:07 INFO  : Backups/backup_cerebro_20260728_164635/MEMORIA/memoria_total.log: Copied (new)
2026/08/09 08:55:07 INFO  : Backups/backup_cerebro_20260728_164635/MEMORIA/memoria_moka_video_implementacao_20260721.md: Copied (new)
2026/08/09 08:55:07 INFO  : Backups/vigilia_v5/2026-08-07/264565_pre_republish_kimi_32d903e184e54406.json: Copied (new)
2026/08/09 08:55:08 INFO  : monitoramento_horario/backups_edicao/backup_pre_publish_ciclo_1017_20260729_101845/263415_pre.json: Copied (new)
2026/08/09 08:55:08 INFO  : Backups/vigilia_v5/2026-08-07/264565_pos_republish_kimi_604373ed4b36fb6d.json: Copied (new)
2026/08/09 08:55:08 INFO  : Backups/vigilia_v5/2026-08-07/264580_pos_pending_7adbe29d0509d25d.json: Copied (new)
2026/08/09 08:55:08 INFO  : Backups/vigilia_v5/2026-08-07/264565_pre_pending_a6e603d95a91b9de.json: Copied (new)
2026/08/09 08:55:08 INFO  : Backups/vigilia_v5/2026-08-07/264602_pos_pending_acc3ca29fa0b123c.json: Copied (new)
2026/08/09 08:55:08 INFO  : Backups/vigilia_v5/2026-08-07/264602_pos_republish_kimi_b18b353ee5a5b33c.json: Copied (new)
2026/08/09 08:55:08 INFO  : Backups/vigilia_v5/2026-08-07/264602_pre_pending_7b5710f0b60a97a5.json: Copied (new)
2026/08/09 08:55:08 INFO  : Backups/vigilia_v5/2026-08-07/264581_pre_publish_b8110a3494f71e21.json: Copied (new)
2026/08/09 08:55:08 INFO  : Backups/vigilia_v5/2026-08-07/264602_pre_republish_kimi_84effa8d41e15d0c.json: Copied (new)
2026/08/09 08:55:08 INFO  : Backups/vigilia_v5/2026-08-07/264581_pos_publish_1cad9487ccd9823f.json: Copied (new)
2026/08/09 08:55:08 INFO  : Backups/vigilia_v5/2026-08-07/264565_pos_pending_b639077fa652caa0.json: Copied (new)
2026/08/09 08:55:08 INFO  : Backups/vigilia_v5/2026-08-07/264605_pos_pending_18ab5d056a1b2b01.json: Copied (new)
2026/08/09 08:55:08 INFO  : Backups/vigilia_v5/2026-08-07/264605_pre_pending_83cf85faa6e5a1e7.json: Copied (new)
2026/08/09 08:55:08 INFO  : Backups/vigilia_v5/2026-08-07/264605_pos_republish_kimi_2e7134ef9dd40222.json: Copied (new)
2026/08/09 08:55:08 INFO  : Backups/vigilia_v5/2026-08-07/264605_pre_republish_kimi_6e359d5fdd016952.json: Copied (new)
2026/08/09 08:55:08 INFO  : Backups/vigilia_v5/2026-08-07/264580_pre_pending_80facacc1515f369.json: Copied (new)
2026/08/09 08:55:08 INFO  : Backups/vigilia_v5/2026-08-07/264606_pos_pending_49316ace298a11a4.json: Copied (new)
2026/08/09 08:55:08 INFO  : Backups/vigilia_v5/2026-08-07/264606_pre_republish_kimi_c3878f56609ffa8b.json: Copied (new)
2026/08/09 08:55:08 INFO  : Backups/vigilia_v5/2026-08-07/264631_pos_publish_e418dfa0bf829a39.json: Copied (new)
2026/08/09 08:55:08 INFO  : Backups/vigilia_v5/2026-08-07/264631_pre_publish_77c0bcda6da0b216.json: Copied (new)
2026/08/09 08:55:08 INFO  : Backups/vigilia_v5/2026-08-07/264633_pos_pending_be3aa3a5a338f113.json: Copied (new)
2026/08/09 08:55:08 INFO  : Backups/vigilia_v5/2026-08-07/264606_pos_republish_kimi_6f04478b2fd40ddb.json: Copied (new)
2026/08/09 08:55:08 INFO  : Backups/vigilia_v5/2026-08-07/264633_pre_republish_kimi_4a556d779bbb2e94.json: Copied (new)
2026/08/09 08:55:08 INFO  : Backups/vigilia_v5/2026-08-07/264634_pos_publish_f8aaa13f1985bb5f.json: Copied (new)
2026/08/09 08:55:08 INFO  : Backups/vigilia_v5/2026-08-07/264633_pos_republish_kimi_584d83a8556d43af.json: Copied (new)
2026/08/09 08:55:08 INFO  : Backups/vigilia_v5/2026-08-07/264634_pre_publish_f544a96a2582a92e.json: Copied (new)
2026/08/09 08:55:08 INFO  : Backups/vigilia_v5/2026-08-07/264606_pre_pending_395d7e3abcb05722.json: Copied (new)
2026/08/09 08:55:08 INFO  : Backups/vigilia_v5/2026-08-07/264638_pre_publish_a22e85149990419c.json: Copied (new)
2026/08/09 08:55:08 INFO  : Backups/vigilia_v5/2026-08-07/264638_pos_publish_f1646cd042b5a529.json: Copied (new)
2026/08/09 08:55:08 INFO  : Backups/vigilia_v5/2026-08-07/264644_pre_republish_kimi_533b2db0da3251a0.json: Copied (new)
2026/08/09 08:55:08 INFO  : Backups/vigilia_v5/2026-08-07/264644_pos_pending_c6464b10447961a7.json: Copied (new)
2026/08/09 08:55:08 INFO  : Backups/vigilia_v5/2026-08-07/264644_pre_pending_28697823b1bfdb9b.json: Copied (new)
2026/08/09 08:55:09 INFO  : Backups/vigilia_v5/2026-08-07/264646_pos_pending_c9391ac376653889.json: Copied (new)
2026/08/09 08:55:09 INFO  : Backups/vigilia_v5/2026-08-07/264646_pre_pending_e6803eddb353fb6d.json: Copied (new)
2026/08/09 08:55:09 INFO  : Backups/vigilia_v5/2026-08-07/264644_pos_republish_kimi_f0b0e5cd7476fbdf.json: Copied (new)
2026/08/09 08:55:09 INFO  : Backups/vigilia_v5/2026-08-07/264646_pos_republish_kimi_85775098f0448c85.json: Copied (new)
2026/08/09 08:55:09 INFO  : Backups/vigilia_v5/2026-08-07/264651_pos_publish_ba43b7332897070d.json: Copied (new)
2026/08/09 08:55:09 INFO  : Backups/vigilia_v5/2026-08-07/264646_pre_republish_kimi_3122ed4a7e32c34b.json: Copied (new)
2026/08/09 08:55:09 INFO  : Backups/vigilia_v5/2026-08-07/264661_pos_publish_cb8ee27b8fb0444b.json: Copied (new)
2026/08/09 08:55:09 INFO  : Backups/vigilia_v5/2026-08-07/264653_pre_publish_daace8d6317ea452.json: Copied (new)
2026/08/09 08:55:09 INFO  : Backups/vigilia_v5/2026-08-07/264661_pre_publish_82b885788721ee70.json: Copied (new)
2026/08/09 08:55:09 INFO  : Backups/vigilia_v5/2026-08-07/264664_pos_publish_247ed914f34b6252.json: Copied (new)
2026/08/09 08:55:09 INFO  : Backups/vigilia_v5/2026-08-07/264664_pre_publish_3ca4e19cbd7371e4.json: Copied (new)
2026/08/09 08:55:09 INFO  : Backups/vigilia_v5/2026-08-07/264665_pos_pending_a8244fa7cbcbb709.json: Copied (new)
2026/08/09 08:55:09 INFO  : Backups/vigilia_v5/2026-08-07/264672_pre_publish_bc575d410026c0be.json: Copied (new)
2026/08/09 08:55:09 INFO  : Backups/vigilia_v5/2026-08-07/264665_pre_pending_fb05b15856f2873b.json: Copied (new)
2026/08/09 08:55:09 INFO  : Backups/vigilia_v5/2026-08-07/264651_pre_publish_698198bde863215d.json: Copied (new)
2026/08/09 08:55:09 INFO  : Backups/vigilia_v5/2026-08-07/264673_pre_publish_676d59b75fc84665.json: Copied (new)
2026/08/09 08:55:09 INFO  : Backups/vigilia_v5/2026-08-07/264678_pre_publish_26bfa315aa868d72.json: Copied (new)
2026/08/09 08:55:09 INFO  : Backups/vigilia_v5/2026-08-07/264633_pre_pending_4048abad28d00bb7.json: Copied (new)
2026/08/09 08:55:09 INFO  : Backups/vigilia_v5/2026-08-07/264683_pre_publish_07fc7bb71346d2ef.json: Copied (new)
2026/08/09 08:55:09 INFO  : Backups/vigilia_v5/2026-08-07/264685_pre_publish_fb246b89085d38f1.json: Copied (new)
2026/08/09 08:55:09 INFO  : Backups/vigilia_v5/2026-08-07/264689_pre_publish_fb878df11e789abc.json: Copied (new)
2026/08/09 08:55:09 INFO  : Backups/vigilia_v5/2026-08-07/264695_pre_pending_duplicata_3ba06f5eac5d7303.json: Copied (new)
2026/08/09 08:55:09 INFO  : Backups/vigilia_v5/2026-08-07/264696_pre_publish_004a0b9bae2cdc75.json: Copied (new)
2026/08/09 08:55:09 INFO  : Backups/vigilia_v5/2026-08-07/_pos_264666_ffa8e333ec48e006.json: Copied (new)
2026/08/09 08:55:09 INFO  : Backups/vigilia_v5/2026-08-07/264720_pre_pending_sem_foto_6c8b1f8450ac0875.json: Copied (new)
2026/08/09 08:55:09 INFO  : Backups/vigilia_v5/2026-08-07/264708_pre_publish_2b37b5af9bc28297.json: Copied (new)
2026/08/09 08:55:09 INFO  : Backups/vigilia_v5/2026-08-07/264702_pre_publish_78448ec034dc4f1e.json: Copied (new)
2026/08/09 08:55:09 INFO  : Backups/vigilia_v5/2026-08-07/_pos_264716_4711a38a748aeae4.json: Copied (new)
2026/08/09 08:55:09 INFO  : Backups/vigilia_v5/2026-08-07/264686_pre_publish_99537f1b1894139a.json: Copied (new)
2026/08/09 08:55:09 INFO  : Backups/vigilia_v5/2026-08-07/_pos_264707_d5f8d12f158afe27.json: Copied (new)
2026/08/09 08:55:09 INFO  : Backups/vigilia_v5/2026-08-07/_pos_264728_76ebd4ef46989582.json: Copied (new)
2026/08/09 08:55:09 INFO  : Backups/vigilia_v5/2026-08-07/_pos_264722_b9d5a4b0ff1ec438.json: Copied (new)
2026/08/09 08:55:09 INFO  : Backups/vigilia_v5/2026-08-07/_pos_264734_2090392f069fd44b.json: Copied (new)
2026/08/09 08:55:10 INFO  : Backups/vigilia_v5/2026-08-07/264697_pre_publish_608c30b5b83d15e6.json: Copied (new)
2026/08/09 08:55:10 INFO  : Backups/vigilia_v5/2026-08-07/_pre_264666_ae8f8f9ba7076438.json: Copied (new)
2026/08/09 08:55:10 INFO  : Backups/vigilia_v5/2026-08-07/_pos_v2_retificacao_264716_a2a3614e052a5fc5.json: Copied (new)
2026/08/09 08:55:10 INFO  : Backups/vigilia_v5/2026-08-07/_pre_264722_5ed17f195ef476c6.json: Copied (new)
2026/08/09 08:55:10 INFO  : Backups/vigilia_v5/2026-08-07/_pre_264716_bfdf20796036442c.json: Copied (new)
2026/08/09 08:55:10 INFO  : Backups/vigilia_v5/2026-08-07/_pre_264734_24aa78b5ef8d1f62.json: Copied (new)
2026/08/09 08:55:10 INFO  : Backups/vigilia_v5/2026-08-07/_pre_264728_e2ef4a12ca7997f8.json: Copied (new)
2026/08/09 08:55:10 INFO  : monitoramento_horario/backups_edicao/backup_pre_publish_ciclo_1047_20260729_104844/263417_pre.json: Copied (new)
2026/08/09 08:55:10 INFO  : Backups/backup_cerebro_20260728_164635/passagem/senha nova wordpress admin aplicacao e normal.txt: Copied (new)
2026/08/09 08:55:10 INFO  : Backups/vigilia_v5/2026-08-07/_pre_v2_retificacao_264716_4711a38a748aeae4.json: Copied (new)
2026/08/09 08:55:10 INFO  : monitoramento_horario/backups_edicao/backup_pre_publish_ciclo_1147_20260729_114933/263424_pre.json: Copied (new)
2026/08/09 08:55:10 INFO  : monitoramento_horario/backups_edicao/backup_pre_publish_ciclo_1147_20260729_114933/263426_pre.json: Copied (new)
2026/08/09 08:55:10 INFO  : Backups/vigilia_v5/2026-08-07/_pre_264707_3c9542ec6dced486.json: Copied (new)
2026/08/09 08:55:10 INFO  : monitoramento_horario/backups_edicao/backup_pre_publish_ciclo_1417_20260728_142121/263283_pre.json: Copied (new)
2026/08/09 08:55:10 INFO  : monitoramento_horario/backups_edicao/backup_pre_publish_ciclo_1417_20260728_142121/263285_pre.json: Copied (new)
2026/08/09 08:55:10 INFO  : monitoramento_horario/backups_edicao/backup_pre_publish_ciclo_1217_20260729_121959/263428_pre.json: Copied (new)
2026/08/09 08:55:10 INFO  : monitoramento_horario/backups_edicao/backup_pre_publish_ciclo_1417_20260728_142121/263288_pre.json: Copied (new)
2026/08/09 08:55:10 INFO  : Backups/limpeza_comunicacao_reforma_v4_20260717_131257/inbox_trindade_antes/agy.md: Copied (new)
2026/08/09 08:55:10 INFO  : Backups/limpeza_comunicacao_reforma_v4_20260717_131257/inbox_trindade_antes/antigravity.md: Copied (new)
2026/08/09 08:55:10 INFO  : Backups/limpeza_comunicacao_reforma_v4_20260717_131257/inbox_trindade_antes/agy_cli.md: Copied (new)
2026/08/09 08:55:10 INFO  : Backups/limpeza_comunicacao_reforma_v4_20260717_131257/inbox_trindade_antes/apresentacao_eidas.html: Copied (new)
2026/08/09 08:55:10 INFO  : Backups/limpeza_comunicacao_reforma_v4_20260717_131257/inbox_trindade_antes/analise_ipca15_junho2026.md: Copied (new)
2026/08/09 08:55:10 INFO  : Backups/backup_cerebro_20260728_164635/cerebro_light/CEREBRO_INDEX_RIOCARTA.light.md: Copied (new)
2026/08/09 08:55:10 INFO  : Backups/limpeza_comunicacao_reforma_v4_20260717_131257/inbox_trindade_antes/README.md: Copied (new)
2026/08/09 08:55:10 INFO  : Backups/backup_cerebro_20260728_164635/cerebro_light/CEREBRO_NODE_ATUALIZACOES.light.md: Copied (new)
2026/08/09 08:55:10 INFO  : Backups/backup_cerebro_20260728_164635/cerebro_light/CEREBRO_NODE_ARQUITETURA.light.md: Copied (new)
2026/08/09 08:55:10 INFO  : Backups/backup_cerebro_20260728_164635/cerebro_light/CEREBRO_NODE_BOLETIM_NEWS.light.md: Copied (new)
2026/08/09 08:55:10 INFO  : Backups/backup_cerebro_20260728_164635/cerebro_light/CEREBRO_NODE_BUGS.light.md: Copied (new)
2026/08/09 08:55:10 INFO  : Backups/backup_cerebro_20260728_164635/cerebro_light/CEREBRO_INDEX_MASTER.light.md: Copied (new)
2026/08/09 08:55:10 INFO  : Backups/backup_cerebro_20260728_164635/cerebro_light/CEREBRO_NODE_CATALOGO_MODELOS_LLM.light.md: Copied (new)
2026/08/09 08:55:10 INFO  : Backups/limpeza_comunicacao_reforma_v4_20260717_131257/inbox_trindade_antes/claude.md: Copied (new)
2026/08/09 08:55:10 INFO  : Backups/backup_cerebro_20260728_164635/cerebro_light/CEREBRO_NODE_BUGS_RESOLVIDOS.light.md: Copied (new)
2026/08/09 08:55:11 INFO  : Backups/backup_cerebro_20260728_164635/cerebro_light/CEREBRO_NODE_CHAVES_E_LLMS.light.md: Copied (new)
2026/08/09 08:55:11 INFO  : Backups/limpeza_comunicacao_reforma_v4_20260717_131257/inbox_trindade_antes/deepseek.md: Copied (new)
2026/08/09 08:55:11 INFO  : Backups/backup_cerebro_20260728_164635/cerebro_light/CEREBRO_NODE_BUGS_ATIVOS.light.md: Copied (new)
2026/08/09 08:55:11 INFO  : Backups/backup_cerebro_20260728_164635/cerebro_light/CEREBRO_NODE_COFRE_CHAVES.light.md: Copied (new)
2026/08/09 08:55:11 INFO  : Backups/limpeza_comunicacao_reforma_v4_20260717_131257/inbox_trindade_antes/detalhar_page.txt: Copied (new)
2026/08/09 08:55:11 INFO  : Backups/backup_cerebro_20260728_164635/cerebro_light/CEREBRO_NODE_CHECKUPS.light.md: Copied (new)
2026/08/09 08:55:11 INFO  : Backups/backup_cerebro_20260728_164635/cerebro_light/CEREBRO_NODE_COMUNICACAO.light.md: Copied (new)
2026/08/09 08:55:11 INFO  : Backups/limpeza_comunicacao_reforma_v4_20260717_131257/inbox_trindade_antes/detalhar_page_html.txt: Copied (new)
2026/08/09 08:55:11 INFO  : Backups/limpeza_comunicacao_reforma_v4_20260717_131257/inbox_trindade_antes/find_institutes.js: Copied (new)
2026/08/09 08:55:11 INFO  : Backups/backup_cerebro_20260728_164635/cerebro_light/CEREBRO_NODE_GOVERNANCA.light.md: Copied (new)
2026/08/09 08:55:11 INFO  : Backups/backup_cerebro_20260728_164635/cerebro_light/CEREBRO_NODE_GOVERNANCA_REGRAS_VIVAS.light.md: Copied (new)
2026/08/09 08:55:11 INFO  : Backups/limpeza_comunicacao_reforma_v4_20260717_131257/inbox_trindade_antes/gerar_pdfs.py: Copied (new)
2026/08/09 08:55:11 INFO  : Backups/limpeza_comunicacao_reforma_v4_20260717_131257/inbox_trindade_antes/codex.md: Copied (new)
2026/08/09 08:55:11 INFO  : Backups/backup_cerebro_20260728_164635/cerebro_light/CEREBRO_NODE_GOVERNANCA_SPRINTS_HISTORICO.light.md: Copied (new)
2026/08/09 08:55:11 INFO  : Backups/limpeza_comunicacao_reforma_v4_20260717_131257/inbox_trindade_antes/glm.md: Copied (new)
2026/08/09 08:55:11 INFO  : Backups/backup_cerebro_20260728_164635/cerebro_light/CEREBRO_NODE_QUALIDADE_REDACAO.light.md: Copied (new)
2026/08/09 08:55:11 INFO  : Backups/backup_cerebro_20260728_164635/cerebro_light/CEREBRO_NODE_SPRINTS_ATIVOS.light.md: Copied (new)
2026/08/09 08:55:11 INFO  : Backups/limpeza_comunicacao_reforma_v4_20260717_131257/inbox_trindade_antes/glm_coding.md: Copied (new)
2026/08/09 08:55:11 INFO  : Backups/limpeza_comunicacao_reforma_v4_20260717_131257/inbox_trindade_antes/gpt.md: Copied (new)
2026/08/09 08:55:11 INFO  : Backups/limpeza_comunicacao_reforma_v4_20260717_131257/inbox_trindade_antes/grok.md: Copied (new)
2026/08/09 08:55:11 INFO  : Backups/limpeza_comunicacao_reforma_v4_20260717_131257/inbox_trindade_antes/grok_coding.md: Copied (new)
2026/08/09 08:55:11 INFO  : Backups/limpeza_comunicacao_reforma_v4_20260717_131257/inbox_trindade_antes/glm_5_2_externo.md: Copied (new)
2026/08/09 08:55:11 INFO  : Backups/backup_cerebro_20260728_164635/cerebro_light/CEREBRO_NODE_OBSERVABILIDADE.light.md: Copied (new)
2026/08/09 08:55:11 INFO  : Backups/limpeza_comunicacao_reforma_v4_20260717_131257/inbox_trindade_antes/kilo.md: Copied (new)
2026/08/09 08:55:11 INFO  : Backups/limpeza_comunicacao_reforma_v4_20260717_131257/inbox_trindade_antes/kimi.md: Copied (new)
2026/08/09 08:55:11 INFO  : Backups/limpeza_comunicacao_reforma_v4_20260717_131257/inbox_trindade_antes/materia_eidas_diagramada.html: Copied (new)
2026/08/09 08:55:11 INFO  : Backups/limpeza_comunicacao_reforma_v4_20260717_131257/inbox_trindade_antes/miguel.md: Copied (new)
2026/08/09 08:55:12 INFO  : Backups/limpeza_comunicacao_reforma_v4_20260717_131257/inbox_trindade_antes/materia_eidas_20260630.md: Copied (new)
2026/08/09 08:55:12 INFO  : Backups/limpeza_comunicacao_reforma_v4_20260717_131257/inbox_trindade_antes/parser_tse.js: Copied (new)
2026/08/09 08:55:12 INFO  : Backups/limpeza_comunicacao_reforma_v4_20260717_131257/inbox_trindade_antes/package-lock.json: Copied (new)
2026/08/09 08:55:12 INFO  : Backups/limpeza_comunicacao_reforma_v4_20260717_131257/inbox_trindade_antes/ming.md: Copied (new)
2026/08/09 08:55:12 INFO  : Backups/limpeza_comunicacao_reforma_v4_20260717_131257/inbox_trindade_antes/package.json: Copied (new)
2026/08/09 08:55:12 INFO  : Backups/limpeza_comunicacao_reforma_v4_20260717_131257/inbox_trindade_antes/parser_tse_quaest.js: Copied (new)
2026/08/09 08:55:12 INFO  : Backups/limpeza_comunicacao_reforma_v4_20260717_131257/inbox_trindade_antes/parser_tse_quaest_fixed.js: Copied (new)
2026/08/09 08:55:12 INFO  : Backups/limpeza_comunicacao_reforma_v4_20260717_131257/inbox_trindade_antes/pedido_ponto_de_retomada_20260628.md: Copied (new)
2026/08/09 08:55:12 INFO  : Backups/limpeza_comunicacao_reforma_v4_20260717_131257/inbox_trindade_antes/pesqele_body.txt: Copied (new)
2026/08/09 08:55:12 INFO  : Backups/limpeza_comunicacao_reforma_v4_20260717_131257/inbox_trindade_antes/apresentacao_eidas.pdf: Copied (new)
2026/08/09 08:55:12 INFO  : Backups/limpeza_comunicacao_reforma_v4_20260717_131257/inbox_trindade_antes/pesqele_data.json: Copied (new)
2026/08/09 08:55:12 INFO  : Backups/limpeza_comunicacao_reforma_v4_20260717_131257/inbox_trindade_antes/pesqele_html.txt: Copied (new)
2026/08/09 08:55:12 INFO  : Backups/limpeza_comunicacao_reforma_v4_20260717_131257/inbox_trindade_antes/pesqele_results_body.txt: Copied (new)
2026/08/09 08:55:12 INFO  : Backups/limpeza_comunicacao_reforma_v4_20260717_131257/inbox_trindade_antes/pesqele_home.png: Copied (new)
2026/08/09 08:55:12 INFO  : Backups/limpeza_comunicacao_reforma_v4_20260717_131257/inbox_trindade_antes/pesqele_results.png: Copied (new)
2026/08/09 08:55:12 INFO  : Backups/limpeza_comunicacao_reforma_v4_20260717_131257/inbox_trindade_antes/pesqele_search_body.txt: Copied (new)
2026/08/09 08:55:13 INFO  : Backups/limpeza_comunicacao_reforma_v4_20260717_131257/inbox_trindade_antes/pesqele_results_html.txt: Copied (new)
2026/08/09 08:55:13 INFO  : Backups/limpeza_comunicacao_reforma_v4_20260717_131257/inbox_trindade_antes/pesquisas_tse_2026_detalhes.json: Copied (new)
2026/08/09 08:55:13 INFO  : Backups/limpeza_comunicacao_reforma_v4_20260717_131257/inbox_trindade_antes/pesquisas_tse_2026.json: Copied (new)
2026/08/09 08:55:13 INFO  : Backups/limpeza_comunicacao_reforma_v4_20260717_131257/inbox_trindade_antes/pesquisas_tse_2026_processadas.json: Copied (new)
2026/08/09 08:55:13 INFO  : Backups/limpeza_comunicacao_reforma_v4_20260717_131257/inbox_trindade_antes/pesquisas_tse_2026_raw_modals.json: Copied (new)
2026/08/09 08:55:13 INFO  : Backups/limpeza_comunicacao_reforma_v4_20260717_131257/inbox_trindade_antes/pesquisas_tse_2026_full.json: Copied (new)
2026/08/09 08:55:13 INFO  : Backups/limpeza_comunicacao_reforma_v4_20260717_131257/inbox_trindade_antes/pesquisas_tse_2026_tabela.csv: Copied (new)
2026/08/09 08:55:13 INFO  : Backups/limpeza_comunicacao_reforma_v4_20260717_131257/inbox_trindade_antes/pesquisas_tse_2026_todas_br.json: Copied (new)
2026/08/09 08:55:13 INFO  : Backups/limpeza_comunicacao_reforma_v4_20260717_131257/inbox_trindade_antes/quaest_ipec.json: Copied (new)
2026/08/09 08:55:13 INFO  : Backups/limpeza_comunicacao_reforma_v4_20260717_131257/inbox_trindade_antes/publicar_pagina_direitos.py: Copied (new)
2026/08/09 08:55:13 INFO  : Backups/limpeza_comunicacao_reforma_v4_20260717_131257/inbox_trindade_antes/materia_eidas_diagramada.pdf: Copied (new)
2026/08/09 08:55:13 INFO  : Backups/limpeza_comunicacao_reforma_v4_20260717_131257/inbox_trindade_antes/qwen.md: Copied (new)
2026/08/09 08:55:13 INFO  : Backups/limpeza_comunicacao_reforma_v4_20260717_131257/inbox_trindade_antes/pesquisas_tse_2026_todas.json: Copied (new)
2026/08/09 08:55:13 INFO  : Backups/limpeza_comunicacao_reforma_v4_20260717_131257/inbox_trindade_antes/qwen_coding.md: Copied (new)
2026/08/09 08:55:13 INFO  : Backups/limpeza_comunicacao_reforma_v4_20260717_131257/inbox_trindade_antes/pesqele_form_html.txt: Copied (new)
2026/08/09 08:55:13 INFO  : Backups/limpeza_comunicacao_reforma_v4_20260717_131257/inbox_trindade_antes/relatorio_pesquisas_2026.md: Copied (new)
2026/08/09 08:55:13 INFO  : Backups/limpeza_comunicacao_reforma_v4_20260717_131257/inbox_trindade_antes/scraper_tse.js: Copied (new)
2026/08/09 08:55:13 INFO  : Backups/limpeza_comunicacao_reforma_v4_20260717_131257/inbox_trindade_antes/resumo_pesquisas.json: Copied (new)
2026/08/09 08:55:14 INFO  : Backups/limpeza_comunicacao_reforma_v4_20260717_131257/inbox_trindade_antes/pesqele_search.png: Copied (new)
2026/08/09 08:55:14 INFO  : Backups/limpeza_comunicacao_reforma_v4_20260717_131257/inbox_trindade_antes/scraper_tse3.js: Copied (new)
2026/08/09 08:55:14 INFO  : Backups/limpeza_comunicacao_reforma_v4_20260717_131257/inbox_trindade_antes/scraper_tse6.js: Copied (new)
2026/08/09 08:55:14 INFO  : Backups/limpeza_comunicacao_reforma_v4_20260717_131257/inbox_trindade_antes/scraper_tse4.js: Copied (new)
2026/08/09 08:55:14 INFO  : Backups/limpeza_comunicacao_reforma_v4_20260717_131257/inbox_trindade_antes/scraper_tse_custos.js: Copied (new)
2026/08/09 08:55:14 INFO  : Backups/limpeza_comunicacao_reforma_v4_20260717_131257/inbox_trindade_antes/scraper_tse5.js: Copied (new)
2026/08/09 08:55:14 INFO  : Backups/limpeza_comunicacao_reforma_v4_20260717_131257/inbox_trindade_antes/pesqele_search_html.txt: Copied (new)
2026/08/09 08:55:14 INFO  : Backups/limpeza_comunicacao_reforma_v4_20260717_131257/inbox_trindade_antes/scraper_tse_detalhar_test.js: Copied (new)
2026/08/09 08:55:14 INFO  : Backups/limpeza_comunicacao_reforma_v4_20260717_131257/inbox_trindade_antes/scraper_tse_full.js: Copied (new)
2026/08/09 08:55:14 INFO  : Backups/limpeza_comunicacao_reforma_v4_20260717_131257/inbox_trindade_antes/scraper_tse_fast.js: Copied (new)
2026/08/09 08:55:14 INFO  : Backups/limpeza_comunicacao_reforma_v4_20260717_131257/inbox_trindade_antes/scraper_tse_form.js: Copied (new)
2026/08/09 08:55:14 INFO  : Backups/limpeza_comunicacao_reforma_v4_20260717_131257/inbox_trindade_antes/scraper_tse2.js: Copied (new)
2026/08/09 08:55:14 INFO  : Backups/limpeza_comunicacao_reforma_v4_20260717_131257/inbox_trindade_antes/scraper_tse_modals2.js: Copied (new)
2026/08/09 08:55:14 INFO  : Backups/limpeza_comunicacao_reforma_v4_20260717_131257/inbox_trindade_antes/scraper_tse_isolated.js: Copied (new)
2026/08/09 08:55:14 INFO  : Backups/limpeza_comunicacao_reforma_v4_20260717_131257/inbox_trindade_antes/scraper_tse_modals.js: Copied (new)
2026/08/09 08:55:14 INFO  : Backups/limpeza_comunicacao_reforma_v4_20260717_131257/inbox_trindade_antes/scraper_tse_modals3.js: Copied (new)
2026/08/09 08:55:14 INFO  : Backups/limpeza_comunicacao_reforma_v4_20260717_131257/inbox_trindade_antes/scraper_tse_paginator.js: Copied (new)
2026/08/09 08:55:14 INFO  : Backups/backup_cerebro_20260728_164635/monitoramento_horario/loop_sentinela_2026-07-22.md: Copied (new)
2026/08/09 08:55:14 INFO  : Backups/limpeza_comunicacao_reforma_v4_20260717_131257/inbox_trindade_antes/vibe_mistral_cli.md: Copied (new)
2026/08/09 08:55:14 INFO  : Backups/backup_cerebro_20260728_164635/monitoramento_horario/loop_sentinela_2026-07-23.md: Copied (new)
2026/08/09 08:55:14 INFO  : Backups/limpeza_comunicacao_reforma_v4_20260717_131257/inbox_trindade_antes/test_quaest.js: Copied (new)
2026/08/09 08:55:14 INFO  : Backups/backup_cerebro_20260728_164635/monitoramento_horario/loop_sentinela_2026-07-25.md: Copied (new)
2026/08/09 08:55:14 INFO  : Backups/limpeza_comunicacao_reforma_v4_20260717_131257/inbox_trindade_antes/scraper_tse_todas_br.js: Copied (new)
2026/08/09 08:55:14 INFO  : Backups/limpeza_comunicacao_reforma_v4_20260717_131257/inbox_trindade_antes/scraper_tse_detalhes.js: Copied (new)
2026/08/09 08:55:14 INFO  : Backups/backup_cerebro_20260728_164635/monitoramento_horario/loop_sentinela_2026-07-24.md: Copied (new)
2026/08/09 08:55:14 INFO  : Backups/backup_cerebro_20260728_164635/monitoramento_horario/loop_sentinela_2026-07-26.md: Copied (new)
2026/08/09 08:55:14 INFO  : Backups/backup_cerebro_20260728_164635/monitoramento_horario/monitor_posts_15min_20260719.log: Copied (new)
2026/08/09 08:55:14 INFO  : monitoramento_horario/backups_edicao/backup_pre_publish_ciclo_1517_20260728_151945/263297_pre.json: Copied (new)
2026/08/09 08:55:14 INFO  : monitoramento_horario/backups_edicao/backup_pre_publish_ciclo_1617_20260728_162026/263299_pre.json: Copied (new)
2026/08/09 08:55:14 INFO  : Backups/backup_cerebro_20260728_164635/monitoramento_horario/loop_sentinela_2026-07-27.md: Copied (new)
2026/08/09 08:55:14 INFO  : Backups/backup_cerebro_20260728_164635/MEMORIA/relatorios/forum_relatorio_fases_abc_20260614.md: Copied (new)
2026/08/09 08:55:14 INFO  : monitoramento_horario/backups_edicao/backup_pre_publish_ciclo_1517_20260728_151945/263291_pre.json: Copied (new)
2026/08/09 08:55:15 INFO  : Backups/backup_cerebro_20260728_164635/ponte_kimi/CONTRATO_PONTE_CLAUDE_KIMI.md: Copied (new)
2026/08/09 08:55:15 INFO  : Backups/backup_cerebro_20260728_164635/ponte_kimi/ESTADO_ATUAL.md: Copied (new)
2026/08/09 08:55:15 INFO  : Backups/backup_cerebro_20260728_164635/ponte_kimi/HISTORICO.md: Copied (new)
2026/08/09 08:55:15 INFO  : Backups/backup_cerebro_20260728_164635/subcerebro_antigravity_desktop/README.md: Copied (new)
2026/08/09 08:55:15 INFO  : Backups/backup_cerebro_20260728_164635/ponte_kimi/00_LEIA_PRIMEIRO.md: Copied (new)
2026/08/09 08:55:15 INFO  : Backups/backup_cerebro_20260728_164635/subcerebro_antigravity_desktop/inbox_antigravity_desktop.md: Copied (new)
2026/08/09 08:55:15 INFO  : Backups/backup_cerebro_20260728_164635/subcerebro_antigravity_desktop/sub_cerebro_antigravity_miguel.md: Copied (new)
2026/08/09 08:55:15 INFO  : Backups/backup_cerebro_20260728_164635/PLANO_NEGOCIOS_MOKA/documentos/01_plano_negocios_moka.md: Copied (new)
2026/08/09 08:55:15 INFO  : monitoramento_horario/backups_edicao/backup_pre_publish_ciclo_1747_20260728_174925/263308_pre.json: Copied (new)
2026/08/09 08:55:15 INFO  : Backups/backup_cerebro_20260728_164635/PLANO_NEGOCIOS_MOKA/documentos/09_plano_marketing_venda_direta.md: Copied (new)
2026/08/09 08:55:15 INFO  : Backups/backup_cerebro_20260728_164635/PLANO_NEGOCIOS_MOKA/documentos/03_schema_pontos_v1.sql: Copied (new)
2026/08/09 08:55:15 INFO  : Backups/backup_cerebro_20260728_164635/PLANO_NEGOCIOS_MOKA/documentos/04_api_pontos_app.py: Copied (new)
2026/08/09 08:55:15 INFO  : Backups/backup_cerebro_20260728_164635/PLANO_NEGOCIOS_MOKA/documentos/02_estudo_sistema_pontos.md: Copied (new)
2026/08/09 08:55:15 INFO  : Backups/backup_cerebro_20260728_164635/PLANO_NEGOCIOS_MOKA/documentos/10_dossie_marketing_completo.md: Copied (new)
2026/08/09 08:55:15 INFO  : Backups/backup_cerebro_20260728_164635/subcerebro_antigravity_desktop/sub_cerebro_antigravity_desktop.md: Copied (new)
2026/08/09 08:55:15 INFO  : Backups/backup_cerebro_20260728_164635/PLANO_NEGOCIOS_MOKA/documentos/14_controle_assinaturas_automatico.md: Copied (new)
2026/08/09 08:55:15 INFO  : Backups/backup_cerebro_20260728_164635/PLANO_NEGOCIOS_MOKA/documentos/16_lojas_play_store_app_store.md: Copied (new)
2026/08/09 08:55:15 INFO  : Backups/backup_cerebro_20260728_164635/PLANO_NEGOCIOS_MOKA/documentos/15_prompt_sprint_v3.md: Copied (new)
2026/08/09 08:55:15 INFO  : Backups/backup_cerebro_20260728_164635/PLANO_NEGOCIOS_MOKA/documentos/13_desenho_v3_premium_default.md: Copied (new)
2026/08/09 08:55:15 INFO  : monitoramento_horario/backups_edicao/backup_pre_publish_ciclo_1847_20260728_184929/263312_pre.json: Copied (new)
2026/08/09 08:55:15 INFO  : Backups/backup_cerebro_20260728_164635/PLANO_NEGOCIOS_MOKA/documentos/06_relatorio_email.html: Copied (new)
2026/08/09 08:55:15 INFO  : Backups/backup_cerebro_20260728_164635/scripts/comparativo_k.py: Copied (new)
2026/08/09 08:55:15 INFO  : Backups/backup_cerebro_20260728_164635/scripts/gerar_cartao_wp_chatbots.py: Copied (new)
2026/08/09 08:55:15 INFO  : Backups/backup_cerebro_20260728_164635/scripts/publish_macartismo_draft.py: Copied (new)
2026/08/09 08:55:15 INFO  : Backups/backup_cerebro_20260728_164635/scripts/publish_macartismo_now.py.bak_pre_wp_redacao_nova_20260727_044058: Copied (new)
2026/08/09 08:55:15 INFO  : monitoramento_horario/backups_edicao/backup_pre_publish_ciclo_1817_20260728_181922/263310_pre.json: Copied (new)
2026/08/09 08:55:15 INFO  : Backups/backup_cerebro_20260728_164635/scripts/publish_macartismo_draft.py.bak_pre_wp_redacao_nova_20260727_044058: Copied (new)
2026/08/09 08:55:15 INFO  : Backups/backup_cerebro_20260728_164635/scripts/publish_macartismo_now.py: Copied (new)
2026/08/09 08:55:15 INFO  : Backups/backup_cerebro_20260728_164635/scripts/update_macartismo_links.py.bak_pre_wp_redacao_nova_20260727_044058: Copied (new)
2026/08/09 08:55:16 INFO  : Backups/vigilia_v5/2026-08-08/_pos_264715_18ab06c780ae389f.json: Copied (new)
2026/08/09 08:55:16 INFO  : Backups/backup_cerebro_20260728_164635/PLANO_NEGOCIOS_MOKA/documentos/05_apresentacao_ecossistema.html: Copied (new)
2026/08/09 08:55:16 INFO  : monitoramento_horario/backups_edicao/backup_pre_publish_ciclo_1947_20260728_194932/263322_pre.json: Copied (new)
2026/08/09 08:55:16 INFO  : Backups/vigilia_v5/2026-08-08/_pos_264727_eec69f147c19da65.json: Copied (new)
2026/08/09 08:55:16 INFO  : Backups/backup_cerebro_20260728_164635/scripts/update_macartismo_links.py: Copied (new)
2026/08/09 08:55:16 INFO  : Backups/vigilia_v5/2026-08-08/_pos_264730_e3e08dd926a82ed0.json: Copied (new)
2026/08/09 08:55:16 INFO  : Backups/vigilia_v5/2026-08-08/_pos_264746_891f74364bc1a9da.json: Copied (new)
2026/08/09 08:55:16 INFO  : Backups/vigilia_v5/2026-08-08/_pos_264737_3bce5fff672d3ae3.json: Copied (new)
2026/08/09 08:55:16 INFO  : Backups/vigilia_v5/2026-08-08/_pos_264777_7ddcd00783222ff8.json: Copied (new)
2026/08/09 08:55:16 INFO  : Backups/vigilia_v5/2026-08-08/_pos_264781_2f0afebd51f93aa7.json: Copied (new)
2026/08/09 08:55:16 INFO  : Backups/vigilia_v5/2026-08-08/_pos_264778_068cb98c5133e9e8.json: Copied (new)
2026/08/09 08:55:16 INFO  : Backups/vigilia_v5/2026-08-08/_pos_264790_5e8b2e9f09b0cebd.json: Copied (new)
2026/08/09 08:55:16 INFO  : Backups/vigilia_v5/2026-08-08/_pos_264784_39f95b3c773b9368.json: Copied (new)
2026/08/09 08:55:16 INFO  : Backups/vigilia_v5/2026-08-08/_pos_264793_956c7147f823e2aa.json: Copied (new)
2026/08/09 08:55:16 INFO  : Backups/vigilia_v5/2026-08-08/_pos_264764_c99f570cb04c7db0.json: Copied (new)
2026/08/09 08:55:16 INFO  : Backups/vigilia_v5/2026-08-08/_pos_264802_5bfcac0be0bb8e4a.json: Copied (new)
2026/08/09 08:55:16 INFO  : Backups/vigilia_v5/2026-08-08/_pos_264805_6271413dfe59d6f5.json: Copied (new)
2026/08/09 08:55:16 INFO  : Backups/vigilia_v5/2026-08-08/_pos_264815_02a6d743264a6367.json: Copied (new)
2026/08/09 08:55:16 INFO  : Backups/vigilia_v5/2026-08-08/_pos_264791_9f6cf6aa93843ff1.json: Copied (new)
2026/08/09 08:55:16 INFO  : Backups/vigilia_v5/2026-08-08/_pos_264818_3fd34956928b13e7.json: Copied (new)
2026/08/09 08:55:16 INFO  : Backups/vigilia_v5/2026-08-08/_pos_264817_62b94b828968107e.json: Copied (new)
2026/08/09 08:55:16 INFO  : Backups/vigilia_v5/2026-08-08/_pos_264801_2b14c2227306414f.json: Copied (new)
2026/08/09 08:55:16 INFO  : Backups/vigilia_v5/2026-08-08/_pos_264821_0d08471da03a96ff.json: Copied (new)
2026/08/09 08:55:16 INFO  : Backups/vigilia_v5/2026-08-08/_pos_264813_c0a2d2861e129359.json: Copied (new)
2026/08/09 08:55:16 INFO  : Backups/vigilia_v5/2026-08-08/_pos_264823_e759a23152ce390d.json: Copied (new)
2026/08/09 08:55:16 INFO  : Backups/vigilia_v5/2026-08-08/_pos_264828_d21c818b40d09cba.json: Copied (new)
2026/08/09 08:55:16 INFO  : Backups/vigilia_v5/2026-08-08/_pos_264830_368a102567645373.json: Copied (new)
2026/08/09 08:55:16 INFO  : Backups/vigilia_v5/2026-08-08/_pos_264833_b5389acf96412ab9.json: Copied (new)
2026/08/09 08:55:16 INFO  : Backups/vigilia_v5/2026-08-08/_pos_264769_6e3b1505d8997b75.json: Copied (new)
2026/08/09 08:55:16 INFO  : Backups/vigilia_v5/2026-08-08/_pos_264832_af3dfcf5e55b9fc0.json: Copied (new)
2026/08/09 08:55:16 INFO  : Backups/vigilia_v5/2026-08-08/_pos_264825_bb8a9b369e512a65.json: Copied (new)
2026/08/09 08:55:17 INFO  : Backups/vigilia_v5/2026-08-08/_pos_264842_8888ccad6a5c930e.json: Copied (new)
2026/08/09 08:55:17 INFO  : Backups/vigilia_v5/2026-08-08/_pos_264839_bffb3824e2a08569.json: Copied (new)
2026/08/09 08:55:17 INFO  : Backups/vigilia_v5/2026-08-08/_pos_264843_132c9589b77b9583.json: Copied (new)
2026/08/09 08:55:17 INFO  : Backups/vigilia_v5/2026-08-08/_pos_264845_2415b1adefd9d94a.json: Copied (new)
2026/08/09 08:55:17 INFO  : Backups/vigilia_v5/2026-08-08/_pos_264853_2f87a8ca8e6d599f.json: Copied (new)
2026/08/09 08:55:17 INFO  : Backups/vigilia_v5/2026-08-08/_pos_264851_b74b85022ee48955.json: Copied (new)
2026/08/09 08:55:17 INFO  : Backups/vigilia_v5/2026-08-08/_pos_264861_df484f64921ab922.json: Copied (new)
2026/08/09 08:55:17 INFO  : Backups/vigilia_v5/2026-08-08/_pos_v3_corpo_argumenta_264727_05438739c6bc7158.json: Copied (new)
2026/08/09 08:55:17 INFO  : Backups/vigilia_v5/2026-08-08/_pos_264865_e55811b64a7d56df.json: Copied (new)
2026/08/09 08:55:17 INFO  : Backups/vigilia_v5/2026-08-08/_pre_264715_8b53bc105fbd246d.json: Copied (new)
2026/08/09 08:55:17 INFO  : Backups/vigilia_v5/2026-08-08/_pre_264730_44fc2991efa3560a.json: Copied (new)
2026/08/09 08:55:17 INFO  : Backups/vigilia_v5/2026-08-08/_pos_264858_9849b8220be08923.json: Copied (new)
2026/08/09 08:55:17 INFO  : monitoramento_horario/backups_edicao/backup_pre_publish_ciclo_2017_20260728_201838/263324_pre.json: Copied (new)
2026/08/09 08:55:17 INFO  : Backups/vigilia_v5/2026-08-08/_pre_264746_7de3455f6f5e7136.json: Copied (new)
2026/08/09 08:55:17 INFO  : Backups/vigilia_v5/2026-08-08/_pre_264764_976a5c649d8b2086.json: Copied (new)
2026/08/09 08:55:17 INFO  : Backups/vigilia_v5/2026-08-08/_pos_264852_3a46da85083506b0.json: Copied (new)
2026/08/09 08:55:17 INFO  : Backups/vigilia_v5/2026-08-08/_pre_264727_4cfab9353dc7cffa.json: Copied (new)
2026/08/09 08:55:17 INFO  : Backups/vigilia_v5/2026-08-08/_pre_264769_45751d9d0dea58ea.json: Copied (new)
2026/08/09 08:55:17 INFO  : Backups/vigilia_v5/2026-08-08/_pre_264778_c0add4db64a5f6c4.json: Copied (new)
2026/08/09 08:55:17 INFO  : Backups/vigilia_v5/2026-08-08/_pre_264737_5e792f0696d3616f.json: Copied (new)
2026/08/09 08:55:17 INFO  : Backups/vigilia_v5/2026-08-08/_pre_264784_d9a30e25962b5dc6.json: Copied (new)
2026/08/09 08:55:17 INFO  : Backups/vigilia_v5/2026-08-08/_pre_264791_f3600bf90d2b1573.json: Copied (new)
2026/08/09 08:55:17 INFO  : Backups/vigilia_v5/2026-08-08/_pre_264777_8da04dc1981d4c05.json: Copied (new)
2026/08/09 08:55:17 INFO  : Backups/vigilia_v5/2026-08-08/_pre_264781_0ef3805e093258c3.json: Copied (new)
2026/08/09 08:55:17 INFO  : Backups/vigilia_v5/2026-08-08/_pre_264793_397de0f5bef8b604.json: Copied (new)
2026/08/09 08:55:17 INFO  : Backups/vigilia_v5/2026-08-08/_pre_264802_69429466dde3b629.json: Copied (new)
2026/08/09 08:55:17 INFO  : Backups/vigilia_v5/2026-08-08/_pre_264801_a9a4c0704a0f43b7.json: Copied (new)
2026/08/09 08:55:17 INFO  : Backups/vigilia_v5/2026-08-08/_pre_264805_aaca2a6b8b6eadf8.json: Copied (new)
2026/08/09 08:55:17 INFO  : Backups/vigilia_v5/2026-08-08/_pre_264817_0ade985366e54147.json: Copied (new)
2026/08/09 08:55:17 INFO  : Backups/vigilia_v5/2026-08-08/_pre_264813_00861efc19a1964a.json: Copied (new)
2026/08/09 08:55:17 INFO  : Backups/vigilia_v5/2026-08-08/_pre_264815_d520776ffe2964e8.json: Copied (new)
2026/08/09 08:55:17 INFO  : Backups/vigilia_v5/2026-08-08/_pre_264808_b198515fddc736f7.json: Copied (new)
2026/08/09 08:55:18 INFO  : Backups/vigilia_v5/2026-08-08/_pre_264818_74680c79156706e3.json: Copied (new)
2026/08/09 08:55:18 INFO  : Backups/vigilia_v5/2026-08-08/_pre_264823_9dc153542da77f99.json: Copied (new)
2026/08/09 08:55:18 INFO  : Backups/vigilia_v5/2026-08-08/_pre_264821_d22148d8ac16f6e1.json: Copied (new)
2026/08/09 08:55:18 INFO  : Backups/vigilia_v5/2026-08-08/_pre_264832_8946bf27e5dc50e7.json: Copied (new)
2026/08/09 08:55:18 INFO  : Backups/vigilia_v5/2026-08-08/_pre_264790_2e636e7809bae56f.json: Copied (new)
2026/08/09 08:55:18 INFO  : Backups/vigilia_v5/2026-08-08/_pre_264830_1c3cdd14bf0e7867.json: Copied (new)
2026/08/09 08:55:18 INFO  : Backups/vigilia_v5/2026-08-08/_pre_264828_230da69e425ac967.json: Copied (new)
2026/08/09 08:55:18 INFO  : Backups/vigilia_v5/2026-08-08/_pre_264833_e434a806748411e7.json: Copied (new)
2026/08/09 08:55:18 INFO  : Backups/vigilia_v5/2026-08-08/_pre_264825_4032f9dd53bb9723.json: Copied (new)
2026/08/09 08:55:18 INFO  : Backups/vigilia_v5/2026-08-08/_pre_264839_9c5a2ce671dfc1bb.json: Copied (new)
2026/08/09 08:55:18 INFO  : Backups/vigilia_v5/2026-08-08/_pre_264842_6c42df605467dd31.json: Copied (new)
2026/08/09 08:55:18 INFO  : Backups/vigilia_v5/2026-08-08/_pre_264845_8fab32a335d8b6b3.json: Copied (new)
2026/08/09 08:55:18 INFO  : Backups/vigilia_v5/2026-08-08/_pre_264843_5db9f27fab6f1821.json: Copied (new)
2026/08/09 08:55:18 INFO  : Backups/vigilia_v5/2026-08-08/_pre_264853_9b51e211faef8846.json: Copied (new)
2026/08/09 08:55:18 INFO  : Backups/vigilia_v5/2026-08-08/_pre_264858_49bc5f452c892765.json: Copied (new)
2026/08/09 08:55:18 INFO  : Backups/vigilia_v5/2026-08-08/_pre_264851_0f70758f51872991.json: Copied (new)
2026/08/09 08:55:18 INFO  : Backups/vigilia_v5/2026-08-08/_pre_264865_735092a4ce83760c.json: Copied (new)
2026/08/09 08:55:18 INFO  : Backups/backup_cerebro_20260728_164635/monitoramento_horario/custos_llm/custos_2026-07-25.jsonl: Copied (new)
2026/08/09 08:55:18 INFO  : Backups/vigilia_v5/2026-08-08/_pre_264852_5e5d401b5bf78f47.json: Copied (new)
2026/08/09 08:55:18 INFO  : monitoramento_horario/backups_edicao/backup_pre_publish_ciclo_2047_20260728_204917/263326_pre.json: Copied (new)
2026/08/09 08:55:18 INFO  : Foruns/CHECKPOINT_SESSAO_20260709_1205.md: Copied (new)
2026/08/09 08:55:18 INFO  : Foruns/INDICE_FORUNS_SEMANAL.md: Copied (new)
2026/08/09 08:55:18 INFO  : Foruns/MANIFESTO_REORGANIZACAO_FORUNS_20260717.md: Copied (new)
2026/08/09 08:55:18 INFO  : Foruns/MANIFESTO_REFORMA_VISUAL_CAFEZINHO_20260727.md: Copied (new)
2026/08/09 08:55:18 INFO  : Foruns/artigo_panorama_petroleo_20260711.md: Copied (new)
2026/08/09 08:55:18 INFO  : Foruns/auditoria_gasto_gemini_98_reais_20260719.md: Copied (new)
2026/08/09 08:55:18 INFO  : Backups/backup_cerebro_20260728_164635/subcerebro_antigravity_desktop/snapshots/INSTRUCAO_RETOMADA.md: Copied (new)
2026/08/09 08:55:18 INFO  : Foruns/anotacao_glm_estado_demo_lula_20260625.md: Copied (new)
2026/08/09 08:55:18 INFO  : Foruns/canal_trindade_backup_20260710_pre_reorg.md: Copied (new)
2026/08/09 08:55:18 INFO  : Backups/vigilia_v5/2026-08-08/_pre_264861_cf421cd61e4882e0.json: Copied (new)
2026/08/09 08:55:18 INFO  : Foruns/canal_claude_antigravity.md: Copied (new)
2026/08/09 08:55:18 INFO  : Backups/vigilia_v5/2026-08-08/_pre_v3_corpo_argumenta_264727_4cfbfcc611ae0f6c.json: Copied (new)
2026/08/09 08:55:19 INFO  : Foruns/canal_trindade.md.restored: Copied (new)
2026/08/09 08:55:19 INFO  : Foruns/canal_trindade.md: Copied (new)
2026/08/09 08:55:19 INFO  : Foruns/carta_agy_sprint_telemetria_cobertura_v4_20260718.md: Copied (new)
2026/08/09 08:55:19 INFO  : Foruns/carta_claude_codex_feedback_telemetria_v4_20260708.md: Copied (new)
2026/08/09 08:55:19 INFO  : Foruns/carta_claude_code_integracao_ativacao_v4_20260718.md: Copied (new)
2026/08/09 08:55:19 INFO  : Foruns/carta_claude_auditoria_fase9a_retorno_007_20260710.md: Copied (new)
2026/08/09 08:55:19 INFO  : Foruns/carta_claude_codex_prometheus_v4_20260708.md: Copied (new)
2026/08/09 08:55:19 INFO  : Foruns/carta_deepseek_coordenacao_pesquisa_v4_20260718.md: Copied (new)
2026/08/09 08:55:19 INFO  : Foruns/carta_engenheiros_trindade_v4_r6_20260718.md: Copied (new)
2026/08/09 08:55:19 INFO  : Foruns/carta_fable_adendo_fase5_failclosed_20260709.md: Copied (new)
2026/08/09 08:55:19 INFO  : Foruns/carta_engenheiros_trindade_v4_r7_20260719.md: Copied (new)
2026/08/09 08:55:19 INFO  : Foruns/carta_agy_descoberta_gpt5_5_pro_api_20260701.md: Copied (new)
2026/08/09 08:55:19 INFO  : Foruns/carta_fable_adendo_final_fase5_typefix_20260710.md: Copied (new)
2026/08/09 08:55:19 INFO  : Foruns/carta_fable_auditoria_fase4_auditfix_20260709.md: Copied (new)
2026/08/09 08:55:19 INFO  : Foruns/carta_fable_auditoria_fase5_preflight_ratificado_20260709.md: Copied (new)
2026/08/09 08:55:19 INFO  : Foruns/carta_fable_auditoria_fase7_multi_item_20260710.md: Copied (new)
2026/08/09 08:55:19 INFO  : Foruns/carta_fable_auditoria_fase6_multicase_20260710.md: Copied (new)
2026/08/09 08:55:19 INFO  : Foruns/carta_fable_gpt55_auditoria_fase6_multicase_20260710.md: Copied (new)
2026/08/09 08:55:19 INFO  : Foruns/carta_agy_ativacao_proxy_nyc_20260703.md: Copied (new)
2026/08/09 08:55:19 INFO  : Foruns/carta_glm_endosso_diretiva_gpt_foco_passo1_20260625.md: Copied (new)
2026/08/09 08:55:19 INFO  : Foruns/carta_glm_resposta_codex_seletor_r2_20260625.md: Copied (new)
2026/08/09 08:55:19 INFO  : Foruns/carta_gpt_coordenacao_cadeia_comando_20260625.md: Copied (new)
2026/08/09 08:55:19 INFO  : Foruns/carta_gpt55_fable_auditoria_fase5_promocao_preflight_20260709.md: Copied (new)
2026/08/09 08:55:19 INFO  : Foruns/carta_grok_sprint_imagens_v4_20260718.md: Copied (new)
2026/08/09 08:55:19 INFO  : Foruns/carta_humanizada_codex_trindade_reforma_agentes_20260717.md: Copied (new)
2026/08/09 08:55:19 INFO  : Foruns/carta_humanizada_codex_trindade_reforma_agentes_fase3_20260717.md: Copied (new)
2026/08/09 08:55:19 INFO  : Foruns/carta_kilo_sprint_geopolitica_v4_20260718.md: Copied (new)
2026/08/09 08:55:19 INFO  : Foruns/carta_glm_endosso_diretiva_gpt_foco_passo1_20260625.md.bak_pre_wp_redacao_nova_20260727_044058: Copied (new)
2026/08/09 08:55:19 INFO  : Foruns/carta_insistencia_protocolo_comunicacao_maestro_20260719.md: Copied (new)
2026/08/09 08:55:20 INFO  : Foruns/carta_kimi3_sprint_editorial_v4_20260718.md: Copied (new)
2026/08/09 08:55:20 INFO  : Foruns/carta_kimi_usar_apis_assinatura_decisao_miguel_20260725.md: Copied (new)
2026/08/09 08:55:20 INFO  : Foruns/carta_miguel_coordenacao_unica_codex_20260625.md: Copied (new)
2026/08/09 08:55:20 INFO  : Foruns/carta_pedido_respostas_agentes_pendentes_20260707.md: Copied (new)
2026/08/09 08:55:20 INFO  : Foruns/carta_repreensao_agy_identidade_e_escopo_20260717.md: Copied (new)
2026/08/09 08:55:20 INFO  : Foruns/carta_recuperacao_memoria_engenheiros_reforma_v4_20260717.md: Copied (new)
2026/08/09 08:55:20 INFO  : Foruns/carta_passagem_autoridade_codex_claude_20260719.md: Copied (new)
2026/08/09 08:55:20 INFO  : Foruns/carta_kimi_mapa_apis_assinatura_externa_20260725.md: Copied (new)
2026/08/09 08:55:20 INFO  : Foruns/carta_repreensao_identidade_operacional_20260717.md: Copied (new)
2026/08/09 08:55:20 INFO  : Foruns/carta_revisao_deepseek_sprint_v4_20260717.md: Copied (new)
2026/08/09 08:55:20 INFO  : Foruns/carta_unificada_engenheiros_reforma_v4_sprint_20260717.md: Copied (new)
2026/08/09 08:55:20 INFO  : Foruns/carta_transferencia_baleia_azul_codex_claude_20260719.md: Copied (new)
2026/08/09 08:55:20 INFO  : Foruns/checkpoint_v4_ciencia_geopolitica_20260713.md: Copied (new)
2026/08/09 08:55:20 INFO  : Foruns/dossie_jason_miller_20260707.md: Copied (new)
2026/08/09 08:55:20 INFO  : Foruns/diagnostico_revisado_provedores_visao_deepseek_20260717.md: Copied (new)
2026/08/09 08:55:20 INFO  : Foruns/ensaio_geopolitica_petroleo_2026.md: Copied (new)
2026/08/09 08:55:20 INFO  : Foruns/diagnostico_provedores_visao_deepseek_20260717.md: Copied (new)
2026/08/09 08:55:20 INFO  : Foruns/especificacao_unica_autoaprendizado_autocura_v4_midia_v0_1_20260807.md: Copied (new)
2026/08/09 08:55:20 INFO  : Foruns/forum_adapter_wp_library_20260809.md: Copied (new)
2026/08/09 08:55:20 INFO  : Foruns/forum_acesso_ssh_servidor_wp_cafezinho_20260720.md: Copied (new)
2026/08/09 08:55:20 INFO  : Foruns/execucao_pausa_coletores_legados_nyc_20260719.md: Copied (new)
2026/08/09 08:55:20 INFO  : Foruns/credenciais_pesquisa_petroleo.md: Copied (new)
2026/08/09 08:55:20 INFO  : Foruns/forum_ajustes_v3_banco_midia_legado_20260626.md: Copied (new)
2026/08/09 08:55:20 INFO  : Foruns/forum_alibaba_token_plan_nao_serve_api_cafezinho_20260801.md: Copied (new)
2026/08/09 08:55:20 INFO  : Foruns/forum_agente_v4_regional_eleicoes_estados_20260730.md: Copied (new)
2026/08/09 08:55:20 INFO  : Foruns/forum_analise_editorial_audiencia_gsc_20260720.md: Copied (new)
2026/08/09 08:55:20 INFO  : Foruns/forum_alibaba_offline_planos_telemetria_instancia_redundante_20260807.md: Copied (new)
2026/08/09 08:55:20 INFO  : Foruns/forum_analise_gsc_completa_20260714.md: Copied (new)
2026/08/09 08:55:20 INFO  : Foruns/forum_analise_kimi_r3_especificacao_v0_1_20260807.md: Copied (new)
2026/08/09 08:55:21 INFO  : Foruns/forum_arquitetura_legendador_bbc.md: Copied (new)
2026/08/09 08:55:21 INFO  : Foruns/forum_auditoria_custos_telemetria_recuperacao_crons_20260729.md: Copied (new)
2026/08/09 08:55:21 INFO  : Foruns/forum_auditoria_baleia_azul_reforma_v4_20260717.md: Copied (new)
2026/08/09 08:55:21 INFO  : Foruns/forum_arquitetura_v4_imagem_ciencia_hibrido_diretrizes_20260707.md: Copied (new)
2026/08/09 08:55:21 INFO  : Foruns/forum_auditoria_failover_crontab_20260701.md: Copied (new)
2026/08/09 08:55:21 INFO  : Foruns/forum_autocura_imagens_v4_20260714.md: Copied (new)
2026/08/09 08:55:21 INFO  : Foruns/forum_auditoria_indexacao_sites_tematicos_20260713.md: Copied (new)
2026/08/09 08:55:21 INFO  : Foruns/forum_autocura_v3_20260703.md: Copied (new)
2026/08/09 08:55:21 INFO  : Foruns/forum_backup_pre_reforma_diretrizes_20260707.md: Copied (new)
2026/08/09 08:55:21 INFO  : Foruns/forum_autolimpeza_bancos_noticias_v4.md: Copied (new)
2026/08/09 08:55:21 INFO  : Foruns/forum_backup_retomada_backblaze_pre_reforma_20260707.md: Copied (new)
2026/08/09 08:55:21 INFO  : Foruns/forum_backup_total_2026.md: Copied (new)
2026/08/09 08:55:21 INFO  : Foruns/forum_arquitetura_agente_politica_grande_reforma_20260617.md: Copied (new)
2026/08/09 08:55:21 INFO  : Foruns/forum_backup_v4_tematicos_backblaze_20260717_004222.md: Copied (new)
2026/08/09 08:55:21 INFO  : Foruns/forum_baleia_azul_destinatarios_gabriel_20260806.md: Copied (new)
2026/08/09 08:55:21 INFO  : Foruns/forum_baleia_azul_humanizacao_custos_separados_20260806.md: Copied (new)
2026/08/09 08:55:21 INFO  : Foruns/forum_backup_seletivo_pre_execucao_v4_20260708.md: Copied (new)
2026/08/09 08:55:21 INFO  : Foruns/forum_baleia_azul_melhorias_audiencia_20260806.md: Copied (new)
2026/08/09 08:55:21 INFO  : Foruns/forum_bom_dia_20260807.md: Copied (new)
2026/08/09 08:55:21 INFO  : Foruns/forum_bug_duplicate_content_www_vs_semwww_20260706.md: Copied (new)
2026/08/09 08:55:21 INFO  : Foruns/forum_bug_imagem_v4_orfaos_20260801.md: Copied (new)
2026/08/09 08:55:21 INFO  : Foruns/forum_banco_eleitoral_cerebro_20260727.md: Copied (new)
2026/08/09 08:55:21 INFO  : Foruns/forum_cafezinho_news_bloqueio_indexacao_seo_20260706.md: Copied (new)
2026/08/09 08:55:21 INFO  : Foruns/forum_carta_claude_manifesto_ativos_sites_cerebro_20260717.md: Copied (new)
2026/08/09 08:55:21 INFO  : Foruns/forum_buscador_inteligente_unificado_20260717.md: Copied (new)
2026/08/09 08:55:21 INFO  : Foruns/forum_ceara_hero_quaest_flickr_20260805.md: Copied (new)
2026/08/09 08:55:21 INFO  : Foruns/forum_cafezinho_site_multilingue_20260727.md: Copied (new)
2026/08/09 08:55:21 INFO  : Foruns/forum_cap_dinamico_humanos_livres_20260802.md: Copied (new)
2026/08/09 08:55:21 INFO  : Foruns/forum_banco_ouro_candidatos_qwen_20260805.md: Copied (new)
2026/08/09 08:55:21 INFO  : Foruns/forum_banco_midia_v4_real_vision_autoaprendizado_20260806.md: Copied (new)
2026/08/09 08:55:21 INFO  : Foruns/forum_central_alertas_20260806.md: Copied (new)
2026/08/09 08:55:21 INFO  : Foruns/forum_coleta_dados_petroleo_20260711.md: Copied (new)
2026/08/09 08:55:22 INFO  : Foruns/forum_central_fontes_viva_20260806.md: Copied (new)
2026/08/09 08:55:22 INFO  : Foruns/forum_comentarista_v4_reativamento_30min_humanizado_20260802.md: Copied (new)
2026/08/09 08:55:22 INFO  : Foruns/forum_cerco_titulos_longos_v4_20260809.md: Copied (new)
2026/08/09 08:55:22 INFO  : Foruns/forum_central_reforma_v4_20260717.md: Copied (new)
2026/08/09 08:55:22 INFO  : Foruns/forum_correcao_dominio_ceara_digital_20260807.md: Copied (new)
2026/08/09 08:55:22 INFO  : Foruns/forum_correcao_imagens_duplicadas_v4_20260809.md: Copied (new)
2026/08/09 08:55:22 INFO  : Foruns/forum_conclusao_4_fases_spark_workspace_20260807.md: Copied (new)
2026/08/09 08:55:22 INFO  : Foruns/forum_correcao_baleia_azul_cctv_envio_duplicado_20260717.md: Copied (new)
2026/08/09 08:55:22 INFO  : Foruns/forum_correcao_materia_264661_painel_v6_falso_incidente_404_20260807.md: Copied (new)
2026/08/09 08:55:22 INFO  : Foruns/forum_correcao_transcritor_gnome_20260729.md: Copied (new)
2026/08/09 08:55:22 INFO  : Foruns/forum_diagnostico_pico_gasto_31jul_tribunal_visual_20260802.md: Copied (new)
2026/08/09 08:55:22 INFO  : Foruns/forum_deploy_canonico_tablet_historico_20260727.md: Copied (new)
2026/08/09 08:55:22 INFO  : Foruns/forum_config_glm52_zai_coding_plan_vigilia_20260807.md: Copied (new)
2026/08/09 08:55:22 INFO  : Foruns/forum_diretrizes_ceo_v4_20260808.md: Copied (new)
2026/08/09 08:55:22 INFO  : Foruns/forum_diagnostico_saude_ecossistema_20260801.md: Copied (new)
2026/08/09 08:55:22 INFO  : Foruns/forum_dois_eixos_v4_texto_humano_charge_editorial_20260718.md: Copied (new)
2026/08/09 08:55:22 INFO  : Foruns/forum_droplet_utilitario_20260806.md: Copied (new)
2026/08/09 08:55:22 INFO  : Foruns/forum_duns_moka_lojas_20260728.md: Copied (new)
2026/08/09 08:55:22 INFO  : Foruns/forum_editorial_v5_construcao_conjunta_20260730.md: Copied (new)
2026/08/09 08:55:22 INFO  : Foruns/forum_deepseek_v4_flash_coleta_curadoria_plano_20260801.md: Copied (new)
2026/08/09 08:55:22 INFO  : Foruns/forum_exercicio_copia_cafezinho_news_20260629.md: Copied (new)
2026/08/09 08:55:22 INFO  : Foruns/forum_emagrecimento_workspace_nuvem_first_20260722.md: Copied (new)
2026/08/09 08:55:22 INFO  : Foruns/forum_faxina_comunicacao_v4_20260718.md: Copied (new)
2026/08/09 08:55:22 INFO  : Foruns/forum_estado_cctv_baleia_azul_telemetria_20260804.md: Copied (new)
2026/08/09 08:55:22 INFO  : Foruns/forum_faxina_pontual_3_servidores_20260807.md: Copied (new)
2026/08/09 08:55:22 INFO  : Foruns/forum_enxame_religado_controle_rigido_bugs_corrigidos_20260802.md: Copied (new)
2026/08/09 08:55:22 INFO  : Foruns/forum_explicativo_agentes_tematicos_20260714.md: Copied (new)
2026/08/09 08:55:22 INFO  : Foruns/forum_dualidade_nyc_tencent_20260726.md: Copied (new)
2026/08/09 08:55:22 INFO  : Foruns/forum_feedback_1a5_autocura_editorial_v4_20260718.md: Copied (new)
2026/08/09 08:55:22 INFO  : Foruns/forum_feedback_kimi_r2_autoaprendizado_autocura_v4_midia_20260807.md: Copied (new)
2026/08/09 08:55:22 INFO  : Foruns/forum_foco_local_ceara_riocarta_20260805.md: Copied (new)
2026/08/09 08:55:22 INFO  : Foruns/forum_gsn_linha_editorial_diretriz_20260729.md: Copied (new)
2026/08/09 08:55:23 INFO  : Foruns/forum_gsn_pauta_mole_pt_20260729.md: Copied (new)
2026/08/09 08:55:23 INFO  : Foruns/forum_foto_na_hora_flickr_20260728.md: Copied (new)
2026/08/09 08:55:23 INFO  : Foruns/forum_gsn_colunistas_priscila_20260729.md: Copied (new)
2026/08/09 08:55:23 INFO  : Foruns/forum_gsn_post_sem_imagem_20260723.md: Copied (new)
2026/08/09 08:55:23 INFO  : Foruns/forum_gsn_youtube_repoint_v4_20260807.md: Copied (new)
2026/08/09 08:55:23 INFO  : Foruns/forum_gsn_pt_campnou_publicador_gate_20260805.md: Copied (new)
2026/08/09 08:55:23 INFO  : Foruns/forum_ideias_livros_miguel.md: Copied (new)
2026/08/09 08:55:23 INFO  : Foruns/forum_iproyal_renovacao_fallback_youtube_20260803.md: Copied (new)
2026/08/09 08:55:23 INFO  : Foruns/forum_kibir_liberacao_publicacao_v4_20260722.md: Copied (new)
2026/08/09 08:55:23 INFO  : Foruns/forum_k3_256k_modelo_economico_kimi_topup_20260807.md: Copied (new)
2026/08/09 08:55:23 INFO  : Foruns/forum_kimi_5_patterns_recorrentes_diretrizes_v4_20260728.md: Copied (new)
2026/08/09 08:55:23 INFO  : Foruns/forum_kimi_bugs_pipeline_v4_ciclo_1417_20260728.md: Copied (new)
2026/08/09 08:55:23 INFO  : Foruns/forum_kimi_bugs_persistentes_upstream_v4_20260724.md: Copied (new)
2026/08/09 08:55:23 INFO  : Foruns/forum_kimi_diagnostico_tematicos_e_loop_20260724.md: Copied (new)
2026/08/09 08:55:23 INFO  : Foruns/forum_kimi_travas_v4_nacional_e_ciencia_20260727.md: Copied (new)
2026/08/09 08:55:23 INFO  : Foruns/forum_kimi_investiga_websearch_workers_v4_20260729.md: Copied (new)
2026/08/09 08:55:23 INFO  : Foruns/forum_kimi_v4_cartao_texto_dentro_20260729.md: Copied (new)
2026/08/09 08:55:23 INFO  : Foruns/forum_kimi_v4_geopolitica_cartoon_orfao_bloqueio_20260727.md: Copied (new)
2026/08/09 08:55:23 INFO  : Foruns/forum_kimi_diagnostico_infraestrutura_autocura_20260727.md: Copied (new)
2026/08/09 08:55:23 INFO  : Foruns/forum_investigacao_gemini_quota_e_geradores_imagem_v4_20260719.md: Copied (new)
2026/08/09 08:55:23 INFO  : Foruns/forum_legenda_obrigatoria_tematicos_20260806.md: Copied (new)
2026/08/09 08:55:23 INFO  : Foruns/forum_lab_visual_cafezinho_news_20260720.md: Copied (new)
2026/08/09 08:55:23 INFO  : Foruns/forum_kimi_webverify_e_brave_desativado_20260726.md: Copied (new)
2026/08/09 08:55:23 INFO  : Foruns/forum_leitor_de_video_20260721.md: Copied (new)
2026/08/09 08:55:23 INFO  : Foruns/forum_limpeza_crontab_tencent_20260626.md: Copied (new)
2026/08/09 08:55:23 INFO  : Foruns/forum_livro_filhos_da_impunidade_20260722.md: Copied (new)
2026/08/09 08:55:23 INFO  : Foruns/forum_manifesto_monitor_cafezinho_60min_20260719.md: Copied (new)
2026/08/09 08:55:23 INFO  : Foruns/forum_manual_pagina_propria_estudio_download_20260808.md: Copied (new)
2026/08/09 08:55:23 INFO  : Foruns/forum_mapa_servidores_ecossistema_20260806.md: Copied (new)
2026/08/09 08:55:23 INFO  : Foruns/forum_menu_spam_cassino_autodd_20260806.md: Copied (new)
2026/08/09 08:55:24 INFO  : Foruns/forum_moka_campanha_socios_20260722.md: Copied (new)
2026/08/09 08:55:24 INFO  : Foruns/forum_moka_capacitor_app.md: Copied (new)
2026/08/09 08:55:24 INFO  : Foruns/forum_moka_email_godaddy_20260722.md: Copied (new)
2026/08/09 08:55:24 INFO  : Foruns/forum_midia_ouro_prioridade_nome_identificado_20260807.md: Copied (new)
2026/08/09 08:55:24 INFO  : Foruns/forum_moka_fase_gratuita_byok_doacao_20260804.md: Copied (new)
2026/08/09 08:55:24 INFO  : Foruns/forum_maquiavel_rodada_trindade_20260801.md: Copied (new)
2026/08/09 08:55:24 INFO  : Foruns/forum_maestro_local_20260719.md: Copied (new)
2026/08/09 08:55:24 INFO  : Foruns/forum_moka_modelo_casa_deepseek_v4_flash_20260801.md: Copied (new)
2026/08/09 08:55:24 INFO  : Foruns/forum_maestro_local_v2_20260719.md: Copied (new)
2026/08/09 08:55:24 INFO  : Foruns/forum_moka_plano_de_negocios_20260722.md: Copied (new)
2026/08/09 08:55:24 INFO  : Foruns/forum_moka_premium_20260722.md: Copied (new)
2026/08/09 08:55:24 INFO  : Foruns/forum_moka_pesquisa_ia_investimento_20260722.md: Copied (new)
2026/08/09 08:55:24 INFO  : Foruns/forum_moka_monetizacao_unificacao_20260722.md: Copied (new)
2026/08/09 08:55:24 INFO  : Foruns/forum_moka_primeira_fase_publica_correcoes_20260808.md: Copied (new)
2026/08/09 08:55:24 INFO  : Foruns/forum_moka_sprint_pos_pivot_552_57_20260805.md: Copied (new)
2026/08/09 08:55:24 INFO  : Foruns/forum_moka_reader_20260720.md: Copied (new)
2026/08/09 08:55:24 INFO  : Foruns/forum_moka_twa_android_play_store_20260807.md: Copied (new)
2026/08/09 08:55:24 INFO  : Foruns/forum_moka_video_implementacao_20260721.md: Copied (new)
2026/08/09 08:55:24 INFO  : Foruns/forum_moka_video_transcricao_transkriptor_plano_v2_20260801.md: Copied (new)
2026/08/09 08:55:24 INFO  : Foruns/forum_mutirao_qwen_banco_midia_v4_20260809.md: Copied (new)
2026/08/09 08:55:24 INFO  : Foruns/forum_moka_traducao_livro_volumes_20260721.md: Copied (new)
2026/08/09 08:55:24 INFO  : Foruns/forum_nova_rodada_v4_arquitetura_imagem_tecnologia_20260707.md: Copied (new)
2026/08/09 08:55:24 INFO  : Foruns/forum_novo_sistema_agentes_v4_e_diretrizes_20260707.md: Copied (new)
2026/08/09 08:55:24 INFO  : Foruns/forum_novas_diretrizes_editoriais_correio_brasil_20260707.md: Copied (new)
2026/08/09 08:55:24 INFO  : Foruns/forum_organizacao_arquivos_v4_deploy_tencent_20260709.md: Copied (new)
2026/08/09 08:55:24 INFO  : Foruns/forum_painel_leve_v4_autonomia_20260718_0955.md: Copied (new)
2026/08/09 08:55:24 INFO  : Foruns/forum_ouro_precision_economia_gemini_20260729.md: Copied (new)
2026/08/09 08:55:24 INFO  : Foruns/forum_no_home_por_nota_coleta_20260721.md: Copied (new)
2026/08/09 08:55:24 INFO  : Foruns/forum_parecer_agy_maestro_local_20260719.md: Copied (new)
2026/08/09 08:55:24 INFO  : Foruns/forum_parecer_codex_maestro_local_20260719.md: Copied (new)
2026/08/09 08:55:24 INFO  : Foruns/forum_painel_v6_4_correcoes_health_ceara_destaques_foruns_20260807.md: Copied (new)
2026/08/09 08:55:24 INFO  : Foruns/forum_parecer_deepseek_maestro_local_20260719.md: Copied (new)
2026/08/09 08:55:24 INFO  : Foruns/forum_parecer_kimi_maestro_local_20260719.md: Copied (new)
2026/08/09 08:55:25 INFO  : Foruns/forum_parecer_grok_maestro_local_20260719.md: Copied (new)
2026/08/09 08:55:25 INFO  : Foruns/forum_parecer_qwen_maestro_local_20260719.md: Copied (new)
2026/08/09 08:55:25 INFO  : Foruns/forum_pautas_editoriais_20260701.md: Copied (new)
2026/08/09 08:55:25 INFO  : Foruns/forum_parecer_glm_maestro_local_20260719.md: Copied (new)
2026/08/09 08:55:25 INFO  : Foruns/forum_pesquisa_profunda_petroleo_20260711_claude.md: Copied (new)
2026/08/09 08:55:25 INFO  : Foruns/forum_pesquisa_profunda_petroleo_20260711_gpt.md: Copied (new)
2026/08/09 08:55:25 INFO  : Foruns/forum_plano_enxutice_nyc_espelho_tencent_20260807.md: Copied (new)
2026/08/09 08:55:25 INFO  : Foruns/forum_plano_faxina_continua_droplets_20260807.md: Copied (new)
2026/08/09 08:55:25 INFO  : Foruns/forum_ponte_backup_reforco_20260805.md: Copied (new)
2026/08/09 08:55:25 INFO  : Foruns/forum_prestacao_contas_spark_drive_etapas_1_15_20260807.md: Copied (new)
2026/08/09 08:55:26 INFO  : Foruns/forum_projeto_casa_da_moeda_site_20260728.md: Copied (new)
2026/08/09 08:55:26 INFO  : Foruns/forum_plano_trabalho_execucao_novo_v4_20260708.md: Copied (new)
2026/08/09 08:55:26 INFO  : Foruns/forum_principios_fundamentais_novo_v4_20260708.md: Copied (new)
2026/08/09 08:55:26 INFO  : Foruns/forum_processo_continuidade_reforma_v4_20260717.md: Copied (new)
2026/08/09 08:55:26 INFO  : Foruns/forum_producao_v4_curadoria_tese_20260709.md: Copied (new)
2026/08/09 08:55:26 INFO  : Foruns/forum_proposta_reducao_agentes_audiencia_20260617.md: Copied (new)
2026/08/09 08:55:26 INFO  : Backups/backup_cerebro_20260728_164635/monitoramento_horario/imagens_geradas_20260719/post_262195_v1.png: Copied (new)
2026/08/09 08:55:26 INFO  : Foruns/forum_qwen_alibaba_contas_20260801.md: Copied (new)
2026/08/09 08:55:26 INFO  : Foruns/forum_qwen38_max_zcode_20260807.md: Copied (new)
2026/08/09 08:55:26 INFO  : Foruns/forum_reforma_agente_kimi_busca_imagem_20260809.md: Copied (new)
2026/08/09 08:55:26 INFO  : Foruns/forum_protocolo_vai_reforma_v4_20260717.md: Copied (new)
2026/08/09 08:55:26 INFO  : Foruns/forum_renomear_versao_leitor_20260807.md: Copied (new)
2026/08/09 08:55:26 INFO  : Foruns/forum_publicacao_china_trump_ormuz_20260721.md: Copied (new)
2026/08/09 08:55:26 INFO  : Foruns/forum_reorganizacao_agentes_cafezinho_fase3_20260717.md: Copied (new)
2026/08/09 08:55:26 INFO  : Foruns/forum_reorganizacao_agentes_cafezinho_20260717.md: Copied (new)
2026/08/09 08:55:26 INFO  : Foruns/forum_reorganizacao_agentes_cafezinho_fase4_20260717.md: Copied (new)
2026/08/09 08:55:26 INFO  : Foruns/forum_reorganizacao_base_level_top_level_20260717.md: Copied (new)
2026/08/09 08:55:26 INFO  : Foruns/forum_repetidor_estatal_opcao_d_20260717.md.bak_pre_wp_redacao_nova_20260727_044058: Copied (new)
2026/08/09 08:55:27 INFO  : Foruns/forum_reforma_visual_cafezinho_20260727.md: Copied (new)
2026/08/09 08:55:27 INFO  : Foruns/forum_resposta_codex_claude_telemetria_prometheus_despesas_v4_20260708.md: Copied (new)
2026/08/09 08:55:27 INFO  : Foruns/forum_repetidor_estatal_opcao_d_20260717.md: Copied (new)
2026/08/09 08:55:27 INFO  : Foruns/forum_repetidor_estatal_redeploy_nyc_20260714.md: Copied (new)
2026/08/09 08:55:27 INFO  : Foruns/forum_resposta_glm_fase0_banco_midia_v4_20260806.md: Copied (new)
2026/08/09 08:55:27 INFO  : Foruns/forum_resposta_kimi_autoaprendizado_autocura_v4_midia_20260807.md: Copied (new)
2026/08/09 08:55:27 INFO  : Foruns/forum_reorganizacao_base_level_top_level_20260717_pca_fase4_codex.md: Copied (new)
2026/08/09 08:55:27 INFO  : Foruns/forum_resposta_kimi_k3_r4_proveniencia_prontidao_20260807.md: Copied (new)
2026/08/09 08:55:27 INFO  : Foruns/forum_revisao_qualidade_agentes_tematicos_20260714.md: Copied (new)
2026/08/09 08:55:27 INFO  : Foruns/forum_resumo_humano_estado_v4_20260708.md: Copied (new)
2026/08/09 08:55:27 INFO  : Foruns/forum_rodada3_ativacao_equipe_v4_20260718.md: Copied (new)
2026/08/09 08:55:27 INFO  : Foruns/forum_revista_maquiavel_20260730.md: Copied (new)
2026/08/09 08:55:27 INFO  : Backups/backup_cerebro_20260728_164635/monitoramento_horario/imagens_geradas_20260719/post_262195_codex_wan26.png: Copied (new)
2026/08/09 08:55:27 INFO  : Foruns/forum_reuniao_trabalho_novo_contrato_cafezinho_v4_20260809.md: Copied (new)
2026/08/09 08:55:27 INFO  : Foruns/forum_rodada4_cartum_canario_ativacao_v4_20260718.md: Copied (new)
2026/08/09 08:55:27 INFO  : Foruns/forum_rodada6_autonomia_real_v4_20260718.md: Copied (new)
2026/08/09 08:55:27 INFO  : Foruns/forum_rodada5_pre_prova_real_v4_20260718.md: Copied (new)
2026/08/09 08:55:27 INFO  : Foruns/forum_rodada_tematicos_banco_midia_20260805.md: Copied (new)
2026/08/09 08:55:27 INFO  : Foruns/forum_roteiro_livro_inteiro_edicao_20260807.md: Copied (new)
2026/08/09 08:55:27 INFO  : Backups/backup_cerebro_20260728_164635/monitoramento_horario/mudancas_aplicadas/2026-07-19.jsonl: Copied (new)
2026/08/09 08:55:27 INFO  : Foruns/forum_rotacao_qwen_unificacao_62c5c207_20260801.md: Copied (new)
2026/08/09 08:55:27 INFO  : Backups/backup_cerebro_20260728_164635/monitoramento_horario/mudancas_aplicadas/2026-07-21.jsonl: Copied (new)
2026/08/09 08:55:27 INFO  : Foruns/forum_saneamento_seo_automatizado_lotes_20260701.md: Copied (new)
2026/08/09 08:55:27 INFO  : Foruns/forum_sec86_guarda_imagem_obrigatoria_20260730.md: Copied (new)
2026/08/09 08:55:27 INFO  : Foruns/forum_rodada7_tribunal_visual_qwen_gemini_v4_20260719.md: Copied (new)
2026/08/09 08:55:27 INFO  : Foruns/forum_selo_cafezinho_media_group_20260805.md: Copied (new)
2026/08/09 08:55:28 INFO  : Foruns/forum_spark_google_entrada_ecossistema_20260806.md: Copied (new)
2026/08/09 08:55:28 INFO  : Foruns/forum_sprint_ativacao_v4_autonomia_midia_20260718.md: Copied (new)
2026/08/09 08:55:28 INFO  : Foruns/forum_sprint_reforma_v4_autonomia_operacional_20260717.md: Copied (new)
2026/08/09 08:55:28 INFO  : Backups/backup_cerebro_20260728_164635/monitoramento_horario/mudancas_aplicadas/2026-07-20.jsonl: Copied (new)
2026/08/09 08:55:28 INFO  : Foruns/forum_separacao_service_accounts_indexing_20260714.md: Copied (new)
2026/08/09 08:55:28 INFO  : Foruns/forum_sinal_ponte_v3_worker_v4_ignora_regra_20260806_1830.md: Copied (new)
2026/08/09 08:55:28 INFO  : Foruns/forum_sprint_sites_tematicos_completo_20260714.md: Copied (new)
2026/08/09 08:55:28 INFO  : Foruns/forum_sprint_v3_reforma_pipeline_fase_por_fase_20260623.md: Copied (new)
2026/08/09 08:55:28 INFO  : Foruns/forum_sprint_rapida_acervo_midia_prevision_20260626.md: Copied (new)
2026/08/09 08:55:28 INFO  : Foruns/forum_subir_nova_versao_leitor_20260807.md: Copied (new)
2026/08/09 08:55:28 INFO  : Foruns/forum_sprints_paralelos_v4_qualidade_imagem_geopolitica_20260718.md: Copied (new)
2026/08/09 08:55:28 INFO  : Foruns/forum_sync_google_drive_20260807.md: Copied (new)
2026/08/09 08:55:28 INFO  : Foruns/forum_tematicos_destaques_ga4_20260805.md: Copied (new)
2026/08/09 08:55:28 INFO  : Foruns/forum_super_luxo_editorial_v4_espelhado_20260707.md: Copied (new)
2026/08/09 08:55:28 INFO  : Backups/backup_cerebro_20260728_164635/monitoramento_horario/imagens_geradas_20260719/post_262196_v1.png: Copied (new)
2026/08/09 08:55:28 INFO  : Foruns/forum_tematicos_destaques_painel_imagens_20260806.md: Copied (new)
2026/08/09 08:55:28 INFO  : Foruns/forum_tribunal_visual_consultivo_v4_20260722.md: Copied (new)
2026/08/09 08:55:28 INFO  : Foruns/forum_telemetria_completa_fase0_fase1_20260802.md: Copied (new)
2026/08/09 08:55:28 INFO  : Foruns/forum_sub_cerebro_spark_drive_20260807.md: Copied (new)
2026/08/09 08:55:28 INFO  : Foruns/forum_tutorial_baleia_azul_handover_deepseek_codex_20260717.md: Copied (new)
2026/08/09 08:55:28 INFO  : Foruns/forum_tutorial_acesso_dados_ibge_sidra_20260710.md: Copied (new)
2026/08/09 08:55:28 INFO  : Foruns/forum_unificacao_prometheus_conta_aiatolah_20260809.md: Copied (new)
2026/08/09 08:55:28 INFO  : Foruns/forum_tutorial_conexao_cerebro_llms_20260803.md: Copied (new)
2026/08/09 08:55:28 INFO  : Foruns/forum_unificacao_cofre_chaves_20260801.md: Copied (new)
2026/08/09 08:55:28 INFO  : Foruns/forum_v4_canario_ciencia_geopolitica_20260713.md: Copied (new)
2026/08/09 08:55:28 INFO  : Foruns/forum_v4_fase6_multicase_dryrun_20260710.md: Copied (new)
2026/08/09 08:55:28 INFO  : Foruns/forum_v4_fase7_multi_item_lab_20260710.md: Copied (new)
2026/08/09 08:55:28 INFO  : Foruns/forum_v4_hero_duplicada_pixabay_20260729.md: Copied (new)
2026/08/09 08:55:28 INFO  : Foruns/forum_v4_fase8_curadoria_forte_cultura_20260710.md: Copied (new)
2026/08/09 08:55:28 INFO  : Foruns/forum_v4_fase5_ratificacao_promocao_preflight_20260709.md: Copied (new)
2026/08/09 08:55:29 INFO  : Foruns/forum_v4_home_top_10pct_dia_noite_20260808.md: Copied (new)
2026/08/09 08:55:29 INFO  : Foruns/forum_v4_home_cota_10dia_20noite_20260808.md: Copied (new)
2026/08/09 08:55:29 INFO  : Foruns/forum_v4_curadoria_tese_editorial_20260708.md: Copied (new)
2026/08/09 08:55:29 INFO  : Foruns/forum_v4_rascunho_primeiro_autocura_20260709.md: Copied (new)
2026/08/09 08:55:29 INFO  : Foruns/forum_video_diario_multirrede_20260723.md: Copied (new)
2026/08/09 08:55:29 INFO  : Foruns/forum_v4_linguagem_analise_objetos_culturais_20260710.md: Copied (new)
2026/08/09 08:55:29 INFO  : Foruns/forum_v4_proveniencia_007_20260713.md: Copied (new)
2026/08/09 08:55:29 INFO  : Foruns/forum_vigilia_credito_zcode_20260807.md: Copied (new)
2026/08/09 08:55:29 INFO  : Foruns/forum_zizilinda_diagnostico_20260727.md: Copied (new)
2026/08/09 08:55:29 INFO  : Foruns/gsn_forum_estabilizacao_idempotencia.md: Copied (new)
2026/08/09 08:55:29 INFO  : Foruns/forum_v4_fase9a_curta_retorno_007_20260710.md: Copied (new)
2026/08/09 08:55:29 INFO  : Foruns/manifesto_deepseek_sprint_v4_20260717.md: Copied (new)
2026/08/09 08:55:29 INFO  : Foruns/incidente_usurpacao_identidade_codex_20260717.md: Copied (new)
2026/08/09 08:55:29 INFO  : Foruns/incidente_gemini_credito_e_auditoria_custo_20260719.md: Copied (new)
2026/08/09 08:55:29 INFO  : Foruns/forum_vigilia_tematicos_3_sinais_falso_alarme_20260807.md: Copied (new)
2026/08/09 08:55:29 INFO  : Foruns/manifesto_handover_baleia_azul_deepseek_20260717.md: Copied (new)
2026/08/09 08:55:29 INFO  : Foruns/mapa_regional_historico_20260730.md: Copied (new)
2026/08/09 08:55:29 INFO  : Foruns/parecer_maestro_local_grok_20260719.md: Copied (new)
2026/08/09 08:55:29 INFO  : Foruns/forum_youtube_ceara_ativado_20260805.md: Copied (new)
2026/08/09 08:55:29 INFO  : Foruns/manifesto_kibir_liberacao_publicacao_v4_20260722.md: Copied (new)
2026/08/09 08:55:29 INFO  : Foruns/plano_apuracao_f9a_opcao_a_provisoria_007_20260710.md: Copied (new)
2026/08/09 08:55:29 INFO  : Foruns/parecer_claude_microsservicos_publicador_20260625.md: Copied (new)
2026/08/09 08:55:29 INFO  : Foruns/forum_vazamento_deepseek_comentarista_v4flash_ativo_20260802.md: Copied (new)
2026/08/09 08:55:29 INFO  : Foruns/ponte_kimi_link.md: Copied (new)
2026/08/09 08:55:29 INFO  : Foruns/ponto_retomada_agy_maestro_parecer_20260719_1127.md: Copied (new)
2026/08/09 08:55:29 INFO  : Foruns/ponto_retomada_auditoria_v4_20260717_1431.md: Copied (new)
2026/08/09 08:55:29 INFO  : Foruns/ponto_retomada_claude_chefe_ecossistema_20260719_1020.md: Copied (new)
2026/08/09 08:55:30 INFO  : Foruns/ponto_retomada_claude_v4_r3_20260718_1202.md: Copied (new)
2026/08/09 08:55:30 INFO  : Foruns/ponto_retomada_claude_v4_r5_20260718_1500.md: Copied (new)
2026/08/09 08:55:30 INFO  : Foruns/ponto_retomada_claude_v4_r4_20260718_1345.md: Copied (new)
2026/08/09 08:55:30 INFO  : Foruns/ponto_retomada_claude_sessao_20260727_0535.md: Copied (new)
2026/08/09 08:55:30 INFO  : Foruns/ponto_retomada_claude_sessao_20260804_1601.md: Copied (new)
2026/08/09 08:55:30 INFO  : Foruns/ponto_retomada_claude_sessao_20260731_2215.md: Copied (new)
2026/08/09 08:55:30 INFO  : Foruns/ponto_retomada_claude_v4_r6_20260718_2244.md: Copied (new)
2026/08/09 08:55:30 INFO  : Foruns/ponto_retomada_codex_abertura_r4_v4_20260718.md: Copied (new)
2026/08/09 08:55:30 INFO  : Foruns/ponto_retomada_claude_sessao_20260724_1350.md: Copied (new)
2026/08/09 08:55:30 INFO  : Foruns/ponto_retomada_codex_abertura_r5_v4_20260718.md: Copied (new)
2026/08/09 08:55:30 INFO  : Foruns/ponto_retomada_codex_maestro_parecer_20260719_1145.md: Copied (new)
2026/08/09 08:55:30 INFO  : Foruns/ponto_retomada_codex_auditoria_gemini_20260719_0843.md: Copied (new)
2026/08/09 08:55:30 INFO  : Foruns/ponto_retomada_codex_operacao_20260721_1000.md: Copied (new)
2026/08/09 08:55:30 INFO  : Foruns/ponto_retomada_codex_motor_coletor_20260719_0905.md: Copied (new)
2026/08/09 08:55:30 INFO  : Foruns/ponto_retomada_claude_sessao_20260727_0523.md: Copied (new)
2026/08/09 08:55:30 INFO  : Foruns/ponto_retomada_codex_v4_angulo_petroleo_brics_20260718_2115.md: Copied (new)
2026/08/09 08:55:30 INFO  : Foruns/ponto_retomada_codex_reforma_v4_20260717_1354.md: Copied (new)
2026/08/09 08:55:30 INFO  : Foruns/ponto_retomada_codex_v4_20260718_0955.md: Copied (new)
2026/08/09 08:55:30 INFO  : Foruns/ponto_retomada_codex_pausa_legado_nyc_20260719_0909.md: Copied (new)
2026/08/09 08:55:30 INFO  : Foruns/ponto_retomada_codex_pos_auditoria_v4_20260717_1420.md: Copied (new)
2026/08/09 08:55:30 INFO  : Foruns/ponto_retomada_codex_v4_cartum_midia_20260718.md: Copied (new)
2026/08/09 08:55:30 INFO  : Foruns/ponto_retomada_codex_v4_comentario_politico_contextual_20260718_2124.md: Copied (new)
2026/08/09 08:55:30 INFO  : monitoramento_horario/backups_edicao/backup_pre_publish_ciclo_2117_20260728_212007/263330_pre.json: Copied (new)
2026/08/09 08:55:30 INFO  : Foruns/ponto_retomada_codex_v4_e2e_geopolitica_20260718_2042.md: Copied (new)
2026/08/09 08:55:30 INFO  : monitoramento_horario/backups_edicao/backup_pre_publish_ciclo_2117_20260728_212007/263335_pre.json: Copied (new)
2026/08/09 08:55:30 INFO  : Foruns/ponto_retomada_codex_v4_e2e_20260718_1612.md: Copied (new)
2026/08/09 08:55:30 INFO  : Backups/backup_cerebro_20260728_164635/monitoramento_horario/bugs_encontrados/README.md: Copied (new)
2026/08/09 08:55:30 INFO  : Backups/backup_cerebro_20260728_164635/monitoramento_horario/bugs_encontrados/bugs_2026-07-22.jsonl: Copied (new)
2026/08/09 08:55:30 INFO  : Backups/backup_cerebro_20260728_164635/monitoramento_horario/bugs_encontrados/bugs_2026-07-21.jsonl: Copied (new)
2026/08/09 08:55:30 INFO  : Backups/backup_cerebro_20260728_164635/monitoramento_horario/bugs_encontrados/bugs_2026-07-25.jsonl: Copied (new)
2026/08/09 08:55:30 INFO  : Backups/backup_cerebro_20260728_164635/monitoramento_horario/bugs_encontrados/bugs_2026-07-26.jsonl: Copied (new)
2026/08/09 08:55:30 INFO  : Backups/backup_cerebro_20260728_164635/monitoramento_horario/bugs_encontrados/bugs_2026-07-24.jsonl: Copied (new)
2026/08/09 08:55:30 INFO  : monitoramento_horario/backups_edicao/backup_pre_publish_ciclo_1647_20260728_164930/263301_pre.json: Copied (new)
2026/08/09 08:55:30 INFO  : monitoramento_horario/backups_edicao/backup_pre_publish_ciclo_1647_20260728_164930/263303_pre.json: Copied (new)
2026/08/09 08:55:30 INFO  : monitoramento_horario/backups_edicao/backup_pre_publish_ciclo_1647_20260728_164930/263304_pre.json: Copied (new)
2026/08/09 08:55:30 INFO  : Backups/backup_cerebro_20260728_164635/monitoramento_horario/bugs_encontrados/bugs_2026-07-23.jsonl: Copied (new)
2026/08/09 08:55:30 INFO  : Backups/backup_cerebro_20260728_164635/monitoramento_horario/bugs_encontrados/bugs_2026-07-28.jsonl: Copied (new)
2026/08/09 08:55:31 INFO  : Foruns/ponto_retomada_codex_v4_geo2_completo_20260718_2200.md: Copied (new)
2026/08/09 08:55:31 INFO  : Foruns/ponto_retomada_codex_v4_geo2_ira_jordania_20260718_2140.md: Copied (new)
2026/08/09 08:55:31 INFO  : monitoramento_horario/backups_edicao/backup_pre_publish_ciclo_2147_20260728_214931/263342_pre.json: Copied (new)
2026/08/09 08:55:31 INFO  : monitoramento_horario/backups_edicao/backup_pre_publish_ciclo_2147_20260728_214931/263339_pre.json: Copied (new)
2026/08/09 08:55:31 INFO  : Backups/backup_cerebro_20260728_164635/monitoramento_horario/bugs_encontrados/bugs_2026-07-27.jsonl: Copied (new)
2026/08/09 08:55:31 INFO  : Foruns/ponto_retomada_codex_v4_imagem_geo_logo_peso_20260718_2106.md: Copied (new)
2026/08/09 08:55:31 INFO  : Foruns/ponto_retomada_codex_v4_imagem_geo_corrigida_20260718_2048.md: Copied (new)
2026/08/09 08:55:31 INFO  : Foruns/ponto_retomada_codex_v4_investigacao_gemini_geradores_20260719_0820.md: Copied (new)
2026/08/09 08:55:31 INFO  : Foruns/ponto_retomada_codex_v4_politica_custo_testes_20260718_1620.md: Copied (new)
2026/08/09 08:55:31 INFO  : Backups/backup_cerebro_20260728_164635/monitoramento_horario/vigilia_haiku/vigilia_haiku_2026-07-27.jsonl: Copied (new)
2026/08/09 08:55:31 INFO  : Backups/backup_cerebro_20260728_164635/monitoramento_horario/vigilia_haiku/vigilia_haiku_tematicos_2026-07-27.jsonl: Copied (new)
2026/08/09 08:55:31 INFO  : Foruns/ponto_retomada_codex_v4_r5_20260718_1514.md: Copied (new)
2026/08/09 08:55:31 INFO  : Foruns/ponto_retomada_codex_v4_prioridades_editoriais_20260718_1635.md: Copied (new)
2026/08/09 08:55:31 INFO  : Foruns/ponto_retomada_codex_v4_r6_abertura_20260718_2206.md: Copied (new)
2026/08/09 08:55:31 INFO  : Foruns/ponto_retomada_glm_maestro_parecer_20260719_1305.md: Copied (new)
2026/08/09 08:55:31 INFO  : Foruns/ponto_retomada_deepseek_maestro_parecer_20260719_1200.md: Copied (new)
2026/08/09 08:55:31 INFO  : Foruns/ponto_retomada_grok_maestro_parecer_20260719_1128.md: Copied (new)
2026/08/09 08:55:31 INFO  : Foruns/ponto_retomada_codex_v4_r7_abertura_20260719_0007.md: Copied (new)
2026/08/09 08:55:31 INFO  : monitoramento_horario/backups_edicao/backup_pre_publish_ciclo_2217_20260728_221852/263343_pre.json: Copied (new)
2026/08/09 08:55:31 INFO  : Foruns/ponto_retomada_grok_r3_cartum_20260718_1203.md: Copied (new)
2026/08/09 08:55:31 INFO  : Foruns/ponto_retomada_codex_v4_r5_20260718_1510.md: Copied (new)
2026/08/09 08:55:31 INFO  : Foruns/ponto_retomada_grok_r5_compositor_20260718_1415.md: Copied (new)
2026/08/09 08:55:31 INFO  : Foruns/ponto_retomada_grok_r4_compositor_20260718_1258.md: Copied (new)
2026/08/09 08:55:31 INFO  : Foruns/ponto_retomada_grok_r6_aguarda_integracao_20260718_2233.md: Copied (new)
2026/08/09 08:55:31 INFO  : Foruns/ponto_retomada_grok_r6_cartum_audit_20260718_2213.md: Copied (new)
2026/08/09 08:55:31 INFO  : Foruns/ponto_retomada_grok_r7_preflight_20260719_0012.md: Copied (new)
2026/08/09 08:55:31 INFO  : Foruns/ponto_retomada_kimi_maestro_parecer_20260719_1130.md: Copied (new)
2026/08/09 08:55:31 INFO  : Foruns/ponto_retomada_qwen_maestro_parecer_20260719_1127.md: Copied (new)
2026/08/09 08:55:31 INFO  : Foruns/ponto_retomada_grok_reforma_v4_20260717_1405.md: Copied (new)
2026/08/09 08:55:32 INFO  : Foruns/prompts_haiku_vigilia_20260727.md: Copied (new)
2026/08/09 08:55:32 INFO  : Foruns/prompt_pesquisa_petroleo_gpt_claude.md: Copied (new)
2026/08/09 08:55:32 INFO  : Foruns/ponto_retomada_codex_v4_r5_20260718_1550.md: Copied (new)
2026/08/09 08:55:32 INFO  : Foruns/raio_x_motor_coletor_legado_nyc_20260719.md: Copied (new)
2026/08/09 08:55:32 INFO  : Foruns/ponto_retomada_grok_reforma_v4_20260717_2224.md: Copied (new)
2026/08/09 08:55:32 INFO  : Foruns/resposta_trindade_producao_v4_20260722.md: Copied (new)
2026/08/09 08:55:32 INFO  : Foruns/tutorial_publicacao_direta_wp_20260706.md: Copied (new)
2026/08/09 08:55:32 INFO  : Foruns/tutorial_publicacao_direta_wp_20260706.md.bak_pre_wp_redacao_nova_20260727_044058: Copied (new)
2026/08/09 08:55:32 INFO  : Foruns/tutorial_pacer_monitor_20260707.md: Copied (new)
2026/08/09 08:55:32 INFO  : Backups/backup_cerebro_20260728_164635/monitoramento_horario/tematicos/tematicos_2026-07-24.jsonl: Copied (new)
2026/08/09 08:55:32 INFO  : monitoramento_horario/backups_edicao/backup_pre_publish_ciclo_noite_0017_20260729_002811/263362_pre.json: Copied (new)
2026/08/09 08:55:32 INFO  : monitoramento_horario/backups_edicao/backup_pre_publish_ciclo_noite_0017_20260729_002811/263360_pre.json: Copied (new)
2026/08/09 08:55:32 INFO  : Backups/backup_cerebro_20260728_164635/monitoramento_horario/tematicos/tematicos_2026-07-26.jsonl: Copied (new)
2026/08/09 08:55:32 INFO  : monitoramento_horario/backups_edicao/backup_pre_publish_ciclo_2247_20260728_230206/263350_pre.json: Copied (new)
2026/08/09 08:55:32 INFO  : monitoramento_horario/backups_edicao/backup_pre_publish_ciclo_noite_0117_20260729_012720/263366_pre.json: Copied (new)
2026/08/09 08:55:32 INFO  : monitoramento_horario/backups_edicao/backup_pre_publish_ciclo_noite_0117_20260729_012720/263364_pre.json: Copied (new)
2026/08/09 08:55:32 INFO  : monitoramento_horario/backups_edicao/backup_pre_publish_ciclo_noite_0117_20260729_012720/263368_pre.json: Copied (new)
2026/08/09 08:55:32 INFO  : monitoramento_horario/backups_edicao/backup_pre_publish_ciclo_noite_0317_20260729_032700/263376_pre.json: Copied (new)
2026/08/09 08:55:32 INFO  : Backups/backup_cerebro_20260728_164635/monitoramento_horario/tematicos/tematicos_2026-07-27.jsonl: Copied (new)
2026/08/09 08:55:32 INFO  : monitoramento_horario/backups_edicao/backup_pre_publish_ciclo_noite_0417_20260729_042926/263382_pre.json: Copied (new)
2026/08/09 08:55:32 INFO  : monitoramento_horario/backups_edicao/backup_pre_publish_ciclo_noite_0417_20260729_042926/263383_pre.json: Copied (new)
2026/08/09 08:55:32 INFO  : monitoramento_horario/backups_edicao/backup_pre_publish_ciclo_noite_0417_20260729_042926/263380_pre.json: Copied (new)
2026/08/09 08:55:32 INFO  : monitoramento_horario/backups_edicao/backup_pre_publish_ciclo_noite_0417_20260729_042926/263384_pre.json: Copied (new)
2026/08/09 08:55:32 INFO  : Foruns/backup_limpeza_20260727_0506/canal_trindade.md: Copied (new)
2026/08/09 08:55:32 INFO  : monitoramento_horario/backups_edicao/backup_pre_publish_ciclo_noite_0217_20260729_022823/263374_pre.json: Copied (new)
2026/08/09 08:55:32 INFO  : monitoramento_horario/backups_edicao/backup_pre_publish_ciclo_noite_0217_20260729_022823/263372_pre.json: Copied (new)
2026/08/09 08:55:32 INFO  : Foruns/artefatos_midia_autocura/DROP_antigravity_20260807_032017_001.jsonl: Copied (new)
2026/08/09 08:55:32 INFO  : Foruns/backup_limpeza_20260724_143159/canal_trindade.md: Copied (new)
2026/08/09 08:55:32 INFO  : monitoramento_horario/backups_edicao/backup_pre_publish_ciclo_2247_20260728_230206/263348_pre.json: Copied (new)
2026/08/09 08:55:33 INFO  : Foruns/artefatos_midia_autocura/cron_command_linter.py: Copied (new)
2026/08/09 08:55:33 INFO  : Foruns/artefatos_midia_autocura/adversarial_midia_cases_v0.jsonl: Copied (new)
2026/08/09 08:55:33 INFO  : Foruns/artefatos_midia_autocura/replay_adversarial_metrics.py: Copied (new)
2026/08/09 08:55:33 INFO  : Foruns/artefatos_midia_autocura/test_cron_command_linter.py: Copied (new)
2026/08/09 08:55:33 INFO  : Foruns/artefatos_midia_autocura/media_backlog_circuit_breaker.py: Copied (new)
2026/08/09 08:55:33 INFO  : Backups/backup_cerebro_20260728_164635/monitoramento_horario/tematicos/tematicos_2026-07-25.jsonl: Copied (new)
2026/08/09 08:55:33 INFO  : Foruns/artefatos_midia_autocura/README.md: Copied (new)
2026/08/09 08:55:33 INFO  : Foruns/artefatos_midia_autocura/test_media_backlog_circuit_breaker.py: Copied (new)
2026/08/09 08:55:33 INFO  : Backups/backup_cerebro_20260728_164635/memorias_provisorias/.fase1_memoria_trabalho.lock: Copied (new)
2026/08/09 08:55:33 INFO  : Backups/backup_cerebro_20260728_164635/memorias_provisorias/.parser_state.json.lock: Copied (new)
2026/08/09 08:55:33 INFO  : Backups/backup_cerebro_20260728_164635/memorias_provisorias/.status_operacional.md: Copied (new)
2026/08/09 08:55:33 INFO  : Backups/backup_cerebro_20260728_164635/memorias_provisorias/MANIFESTO_MEMORIA_TRABALHO.json.bak_pre_integracao_chaves_20260528_2337.json: Copied (new)
2026/08/09 08:55:33 INFO  : Backups/backup_cerebro_20260728_164635/memorias_provisorias/MANIFESTO_MEMORIA_TRABALHO.json: Copied (new)
2026/08/09 08:55:33 INFO  : Backups/backup_cerebro_20260728_164635/memorias_provisorias/.parser_state.json: Copied (new)
2026/08/09 08:55:33 INFO  : Backups/backup_cerebro_20260728_164635/memorias_provisorias/INDICE_DESPERTAR_LEVE.md: Copied (new)
2026/08/09 08:55:33 INFO  : Backups/backup_cerebro_20260728_164635/memorias_provisorias/PONTO_DE_RETOMADA.md: Copied (new)
2026/08/09 08:55:33 INFO  : Backups/backup_cerebro_20260728_164635/memorias_provisorias/PONTO_DE_RETOMADA_DEEPSEEK.md: Copied (new)
2026/08/09 08:55:33 INFO  : Backups/backup_cerebro_20260728_164635/memorias_provisorias/PONTO_DE_RETOMADA_GLM.md: Copied (new)
2026/08/09 08:55:33 INFO  : Backups/backup_cerebro_20260728_164635/memorias_provisorias/PONTO_DE_RETOMADA_CLAUDE.md: Copied (new)
2026/08/09 08:55:33 INFO  : Backups/backup_cerebro_20260728_164635/memorias_provisorias/PONTO_DE_RETOMADA_GROK.md: Copied (new)
2026/08/09 08:55:33 INFO  : Backups/backup_cerebro_20260728_164635/memorias_provisorias/PONTO_DE_RETOMADA_KILO_20260709.md: Copied (new)
2026/08/09 08:55:33 INFO  : Backups/backup_cerebro_20260728_164635/memorias_provisorias/PONTO_DE_RETOMADA_CODEX.md: Copied (new)
2026/08/09 08:55:33 INFO  : Backups/backup_cerebro_20260728_164635/memorias_provisorias/README.md: Copied (new)
2026/08/09 08:55:33 INFO  : Backups/backup_cerebro_20260728_164635/memorias_provisorias/PONTO_DE_RETOMADA_QWEN.md: Copied (new)
2026/08/09 08:55:33 INFO  : Backups/backup_cerebro_20260728_164635/memorias_provisorias/RESUMO_DESPERTAR.md: Copied (new)
2026/08/09 08:55:33 INFO  : Backups/backup_cerebro_20260728_164635/memorias_provisorias/TEMPLATE_MEMORIA_VIVA.md: Copied (new)
2026/08/09 08:55:33 INFO  : Backups/backup_cerebro_20260728_164635/memorias_provisorias/PONTO_DE_RETOMADA_KIMI.md: Copied (new)
2026/08/09 08:55:33 INFO  : Backups/backup_cerebro_20260728_164635/memorias_provisorias/RESUMO_DESPERTAR.md.lock: Copied (new)
2026/08/09 08:55:33 INFO  : Backups/backup_cerebro_20260728_164635/memorias_provisorias/despertar_leve_claude.md: Copied (new)
2026/08/09 08:55:33 INFO  : Backups/backup_cerebro_20260728_164635/memorias_provisorias/despertar_leve_glm.md: Copied (new)
2026/08/09 08:55:33 INFO  : Backups/backup_cerebro_20260728_164635/memorias_provisorias/despertar_leve_deepseek.md: Copied (new)
2026/08/09 08:55:33 INFO  : Backups/backup_cerebro_20260728_164635/memorias_provisorias/despertar_leve_agy.md: Copied (new)
2026/08/09 08:55:33 INFO  : Backups/backup_cerebro_20260728_164635/memorias_provisorias/despertar_leve_kimi.md: Copied (new)
2026/08/09 08:55:34 INFO  : Backups/backup_cerebro_20260728_164635/memorias_provisorias/despertar_leve_antigravity.md: Copied (new)
2026/08/09 08:55:34 INFO  : Backups/backup_cerebro_20260728_164635/memorias_provisorias/despertar_leve_qwen.md: Copied (new)
2026/08/09 08:55:34 INFO  : Backups/backup_cerebro_20260728_164635/memorias_provisorias/despertar_leve_codex.md: Copied (new)
2026/08/09 08:55:34 INFO  : Backups/backup_cerebro_20260728_164635/memorias_provisorias/estado_fim_sessao_20260613_1435_codex.md: Copied (new)
2026/08/09 08:55:34 INFO  : Backups/backup_cerebro_20260728_164635/memorias_provisorias/feedback_hierarquia_trindade_claude_daemon_vivo.md: Copied (new)
2026/08/09 08:55:34 INFO  : Backups/backup_cerebro_20260728_164635/memorias_provisorias/despertar_leve_kilo.md: Copied (new)
2026/08/09 08:55:34 INFO  : Backups/backup_cerebro_20260728_164635/memorias_provisorias/despertar_leve_z.md: Copied (new)
2026/08/09 08:55:34 INFO  : Backups/backup_cerebro_20260728_164635/memorias_provisorias/feedback_agente_aprendizado_editorial_controlado_20260616.md: Copied (new)
2026/08/09 08:55:34 INFO  : Backups/backup_cerebro_20260728_164635/memorias_provisorias/despertar_leve_grok.md: Copied (new)
2026/08/09 08:55:34 INFO  : Backups/backup_cerebro_20260728_164635/memorias_provisorias/feedback_qwen_bloqueado_para_editorial_por_censura_20260615.md: Copied (new)
2026/08/09 08:55:34 INFO  : Backups/backup_cerebro_20260728_164635/memorias_provisorias/memoria_antigravity_viva.md.lock: Copied (new)
2026/08/09 08:55:34 INFO  : Backups/backup_cerebro_20260728_164635/memorias_provisorias/memoria_antigravity_viva.md: Copied (new)
2026/08/09 08:55:34 INFO  : Backups/backup_cerebro_20260728_164635/memorias_provisorias/memoria_deepseek_viva.md.lock: Copied (new)
2026/08/09 08:55:34 INFO  : Backups/backup_cerebro_20260728_164635/memorias_provisorias/memoria_glm_viva.md.lock: Copied (new)
2026/08/09 08:55:34 INFO  : Backups/backup_cerebro_20260728_164635/memorias_provisorias/memoria_glm_viva.md: Copied (new)
2026/08/09 08:55:34 INFO  : Backups/backup_cerebro_20260728_164635/memorias_provisorias/memoria_codex_viva.md.lock: Copied (new)
2026/08/09 08:55:34 INFO  : Backups/backup_cerebro_20260728_164635/memorias_provisorias/memoria_deepseek_viva.md: Copied (new)
2026/08/09 08:55:34 INFO  : Backups/backup_cerebro_20260728_164635/memorias_provisorias/memoria_codex_viva.md: Copied (new)
2026/08/09 08:55:34 INFO  : Backups/backup_cerebro_20260728_164635/memorias_provisorias/memoria_agy_viva.md: Copied (new)
2026/08/09 08:55:34 INFO  : Backups/backup_cerebro_20260728_164635/memorias_provisorias/memoria_kimi_viva.md.lock: Copied (new)
2026/08/09 08:55:34 INFO  : Backups/backup_cerebro_20260728_164635/memorias_provisorias/memoria_grok_viva.md: Copied (new)
2026/08/09 08:55:34 INFO  : Backups/backup_cerebro_20260728_164635/memorias_provisorias/memoria_grok_viva.md.lock: Copied (new)
2026/08/09 08:55:34 INFO  : Backups/backup_cerebro_20260728_164635/memorias_provisorias/memoria_qwen_viva.md.lock: Copied (new)
2026/08/09 08:55:34 INFO  : Backups/backup_cerebro_20260728_164635/memorias_provisorias/memoria_kilo_viva.md: Copied (new)
2026/08/09 08:55:34 INFO  : Backups/backup_cerebro_20260728_164635/memorias_provisorias/memoria_qwen_viva.md: Copied (new)
2026/08/09 08:55:34 INFO  : Backups/backup_cerebro_20260728_164635/memorias_provisorias/memoria_maestro_viva.md: Copied (new)
2026/08/09 08:55:34 INFO  : Foruns/consultas_kimi_k3_api/consulta_20260728_173512.md: Copied (new)
2026/08/09 08:55:34 INFO  : Backups/backup_cerebro_20260728_164635/memorias_provisorias/memoria_sessao_codex_cartas_midia_20260626.md: Copied (new)
2026/08/09 08:55:34 INFO  : Backups/backup_cerebro_20260728_164635/memorias_provisorias/memoria_sessao_deepseek_20260620.md: Copied (new)
2026/08/09 08:55:34 INFO  : Backups/backup_cerebro_20260728_164635/memorias_provisorias/memoria_kimi_viva.md: Copied (new)
2026/08/09 08:55:34 INFO  : Backups/backup_cerebro_20260728_164635/memorias_provisorias/memoria_z_viva.md: Copied (new)
2026/08/09 08:55:34 INFO  : Backups/backup_cerebro_20260728_164635/memorias_provisorias/sessao_kilo_20260707_20260709_super_luxo_v4.md: Copied (new)
2026/08/09 08:55:35 INFO  : monitoramento_horario/backups_edicao/backup_pre_publish_ciclo_noite_0517_20260729_052841/263386_pre.json: Copied (new)
2026/08/09 08:55:35 INFO  : Foruns/estudos/custo_por_dia.png: Copied (new)
2026/08/09 08:55:35 INFO  : Foruns/estudos/custo_por_agente.png: Copied (new)
2026/08/09 08:55:35 INFO  : Foruns/estudos/tabelas_custos.md: Copied (new)
2026/08/09 08:55:35 INFO  : Foruns/estudos/custo_por_modelo.png: Copied (new)
2026/08/09 08:55:35 INFO  : Backups/backup_cerebro_20260728_164635/monitoramento_horario/tematicos/.estado/aiatolah.json: Copied (new)
2026/08/09 08:55:35 INFO  : Foruns/estudos/ESTUDO_CUSTOS_LLM_2026-06-07.md: Copied (new)
2026/08/09 08:55:35 INFO  : monitoramento_horario/backups_edicao/backup_pre_publish_ciclo_noite_0517_20260729_052841/263389_pre.json: Copied (new)
2026/08/09 08:55:35 INFO  : Foruns/estudos/tokens_por_modelo.png: Copied (new)
2026/08/09 08:55:35 INFO  : Backups/backup_cerebro_20260728_164635/monitoramento_horario/tematicos/.estado/ceara_digital.json: Copied (new)
2026/08/09 08:55:35 INFO  : Backups/backup_cerebro_20260728_164635/monitoramento_horario/tematicos/.estado/discover_brazil.json: Copied (new)
2026/08/09 08:55:35 INFO  : Backups/backup_cerebro_20260728_164635/monitoramento_horario/tematicos/.estado/mundo_trilhos.json: Copied (new)
2026/08/09 08:55:35 INFO  : monitoramento_horario/backups_edicao/backup_pre_publish_ciclo_noite_0617_20260729_064859/263392_pre.json: Copied (new)
2026/08/09 08:55:35 INFO  : Backups/backup_cerebro_20260728_164635/monitoramento_horario/tematicos/.estado/global_south_news.json: Copied (new)
2026/08/09 08:55:35 INFO  : monitoramento_horario/backups_edicao/backup_pre_publish_ciclo_noite_0617_20260729_064859/263394_pre.json: Copied (new)
2026/08/09 08:55:35 INFO  : Backups/backup_cerebro_20260728_164635/monitoramento_horario/tematicos/.estado/mapa_rio.json: Copied (new)
2026/08/09 08:55:35 INFO  : monitoramento_horario/backups_edicao/backup_pre_publish_ciclo_noite_2317_20260728_232832/263353_pre.json: Copied (new)
2026/08/09 08:55:35 INFO  : monitoramento_horario/backups_edicao/backup_pre_publish_ciclo_noite_2317_20260728_232832/263354_pre.json: Copied (new)
2026/08/09 08:55:35 INFO  : Backups/backup_cerebro_20260728_164635/monitoramento_horario/tematicos/.estado/rail_post.json: Copied (new)
2026/08/09 08:55:35 INFO  : Backups/backup_cerebro_20260728_164635/monitoramento_horario/tematicos/.estado/rio_carta.json: Copied (new)
2026/08/09 08:55:35 INFO  : Foruns/backup_limpeza_20260726_1256/canal_trindade.md: Copied (new)
2026/08/09 08:55:35 INFO  : Backups/backup_cerebro_20260728_164635/monitoramento_horario/tematicos/analises_deepseek/tematicos_20260725_0244.json: Copied (new)
2026/08/09 08:55:35 INFO  : Backups/backup_cerebro_20260728_164635/monitoramento_horario/tematicos/analises_deepseek/tematicos_20260725_0531.json: Copied (new)
2026/08/09 08:55:35 INFO  : Backups/backup_cerebro_20260728_164635/monitoramento_horario/tematicos/analises_deepseek/tematicos_20260725_1333.json: Copied (new)
2026/08/09 08:55:35 INFO  : Backups/backup_cerebro_20260728_164635/monitoramento_horario/tematicos/analises_deepseek/tematicos_20260725_0801.json: Copied (new)
2026/08/09 08:55:35 INFO  : Foruns/backup_limpeza_20260727_0506/inbox_trindade/kimi.md: Copied (new)
2026/08/09 08:55:35 INFO  : monitoramento_horario/backups_edicao/backup_pre_publish_ciclo_noite_2317_20260728_232832/263359_pre.json: Copied (new)
2026/08/09 08:55:35 INFO  : Backups/backup_cerebro_20260728_164635/monitoramento_horario/tematicos/analises_deepseek/tematicos_20260725_1031.json: Copied (new)
2026/08/09 08:55:35 INFO  : Backups/backup_cerebro_20260728_164635/monitoramento_horario/tematicos/analises_deepseek/tematicos_20260725_1603.json: Copied (new)
2026/08/09 08:55:35 INFO  : Backups/backup_cerebro_20260728_164635/monitoramento_horario/tematicos/analises_deepseek/tematicos_20260725_1833.json: Copied (new)
2026/08/09 08:55:35 INFO  : Backups/backup_cerebro_20260728_164635/monitoramento_horario/tematicos/analises_deepseek/tematicos_20260726_0016.json: Copied (new)
2026/08/09 08:55:36 INFO  : Backups/backup_cerebro_20260728_164635/monitoramento_horario/tematicos/analises_deepseek/tematicos_20260725_2103.json: Copied (new)
2026/08/09 08:55:36 INFO  : Foruns/gpt_5_6_sol/v4_qualidade_texto_curadoria_20260710.zip: Copied (new)
2026/08/09 08:55:36 INFO  : Backups/backup_cerebro_20260728_164635/monitoramento_horario/tematicos/analises_deepseek/tematicos_20260726_1915.json: Copied (new)
2026/08/09 08:55:36 INFO  : Backups/backup_cerebro_20260728_164635/monitoramento_horario/tematicos/analises_deepseek/tematicos_20260727_0313.json: Copied (new)
2026/08/09 08:55:36 INFO  : Backups/backup_cerebro_20260728_164635/monitoramento_horario/tematicos/analises_deepseek/tematicos_20260726_1513.json: Copied (new)
2026/08/09 08:55:36 INFO  : Backups/backup_cerebro_20260728_164635/monitoramento_horario/tematicos/analises_deepseek/tematicos_20260727_0013.json: Copied (new)
2026/08/09 08:55:36 INFO  : Backups/backup_cerebro_20260728_164635/monitoramento_horario/tematicos/analises_deepseek/tematicos_20260726_1216.json: Copied (new)
2026/08/09 08:55:36 INFO  : Foruns/artefatos_midia_autocura/inbox_drop/DROP_grok_20260807_031917_001.jsonl: Copied (new)
2026/08/09 08:55:36 INFO  : Backups/backup_cerebro_20260728_164635/monitoramento_horario/tematicos/analises_deepseek/tematicos_20260726_2113.json: Copied (new)
2026/08/09 08:55:36 INFO  : Foruns/consultas_kimi_k3_3h/DIAGNOSTICO_kimi_autopercepcao_20260725_1137.md: Copied (new)
2026/08/09 08:55:36 INFO  : Foruns/consultas_kimi_k3_3h/consulta_glm_extra_fallback_arquitetura_20260725_1427.md: Copied (new)
2026/08/09 08:55:36 INFO  : Foruns/consultas_kimi_k3_3h/consulta_glm_sentinela_20260725_1303.md: Copied (new)
2026/08/09 08:55:36 INFO  : Foruns/consultas_kimi_k3_3h/consulta_glm_sentinela_20260725_1438.md: Copied (new)
2026/08/09 08:55:36 INFO  : Foruns/consultas_kimi_k3_3h/consulta_glm_sentinela_20260725_1415.md: Copied (new)
2026/08/09 08:55:36 INFO  : Foruns/consultas_kimi_k3_3h/consulta_glm_sentinela_20260725_1233.md: Copied (new)
2026/08/09 08:55:36 INFO  : Foruns/consultas_kimi_k3_3h/consulta_glm_sentinela_20260725_1333.md: Copied (new)
2026/08/09 08:55:36 INFO  : Foruns/consultas_kimi_k3_3h/consulta_glm_sentinela_20260725_1229.md: Copied (new)
2026/08/09 08:55:36 INFO  : Foruns/consultas_kimi_k3_3h/consulta_glm_sentinela_20260725_1533.md: Copied (new)
2026/08/09 08:55:36 INFO  : Backups/backup_cerebro_20260728_164635/monitoramento_horario/tematicos/analises_deepseek/tematicos_20260726_1053.json: Copied (new)
2026/08/09 08:55:36 INFO  : Foruns/consultas_kimi_k3_3h/consulta_glm_sentinela_20260725_1633.md: Copied (new)
2026/08/09 08:55:36 INFO  : Foruns/consultas_kimi_k3_3h/consulta_glm_sentinela_20260725_1733.md: Copied (new)
2026/08/09 08:55:36 INFO  : Foruns/consultas_kimi_k3_3h/consulta_glm_sentinela_20260725_1503.md: Copied (new)
2026/08/09 08:55:36 INFO  : Foruns/consultas_kimi_k3_3h/consulta_glm_sentinela_20260725_1803.md: Copied (new)
2026/08/09 08:55:36 INFO  : Foruns/consultas_kimi_k3_3h/consulta_glm_sentinela_20260725_1833.md: Copied (new)
2026/08/09 08:55:36 INFO  : Foruns/consultas_kimi_k3_3h/consulta_glm_sentinela_20260725_1933.md: Copied (new)
2026/08/09 08:55:36 INFO  : Foruns/consultas_kimi_k3_3h/consulta_glm_sentinela_20260725_1703.md: Copied (new)
2026/08/09 08:55:36 INFO  : Foruns/consultas_kimi_k3_3h/consulta_glm_sentinela_20260725_2003.md: Copied (new)
2026/08/09 08:55:36 INFO  : Foruns/consultas_kimi_k3_3h/consulta_glm_sentinela_20260725_1603.md: Copied (new)
2026/08/09 08:55:36 INFO  : Foruns/consultas_kimi_k3_3h/consulta_glm_sentinela_20260725_1903.md: Copied (new)
2026/08/09 08:55:36 INFO  : Foruns/consultas_kimi_k3_3h/consulta_glm_sentinela_20260725_2133.md: Copied (new)
2026/08/09 08:55:37 INFO  : Foruns/consultas_kimi_k3_3h/consulta_glm_sentinela_20260725_2233.md: Copied (new)
2026/08/09 08:55:37 INFO  : Foruns/consultas_kimi_k3_3h/consulta_kimi_k3_20260725_0120.md: Copied (new)
2026/08/09 08:55:37 INFO  : Foruns/consultas_kimi_k3_3h/consulta_glm_sentinela_20260725_2033.md: Copied (new)
2026/08/09 08:55:37 INFO  : Foruns/consultas_kimi_k3_3h/consulta_kimi_k3_20260725_0456.md: Copied (new)
2026/08/09 08:55:37 INFO  : Foruns/consultas_kimi_k3_3h/consulta_kimi_k3_20260725_0444.md: Copied (new)
2026/08/09 08:55:37 INFO  : Foruns/consultas_kimi_k3_3h/consulta_kimi_k3_20260725_0501.md: Copied (new)
2026/08/09 08:55:37 INFO  : Foruns/consultas_kimi_k3_3h/consulta_kimi_k3_20260725_0531.md: Copied (new)
2026/08/09 08:55:37 INFO  : Foruns/consultas_kimi_k3_3h/consulta_kimi_k3_20260725_0601.md: Copied (new)
2026/08/09 08:55:37 INFO  : Foruns/consultas_kimi_k3_3h/consulta_glm_sentinela_20260725_2103.md: Copied (new)
2026/08/09 08:55:37 INFO  : Foruns/consultas_kimi_k3_3h/consulta_glm_sentinela_20260725_2203.md: Copied (new)
2026/08/09 08:55:37 INFO  : Foruns/consultas_kimi_k3_3h/consulta_kimi_k3_20260725_0701.md: Copied (new)
2026/08/09 08:55:37 INFO  : Foruns/consultas_kimi_k3_3h/consulta_kimi_k3_20260725_0731.md: Copied (new)
2026/08/09 08:55:37 INFO  : Foruns/consultas_kimi_k3_3h/consulta_kimi_k3_20260725_0831.md: Copied (new)
2026/08/09 08:55:37 INFO  : Foruns/consultas_kimi_k3_3h/consulta_kimi_k3_20260725_0631.md: Copied (new)
2026/08/09 08:55:37 INFO  : Foruns/consultas_kimi_k3_3h/consulta_kimi_k3_20260725_0901.md: Copied (new)
2026/08/09 08:55:37 INFO  : Foruns/consultas_kimi_k3_3h/consulta_kimi_k3_20260725_1131.md: Copied (new)
2026/08/09 08:55:37 INFO  : Foruns/consultas_kimi_k3_3h/consulta_kimi_k3_20260725_1101.md: Copied (new)
2026/08/09 08:55:37 INFO  : Foruns/consultas_kimi_k3_3h/consulta_kimi_k3_20260725_0801.md: Copied (new)
2026/08/09 08:55:37 INFO  : Foruns/consultas_kimi_k3_3h/consulta_kimi_k3_20260725_1002.md: Copied (new)
2026/08/09 08:55:37 INFO  : Foruns/consultas_kimi_k3_3h/consulta_kimi_k3_20260725_1201.md: Copied (new)
2026/08/09 08:55:37 INFO  : Foruns/consultas_kimi_k3_3h/resposta_claude_a_kimi_20260725_0140.md: Copied (new)
2026/08/09 08:55:37 INFO  : Foruns/consultas_kimi_k3_3h/consulta_kimi_k3_20260725_0931.md: Copied (new)
2026/08/09 08:55:37 INFO  : Foruns/consultas_kimi_k3_3h/consulta_kimi_k3_20260725_1031.md: Copied (new)
2026/08/09 08:55:37 INFO  : Foruns/consultas_kimi_k3_3h/resposta_claude_a_kimi_20260725_0450.md: Copied (new)
2026/08/09 08:55:37 INFO  : Foruns/consultas_kimi_k3_3h/resposta_claude_a_kimi_20260725_1050_escalacao_arquitetural.md: Copied (new)
2026/08/09 08:55:37 INFO  : Foruns/consultas_kimi_k3_3h/resposta_kimi_a_claude_20260725_1100_youtube_factcheck.md: Copied (new)
2026/08/09 08:55:37 INFO  : Foruns/consultas_kimi_k3_3h/resposta_claude_a_kimi_20260725_1115_tematicos_hero_pipeline.md: Copied (new)
2026/08/09 08:55:37 INFO  : Foruns/manifestos_reforma_v4/canario_integrado_shadow_codex_20260717.md: Copied (new)
2026/08/09 08:55:37 INFO  : Foruns/manifestos_reforma_v4/manifesto_codex_controle_20260717.md: Copied (new)
2026/08/09 08:55:37 INFO  : Foruns/manifestos_reforma_v4/manifesto_grok_ultima_milha_20260717.md: Copied (new)
2026/08/09 08:55:37 INFO  : Foruns/manifestos_reforma_v4/manifesto_kimi_entrega_1_20260717.md: Copied (new)
2026/08/09 08:55:37 INFO  : Foruns/manifestos_reforma_v4/manifesto_kimi_entrega_2_20260717.md: Copied (new)
2026/08/09 08:55:37 INFO  : Foruns/manifestos_reforma_v4/proposta_kimi_aprendizado_editorial_20260717.md: Copied (new)
2026/08/09 08:55:37 INFO  : Foruns/backup_limpeza_20260724_143159/inbox_trindade/agy_cli.md: Copied (new)
2026/08/09 08:55:37 INFO  : Foruns/backup_limpeza_20260724_143159/inbox_trindade/agy.md: Copied (new)
2026/08/09 08:55:38 INFO  : Foruns/backup_limpeza_20260724_143159/inbox_trindade/README.md: Copied (new)
2026/08/09 08:55:38 INFO  : Foruns/backup_limpeza_20260724_143159/inbox_trindade/antigravity.md: Copied (new)
2026/08/09 08:55:38 INFO  : Foruns/backup_limpeza_20260724_143159/inbox_trindade/antigravity_desktop.md: Copied (new)
2026/08/09 08:55:38 INFO  : Foruns/backup_limpeza_20260724_143159/inbox_trindade/glm.md: Copied (new)
2026/08/09 08:55:38 INFO  : Foruns/backup_limpeza_20260724_143159/inbox_trindade/deepseek.md: Copied (new)
2026/08/09 08:55:38 INFO  : Foruns/backup_limpeza_20260724_143159/inbox_trindade/codex.md: Copied (new)
2026/08/09 08:55:38 INFO  : Foruns/backup_limpeza_20260724_143159/inbox_trindade/glm_5_2_externo.md: Copied (new)
2026/08/09 08:55:38 INFO  : Foruns/backup_limpeza_20260724_143159/inbox_trindade/claude.md: Copied (new)
2026/08/09 08:55:38 INFO  : Foruns/backup_limpeza_20260724_143159/inbox_trindade/grok_coding.md: Copied (new)
2026/08/09 08:55:38 INFO  : Foruns/backup_limpeza_20260724_143159/inbox_trindade/gpt.md: Copied (new)
2026/08/09 08:55:38 INFO  : Foruns/backup_limpeza_20260724_143159/inbox_trindade/kimi.md: Copied (new)
2026/08/09 08:55:38 INFO  : Foruns/backup_limpeza_20260724_143159/inbox_trindade/miguel.md: Copied (new)
2026/08/09 08:55:38 INFO  : Foruns/backup_limpeza_20260724_143159/inbox_trindade/kilo.md: Copied (new)
2026/08/09 08:55:38 INFO  : Foruns/backup_limpeza_20260724_143159/inbox_trindade/grok.md: Copied (new)
2026/08/09 08:55:38 INFO  : Foruns/backup_limpeza_20260724_143159/inbox_trindade/qwen_coding.md: Copied (new)
2026/08/09 08:55:38 INFO  : Foruns/backup_limpeza_20260724_143159/inbox_trindade/qwen.md: Copied (new)
2026/08/09 08:55:38 INFO  : Foruns/backup_limpeza_20260724_143159/inbox_trindade/ming.md: Copied (new)
2026/08/09 08:55:38 INFO  : Foruns/backup_limpeza_20260724_143159/inbox_trindade/vibe_mistral_cli.md: Copied (new)
2026/08/09 08:55:38 INFO  : Foruns/inbox_trindade/agy.md: Copied (new)
2026/08/09 08:55:38 INFO  : Foruns/inbox_trindade/README.md: Copied (new)
2026/08/09 08:55:38 INFO  : Foruns/inbox_trindade/antigravity.md: Copied (new)
2026/08/09 08:55:38 INFO  : Foruns/inbox_trindade/antigravity_desktop.md: Copied (new)
2026/08/09 08:55:38 INFO  : Foruns/inbox_trindade/agy_cli.md: Copied (new)
2026/08/09 08:55:38 INFO  : Foruns/inbox_trindade/deepseek.md: Copied (new)
2026/08/09 08:55:38 INFO  : Foruns/backup_limpeza_20260724_143159/inbox_trindade/glm_coding.md: Copied (new)
2026/08/09 08:55:38 INFO  : Foruns/inbox_trindade/codex.md: Copied (new)
2026/08/09 08:55:38 INFO  : Foruns/inbox_trindade/glm_coding.md: Copied (new)
2026/08/09 08:55:38 INFO  : Foruns/inbox_trindade/glm_5_2_externo.md: Copied (new)
2026/08/09 08:55:38 INFO  : Foruns/inbox_trindade/grok.md: Copied (new)
2026/08/09 08:55:38 INFO  : Foruns/inbox_trindade/gpt.md: Copied (new)
2026/08/09 08:55:38 INFO  : Foruns/inbox_trindade/glm.md: Copied (new)
2026/08/09 08:55:38 INFO  : Foruns/inbox_trindade/kilo.md: Copied (new)
2026/08/09 08:55:38 INFO  : Foruns/inbox_trindade/kimi.md: Copied (new)
2026/08/09 08:55:39 INFO  : Foruns/inbox_trindade/claude.md: Copied (new)
2026/08/09 08:55:39 INFO  : Foruns/inbox_trindade/miguel.md: Copied (new)
2026/08/09 08:55:39 INFO  : Foruns/inbox_trindade/grok_coding.md: Copied (new)
2026/08/09 08:55:39 INFO  : Foruns/inbox_trindade/ming.md: Copied (new)
2026/08/09 08:55:39 INFO  : Foruns/inbox_trindade/vibe_mistral_cli.md: Copied (new)
2026/08/09 08:55:39 INFO  : Foruns/inbox_trindade/qwen_coding.md: Copied (new)
2026/08/09 08:55:39 INFO  : Foruns/inbox_trindade/zcode.md: Copied (new)
2026/08/09 08:55:39 INFO  : Foruns/cartinhas/cartinha_antigravity_construir_3_pendencias_20260730_1725.md: Copied (new)
2026/08/09 08:55:39 INFO  : Foruns/cartinhas/cartinha_antigravity_F2-CONSTRUCAO-AUTOCURA-V4-MIDIA_20260807.md: Copied (new)
2026/08/09 08:55:39 INFO  : Foruns/inbox_trindade/qwen.md: Copied (new)
2026/08/09 08:55:39 INFO  : Foruns/cartinhas/cartinha_antigravity_ponte_trindade_nova_adesao_20260728_1857.md: Copied (new)
2026/08/09 08:55:39 INFO  : Foruns/cartinhas/cartinha_claude_F2-CONSTRUCAO-AUTOCURA-V4-MIDIA_20260807_0230.md: Copied (new)
2026/08/09 08:55:39 INFO  : Foruns/cartinhas/cartinha_claude_R4-PROVENIENCIA-PRONTIDAO-AUTOCURA-V4-MIDIA_20260807_0155.md: Copied (new)
2026/08/09 08:55:39 INFO  : Foruns/cartinhas/cartinha_claude_modo_b_operante_fix_paygo_k3_20260728_1750.md: Copied (new)
2026/08/09 08:55:39 INFO  : Foruns/cartinhas/cartinha_claude_TRINDADE-AUTOAPRENDIZADO-AUTOCURA-V4-MIDIA_20260807_0130.md: Copied (new)
2026/08/09 08:55:39 INFO  : Foruns/cartinhas/cartinha_claude_travas_fix_deployado_20260727_1335.md: Copied (new)
2026/08/09 08:55:39 INFO  : Foruns/cartinhas/cartinha_claude_r4_proveniencia_prontidao_autocura_v4_midia_20260807_0220.md: Copied (new)
2026/08/09 08:55:39 INFO  : Foruns/cartinhas/cartinha_kimi_bug_placeholder_verificar_nome_worker_yt_20260803_1220.md: Copied (new)
2026/08/09 08:55:39 INFO  : Foruns/cartinhas/cartinha_kimi_bugs_pipeline_v4_20260728_1435.md: Copied (new)
2026/08/09 08:55:39 INFO  : Foruns/cartinhas/cartinha_kimi_claude_HANDOFF_backup_total_executor_20260805_1440.md: Copied (new)
2026/08/09 08:55:39 INFO  : Foruns/cartinhas/cartinha_kimi_agente_fiscal_snapshot_comparacao_20260801_1130.md: Copied (new)
2026/08/09 08:55:39 INFO  : Foruns/cartinhas/cartinha_grok_F2-CONSTRUCAO-AUTOCURA-V4-MIDIA_20260807.md: Copied (new)
2026/08/09 08:55:39 INFO  : Foruns/cartinhas/cartinha_kimi_claude_backup_total_100_drive_20260805_1255.md: Copied (new)
2026/08/09 08:55:39 INFO  : Foruns/cartinhas/cartinha_kimi_claude_fix_verificar_nome_bc_deployado_20260803_1525.md: Copied (new)
2026/08/09 08:55:39 INFO  : Foruns/cartinhas/cartinha_grok_TRINDADE-AUTOAPRENDIZADO-AUTOCURA-V4-MIDIA_20260807_0137.md: Copied (new)
2026/08/09 08:55:39 INFO  : Foruns/cartinhas/cartinha_kimi_claude_ponte_claude_kimi_busca_imagem_v2_20260806.md: Copied (new)
2026/08/09 08:55:39 INFO  : Foruns/cartinhas/cartinha_kimi_claude_handoff_C05_kimi_fecha_cauda_20260806_1330.md: Copied (new)
2026/08/09 08:55:39 INFO  : Foruns/cartinhas/cartinha_kimi_coleta_enriquecida_20260726_1525.md: Copied (new)
2026/08/09 08:55:39 INFO  : Foruns/cartinhas/cartinha_kimi_claude_ponte_claude_kimi_busca_imagem_20260806.md: Copied (new)
2026/08/09 08:55:39 INFO  : Foruns/cartinhas/cartinha_kimi_investiga_websearch_workers_v4_20260729_0435.md: Copied (new)
2026/08/09 08:55:39 INFO  : Foruns/cartinhas/cartinha_kimi_decisao_v4_politica_visual_opcao_b_20260729_0040.md: Copied (new)
2026/08/09 08:55:39 INFO  : Foruns/cartinhas/cartinha_kimi_claude_unificacao_cofre_chaves_20260801_1410.md: Copied (new)
2026/08/09 08:55:39 INFO  : Foruns/cartinhas/cartinha_kimi_gatilho_ponte_emenda_contrato_20260728_1830.md: Copied (new)
2026/08/09 08:55:39 INFO  : Foruns/cartinhas/cartinha_kimi_claude_helper_cota_imagem_v4_hero_cota_20260806.md: Copied (new)
2026/08/09 08:55:40 INFO  : Foruns/cartinhas/cartinha_kimi_patch_5_patterns_diretrizes_v4_20260728_2225.md: Copied (new)
2026/08/09 08:55:40 INFO  : Foruns/cartinhas/cartinha_kimi_diagnostico_infraestrutura_20260727_1615.md: Copied (new)
2026/08/09 08:55:40 INFO  : Foruns/cartinhas/cartinha_kimi_nao_mexer_em_posts_antigos_20260727_0700.md: Copied (new)
2026/08/09 08:55:40 INFO  : Foruns/cartinhas/cartinha_kimi_solidificar_ponte_memoria_total_20260728_1440.md: Copied (new)
2026/08/09 08:55:40 INFO  : Foruns/cartinhas/cartinha_kimi_perguntas_do_momento_20260727_1655.md: Copied (new)
2026/08/09 08:55:40 INFO  : Foruns/cartinhas/cartinha_kimi_pattern_6_noticia_desatualizada_20260728_2330.md: Copied (new)
2026/08/09 08:55:40 INFO  : Foruns/cartinhas/cartinha_kimi_travas_nacional_ciencia_20260727_1000.md: Copied (new)
2026/08/09 08:55:40 INFO  : Foruns/cartinhas/cartinha_kimi_pendencias_operacionais_20260804_2226.md: Copied (new)
2026/08/09 08:55:40 INFO  : Foruns/cartinhas/cartinha_trindade_cultura_autoaprendizado_autocura_v4_midia_20260807_0122.md: Copied (new)
2026/08/09 08:55:40 INFO  : Foruns/cartinhas/cartinha_trindade_drafts_bloqueados_20260730_1200.md: Copied (new)
2026/08/09 08:55:40 INFO  : Foruns/cartinhas/cartinha_trindade_ponte_trindade_nova_gatilho_triplo_20260728_1855.md: Copied (new)
2026/08/09 08:55:40 INFO  : Foruns/cartinhas/cartinha_kimi_webverify_brave_20260726_1300.md: Copied (new)
2026/08/09 08:55:40 INFO  : Foruns/cartinhas/cartinha_trindade_r4_proveniencia_prontidao_piloto_autocura_v4_midia_20260807_0213.md: Copied (new)
2026/08/09 08:55:40 INFO  : Foruns/cartinhas/cartinha_trindade_protocolo_comunicacao_20260726_1400.md: Copied (new)
2026/08/09 08:55:40 INFO  : Foruns/cartinhas/cartinha_kimi_pending_delegados_20260731_1120.md: Copied (new)
2026/08/09 08:55:40 INFO  : Foruns/cartinhas/cartinha_trindade_webverify_brave_20260726_1312.md: Copied (new)
2026/08/09 08:55:40 INFO  : Foruns/cartinhas/cartinha_trindade_v4_regional_mapa_categorizacao_gradual_20260731_2358.md: Copied (new)
2026/08/09 08:55:40 INFO  : Foruns/cartinhas/cartinha_zcode_claude_baleia_custos_vigilancia_20260730.md: Copied (new)
2026/08/09 08:55:40 INFO  : Foruns/cartinhas/cartinha_trindade_v4_regional_claude_opiniao_20260801_0005.md: Copied (new)
2026/08/09 08:55:40 INFO  : Foruns/cartinhas/cartinha_zcode_claude_comentarista_vazamento_procedimentos_emergencia_20260802.md: Copied (new)
2026/08/09 08:55:40 INFO  : Foruns/sentinela/manifesto_2026_07_22.md: Copied (new)
2026/08/09 08:55:40 INFO  : Foruns/sentinela/manifesto_2026_07_24.md: Copied (new)
2026/08/09 08:55:40 INFO  : Foruns/sentinela/manifesto_2026_07_21.md: Copied (new)
2026/08/09 08:55:40 INFO  : Foruns/cartinhas/cartinha_zcode_foto_na_hora_verticais_v4_20260728.md: Copied (new)
2026/08/09 08:55:40 INFO  : Foruns/sentinela/manifesto_2026_07_26.md: Copied (new)
2026/08/09 08:55:40 INFO  : Foruns/por_data/2026/06/semana_25/2026-06-15/forum_agy_pausa_recuperacao_memorias_20260615.md: Copied (new)
2026/08/09 08:55:40 INFO  : Foruns/sentinela/manifesto_2026_07_23.md: Copied (new)
2026/08/09 08:55:40 INFO  : Foruns/sentinela/manifesto_2026_07_27.md: Copied (new)
2026/08/09 08:55:40 INFO  : Foruns/sentinela/indice_sentinela_2026-07.md: Copied (new)
2026/08/09 08:55:40 INFO  : Foruns/sentinela/manifesto_2026_07_25.md: Copied (new)
2026/08/09 08:55:41 INFO  : Foruns/por_data/2026/06/semana_25/2026-06-15/forum_grande_reforma_sprint_midia_indexador_delta_simplificacao_20260615.md: Copied (new)
2026/08/09 08:55:41 INFO  : Foruns/por_data/2026/06/semana_25/2026-06-15/forum_soltando_cafezinho_reforma_20260615.md: Copied (new)
2026/08/09 08:55:41 INFO  : Foruns/gpt_5_6_sol/v4_qualidade_texto_curadoria_20260710/00_instrucoes/CARTA_DE_ABERTURA_PARA_GPT_5_6_SOL.md: Copied (new)
2026/08/09 08:55:41 INFO  : Foruns/por_data/2026/06/semana_25/2026-06-15/forum_migracao_agentes_suporte_pos_reforma_20260615.md: Copied (new)
2026/08/09 08:55:41 INFO  : Foruns/por_data/2026/06/semana_25/2026-06-15/forum_reforma_publicador_crontab_20260615.md: Copied (new)
2026/08/09 08:55:41 INFO  : Foruns/por_data/2026/06/semana_25/2026-06-15/forum_grande_reforma_freio_seguranca_qualidade_autocura_20260614.md: Copied (new)
2026/08/09 08:55:41 INFO  : Foruns/por_data/2026/06/semana_25/2026-06-15/forum_retomada_reforma_20260615.md: Copied (new)
2026/08/09 08:55:41 INFO  : Foruns/por_data/2026/06/semana_25/2026-06-15/forum_canonico_reforma_consolidado_20260615.md: Copied (new)
2026/08/09 08:55:41 INFO  : Foruns/backup_limpeza_20260726_1256/inbox_trindade/README.md: Copied (new)
2026/08/09 08:55:41 INFO  : Foruns/backup_limpeza_20260726_1256/inbox_trindade/agy.md: Copied (new)
2026/08/09 08:55:41 INFO  : Foruns/gpt_5_6_sol/v4_qualidade_texto_curadoria_20260710/00_instrucoes/LEIA_PRIMEIRO.md: Copied (new)
2026/08/09 08:55:41 INFO  : Foruns/gpt_5_6_sol/v4_qualidade_texto_curadoria_20260710/00_instrucoes/PROMPT_PARA_GPT_5_6_SOL.md: Copied (new)
2026/08/09 08:55:41 INFO  : Foruns/backup_limpeza_20260726_1256/inbox_trindade/antigravity.md: Copied (new)
2026/08/09 08:55:41 INFO  : Foruns/backup_limpeza_20260726_1256/inbox_trindade/antigravity_desktop.md: Copied (new)
2026/08/09 08:55:41 INFO  : Foruns/backup_limpeza_20260726_1256/inbox_trindade/deepseek.md: Copied (new)
2026/08/09 08:55:41 INFO  : Foruns/backup_limpeza_20260726_1256/inbox_trindade/codex.md: Copied (new)
2026/08/09 08:55:41 INFO  : Foruns/backup_limpeza_20260726_1256/inbox_trindade/glm_5_2_externo.md: Copied (new)
2026/08/09 08:55:41 INFO  : Foruns/backup_limpeza_20260726_1256/inbox_trindade/glm_coding.md: Copied (new)
2026/08/09 08:55:41 INFO  : Foruns/backup_limpeza_20260726_1256/inbox_trindade/glm.md: Copied (new)
2026/08/09 08:55:41 INFO  : Foruns/backup_limpeza_20260726_1256/inbox_trindade/claude.md: Copied (new)
2026/08/09 08:55:41 INFO  : Foruns/backup_limpeza_20260726_1256/inbox_trindade/gpt.md: Copied (new)
2026/08/09 08:55:41 INFO  : Foruns/backup_limpeza_20260726_1256/inbox_trindade/agy_cli.md: Copied (new)
2026/08/09 08:55:41 INFO  : Foruns/backup_limpeza_20260726_1256/inbox_trindade/grok_coding.md: Copied (new)
2026/08/09 08:55:41 INFO  : Foruns/backup_limpeza_20260726_1256/inbox_trindade/grok.md: Copied (new)
2026/08/09 08:55:41 INFO  : Foruns/backup_limpeza_20260726_1256/inbox_trindade/kilo.md: Copied (new)
2026/08/09 08:55:41 INFO  : Foruns/backup_limpeza_20260726_1256/inbox_trindade/kimi.md: Copied (new)
2026/08/09 08:55:41 INFO  : Backups/backup_cerebro_20260728_164635/monitoramento_horario/backups_edicao/263017_pre_claude_republish_pos_kimi_20260727_075924.md: Copied (new)
2026/08/09 08:55:41 INFO  : Foruns/backup_limpeza_20260726_1256/inbox_trindade/vibe_mistral_cli.md: Copied (new)
2026/08/09 08:55:41 INFO  : Foruns/backup_limpeza_20260726_1256/inbox_trindade/qwen_coding.md: Copied (new)
2026/08/09 08:55:41 INFO  : Backups/backup_cerebro_20260728_164635/monitoramento_horario/backups_edicao/263017_pre_claude_datas_20260727_063532.md: Copied (new)
2026/08/09 08:55:41 INFO  : Foruns/backup_limpeza_20260726_1256/inbox_trindade/qwen.md: Copied (new)
2026/08/09 08:55:41 INFO  : Backups/backup_cerebro_20260728_164635/monitoramento_horario/backups_edicao/263023_pre_claude_grafia_donald_20260727_075924.md: Copied (new)
2026/08/09 08:55:41 INFO  : Foruns/backup_limpeza_20260726_1256/inbox_trindade/ming.md: Copied (new)
2026/08/09 08:55:41 INFO  :   197.364 MiB / 214.715 MiB, 92%, 626.146 KiB/s, ETA 28s (xfr#2371/4315)
2026/08/09 08:55:42 INFO  : Foruns/backup_limpeza_20260726_1256/inbox_trindade/miguel.md: Copied (new)
2026/08/09 08:55:42 INFO  : Backups/backup_cerebro_20260728_164635/monitoramento_horario/backups_edicao/263060_pre_claude_revistaforum_20260727_132411.md: Copied (new)
2026/08/09 08:55:42 INFO  : Backups/backup_cerebro_20260728_164635/monitoramento_horario/backups_edicao/263037_pre_claude_republish_20260727_095032.md: Copied (new)
2026/08/09 08:55:42 INFO  : Backups/backup_cerebro_20260728_164635/monitoramento_horario/backups_edicao/263074_pre_claude_sp_maiusculo_20260727_132020.md: Copied (new)
2026/08/09 08:55:42 INFO  : Backups/backup_cerebro_20260728_164635/monitoramento_horario/backups_edicao/263042_pre_claude_ali_para_mojtaba_20260727_095032.md: Copied (new)
2026/08/09 08:55:42 INFO  : Backups/backup_cerebro_20260728_164635/monitoramento_horario/backups_edicao/263036_pre_claude_html_strong_20260727_075924.md: Copied (new)
2026/08/09 08:55:42 INFO  : Backups/backup_cerebro_20260728_164635/monitoramento_horario/backups_edicao/263075_pre_claude_israel_maiusc_200_20260727_132020.md: Copied (new)
2026/08/09 08:55:42 INFO  : Backups/backup_cerebro_20260728_164635/monitoramento_horario/backups_edicao/263086_pre_claude_barroso_para_fachin_20260727_133223.md: Copied (new)
2026/08/09 08:55:42 INFO  : Backups/backup_cerebro_20260728_164635/monitoramento_horario/backups_edicao/263088_pre_claude_publish_direto_20260727_140152.md: Copied (new)
2026/08/09 08:55:42 INFO  : Backups/backup_cerebro_20260728_164635/monitoramento_horario/backups_edicao/263081_pre_claude_coreia_pontuacao_20260727_132020.md: Copied (new)
2026/08/09 08:55:42 INFO  : Backups/backup_cerebro_20260728_164635/monitoramento_horario/backups_edicao/263109_pre_claude_donald_actualidad_20260727_150211.md: Copied (new)
2026/08/09 08:55:42 INFO  : Backups/backup_cerebro_20260728_164635/monitoramento_horario/backups_edicao/263083_pre_claude_yellen_para_bessent_20260727_133223.md: Copied (new)
2026/08/09 08:55:42 INFO  : Backups/backup_cerebro_20260728_164635/monitoramento_horario/backups_edicao/263115_pre_claude_china_eua_brasil_20260727_160141.md: Copied (new)
2026/08/09 08:55:42 INFO  : Backups/backup_cerebro_20260728_164635/monitoramento_horario/backups_edicao/263113_pre_claude_nvidia_maiusc_20260727_153143.md: Copied (new)
2026/08/09 08:55:42 INFO  : Backups/backup_cerebro_20260728_164635/monitoramento_horario/backups_edicao/263117_pre_claude_ministros_secom_tse_20260727_160141.md: Copied (new)
2026/08/09 08:55:42 INFO  : Backups/backup_cerebro_20260728_164635/monitoramento_horario/backups_edicao/263099_pre_claude_tecnoblog_grafia_20260727_143150.md: Copied (new)
2026/08/09 08:55:42 INFO  : Backups/backup_cerebro_20260728_164635/monitoramento_horario/backups_edicao/263123_pre_claude_yoon_para_lee_20260727_165641.md: Copied (new)
2026/08/09 08:55:42 INFO  : Backups/backup_cerebro_20260728_164635/monitoramento_horario/backups_edicao/263106_pre_claude_publish_direto_20260727_143150.md: Copied (new)
2026/08/09 08:55:42 INFO  : Backups/backup_cerebro_20260728_164635/monitoramento_horario/backups_edicao/263147_pre_claude_lula_china_maiusc_20260727_182434.md: Copied (new)
2026/08/09 08:55:42 INFO  : Backups/backup_cerebro_20260728_164635/monitoramento_horario/backups_edicao/263151_pre_claude_pgr_revistaforum_senado_para_presidencia_20260727_182434.md: Copied (new)
2026/08/09 08:55:42 INFO  : Backups/backup_cerebro_20260728_164635/monitoramento_horario/backups_edicao/263144_pre_claude_publish_direto_20260727_175338.md: Copied (new)
2026/08/09 08:55:42 INFO  : Backups/backup_cerebro_20260728_164635/monitoramento_horario/backups_edicao/263153_pre_claude_publish_direto_20260727_185346.md: Copied (new)
2026/08/09 08:55:42 INFO  : Backups/backup_cerebro_20260728_164635/monitoramento_horario/backups_edicao/263155_pre_claude_publish_direto_20260727_192357.md: Copied (new)
2026/08/09 08:55:42 INFO  : Backups/backup_cerebro_20260728_164635/monitoramento_horario/backups_edicao/263126_pre_claude_biden_actualidad_benjamin_domingo_20260727_172342.md: Copied (new)
2026/08/09 08:55:42 INFO  : Backups/backup_cerebro_20260728_164635/monitoramento_horario/backups_edicao/263159_pre_claude_pro_lula_maiusc_20260727_192357.md: Copied (new)
2026/08/09 08:55:42 INFO  : Backups/backup_cerebro_20260728_164635/monitoramento_horario/backups_edicao/263121_pre_claude_publish_direto_20260727_163125.md: Copied (new)
2026/08/09 08:55:42 INFO  : Backups/backup_cerebro_20260728_164635/monitoramento_horario/backups_edicao/263163_pre_claude_publish_direto_20260727_202343.md: Copied (new)
2026/08/09 08:55:42 INFO  : Backups/backup_cerebro_20260728_164635/monitoramento_horario/backups_edicao/263165_pre_claude_pending_veto_kimi_20260727_202343.md: Copied (new)
2026/08/09 08:55:42 INFO  : Backups/backup_cerebro_20260728_164635/monitoramento_horario/backups_edicao/263173_pre_claude_revistaforum_20260727_222359.md: Copied (new)
2026/08/09 08:55:42 INFO  : Backups/backup_cerebro_20260728_164635/monitoramento_horario/backups_edicao/263171_pre_claude_ibm_openai_maiusc_20260727_212356.md: Copied (new)
2026/08/09 08:55:42 INFO  : Backups/backup_cerebro_20260728_164635/monitoramento_horario/backups_edicao/263167_pre_claude_publish_direto_analise_editorial_20260727_212356.md: Copied (new)
2026/08/09 08:55:42 INFO  : Backups/backup_cerebro_20260728_164635/monitoramento_horario/backups_edicao/263175_pre_claude_benjamin_actualidad_20260727_222359.md: Copied (new)
2026/08/09 08:55:42 INFO  : Backups/backup_cerebro_20260728_164635/monitoramento_horario/backups_edicao/263181_pre_claude_titulo_eua_ira_maiusc_20260727_232816.md: Copied (new)
2026/08/09 08:55:42 INFO  : Backups/backup_cerebro_20260728_164635/monitoramento_horario/backups_edicao/263186_pre_claude_arstechnica_20260727_232816.md: Copied (new)
2026/08/09 08:55:42 INFO  : Backups/backup_cerebro_20260728_164635/monitoramento_horario/backups_edicao/263190_pre_claude_publish_direto_video_tvforum_milei_20260728_002803.md: Copied (new)
2026/08/09 08:55:43 INFO  : Backups/backup_cerebro_20260728_164635/monitoramento_horario/backups_edicao/263192_pre_claude_publish_direto_xi_soberania_brasil_20260728_002803.md: Copied (new)
2026/08/09 08:55:43 INFO  : Backups/backup_cerebro_20260728_164635/monitoramento_horario/backups_edicao/263194_pre_claude_publish_direto_milei_lixo_socialista_20260728_002803.md: Copied (new)
2026/08/09 08:55:43 INFO  : Backups/backup_cerebro_20260728_164635/monitoramento_horario/backups_edicao/263179_pre_claude_hana_maiusc_20260727_232816.md: Copied (new)
2026/08/09 08:55:43 INFO  : Backups/backup_cerebro_20260728_164635/monitoramento_horario/backups_edicao/263177_pre_claude_ano_2023_para_2026_20260727_222359.md: Copied (new)
2026/08/09 08:55:43 INFO  : Backups/backup_cerebro_20260728_164635/monitoramento_horario/backups_edicao/263196_pre_claude_actualidad_20260728_012820.md: Copied (new)
2026/08/09 08:55:43 INFO  : Backups/backup_cerebro_20260728_164635/monitoramento_horario/backups_edicao/263202_pre_claude_us_injetar_participar_20260728_032832.md: Copied (new)
2026/08/09 08:55:43 INFO  : Backups/backup_cerebro_20260728_164635/monitoramento_horario/backups_edicao/263210_pre_claude_publish_direto_tp200_drone_20260728_052854.md: Copied (new)
2026/08/09 08:55:43 INFO  : Backups/backup_cerebro_20260728_164635/monitoramento_horario/backups_edicao/263208_pre_claude_revistaforum_jair_20260728_042809.md: Copied (new)
2026/08/09 08:55:43 INFO  : Backups/backup_cerebro_20260728_164635/monitoramento_horario/backups_edicao/263216_pre_claude_sintese_direto_20260728_064916.md: Copied (new)
2026/08/09 08:55:43 INFO  : Backups/backup_cerebro_20260728_164635/monitoramento_horario/backups_edicao/263206_pre_claude_publish_direto_20260728_032832.md: Copied (new)
2026/08/09 08:55:43 INFO  : Backups/backup_cerebro_20260728_164635/monitoramento_horario/backups_edicao/263200_pre_claude_publish_direto_20260728_012820.md: Copied (new)
2026/08/09 08:55:43 INFO  : Backups/backup_cerebro_20260728_164635/monitoramento_horario/backups_edicao/263220_pre_claude_publish_direto_20260728_072253.md: Copied (new)
2026/08/09 08:55:43 INFO  : Backups/backup_cerebro_20260728_164635/monitoramento_horario/backups_edicao/263226_pre_claude_publish_direto_israel_liberta_60_20260728_082259.md: Copied (new)
2026/08/09 08:55:43 INFO  : Backups/backup_cerebro_20260728_164635/monitoramento_horario/backups_edicao/263218_pre_claude_donald_maiusc_20260728_064916.md: Copied (new)
2026/08/09 08:55:43 INFO  : Backups/backup_cerebro_20260728_164635/monitoramento_horario/backups_edicao/263224_pre_claude_revistaforum_20260728_075241.md: Copied (new)
2026/08/09 08:55:43 INFO  : Backups/backup_cerebro_20260728_164635/monitoramento_horario/backups_edicao/263230_pre_claude_publish_direto_20260728_092218.md: Copied (new)
2026/08/09 08:55:43 INFO  : Backups/backup_cerebro_20260728_164635/monitoramento_horario/backups_edicao/263212_pre_claude_publish_direto_zelensky_casa_branca_20260728_052854.md: Copied (new)
2026/08/09 08:55:43 INFO  : Backups/backup_cerebro_20260728_164635/monitoramento_horario/backups_edicao/263228_pre_claude_publish_direto_flavio_urnas_smartmatic_20260728_082259.md: Copied (new)
2026/08/09 08:55:43 INFO  : Backups/backup_cerebro_20260728_164635/monitoramento_horario/backups_edicao/263234_pre_claude_publish_direto_empresarios_flavio_20260728_095257.md: Copied (new)
2026/08/09 08:55:43 INFO  : Backups/backup_cerebro_20260728_164635/monitoramento_horario/backups_edicao/263236_pre_claude_publish_direto_xi_eslovaquia_20260728_095257.md: Copied (new)
2026/08/09 08:55:43 INFO  : Backups/backup_cerebro_20260728_164635/monitoramento_horario/backups_edicao/263238_pre_claude_publish_direto_20260728_102301.md: Copied (new)
2026/08/09 08:55:43 INFO  : Backups/backup_cerebro_20260728_164635/monitoramento_horario/backups_edicao/263247_pre_claude_publish_direto_20260728_111935.md: Copied (new)
2026/08/09 08:55:43 INFO  : Backups/backup_cerebro_20260728_164635/monitoramento_horario/backups_edicao/263251_pre_claude_publish_direto_20260728_111935.md: Copied (new)
2026/08/09 08:55:43 INFO  : Backups/backup_cerebro_20260728_164635/monitoramento_horario/backups_edicao/263264_pre_claude_unrwa_maiusc_20260728_121925.md: Copied (new)
2026/08/09 08:55:43 INFO  : Backups/backup_cerebro_20260728_164635/monitoramento_horario/backups_edicao/263240_pre_claude_mpf_revistaforum_20260728_111935.md: Copied (new)
2026/08/09 08:55:43 INFO  : Backups/backup_cerebro_20260728_164635/monitoramento_horario/backups_edicao/263275_pre_claude_data_resultado_final_haiti_20260728_131927.md: Copied (new)
2026/08/09 08:55:43 INFO  : Foruns/gpt_5_6_sol/v4_qualidade_texto_curadoria_20260710/02_auditorias/carta_claude_codex_prometheus_v4_20260708.md: Copied (new)
2026/08/09 08:55:43 INFO  : Backups/backup_cerebro_20260728_164635/monitoramento_horario/backups_edicao/263277_pre_claude_publish_direto_20260728_131927.md: Copied (new)
2026/08/09 08:55:43 INFO  : Foruns/gpt_5_6_sol/v4_qualidade_texto_curadoria_20260710/02_auditorias/carta_claude_codex_feedback_telemetria_v4_20260708.md: Copied (new)
2026/08/09 08:55:43 INFO  : Foruns/gpt_5_6_sol/v4_qualidade_texto_curadoria_20260710/02_auditorias/carta_fable_adendo_fase5_failclosed_20260709.md: Copied (new)
2026/08/09 08:55:43 INFO  : Foruns/gpt_5_6_sol/v4_qualidade_texto_curadoria_20260710/02_auditorias/carta_fable_auditoria_fase5_preflight_ratificado_20260709.md: Copied (new)
2026/08/09 08:55:43 INFO  : Backups/backup_cerebro_20260728_164635/monitoramento_horario/backups_edicao/263259_pre_claude_publish_direto_20260728_114906.md: Copied (new)
2026/08/09 08:55:43 INFO  : Foruns/gpt_5_6_sol/v4_qualidade_texto_curadoria_20260710/02_auditorias/carta_fable_auditoria_fase7_multi_item_20260710.md: Copied (new)
2026/08/09 08:55:43 INFO  : Foruns/gpt_5_6_sol/v4_qualidade_texto_curadoria_20260710/02_auditorias/carta_fable_auditoria_fase6_multicase_20260710.md: Copied (new)
2026/08/09 08:55:44 INFO  : Foruns/gpt_5_6_sol/v4_qualidade_texto_curadoria_20260710/02_auditorias/carta_fable_auditoria_fase4_auditfix_20260709.md: Copied (new)
2026/08/09 08:55:44 INFO  : Foruns/gpt_5_6_sol/v4_qualidade_texto_curadoria_20260710/02_auditorias/carta_fable_gpt55_auditoria_fase6_multicase_20260710.md: Copied (new)
2026/08/09 08:55:44 INFO  : Foruns/gpt_5_6_sol/v4_qualidade_texto_curadoria_20260710/02_auditorias/carta_gpt55_fable_auditoria_fase5_promocao_preflight_20260709.md: Copied (new)
2026/08/09 08:55:44 INFO  : Foruns/gpt_5_6_sol/v4_qualidade_texto_curadoria_20260710/01_foruns_essenciais/forum_nova_rodada_v4_arquitetura_imagem_tecnologia_20260707.md: Copied (new)
2026/08/09 08:55:44 INFO  : Foruns/gpt_5_6_sol/v4_qualidade_texto_curadoria_20260710/01_foruns_essenciais/forum_principios_fundamentais_novo_v4_20260708.md: Copied (new)
2026/08/09 08:55:44 INFO  : Foruns/gpt_5_6_sol/v4_qualidade_texto_curadoria_20260710/01_foruns_essenciais/forum_resumo_humano_estado_v4_20260708.md: Copied (new)
2026/08/09 08:55:44 INFO  : Foruns/gpt_5_6_sol/v4_qualidade_texto_curadoria_20260710/01_foruns_essenciais/canal_trindade.md: Copied (new)
2026/08/09 08:55:44 INFO  : Foruns/gpt_5_6_sol/v4_qualidade_texto_curadoria_20260710/01_foruns_essenciais/forum_arquitetura_v4_imagem_ciencia_hibrido_diretrizes_20260707.md: Copied (new)
2026/08/09 08:55:44 INFO  : Foruns/gpt_5_6_sol/v4_qualidade_texto_curadoria_20260710/01_foruns_essenciais/forum_producao_v4_curadoria_tese_20260709.md: Copied (new)
2026/08/09 08:55:44 INFO  : Foruns/gpt_5_6_sol/v4_qualidade_texto_curadoria_20260710/02_auditorias/carta_fable_adendo_final_fase5_typefix_20260710.md: Copied (new)
2026/08/09 08:55:44 INFO  : Foruns/gpt_5_6_sol/v4_qualidade_texto_curadoria_20260710/01_foruns_essenciais/forum_super_luxo_editorial_v4_espelhado_20260707.md: Copied (new)
2026/08/09 08:55:44 INFO  : Foruns/gpt_5_6_sol/v4_qualidade_texto_curadoria_20260710/01_foruns_essenciais/forum_novo_sistema_agentes_v4_e_diretrizes_20260707.md: Copied (new)
2026/08/09 08:55:44 INFO  : Foruns/gpt_5_6_sol/v4_qualidade_texto_curadoria_20260710/01_foruns_essenciais/forum_v4_fase5_ratificacao_promocao_preflight_20260709.md: Copied (new)
2026/08/09 08:55:44 INFO  : Foruns/gpt_5_6_sol/v4_qualidade_texto_curadoria_20260710/01_foruns_essenciais/forum_v4_fase7_multi_item_lab_20260710.md: Copied (new)
2026/08/09 08:55:44 INFO  : Foruns/gpt_5_6_sol/v4_qualidade_texto_curadoria_20260710/01_foruns_essenciais/forum_v4_rascunho_primeiro_autocura_20260709.md: Copied (new)
2026/08/09 08:55:44 INFO  : Foruns/gpt_5_6_sol/v4_qualidade_texto_curadoria_20260710/04_codigo_contexto/auditoria_final.py: Copied (new)
2026/08/09 08:55:44 INFO  : Foruns/gpt_5_6_sol/v4_qualidade_texto_curadoria_20260710/04_codigo_contexto/curadoria_tese.py: Copied (new)
2026/08/09 08:55:44 INFO  : Foruns/gpt_5_6_sol/v4_qualidade_texto_curadoria_20260710/01_foruns_essenciais/forum_plano_trabalho_execucao_novo_v4_20260708.md: Copied (new)
2026/08/09 08:55:44 INFO  : Foruns/gpt_5_6_sol/v4_qualidade_texto_curadoria_20260710/04_codigo_contexto/coerencia_editorial.py: Copied (new)
2026/08/09 08:55:44 INFO  : Foruns/gpt_5_6_sol/v4_qualidade_texto_curadoria_20260710/01_foruns_essenciais/forum_v4_linguagem_analise_objetos_culturais_20260710.md: Copied (new)
2026/08/09 08:55:44 INFO  : Foruns/gpt_5_6_sol/v4_qualidade_texto_curadoria_20260710/04_codigo_contexto/fact_check.py: Copied (new)
2026/08/09 08:55:44 INFO  : Foruns/gpt_5_6_sol/v4_qualidade_texto_curadoria_20260710/01_foruns_essenciais/forum_v4_fase6_multicase_dryrun_20260710.md: Copied (new)
2026/08/09 08:55:44 INFO  : Foruns/gpt_5_6_sol/v4_qualidade_texto_curadoria_20260710/04_codigo_contexto/llm_adapter.py: Copied (new)
2026/08/09 08:55:44 INFO  : Foruns/gpt_5_6_sol/v4_qualidade_texto_curadoria_20260710/04_codigo_contexto/fluxo.py: Copied (new)
2026/08/09 08:55:44 INFO  : Foruns/gpt_5_6_sol/v4_qualidade_texto_curadoria_20260710/01_foruns_essenciais/forum_v4_curadoria_tese_editorial_20260708.md: Copied (new)
2026/08/09 08:55:44 INFO  : Foruns/gpt_5_6_sol/v4_qualidade_texto_curadoria_20260710/04_codigo_contexto/multi_item.py: Copied (new)
2026/08/09 08:55:44 INFO  : Foruns/gpt_5_6_sol/v4_qualidade_texto_curadoria_20260710/04_codigo_contexto/llm_orchestrator.py: Copied (new)
2026/08/09 08:55:44 INFO  : Foruns/gpt_5_6_sol/v4_qualidade_texto_curadoria_20260710/04_codigo_contexto/redator_real.py: Copied (new)
2026/08/09 08:55:45 INFO  : Foruns/gpt_5_6_sol/v4_qualidade_texto_curadoria_20260710/04_codigo_contexto/promocao.py: Copied (new)
2026/08/09 08:55:45 INFO  : Foruns/gpt_5_6_sol/v4_qualidade_texto_curadoria_20260710/06_relatorios_lab/v4_labs.promocao_preflight.json: Copied (new)
2026/08/09 08:55:45 INFO  : Foruns/gpt_5_6_sol/v4_qualidade_texto_curadoria_20260710/06_relatorios_lab/v4_labs_fase7_multi_item_lab_20260710.json: Copied (new)
2026/08/09 08:55:45 INFO  : Foruns/gpt_5_6_sol/v4_qualidade_texto_curadoria_20260710/04_codigo_contexto/revisao.py: Copied (new)
2026/08/09 08:55:45 INFO  : Foruns/gpt_5_6_sol/v4_qualidade_texto_curadoria_20260710/04_codigo_contexto/redator_shadow.py: Copied (new)
2026/08/09 08:55:45 INFO  : Foruns/gpt_5_6_sol/v4_qualidade_texto_curadoria_20260710/04_codigo_contexto/test_contracts.py: Copied (new)
2026/08/09 08:55:45 INFO  : Backups/backup_cerebro_20260728_164635/monitoramento_horario/propostas_correcao/255174_corpo_20260726_1801.md: Copied (new)
2026/08/09 08:55:45 INFO  : Backups/backup_cerebro_20260728_164635/monitoramento_horario/propostas_correcao/262232_titulo_20260720_0112.md: Copied (new)
2026/08/09 08:55:45 INFO  : Backups/backup_cerebro_20260728_164635/monitoramento_horario/propostas_correcao/262127_manchete_20260720_0112.md: Copied (new)
2026/08/09 08:55:45 INFO  : Backups/backup_cerebro_20260728_164635/monitoramento_horario/propostas_correcao/262127_manchete_20260720_0658.md: Copied (new)
2026/08/09 08:55:45 INFO  : Backups/backup_cerebro_20260728_164635/monitoramento_horario/propostas_correcao/262236_titulo_20260720_0112.md: Copied (new)
2026/08/09 08:55:45 INFO  : Backups/backup_cerebro_20260728_164635/monitoramento_horario/propostas_correcao/262232_titulo_20260720_0556.md: Copied (new)
2026/08/09 08:55:45 INFO  : Backups/backup_cerebro_20260728_164635/monitoramento_horario/propostas_correcao/262236_titulo_20260720_0556.md: Copied (new)
2026/08/09 08:55:45 INFO  : Backups/backup_cerebro_20260728_164635/monitoramento_horario/propostas_correcao/262243_titulo_20260720_0553.md: Copied (new)
2026/08/09 08:55:45 INFO  : Backups/backup_cerebro_20260728_164635/monitoramento_horario/propostas_correcao/262232_titulo_20260720_0553.md: Copied (new)
2026/08/09 08:55:45 INFO  : Foruns/gpt_5_6_sol/v4_qualidade_texto_curadoria_20260710/06_relatorios_lab/v4_labs_multi_case_dry_run_20260710.json: Copied (new)
2026/08/09 08:55:45 INFO  : Backups/backup_cerebro_20260728_164635/monitoramento_horario/propostas_correcao/262250_titulo_20260720_0556.md: Copied (new)
2026/08/09 08:55:45 INFO  : Backups/backup_cerebro_20260728_164635/monitoramento_horario/propostas_correcao/262243_titulo_20260720_0556.md: Copied (new)
2026/08/09 08:55:45 INFO  : Backups/backup_cerebro_20260728_164635/monitoramento_horario/propostas_correcao/262257_titulo_20260720_0556.md: Copied (new)
2026/08/09 08:55:45 INFO  : Backups/backup_cerebro_20260728_164635/monitoramento_horario/propostas_correcao/262309_manchete+corpo_20260720_1415.md: Copied (new)
2026/08/09 08:55:45 INFO  : Backups/backup_cerebro_20260728_164635/monitoramento_horario/propostas_correcao/262250_manchete_20260720_0553.md: Copied (new)
2026/08/09 08:55:45 INFO  : Backups/backup_cerebro_20260728_164635/monitoramento_horario/propostas_correcao/262309_revisao_editorial_20260720_1315.md: Copied (new)
2026/08/09 08:55:45 INFO  : Backups/backup_cerebro_20260728_164635/monitoramento_horario/propostas_correcao/262309_revisao_editorial_20260720_1245.md: Copied (new)
2026/08/09 08:55:45 INFO  : Backups/backup_cerebro_20260728_164635/monitoramento_horario/propostas_correcao/262309_verificacao_factual_20260720_1215.md: Copied (new)
2026/08/09 08:55:45 INFO  : Backups/backup_cerebro_20260728_164635/monitoramento_horario/propostas_correcao/262403_manchete_20260721_1327.md: Copied (new)
2026/08/09 08:55:45 INFO  : Backups/backup_cerebro_20260728_164635/monitoramento_horario/propostas_correcao/262403_manchete_20260721_1517.md: Copied (new)
2026/08/09 08:55:45 INFO  : Backups/backup_cerebro_20260728_164635/monitoramento_horario/propostas_correcao/262403_titulo_20260721_1446.md: Copied (new)
2026/08/09 08:55:45 INFO  : Backups/backup_cerebro_20260728_164635/monitoramento_horario/propostas_correcao/262309_verificacao_factual_20260720_1119.md: Copied (new)
2026/08/09 08:55:45 INFO  : Backups/backup_cerebro_20260728_164635/monitoramento_horario/propostas_correcao/262257_titulo_20260720_0553.md: Copied (new)
2026/08/09 08:55:45 INFO  : Backups/backup_cerebro_20260728_164635/monitoramento_horario/propostas_correcao/262403_título_20260721_1415.md: Copied (new)
2026/08/09 08:55:45 INFO  : Backups/backup_cerebro_20260728_164635/monitoramento_horario/propostas_correcao/262309_manchete + fact-check completo_20260720_1345.md: Copied (new)
2026/08/09 08:55:45 INFO  : Backups/backup_cerebro_20260728_164635/monitoramento_horario/propostas_correcao/262412_corpo_20260721_0755.md: Copied (new)
2026/08/09 08:55:45 INFO  : Backups/backup_cerebro_20260728_164635/monitoramento_horario/propostas_correcao/262403_titulo_contextualizacao_empresa_20260721_1645.md: Copied (new)
2026/08/09 08:55:46 INFO  : Backups/backup_cerebro_20260728_164635/monitoramento_horario/propostas_correcao/262432_duplicata_20260721_1545.md: Copied (new)
2026/08/09 08:55:46 INFO  : Backups/backup_cerebro_20260728_164635/monitoramento_horario/propostas_correcao/262403_titulo_20260721_1801.md: Copied (new)
2026/08/09 08:55:46 INFO  : Backups/backup_cerebro_20260728_164635/monitoramento_horario/propostas_correcao/262445_titulo_20260721_1346.md: Copied (new)
2026/08/09 08:55:46 INFO  : Backups/backup_cerebro_20260728_164635/monitoramento_horario/propostas_correcao/262418_corpo_20260721_0950.md: Copied (new)
2026/08/09 08:55:46 INFO  : Backups/backup_cerebro_20260728_164635/monitoramento_horario/propostas_correcao/262432_titulo_corpo_duplicata_20260721_1815.md: Copied (new)
2026/08/09 08:55:46 INFO  : Backups/backup_cerebro_20260728_164635/monitoramento_horario/propostas_correcao/262486_corpo_20260722_0001.md: Copied (new)
2026/08/09 08:55:46 INFO  : Backups/backup_cerebro_20260728_164635/monitoramento_horario/propostas_correcao/262486_titulo_corpo_erro_factual_20260722_0017.md: Copied (new)
2026/08/09 08:55:46 INFO  : Backups/backup_cerebro_20260728_164635/monitoramento_horario/propostas_correcao/262432_duplicata_20260721_1915.md: Copied (new)
2026/08/09 08:55:46 INFO  : Backups/backup_cerebro_20260728_164635/monitoramento_horario/propostas_correcao/262493_corpo_20260722_1915.md: Copied (new)
2026/08/09 08:55:46 INFO  : Backups/backup_cerebro_20260728_164635/monitoramento_horario/propostas_correcao/262493_corpo_20260722_1801.md: Copied (new)
2026/08/09 08:55:46 INFO  : Backups/backup_cerebro_20260728_164635/monitoramento_horario/propostas_correcao/262494_corpo_20260721_2145.md: Copied (new)
2026/08/09 08:55:46 INFO  : Backups/backup_cerebro_20260728_164635/monitoramento_horario/propostas_correcao/262493_lide_20260722_1901.md: Copied (new)
2026/08/09 08:55:46 INFO  : Backups/backup_cerebro_20260728_164635/monitoramento_horario/propostas_correcao/262501_cargos_ministeriais_errados_20260722_0017.md: Copied (new)
2026/08/09 08:55:46 INFO  : Backups/backup_cerebro_20260728_164635/monitoramento_horario/propostas_correcao/262493_corpo_20260722_1830.md: Copied (new)
2026/08/09 08:55:46 INFO  : Backups/backup_cerebro_20260728_164635/monitoramento_horario/propostas_correcao/262501_corpo_20260721_2245.md: Copied (new)
2026/08/09 08:55:46 INFO  : Backups/backup_cerebro_20260728_164635/monitoramento_horario/propostas_correcao/262501_corpo_20260721_2301.md: Copied (new)
2026/08/09 08:55:46 INFO  : Backups/backup_cerebro_20260728_164635/monitoramento_horario/propostas_correcao/262501_corpo_20260722_0001.md: Copied (new)
2026/08/09 08:55:46 INFO  : Backups/backup_cerebro_20260728_164635/monitoramento_horario/propostas_correcao/262509_corpo_20260722_0301.md: Copied (new)
2026/08/09 08:55:46 INFO  : Backups/backup_cerebro_20260728_164635/monitoramento_horario/propostas_correcao/262501_corpo_paragrafos_iniciais_20260721_2315.md: Copied (new)
2026/08/09 08:55:46 INFO  : Backups/backup_cerebro_20260728_164635/monitoramento_horario/propostas_correcao/262509_conteudo_20260722_0315.md: Copied (new)
2026/08/09 08:55:46 INFO  : Backups/backup_cerebro_20260728_164635/monitoramento_horario/propostas_correcao/262509_corpo_20260722_0402.md: Copied (new)
2026/08/09 08:55:46 INFO  : Backups/backup_cerebro_20260728_164635/monitoramento_horario/propostas_correcao/262509_corpo_20260722_0346.md: Copied (new)
2026/08/09 08:55:46 INFO  : Backups/backup_cerebro_20260728_164635/monitoramento_horario/propostas_correcao/262509_corpo_20260722_0417.md: Copied (new)
2026/08/09 08:55:46 INFO  : Backups/backup_cerebro_20260728_164635/monitoramento_horario/propostas_correcao/262493_corpo (lide, primeiro parágrafo)_20260722_1845.md: Copied (new)
2026/08/09 08:55:46 INFO  : Backups/backup_cerebro_20260728_164635/monitoramento_horario/propostas_correcao/262519_corpo_20260722_0402.md: Copied (new)
2026/08/09 08:55:46 INFO  : Backups/backup_cerebro_20260728_164635/monitoramento_horario/propostas_correcao/262543_corpo_capitalizacao_nomes_20260722_0946.md: Copied (new)
2026/08/09 08:55:46 INFO  : Backups/backup_cerebro_20260728_164635/monitoramento_horario/propostas_correcao/262501_corpo_20260721_2346.md: Copied (new)
2026/08/09 08:55:46 INFO  : Backups/backup_cerebro_20260728_164635/monitoramento_horario/propostas_correcao/262519_corpo_20260722_0346.md: Copied (new)
2026/08/09 08:55:46 INFO  : Backups/backup_cerebro_20260728_164635/monitoramento_horario/propostas_correcao/262559_corpo_20260722_1346.md: Copied (new)
2026/08/09 08:55:46 INFO  : Backups/backup_cerebro_20260728_164635/monitoramento_horario/propostas_correcao/262561_corpo_20260722_1445.md: Copied (new)
2026/08/09 08:55:46 INFO  : Backups/backup_cerebro_20260728_164635/monitoramento_horario/propostas_correcao/262561_titulo_corpo_duplicata_20260722_1617.md: Copied (new)
2026/08/09 08:55:46 INFO  : Backups/backup_cerebro_20260728_164635/monitoramento_horario/propostas_correcao/262575_corpo_20260722_1746.md: Copied (new)
2026/08/09 08:55:46 INFO  : Backups/backup_cerebro_20260728_164635/monitoramento_horario/propostas_correcao/262561_corpo_20260722_1431.md: Copied (new)
2026/08/09 08:55:46 INFO  : Backups/backup_cerebro_20260728_164635/monitoramento_horario/propostas_correcao/262578_corpo_texto_ancora_20260723_1016.md: Copied (new)
2026/08/09 08:55:47 INFO  : Backups/backup_cerebro_20260728_164635/monitoramento_horario/propostas_correcao/262575_corpo_20260722_1845.md: Copied (new)
2026/08/09 08:55:47 INFO  : Backups/backup_cerebro_20260728_164635/monitoramento_horario/propostas_correcao/262603_conteudo_duplicado_20260723_0145.md: Copied (new)
2026/08/09 08:55:47 INFO  : Backups/backup_cerebro_20260728_164635/monitoramento_horario/propostas_correcao/262603_corpo_20260723_0046.md: Copied (new)
2026/08/09 08:55:47 INFO  : Backups/backup_cerebro_20260728_164635/monitoramento_horario/propostas_correcao/262595_duplicata_20260722_2346.md: Copied (new)
2026/08/09 08:55:47 INFO  : Backups/backup_cerebro_20260728_164635/monitoramento_horario/propostas_correcao/262612_manchete_20260723_0215.md: Copied (new)
2026/08/09 08:55:47 INFO  : Backups/backup_cerebro_20260728_164635/monitoramento_horario/propostas_correcao/262561_corpo_20260722_1515.md: Copied (new)
2026/08/09 08:55:47 INFO  : Backups/backup_cerebro_20260728_164635/monitoramento_horario/propostas_correcao/262665_corpo_paragrafo_2_20260723_1201.md: Copied (new)
2026/08/09 08:55:47 INFO  : Backups/backup_cerebro_20260728_164635/monitoramento_horario/propostas_correcao/262672_corpo_20260723_1401.md: Copied (new)
2026/08/09 08:55:47 INFO  : Backups/backup_cerebro_20260728_164635/monitoramento_horario/propostas_correcao/262673_duplicata_20260723_1501.md: Copied (new)
2026/08/09 08:55:47 INFO  : Backups/backup_cerebro_20260728_164635/monitoramento_horario/propostas_correcao/262673_corpo_20260723_1346.md: Copied (new)
2026/08/09 08:55:47 INFO  : Backups/backup_cerebro_20260728_164635/monitoramento_horario/propostas_correcao/262679_corpo_20260723_1546.md: Copied (new)
2026/08/09 08:55:47 INFO  : Backups/backup_cerebro_20260728_164635/monitoramento_horario/propostas_correcao/262665_corpo_20260723_1145.md: Copied (new)
2026/08/09 08:55:47 INFO  : Backups/backup_cerebro_20260728_164635/monitoramento_horario/propostas_correcao/262672_corpo_20260723_1346.md: Copied (new)
2026/08/09 08:55:47 INFO  : Backups/backup_cerebro_20260728_164635/monitoramento_horario/propostas_correcao/262679_titulo_20260723_1601.md: Copied (new)
2026/08/09 08:55:47 INFO  : Backups/backup_cerebro_20260728_164635/monitoramento_horario/propostas_correcao/262713_corpo_20260723_2345.md: Copied (new)
2026/08/09 08:55:47 INFO  : Backups/backup_cerebro_20260728_164635/monitoramento_horario/propostas_correcao/262705_corpo_20260723_2145.md: Copied (new)
2026/08/09 08:55:47 INFO  : Backups/backup_cerebro_20260728_164635/monitoramento_horario/propostas_correcao/262713_corpo_20260724_0046.md: Copied (new)
2026/08/09 08:55:47 INFO  : Backups/backup_cerebro_20260728_164635/monitoramento_horario/propostas_correcao/262698_corpo_20260723_2131.md: Copied (new)
2026/08/09 08:55:47 INFO  : Backups/backup_cerebro_20260728_164635/monitoramento_horario/propostas_correcao/262713_corpo_20260724_0100.md: Copied (new)
2026/08/09 08:55:47 INFO  : Backups/backup_cerebro_20260728_164635/monitoramento_horario/propostas_correcao/262819_titulo_20260725_0018.md: Copied (new)
2026/08/09 08:55:47 INFO  : Backups/backup_cerebro_20260728_164635/monitoramento_horario/propostas_correcao/262713_corpo_integral_20260724_0001.md: Copied (new)
2026/08/09 08:55:47 INFO  : Backups/backup_cerebro_20260728_164635/monitoramento_horario/propostas_correcao/262830_corpo e título_20260724_2201.md: Copied (new)
2026/08/09 08:55:47 INFO  : Backups/backup_cerebro_20260728_164635/monitoramento_horario/propostas_correcao/262741_duplicata_20260724_0930.md: Copied (new)
2026/08/09 08:55:47 INFO  : Backups/backup_cerebro_20260728_164635/monitoramento_horario/propostas_correcao/262727_corpo_20260724_0352.md: Copied (new)
2026/08/09 08:55:47 INFO  : Backups/backup_cerebro_20260728_164635/monitoramento_horario/propostas_correcao/262830_corpo_20260724_2031.md: Copied (new)
2026/08/09 08:55:47 INFO  : Backups/backup_cerebro_20260728_164635/monitoramento_horario/propostas_correcao/262830_corpo_20260724_2101.md: Copied (new)
2026/08/09 08:55:47 INFO  : Backups/backup_cerebro_20260728_164635/monitoramento_horario/propostas_correcao/262830_corpo_20260724_2130.md: Copied (new)
2026/08/09 08:55:47 INFO  : Backups/backup_cerebro_20260728_164635/monitoramento_horario/propostas_correcao/262858_corpo (primeiro parágrafo)_20260725_0301.md: Copied (new)
2026/08/09 08:55:47 INFO  : Backups/backup_cerebro_20260728_164635/monitoramento_horario/propostas_correcao/262713_corpo_20260724_0146.md: Copied (new)
2026/08/09 08:55:47 INFO  : Backups/backup_cerebro_20260728_164635/monitoramento_horario/propostas_correcao/262949_corpo_20260726_0201.md: Copied (new)
2026/08/09 08:55:47 INFO  : Backups/backup_cerebro_20260728_164635/monitoramento_horario/propostas_correcao/262862_corpo_20260725_0449.md: Copied (new)
2026/08/09 08:55:47 INFO  : Foruns/gpt_5_6_sol/v4_qualidade_texto_curadoria_20260710/03_contratos_editoriais/llm_providers.json: Copied (new)
2026/08/09 08:55:47 INFO  : Foruns/gpt_5_6_sol/v4_qualidade_texto_curadoria_20260710/03_contratos_editoriais/llm_context_routes.json: Copied (new)
2026/08/09 08:55:47 INFO  : Backups/backup_cerebro_20260728_164635/monitoramento_horario/propostas_correcao/262842_titulo_20260724_2201.md: Copied (new)
2026/08/09 08:55:48 INFO  : Backups/backup_cerebro_20260728_164635/monitoramento_horario/propostas_correcao/263017_corpo_20260727_0601.md: Copied (new)
2026/08/09 08:55:48 INFO  : Foruns/gpt_5_6_sol/v4_qualidade_texto_curadoria_20260710/03_contratos_editoriais/llm_ratings.json: Copied (new)
2026/08/09 08:55:48 INFO  : Foruns/gpt_5_6_sol/v4_qualidade_texto_curadoria_20260710/03_contratos_editoriais/v4_agentes_tecnicos_v1.json: Copied (new)
2026/08/09 08:55:48 INFO  : Foruns/gpt_5_6_sol/v4_qualidade_texto_curadoria_20260710/03_contratos_editoriais/v4_auditoria_final_v1.json: Copied (new)
2026/08/09 08:55:48 INFO  : Foruns/gpt_5_6_sol/v4_qualidade_texto_curadoria_20260710/03_contratos_editoriais/v4_ciencia_tecnologia_ia_v1.md: Copied (new)
2026/08/09 08:55:48 INFO  : Foruns/gpt_5_6_sol/v4_qualidade_texto_curadoria_20260710/03_contratos_editoriais/v4_bancos_camadas_v1.json: Copied (new)
2026/08/09 08:55:48 INFO  : Foruns/gpt_5_6_sol/v4_qualidade_texto_curadoria_20260710/03_contratos_editoriais/v4_feedback_casos_editoriais_v1.json: Copied (new)
2026/08/09 08:55:48 INFO  : Foruns/gpt_5_6_sol/v4_qualidade_texto_curadoria_20260710/03_contratos_editoriais/v4_fact_check_v1.json: Copied (new)
2026/08/09 08:55:48 INFO  : Foruns/gpt_5_6_sol/v4_qualidade_texto_curadoria_20260710/03_contratos_editoriais/v4_curadoria_tese_v1.json: Copied (new)
2026/08/09 08:55:48 INFO  : Foruns/gpt_5_6_sol/v4_qualidade_texto_curadoria_20260710/03_contratos_editoriais/v4_editoria_coerencia_v1.json: Copied (new)
2026/08/09 08:55:48 INFO  : Foruns/gpt_5_6_sol/v4_qualidade_texto_curadoria_20260710/03_contratos_editoriais/v4_cultura_v1.md: Copied (new)
2026/08/09 08:55:48 INFO  : Foruns/gpt_5_6_sol/v4_qualidade_texto_curadoria_20260710/03_contratos_editoriais/v4_freios_llm_v1.json: Copied (new)
2026/08/09 08:55:48 INFO  : Foruns/gpt_5_6_sol/v4_qualidade_texto_curadoria_20260710/03_contratos_editoriais/v4_fluxo_dry_run_v1.json: Copied (new)
2026/08/09 08:55:48 INFO  : Foruns/gpt_5_6_sol/v4_qualidade_texto_curadoria_20260710/03_contratos_editoriais/mapa_v4_contexto_llm.json: Copied (new)
2026/08/09 08:55:48 INFO  : Foruns/gpt_5_6_sol/v4_qualidade_texto_curadoria_20260710/03_contratos_editoriais/v4_feedback_editor_v1.json: Copied (new)
2026/08/09 08:55:48 INFO  : Foruns/gpt_5_6_sol/v4_qualidade_texto_curadoria_20260710/03_contratos_editoriais/v4_gsn_espelho_ingles_v1.md: Copied (new)
2026/08/09 08:55:48 INFO  : Foruns/gpt_5_6_sol/v4_qualidade_texto_curadoria_20260710/03_contratos_editoriais/v4_imagem_destacada_v1.json: Copied (new)
2026/08/09 08:55:48 INFO  : Foruns/gpt_5_6_sol/v4_qualidade_texto_curadoria_20260710/03_contratos_editoriais/v4_ingestao_conteudo_v1.json: Copied (new)
2026/08/09 08:55:48 INFO  : Foruns/gpt_5_6_sol/v4_qualidade_texto_curadoria_20260710/03_contratos_editoriais/v4_internacional_v1.md: Copied (new)
2026/08/09 08:55:48 INFO  : Foruns/gpt_5_6_sol/v4_qualidade_texto_curadoria_20260710/03_contratos_editoriais/v4_llm_dashboard_v1.json: Copied (new)
2026/08/09 08:55:48 INFO  : Foruns/gpt_5_6_sol/v4_qualidade_texto_curadoria_20260710/03_contratos_editoriais/v4_memoria_autocura_v1.json: Copied (new)
2026/08/09 08:55:48 INFO  : Foruns/gpt_5_6_sol/v4_qualidade_texto_curadoria_20260710/03_contratos_editoriais/v4_llm_adapter_v1.json: Copied (new)
2026/08/09 08:55:48 INFO  : Foruns/gpt_5_6_sol/v4_qualidade_texto_curadoria_20260710/03_contratos_editoriais/v4_nucleo_editorial_comum_v1.md: Copied (new)
2026/08/09 08:55:48 INFO  : Foruns/gpt_5_6_sol/v4_qualidade_texto_curadoria_20260710/03_contratos_editoriais/v4_llm_decisions_v1.json: Copied (new)
2026/08/09 08:55:48 INFO  : Foruns/gpt_5_6_sol/v4_qualidade_texto_curadoria_20260710/03_contratos_editoriais/v4_multi_item_lab_v1.json: Copied (new)
2026/08/09 08:55:48 INFO  : Foruns/gpt_5_6_sol/v4_qualidade_texto_curadoria_20260710/03_contratos_editoriais/v4_pricing_llm_v1.json: Copied (new)
2026/08/09 08:55:48 INFO  : Foruns/gpt_5_6_sol/v4_qualidade_texto_curadoria_20260710/03_contratos_editoriais/v4_orquestracao_llm_v1.json: Copied (new)
2026/08/09 08:55:48 INFO  : Foruns/gpt_5_6_sol/v4_qualidade_texto_curadoria_20260710/03_contratos_editoriais/v4_politica_economia_v1.md: Copied (new)
2026/08/09 08:55:48 INFO  : Foruns/gpt_5_6_sol/v4_qualidade_texto_curadoria_20260710/03_contratos_editoriais/v4_model_router_v1.json: Copied (new)
2026/08/09 08:55:48 INFO  : Foruns/gpt_5_6_sol/v4_qualidade_texto_curadoria_20260710/03_contratos_editoriais/v4_operational_dashboard_v1.json: Copied (new)
2026/08/09 08:55:48 INFO  : Foruns/gpt_5_6_sol/v4_qualidade_texto_curadoria_20260710/03_contratos_editoriais/v4_promocao_preflight_v1.json: Copied (new)
2026/08/09 08:55:48 INFO  : Foruns/gpt_5_6_sol/v4_qualidade_texto_curadoria_20260710/03_contratos_editoriais/v4_redator_shadow_v1.json: Copied (new)
2026/08/09 08:55:48 INFO  : Foruns/gpt_5_6_sol/v4_qualidade_texto_curadoria_20260710/03_contratos_editoriais/v4_recompute_costs_v1.json: Copied (new)
2026/08/09 08:55:48 INFO  : Foruns/gpt_5_6_sol/v4_qualidade_texto_curadoria_20260710/03_contratos_editoriais/v4_revisao_v1.json: Copied (new)
2026/08/09 08:55:49 INFO  : Foruns/gpt_5_6_sol/v4_qualidade_texto_curadoria_20260710/03_contratos_editoriais/v4_redator_real_v1.json: Copied (new)
2026/08/09 08:55:49 INFO  : Foruns/gpt_5_6_sol/v4_qualidade_texto_curadoria_20260710/03_contratos_editoriais/v4_rotas_llm_limpas_v1.json: Copied (new)
2026/08/09 08:55:49 INFO  : Foruns/gpt_5_6_sol/v4_qualidade_texto_curadoria_20260710/03_contratos_editoriais/v4_repetidor_v1.md: Copied (new)
2026/08/09 08:55:49 INFO  : Foruns/gpt_5_6_sol/v4_qualidade_texto_curadoria_20260710/03_contratos_editoriais/v4_rascunho_primeiro_v1.json: Copied (new)
2026/08/09 08:55:49 INFO  : Foruns/gpt_5_6_sol/v4_qualidade_texto_curadoria_20260710/03_contratos_editoriais/v4_wordpress_media_v1.json: Copied (new)
2026/08/09 08:55:49 INFO  : Foruns/gpt_5_6_sol/v4_qualidade_texto_curadoria_20260710/03_contratos_editoriais/v4_wordpress_publicador_v1.json: Copied (new)
2026/08/09 08:55:49 INFO  : Foruns/gpt_5_6_sol/v4_qualidade_texto_curadoria_20260710/03_contratos_editoriais/v4_telemetria_v1.json: Copied (new)
2026/08/09 08:55:49 INFO  : Foruns/gpt_5_6_sol/v4_qualidade_texto_curadoria_20260710/03_contratos_editoriais/v4_operacao_limpeza_ordem_backup_v1.json: Copied (new)
2026/08/09 08:55:49 INFO  : Foruns/por_data/2026/06/semana_24/2026-06-13/carta_resposta_antigravity_bloqueios_deploy_20260613.md: Copied (new)
2026/08/09 08:55:49 INFO  : Foruns/por_data/2026/06/semana_24/2026-06-13/carta_convocatoria_auditoria_seguranca_trindade.md: Copied (new)
2026/08/09 08:55:49 INFO  : Foruns/por_data/2026/06/semana_24/2026-06-13/cartinha_kimi_contribuicao_debate_legado_vs_pos_reforma_20260613.md: Copied (new)
2026/08/09 08:55:49 INFO  : Foruns/por_data/2026/06/semana_24/2026-06-13/cartinha_kimi_voto_5_dilemas_antigravity_20260613.md: Copied (new)
2026/08/09 08:55:49 INFO  : Foruns/por_data/2026/06/semana_24/2026-06-13/cartinha_kimi_erro_staging_20260613.md: Copied (new)
2026/08/09 08:55:49 INFO  : Foruns/por_data/2026/06/semana_24/2026-06-13/carta_acolhimento_resolucao_kimi_20260613.md: Copied (new)
2026/08/09 08:55:49 INFO  : Foruns/por_data/2026/06/semana_24/2026-06-13/CHECKPOINT_GRANDE_REFORMA_SMOKE_TESTS_PAUSADO_20260613.md: Copied (new)
2026/08/09 08:55:49 INFO  : Foruns/por_data/2026/06/semana_24/2026-06-13/forum_arquitetura_banco_midia_inteligente_retencao_20260613.md: Copied (new)
2026/08/09 08:55:49 INFO  : Foruns/por_data/2026/06/semana_24/2026-06-13/carta_resolucao_e_patches_aplicados_20260613.md: Copied (new)
2026/08/09 08:55:49 INFO  : Foruns/por_data/2026/06/semana_24/2026-06-13/forum_grande_reforma_balanco_geral_e_consolidacao_20260613.md: Copied (new)
2026/08/09 08:55:49 INFO  : Foruns/por_data/2026/06/semana_24/2026-06-13/forum_grande_reforma_planejamento_deploy_tencent_20260613.md: Copied (new)
2026/08/09 08:55:49 INFO  : Foruns/por_data/2026/06/semana_24/2026-06-13/forum_perguntas_antigravity_alinhamento_trindade_20260613.md: Copied (new)
2026/08/09 08:55:49 INFO  : Foruns/por_data/2026/06/semana_24/2026-06-13/forum_plano_migracao_duplicada_lado_a_lado_tencent_20260613.md: Copied (new)
2026/08/09 08:55:49 INFO  : Foruns/por_data/2026/06/semana_24/2026-06-13/forum_smoke_tests_coletores_migracao_kimi_20260613.md: Copied (new)
2026/08/09 08:55:49 INFO  : Foruns/por_data/2026/06/semana_24/2026-06-13/forum_grande_reforma_sprint_migracao_coletores_legados_20260613.md: Copied (new)
2026/08/09 08:55:49 INFO  : Foruns/gpt_5_6_sol/v4_qualidade_texto_curadoria_20260710/05_amostras_reais/v4_real_001.curadoria.json: Copied (new)
2026/08/09 08:55:49 INFO  : Foruns/por_data/2026/06/semana_24/2026-06-13/forum_smoke_tests_tencent_executados_20260613.md: Copied (new)
2026/08/09 08:55:49 INFO  : Foruns/por_data/2026/06/semana_24/2026-06-13/forum_organizacao_unificacao_cerebro_20260613.md: Copied (new)
2026/08/09 08:55:49 INFO  : Foruns/gpt_5_6_sol/v4_qualidade_texto_curadoria_20260710/05_amostras_reais/v4_real_001.json: Copied (new)
2026/08/09 08:55:49 INFO  : Foruns/gpt_5_6_sol/v4_qualidade_texto_curadoria_20260710/05_amostras_reais/v4_real_001.producao.json: Copied (new)
2026/08/09 08:55:49 INFO  : Foruns/gpt_5_6_sol/v4_qualidade_texto_curadoria_20260710/05_amostras_reais/v4_real_001.redator_real_preflight.json: Copied (new)
2026/08/09 08:55:49 INFO  : Foruns/gpt_5_6_sol/v4_qualidade_texto_curadoria_20260710/05_amostras_reais/v4_real_001.redator_real.json: Copied (new)
2026/08/09 08:55:50 INFO  : Foruns/gpt_5_6_sol/v4_qualidade_texto_curadoria_20260710/05_amostras_reais/v4_real_002.auditado_final.json: Copied (new)
2026/08/09 08:55:50 INFO  : Foruns/gpt_5_6_sol/v4_qualidade_texto_curadoria_20260710/05_amostras_reais/v4_real_001.variant_b.producao.json: Copied (new)
2026/08/09 08:55:50 INFO  : Foruns/gpt_5_6_sol/v4_qualidade_texto_curadoria_20260710/05_amostras_reais/v4_real_001.auditado_final.json: Copied (new)
2026/08/09 08:55:50 INFO  : Foruns/gpt_5_6_sol/v4_qualidade_texto_curadoria_20260710/05_amostras_reais/v4_real_001.shadow_redacao.json: Copied (new)
2026/08/09 08:55:50 INFO  : Foruns/gpt_5_6_sol/v4_qualidade_texto_curadoria_20260710/05_amostras_reais/v4_real_002.curadoria.json: Copied (new)
2026/08/09 08:55:50 INFO  : Foruns/por_data/2026/06/semana_24/2026-06-12/SPRINT_AGY_DIAGNOSTICO_GRANDE_REFORMA_20260612.md: Copied (new)
2026/08/09 08:55:50 INFO  : Foruns/por_data/2026/06/semana_24/2026-06-13/forum_diretrizes_coletores_e_reforma_midia_20260613.md: Copied (new)
2026/08/09 08:55:50 INFO  : Foruns/gpt_5_6_sol/v4_qualidade_texto_curadoria_20260710/05_amostras_reais/v4_real_002.fact_check.json: Copied (new)
2026/08/09 08:55:50 INFO  : Foruns/por_data/2026/06/semana_24/2026-06-12/forum_GRANDE_REFORMA_preparativos_parte_1_diagnostico_completo_20260612.md: Copied (new)
2026/08/09 08:55:50 INFO  : Foruns/gpt_5_6_sol/v4_qualidade_texto_curadoria_20260710/05_amostras_reais/v4_real_001.ustr_2026_0331_written_comment.json: Copied (new)
2026/08/09 08:55:50 INFO  : Foruns/gpt_5_6_sol/v4_qualidade_texto_curadoria_20260710/05_amostras_reais/v4_real_002.producao.json: Copied (new)
2026/08/09 08:55:50 INFO  : Foruns/por_data/2026/06/semana_24/2026-06-12/forum_constituicao_grande_reforma_regras_comunicacao_artigo_2_20260612.md: Copied (new)
2026/08/09 08:55:50 INFO  : Foruns/gpt_5_6_sol/v4_qualidade_texto_curadoria_20260710/05_amostras_reais/v4_real_003.fact_check.json: Copied (new)
2026/08/09 08:55:50 INFO  : Foruns/gpt_5_6_sol/v4_qualidade_texto_curadoria_20260710/05_amostras_reais/v4_real_003.curadoria.json: Copied (new)
2026/08/09 08:55:50 INFO  : Foruns/gpt_5_6_sol/v4_qualidade_texto_curadoria_20260710/05_amostras_reais/v4_real_002.revisao.json: Copied (new)
2026/08/09 08:55:50 INFO  : Foruns/gpt_5_6_sol/v4_qualidade_texto_curadoria_20260710/05_amostras_reais/v4_real_002.json: Copied (new)
2026/08/09 08:55:50 INFO  : Foruns/gpt_5_6_sol/v4_qualidade_texto_curadoria_20260710/05_amostras_reais/v4_real_003.auditado_final.json: Copied (new)
2026/08/09 08:55:50 INFO  : Foruns/gpt_5_6_sol/v4_qualidade_texto_curadoria_20260710/05_amostras_reais/v4_real_003.producao.json: Copied (new)
2026/08/09 08:55:50 INFO  : Foruns/gpt_5_6_sol/v4_qualidade_texto_curadoria_20260710/05_amostras_reais/v4_real_004.auditado_final.json: Copied (new)
2026/08/09 08:55:50 INFO  : Foruns/gpt_5_6_sol/v4_qualidade_texto_curadoria_20260710/05_amostras_reais/v4_real_004.curadoria.json: Copied (new)
2026/08/09 08:55:50 INFO  : Foruns/gpt_5_6_sol/v4_qualidade_texto_curadoria_20260710/05_amostras_reais/v4_real_003.json: Copied (new)
2026/08/09 08:55:50 INFO  : Foruns/gpt_5_6_sol/v4_qualidade_texto_curadoria_20260710/05_amostras_reais/v4_real_004.fact_check.json: Copied (new)
2026/08/09 08:55:50 INFO  : Foruns/gpt_5_6_sol/v4_qualidade_texto_curadoria_20260710/05_amostras_reais/v4_real_004.revisao.json: Copied (new)
2026/08/09 08:55:50 INFO  : Foruns/gpt_5_6_sol/v4_qualidade_texto_curadoria_20260710/05_amostras_reais/v4_real_003.revisao.json: Copied (new)
2026/08/09 08:55:50 INFO  : Foruns/gpt_5_6_sol/v4_qualidade_texto_curadoria_20260710/05_amostras_reais/v4_real_004.producao.json: Copied (new)
2026/08/09 08:55:50 INFO  : Foruns/gpt_5_6_sol/v4_qualidade_texto_curadoria_20260710/05_amostras_reais/v4_real_005.producao.json: Copied (new)
2026/08/09 08:55:50 INFO  : Foruns/gpt_5_6_sol/v4_qualidade_texto_curadoria_20260710/05_amostras_reais/v4_real_005.auditado_final.json: Copied (new)
2026/08/09 08:55:50 INFO  : Foruns/gpt_5_6_sol/v4_qualidade_texto_curadoria_20260710/05_amostras_reais/v4_real_005.json: Copied (new)
2026/08/09 08:55:50 INFO  : Foruns/gpt_5_6_sol/v4_qualidade_texto_curadoria_20260710/05_amostras_reais/v4_real_004.json: Copied (new)
2026/08/09 08:55:51 INFO  : Foruns/gpt_5_6_sol/v4_qualidade_texto_curadoria_20260710/05_amostras_reais/v4_real_005.curadoria.json: Copied (new)
2026/08/09 08:55:51 INFO  : Foruns/gpt_5_6_sol/v4_qualidade_texto_curadoria_20260710/05_amostras_reais/v4_real_005.revisao.json: Copied (new)
2026/08/09 08:55:51 INFO  : Foruns/gpt_5_6_sol/v4_qualidade_texto_curadoria_20260710/05_amostras_reais/v4_real_005.fact_check.json: Copied (new)
2026/08/09 08:55:51 INFO  : Foruns/gpt_5_6_sol/v4_qualidade_texto_curadoria_20260710/05_amostras_reais/v4_real_006.curadoria.json: Copied (new)
2026/08/09 08:55:51 INFO  : Foruns/gpt_5_6_sol/v4_qualidade_texto_curadoria_20260710/05_amostras_reais/v4_real_006.fact_check.json: Copied (new)
2026/08/09 08:55:51 INFO  : Foruns/gpt_5_6_sol/v4_qualidade_texto_curadoria_20260710/05_amostras_reais/v4_real_006.producao.json: Copied (new)
2026/08/09 08:55:51 INFO  : Foruns/gpt_5_6_sol/v4_qualidade_texto_curadoria_20260710/05_amostras_reais/v4_real_006.revisao.json: Copied (new)
2026/08/09 08:55:51 INFO  : Foruns/gpt_5_6_sol/v4_qualidade_texto_curadoria_20260710/05_amostras_reais/v4_real_007.fact_check.json: Copied (new)
2026/08/09 08:55:51 INFO  : Foruns/gpt_5_6_sol/v4_qualidade_texto_curadoria_20260710/05_amostras_reais/v4_real_007.json: Copied (new)
2026/08/09 08:55:51 INFO  : Foruns/gpt_5_6_sol/v4_qualidade_texto_curadoria_20260710/05_amostras_reais/v4_real_007.auditado_final.json: Copied (new)
2026/08/09 08:55:51 INFO  : Foruns/gpt_5_6_sol/v4_qualidade_texto_curadoria_20260710/05_amostras_reais/v4_real_007.curadoria.json: Copied (new)
2026/08/09 08:55:51 INFO  : Foruns/gpt_5_6_sol/v4_qualidade_texto_curadoria_20260710/05_amostras_reais/v4_real_007.producao.json: Copied (new)
2026/08/09 08:55:51 INFO  : Foruns/gpt_5_6_sol/v4_qualidade_texto_curadoria_20260710/05_amostras_reais/v4_real_007.revisao.json: Copied (new)
2026/08/09 08:55:51 INFO  : Foruns/gpt_5_6_sol/v4_qualidade_texto_curadoria_20260710/07_contexto_retomada/AUDITOR_NOTE_FASE2_20260709.md: Copied (new)
2026/08/09 08:55:51 INFO  : Foruns/gpt_5_6_sol/v4_qualidade_texto_curadoria_20260710/05_amostras_reais/v4_real_006.json: Copied (new)
2026/08/09 08:55:51 INFO  : Foruns/gpt_5_6_sol/v4_qualidade_texto_curadoria_20260710/07_contexto_retomada/AUDITOR_NOTE_FASE3_DEEPSEEK_20260709.md: Copied (new)
2026/08/09 08:55:51 INFO  : Foruns/gpt_5_6_sol/v4_qualidade_texto_curadoria_20260710/07_contexto_retomada/AUDITOR_NOTE_FASE4_AGENTS_PIPELINE_20260709.md: Copied (new)
2026/08/09 08:55:51 INFO  : Foruns/gpt_5_6_sol/v4_qualidade_texto_curadoria_20260710/07_contexto_retomada/AUDITOR_NOTE_FASE5_PROMOCAO_PREFLIGHT_20260709.md: Copied (new)
2026/08/09 08:55:51 INFO  : Foruns/por_data/2026/06/semana_24/2026-06-14/cartinha_kimi_canario_tencent_20260614.md: Copied (new)
2026/08/09 08:55:51 INFO  : Foruns/por_data/2026/06/semana_24/2026-06-14/cartinha_glm_revisao_fronteira_lula_eleicoes_nacional_20260614.md: Copied (new)
2026/08/09 08:55:51 INFO  : Foruns/gpt_5_6_sol/v4_qualidade_texto_curadoria_20260710/07_contexto_retomada/AUDITOR_NOTE_FASE6_MULTICASE_DRYRUN_20260710.md: Copied (new)
2026/08/09 08:55:51 INFO  : Foruns/por_data/2026/06/semana_24/2026-06-14/cartinha_kimi_resultado_smoke_factchecking_20260614.md: Copied (new)
2026/08/09 08:55:51 INFO  : Foruns/por_data/2026/06/semana_24/2026-06-14/cartinha_kimi_resultado_smoke_geopolitica_20260614.md: Copied (new)
2026/08/09 08:55:51 INFO  : Foruns/por_data/2026/06/semana_24/2026-06-14/cartinha_kimi_opiniao_4_camadas_20260614.md: Copied (new)
2026/08/09 08:55:51 INFO  : Foruns/por_data/2026/06/semana_24/2026-06-14/cartinha_kimi_resposta_deepseek_pausa_tatica_20260614.md: Copied (new)
2026/08/09 08:55:51 INFO  : Foruns/por_data/2026/06/semana_24/2026-06-14/cartinha_kimi_resultado_smoke_indexacao_20260614.md: Copied (new)
2026/08/09 08:55:51 INFO  : Foruns/gpt_5_6_sol/v4_qualidade_texto_curadoria_20260710/07_contexto_retomada/README_V4_LABS.md: Copied (new)
2026/08/09 08:55:51 INFO  : Foruns/por_data/2026/06/semana_24/2026-06-14/cartinha_kimi_resultado_smoke_nacional_20260614.md: Copied (new)
2026/08/09 08:55:51 INFO  : Foruns/por_data/2026/06/semana_24/2026-06-14/cartinha_kimi_resultado_smoke_maestro_publicador_20260614.md: Copied (new)
2026/08/09 08:55:51 INFO  : Foruns/por_data/2026/06/semana_24/2026-06-14/cartinha_kimi_resultado_fase_d_20260614.md: Copied (new)
2026/08/09 08:55:52 INFO  : Foruns/por_data/2026/06/semana_24/2026-06-14/cartinha_kimi_resultado_smoke_lula_eleicoes_20260614.md: Copied (new)
2026/08/09 08:55:52 INFO  : Foruns/por_data/2026/06/semana_24/2026-06-14/forum_alerta_canario_path_errado_banco_vazio_glm_20260614.md: Copied (new)
2026/08/09 08:55:52 INFO  : Foruns/por_data/2026/06/semana_24/2026-06-14/forum_auditoria_completa_grande_reforma_glm_20260614.md: Copied (new)
2026/08/09 08:55:52 INFO  : Foruns/por_data/2026/06/semana_24/2026-06-14/forum_auditoria_qualidade_redacao_factcheck_4temas_qwen_20260614.md: Copied (new)
2026/08/09 08:55:52 INFO  : Foruns/por_data/2026/06/semana_24/2026-06-14/cartinha_kimi_smoke_geopolitica_executando_20260614.md: Copied (new)
2026/08/09 08:55:52 INFO  : Foruns/por_data/2026/06/semana_24/2026-06-14/forum_auditoria_final_grande_reforma_qwen_20260614.md: Copied (new)
2026/08/09 08:55:52 INFO  : Foruns/gpt_5_6_sol/v4_qualidade_texto_curadoria_20260710/05_amostras_reais/v4_real_006.auditado_final.json: Copied (new)
2026/08/09 08:55:52 INFO  : Foruns/por_data/2026/06/semana_24/2026-06-14/forum_grande_reforma_freio_seguranca_qualidade_autocura_20260614.md: Copied (new)
2026/08/09 08:55:52 INFO  : Foruns/por_data/2026/06/semana_24/2026-06-14/forum_julgamento_rascunhos_pos_reforma_glm_20260614.md: Copied (new)
2026/08/09 08:55:52 INFO  : Foruns/por_data/2026/06/semana_24/2026-06-14/forum_midia_reprovada_canario_reforma_20260614.md: Copied (new)
2026/08/09 08:55:52 INFO  : Foruns/por_data/2026/06/semana_24/2026-06-14/forum_marcacao_sistemas_monitoramento_20260614.md: Copied (new)
2026/08/09 08:55:52 INFO  : Foruns/por_data/2026/06/semana_24/2026-06-14/forum_relatorio_factcheck_vies_canario_qwen_20260614.md: Copied (new)
2026/08/09 08:55:52 INFO  : Foruns/por_data/2026/06/semana_24/2026-06-14/forum_revisao_fronteira_lula_eleicoes_nacional_glm_20260614.md: Copied (new)
2026/08/09 08:55:52 INFO  : Foruns/por_data/2026/06/semana_24/2026-06-14/forum_smoke_test_autocura_monitoramento_kimi_20260614.md: Copied (new)
2026/08/09 08:55:52 INFO  : Foruns/por_data/2026/06/semana_24/2026-06-14/forum_smoke_test_deploy_tencent_kimi_20260614.md: Copied (new)
2026/08/09 08:55:52 INFO  : Foruns/por_data/2026/06/semana_24/2026-06-14/forum_smoke_test_fact_checking_kimi_20260614.md: Copied (new)
2026/08/09 08:55:52 INFO  : Foruns/por_data/2026/06/semana_24/2026-06-14/forum_smoke_test_indexacao_google_kimi_20260614.md: Copied (new)
2026/08/09 08:55:52 INFO  : Foruns/por_data/2026/06/semana_24/2026-06-14/forum_preparacao_publicacao_marco_transporte_lula_20260614.md: Copied (new)
2026/08/09 08:55:52 INFO  : Foruns/por_data/2026/06/semana_24/2026-06-14/forum_smoke_test_maestro_publicador_kimi_20260614.md: Copied (new)
2026/08/09 08:55:52 INFO  : Backups/backup_cerebro_20260728_164635/Foruns/INDICE_FORUNS_SEMANAL.md: Copied (new)
2026/08/09 08:55:52 INFO  : Backups/backup_cerebro_20260728_164635/Foruns/auditoria_gasto_gemini_98_reais_20260719.md: Copied (new)
2026/08/09 08:55:52 INFO  : Backups/backup_cerebro_20260728_164635/Foruns/canal_claude_antigravity.md: Copied (new)
2026/08/09 08:55:52 INFO  : Backups/backup_cerebro_20260728_164635/Foruns/anotacao_glm_estado_demo_lula_20260625.md: Copied (new)
2026/08/09 08:55:52 INFO  : Backups/backup_cerebro_20260728_164635/Foruns/MANIFESTO_REFORMA_VISUAL_CAFEZINHO_20260727.md: Copied (new)
2026/08/09 08:55:52 INFO  : Backups/backup_cerebro_20260728_164635/Foruns/MANIFESTO_REORGANIZACAO_FORUNS_20260717.md: Copied (new)
2026/08/09 08:55:52 INFO  : Backups/backup_cerebro_20260728_164635/Foruns/artigo_panorama_petroleo_20260711.md: Copied (new)
2026/08/09 08:55:52 INFO  : Backups/backup_cerebro_20260728_164635/Foruns/canal_trindade.md.restored: Copied (new)
2026/08/09 08:55:52 INFO  : Foruns/por_data/2026/06/semana_24/2026-06-14/forum_autorizacoes_daemon_claude_20260614.md: Copied (new)
2026/08/09 08:55:52 INFO  : Backups/backup_cerebro_20260728_164635/Foruns/CHECKPOINT_SESSAO_20260709_1205.md: Copied (new)
2026/08/09 08:55:52 INFO  : Backups/backup_cerebro_20260728_164635/Foruns/carta_agy_descoberta_gpt5_5_pro_api_20260701.md: Copied (new)
2026/08/09 08:55:52 INFO  : Backups/backup_cerebro_20260728_164635/Foruns/carta_agy_ativacao_proxy_nyc_20260703.md: Copied (new)
2026/08/09 08:55:52 INFO  : Backups/backup_cerebro_20260728_164635/Foruns/canal_trindade.md: Copied (new)
2026/08/09 08:55:53 INFO  : Backups/backup_cerebro_20260728_164635/Foruns/carta_agy_sprint_telemetria_cobertura_v4_20260718.md: Copied (new)
2026/08/09 08:55:53 INFO  : Backups/backup_cerebro_20260728_164635/Foruns/carta_claude_auditoria_fase9a_retorno_007_20260710.md: Copied (new)
2026/08/09 08:55:53 INFO  : Backups/backup_cerebro_20260728_164635/Foruns/canal_trindade_backup_20260710_pre_reorg.md: Copied (new)
2026/08/09 08:55:53 INFO  : Backups/backup_cerebro_20260728_164635/Foruns/carta_claude_codex_prometheus_v4_20260708.md: Copied (new)
2026/08/09 08:55:53 INFO  : Backups/backup_cerebro_20260728_164635/Foruns/carta_engenheiros_trindade_v4_r6_20260718.md: Copied (new)
2026/08/09 08:55:53 INFO  : Backups/backup_cerebro_20260728_164635/Foruns/carta_deepseek_coordenacao_pesquisa_v4_20260718.md: Copied (new)
2026/08/09 08:55:53 INFO  : Backups/backup_cerebro_20260728_164635/Foruns/carta_fable_adendo_fase5_failclosed_20260709.md: Copied (new)
2026/08/09 08:55:53 INFO  : Backups/backup_cerebro_20260728_164635/Foruns/carta_fable_adendo_final_fase5_typefix_20260710.md: Copied (new)
2026/08/09 08:55:53 INFO  : Backups/backup_cerebro_20260728_164635/Foruns/carta_engenheiros_trindade_v4_r7_20260719.md: Copied (new)
2026/08/09 08:55:53 INFO  : Backups/backup_cerebro_20260728_164635/Foruns/carta_fable_auditoria_fase5_preflight_ratificado_20260709.md: Copied (new)
2026/08/09 08:55:53 INFO  : Backups/backup_cerebro_20260728_164635/Foruns/carta_claude_codex_feedback_telemetria_v4_20260708.md: Copied (new)
2026/08/09 08:55:53 INFO  : Backups/backup_cerebro_20260728_164635/Foruns/carta_fable_auditoria_fase4_auditfix_20260709.md: Copied (new)
2026/08/09 08:55:53 INFO  : Backups/backup_cerebro_20260728_164635/Foruns/carta_claude_code_integracao_ativacao_v4_20260718.md: Copied (new)
2026/08/09 08:55:53 INFO  : Backups/backup_cerebro_20260728_164635/Foruns/carta_fable_auditoria_fase7_multi_item_20260710.md: Copied (new)
2026/08/09 08:55:53 INFO  : Backups/backup_cerebro_20260728_164635/Foruns/carta_fable_auditoria_fase6_multicase_20260710.md: Copied (new)
2026/08/09 08:55:53 INFO  : Backups/backup_cerebro_20260728_164635/Foruns/carta_fable_gpt55_auditoria_fase6_multicase_20260710.md: Copied (new)
2026/08/09 08:55:53 INFO  : Backups/backup_cerebro_20260728_164635/Foruns/carta_glm_endosso_diretiva_gpt_foco_passo1_20260625.md.bak_pre_wp_redacao_nova_20260727_044058: Copied (new)
2026/08/09 08:55:53 INFO  : Backups/backup_cerebro_20260728_164635/Foruns/carta_gpt55_fable_auditoria_fase5_promocao_preflight_20260709.md: Copied (new)
2026/08/09 08:55:53 INFO  : Backups/backup_cerebro_20260728_164635/Foruns/carta_humanizada_codex_trindade_reforma_agentes_20260717.md: Copied (new)
2026/08/09 08:55:53 INFO  : Backups/backup_cerebro_20260728_164635/Foruns/carta_grok_sprint_imagens_v4_20260718.md: Copied (new)
2026/08/09 08:55:53 INFO  : Backups/backup_cerebro_20260728_164635/Foruns/carta_glm_endosso_diretiva_gpt_foco_passo1_20260625.md: Copied (new)
2026/08/09 08:55:53 INFO  : Backups/backup_cerebro_20260728_164635/Foruns/carta_humanizada_codex_trindade_reforma_agentes_fase3_20260717.md: Copied (new)
2026/08/09 08:55:53 INFO  : Backups/backup_cerebro_20260728_164635/Foruns/carta_kilo_sprint_geopolitica_v4_20260718.md: Copied (new)
2026/08/09 08:55:53 INFO  : Backups/backup_cerebro_20260728_164635/Foruns/carta_insistencia_protocolo_comunicacao_maestro_20260719.md: Copied (new)
2026/08/09 08:55:53 INFO  : Backups/backup_cerebro_20260728_164635/Foruns/carta_kimi_usar_apis_assinatura_decisao_miguel_20260725.md: Copied (new)
2026/08/09 08:55:53 INFO  : Backups/backup_cerebro_20260728_164635/Foruns/carta_gpt_coordenacao_cadeia_comando_20260625.md: Copied (new)
2026/08/09 08:55:53 INFO  : Backups/backup_cerebro_20260728_164635/Foruns/carta_glm_resposta_codex_seletor_r2_20260625.md: Copied (new)
2026/08/09 08:55:53 INFO  : Backups/backup_cerebro_20260728_164635/Foruns/carta_kimi_mapa_apis_assinatura_externa_20260725.md: Copied (new)
2026/08/09 08:55:53 INFO  : Backups/backup_cerebro_20260728_164635/Foruns/carta_miguel_coordenacao_unica_codex_20260625.md: Copied (new)
2026/08/09 08:55:53 INFO  : Backups/backup_cerebro_20260728_164635/Foruns/carta_kimi3_sprint_editorial_v4_20260718.md: Copied (new)
2026/08/09 08:55:53 INFO  : Backups/backup_cerebro_20260728_164635/Foruns/carta_passagem_autoridade_codex_claude_20260719.md: Copied (new)
2026/08/09 08:55:53 INFO  : Backups/backup_cerebro_20260728_164635/Foruns/carta_pedido_respostas_agentes_pendentes_20260707.md: Copied (new)
2026/08/09 08:55:53 INFO  : Backups/backup_cerebro_20260728_164635/Foruns/carta_revisao_deepseek_sprint_v4_20260717.md: Copied (new)
2026/08/09 08:55:54 INFO  : Backups/backup_cerebro_20260728_164635/Foruns/carta_unificada_engenheiros_reforma_v4_sprint_20260717.md: Copied (new)
2026/08/09 08:55:54 INFO  : Backups/backup_cerebro_20260728_164635/Foruns/carta_transferencia_baleia_azul_codex_claude_20260719.md: Copied (new)
2026/08/09 08:55:54 INFO  : Backups/backup_cerebro_20260728_164635/Foruns/carta_recuperacao_memoria_engenheiros_reforma_v4_20260717.md: Copied (new)
2026/08/09 08:55:54 INFO  : Backups/backup_cerebro_20260728_164635/Foruns/checkpoint_v4_ciencia_geopolitica_20260713.md: Copied (new)
2026/08/09 08:55:54 INFO  : Backups/backup_cerebro_20260728_164635/Foruns/diagnostico_provedores_visao_deepseek_20260717.md: Copied (new)
2026/08/09 08:55:54 INFO  : Backups/backup_cerebro_20260728_164635/Foruns/carta_repreensao_agy_identidade_e_escopo_20260717.md: Copied (new)
2026/08/09 08:55:54 INFO  : Backups/backup_cerebro_20260728_164635/Foruns/carta_repreensao_identidade_operacional_20260717.md: Copied (new)
2026/08/09 08:55:54 INFO  : Backups/backup_cerebro_20260728_164635/Foruns/diagnostico_revisado_provedores_visao_deepseek_20260717.md: Copied (new)
2026/08/09 08:55:54 INFO  : Backups/backup_cerebro_20260728_164635/Foruns/ensaio_geopolitica_petroleo_2026.md: Copied (new)
2026/08/09 08:55:54 INFO  : Backups/backup_cerebro_20260728_164635/Foruns/execucao_pausa_coletores_legados_nyc_20260719.md: Copied (new)
2026/08/09 08:55:54 INFO  : Backups/backup_cerebro_20260728_164635/Foruns/forum_acesso_ssh_servidor_wp_cafezinho_20260720.md: Copied (new)
2026/08/09 08:55:54 INFO  : Backups/backup_cerebro_20260728_164635/Foruns/forum_ajustes_v3_banco_midia_legado_20260626.md: Copied (new)
2026/08/09 08:55:54 INFO  : Backups/backup_cerebro_20260728_164635/Foruns/dossie_jason_miller_20260707.md: Copied (new)
2026/08/09 08:55:54 INFO  : Backups/backup_cerebro_20260728_164635/Foruns/forum_arquitetura_agente_politica_grande_reforma_20260617.md: Copied (new)
2026/08/09 08:55:54 INFO  : Backups/backup_cerebro_20260728_164635/Foruns/credenciais_pesquisa_petroleo.md: Copied (new)
2026/08/09 08:55:54 INFO  : Backups/backup_cerebro_20260728_164635/Foruns/forum_analise_gsc_completa_20260714.md: Copied (new)
2026/08/09 08:55:54 INFO  : Backups/backup_cerebro_20260728_164635/Foruns/forum_analise_editorial_audiencia_gsc_20260720.md: Copied (new)
2026/08/09 08:55:54 INFO  : Backups/backup_cerebro_20260728_164635/Foruns/forum_arquitetura_v4_imagem_ciencia_hibrido_diretrizes_20260707.md: Copied (new)
2026/08/09 08:55:54 INFO  : Backups/backup_cerebro_20260728_164635/Foruns/forum_arquitetura_legendador_bbc.md: Copied (new)
2026/08/09 08:55:54 INFO  : Backups/backup_cerebro_20260728_164635/Foruns/forum_auditoria_indexacao_sites_tematicos_20260713.md: Copied (new)
2026/08/09 08:55:54 INFO  : Backups/backup_cerebro_20260728_164635/Foruns/forum_auditoria_failover_crontab_20260701.md: Copied (new)
2026/08/09 08:55:54 INFO  : Backups/backup_cerebro_20260728_164635/Foruns/forum_backup_retomada_backblaze_pre_reforma_20260707.md: Copied (new)
2026/08/09 08:55:54 INFO  : Backups/backup_cerebro_20260728_164635/Foruns/forum_backup_pre_reforma_diretrizes_20260707.md: Copied (new)
2026/08/09 08:55:54 INFO  : Backups/backup_cerebro_20260728_164635/Foruns/forum_autocura_v3_20260703.md: Copied (new)
2026/08/09 08:55:54 INFO  : Backups/backup_cerebro_20260728_164635/Foruns/forum_backup_v4_tematicos_backblaze_20260717_004222.md: Copied (new)
2026/08/09 08:55:54 INFO  : Backups/backup_cerebro_20260728_164635/Foruns/forum_backup_seletivo_pre_execucao_v4_20260708.md: Copied (new)
2026/08/09 08:55:54 INFO  : Backups/backup_cerebro_20260728_164635/Foruns/forum_auditoria_baleia_azul_reforma_v4_20260717.md: Copied (new)
2026/08/09 08:55:54 INFO  : Backups/backup_cerebro_20260728_164635/Foruns/forum_bug_duplicate_content_www_vs_semwww_20260706.md: Copied (new)
2026/08/09 08:55:54 INFO  : Backups/backup_cerebro_20260728_164635/Foruns/forum_autocura_imagens_v4_20260714.md: Copied (new)
2026/08/09 08:55:54 INFO  : Backups/backup_cerebro_20260728_164635/Foruns/forum_banco_eleitoral_cerebro_20260727.md: Copied (new)
2026/08/09 08:55:54 INFO  : Backups/backup_cerebro_20260728_164635/Foruns/forum_cafezinho_news_bloqueio_indexacao_seo_20260706.md: Copied (new)
2026/08/09 08:55:54 INFO  : Backups/backup_cerebro_20260728_164635/Foruns/forum_cafezinho_site_multilingue_20260727.md: Copied (new)
2026/08/09 08:55:54 INFO  : Backups/backup_cerebro_20260728_164635/Foruns/forum_carta_claude_manifesto_ativos_sites_cerebro_20260717.md: Copied (new)
2026/08/09 08:55:55 INFO  : Backups/backup_cerebro_20260728_164635/Foruns/forum_correcao_baleia_azul_cctv_envio_duplicado_20260717.md: Copied (new)
2026/08/09 08:55:55 INFO  : Backups/backup_cerebro_20260728_164635/Foruns/forum_coleta_dados_petroleo_20260711.md: Copied (new)
2026/08/09 08:55:55 INFO  : Backups/backup_cerebro_20260728_164635/Foruns/forum_deploy_canonico_tablet_historico_20260727.md: Copied (new)
2026/08/09 08:55:55 INFO  : Backups/backup_cerebro_20260728_164635/Foruns/forum_dualidade_nyc_tencent_20260726.md: Copied (new)
2026/08/09 08:55:55 INFO  : Backups/backup_cerebro_20260728_164635/Foruns/forum_emagrecimento_workspace_nuvem_first_20260722.md: Copied (new)
2026/08/09 08:55:55 INFO  : Backups/backup_cerebro_20260728_164635/Foruns/forum_dois_eixos_v4_texto_humano_charge_editorial_20260718.md: Copied (new)
2026/08/09 08:55:55 INFO  : Backups/backup_cerebro_20260728_164635/Foruns/forum_explicativo_agentes_tematicos_20260714.md: Copied (new)
2026/08/09 08:55:55 INFO  : Backups/backup_cerebro_20260728_164635/Foruns/forum_faxina_comunicacao_v4_20260718.md: Copied (new)
2026/08/09 08:55:55 INFO  : Backups/backup_cerebro_20260728_164635/Foruns/forum_foto_na_hora_flickr_20260728.md: Copied (new)
2026/08/09 08:55:55 INFO  : Backups/backup_cerebro_20260728_164635/Foruns/forum_exercicio_copia_cafezinho_news_20260629.md: Copied (new)
2026/08/09 08:55:55 INFO  : Backups/backup_cerebro_20260728_164635/Foruns/forum_ideias_livros_miguel.md: Copied (new)
2026/08/09 08:55:55 INFO  : Backups/backup_cerebro_20260728_164635/Foruns/forum_investigacao_gemini_quota_e_geradores_imagem_v4_20260719.md: Copied (new)
2026/08/09 08:55:55 INFO  : Backups/backup_cerebro_20260728_164635/Foruns/forum_central_reforma_v4_20260717.md: Copied (new)
2026/08/09 08:55:55 INFO  : Backups/backup_cerebro_20260728_164635/Foruns/forum_kibir_liberacao_publicacao_v4_20260722.md: Copied (new)
2026/08/09 08:55:55 INFO  : Backups/backup_cerebro_20260728_164635/Foruns/forum_gsn_post_sem_imagem_20260723.md: Copied (new)
2026/08/09 08:55:55 INFO  : Backups/backup_cerebro_20260728_164635/Foruns/forum_feedback_1a5_autocura_editorial_v4_20260718.md: Copied (new)
2026/08/09 08:55:55 INFO  : Backups/backup_cerebro_20260728_164635/Foruns/forum_kimi_bugs_persistentes_upstream_v4_20260724.md: Copied (new)
2026/08/09 08:55:55 INFO  : Backups/backup_cerebro_20260728_164635/Foruns/forum_kimi_diagnostico_infraestrutura_autocura_20260727.md: Copied (new)
2026/08/09 08:55:55 INFO  : Backups/backup_cerebro_20260728_164635/Foruns/forum_kimi_diagnostico_tematicos_e_loop_20260724.md: Copied (new)
2026/08/09 08:55:55 INFO  : Backups/backup_cerebro_20260728_164635/Foruns/forum_kimi_v4_geopolitica_cartoon_orfao_bloqueio_20260727.md: Copied (new)
2026/08/09 08:55:55 INFO  : Backups/backup_cerebro_20260728_164635/Foruns/forum_buscador_inteligente_unificado_20260717.md: Copied (new)
2026/08/09 08:55:55 INFO  : Backups/backup_cerebro_20260728_164635/Foruns/forum_leitor_de_video_20260721.md: Copied (new)
2026/08/09 08:55:55 INFO  : Backups/backup_cerebro_20260728_164635/Foruns/forum_livro_filhos_da_impunidade_20260722.md: Copied (new)
2026/08/09 08:55:55 INFO  : Backups/backup_cerebro_20260728_164635/Foruns/forum_limpeza_crontab_tencent_20260626.md: Copied (new)
2026/08/09 08:55:55 INFO  : Backups/backup_cerebro_20260728_164635/Foruns/forum_maestro_local_20260719.md: Copied (new)
2026/08/09 08:55:55 INFO  : Backups/backup_cerebro_20260728_164635/Foruns/forum_lab_visual_cafezinho_news_20260720.md: Copied (new)
2026/08/09 08:55:55 INFO  : Backups/backup_cerebro_20260728_164635/Foruns/forum_moka_capacitor_app.md: Copied (new)
2026/08/09 08:55:56 INFO  : Backups/backup_cerebro_20260728_164635/Foruns/forum_manifesto_monitor_cafezinho_60min_20260719.md: Copied (new)
2026/08/09 08:55:56 INFO  : Backups/backup_cerebro_20260728_164635/Foruns/forum_kimi_webverify_e_brave_desativado_20260726.md: Copied (new)
2026/08/09 08:55:56 INFO  : Backups/backup_cerebro_20260728_164635/Foruns/forum_moka_monetizacao_unificacao_20260722.md: Copied (new)
2026/08/09 08:55:56 INFO  : Backups/backup_cerebro_20260728_164635/Foruns/forum_moka_campanha_socios_20260722.md: Copied (new)
2026/08/09 08:55:56 INFO  : Backups/backup_cerebro_20260728_164635/Foruns/forum_kimi_travas_v4_nacional_e_ciencia_20260727.md: Copied (new)
2026/08/09 08:55:56 INFO  : Backups/backup_cerebro_20260728_164635/Foruns/forum_moka_reader_20260720.md: Copied (new)
2026/08/09 08:55:56 INFO  : Backups/backup_cerebro_20260728_164635/Foruns/forum_moka_pesquisa_ia_investimento_20260722.md: Copied (new)
2026/08/09 08:55:56 INFO  : Backups/backup_cerebro_20260728_164635/Foruns/forum_moka_plano_de_negocios_20260722.md: Copied (new)
2026/08/09 08:55:56 INFO  : Backups/backup_cerebro_20260728_164635/Foruns/forum_moka_premium_20260722.md: Copied (new)
2026/08/09 08:55:56 INFO  : Backups/backup_cerebro_20260728_164635/Foruns/forum_moka_email_godaddy_20260722.md: Copied (new)
2026/08/09 08:55:56 INFO  : Backups/backup_cerebro_20260728_164635/Foruns/forum_maestro_local_v2_20260719.md: Copied (new)
2026/08/09 08:55:56 INFO  : Backups/backup_cerebro_20260728_164635/Foruns/forum_nova_rodada_v4_arquitetura_imagem_tecnologia_20260707.md: Copied (new)
2026/08/09 08:55:56 INFO  : Backups/backup_cerebro_20260728_164635/Foruns/forum_no_home_por_nota_coleta_20260721.md: Copied (new)
2026/08/09 08:55:56 INFO  : Backups/backup_cerebro_20260728_164635/Foruns/forum_moka_video_implementacao_20260721.md: Copied (new)
2026/08/09 08:55:56 INFO  : Backups/backup_cerebro_20260728_164635/Foruns/forum_novas_diretrizes_editoriais_correio_brasil_20260707.md: Copied (new)
2026/08/09 08:55:56 INFO  : Backups/backup_cerebro_20260728_164635/Foruns/forum_novo_sistema_agentes_v4_e_diretrizes_20260707.md: Copied (new)
2026/08/09 08:55:56 INFO  : Backups/backup_cerebro_20260728_164635/Foruns/forum_painel_leve_v4_autonomia_20260718_0955.md: Copied (new)
2026/08/09 08:55:56 INFO  : Backups/backup_cerebro_20260728_164635/Foruns/forum_organizacao_arquivos_v4_deploy_tencent_20260709.md: Copied (new)
2026/08/09 08:55:56 INFO  : Backups/backup_cerebro_20260728_164635/Foruns/forum_parecer_agy_maestro_local_20260719.md: Copied (new)
2026/08/09 08:55:56 INFO  : Backups/backup_cerebro_20260728_164635/Foruns/forum_moka_traducao_livro_volumes_20260721.md: Copied (new)
2026/08/09 08:55:56 INFO  : Backups/backup_cerebro_20260728_164635/Foruns/forum_parecer_grok_maestro_local_20260719.md: Copied (new)
2026/08/09 08:55:56 INFO  : Backups/backup_cerebro_20260728_164635/Foruns/forum_parecer_kimi_maestro_local_20260719.md: Copied (new)
2026/08/09 08:55:56 INFO  : Backups/backup_cerebro_20260728_164635/Foruns/forum_parecer_glm_maestro_local_20260719.md: Copied (new)
2026/08/09 08:55:56 INFO  : Backups/backup_cerebro_20260728_164635/Foruns/forum_parecer_qwen_maestro_local_20260719.md: Copied (new)
2026/08/09 08:55:56 INFO  : Backups/backup_cerebro_20260728_164635/Foruns/forum_pautas_editoriais_20260701.md: Copied (new)
2026/08/09 08:55:56 INFO  : Backups/backup_cerebro_20260728_164635/Foruns/forum_parecer_deepseek_maestro_local_20260719.md: Copied (new)
2026/08/09 08:55:56 INFO  : Backups/backup_cerebro_20260728_164635/Foruns/forum_parecer_codex_maestro_local_20260719.md: Copied (new)
2026/08/09 08:55:56 INFO  : Backups/backup_cerebro_20260728_164635/Foruns/forum_pesquisa_profunda_petroleo_20260711_claude.md: Copied (new)
2026/08/09 08:55:56 INFO  : Backups/backup_cerebro_20260728_164635/Foruns/forum_producao_v4_curadoria_tese_20260709.md: Copied (new)
2026/08/09 08:55:56 INFO  : Backups/backup_cerebro_20260728_164635/Foruns/forum_protocolo_vai_reforma_v4_20260717.md: Copied (new)
2026/08/09 08:55:57 INFO  : Backups/backup_cerebro_20260728_164635/Foruns/forum_publicacao_china_trump_ormuz_20260721.md: Copied (new)
2026/08/09 08:55:57 INFO  : Backups/backup_cerebro_20260728_164635/Foruns/forum_reforma_visual_cafezinho_20260727.md: Copied (new)
2026/08/09 08:55:57 INFO  : Backups/backup_cerebro_20260728_164635/Foruns/forum_processo_continuidade_reforma_v4_20260717.md: Copied (new)
2026/08/09 08:55:57 INFO  : Backups/backup_cerebro_20260728_164635/Foruns/forum_pesquisa_profunda_petroleo_20260711_gpt.md: Copied (new)
2026/08/09 08:55:57 INFO  : Backups/backup_cerebro_20260728_164635/Foruns/forum_reorganizacao_agentes_cafezinho_20260717.md: Copied (new)
2026/08/09 08:55:57 INFO  : Backups/backup_cerebro_20260728_164635/Foruns/forum_principios_fundamentais_novo_v4_20260708.md: Copied (new)
2026/08/09 08:55:57 INFO  : Backups/backup_cerebro_20260728_164635/Foruns/forum_reorganizacao_agentes_cafezinho_fase3_20260717.md: Copied (new)
2026/08/09 08:55:57 INFO  : Backups/backup_cerebro_20260728_164635/Foruns/forum_reorganizacao_base_level_top_level_20260717.md: Copied (new)
2026/08/09 08:55:57 INFO  : Backups/backup_cerebro_20260728_164635/Foruns/forum_reorganizacao_agentes_cafezinho_fase4_20260717.md: Copied (new)
2026/08/09 08:55:57 INFO  : Backups/backup_cerebro_20260728_164635/Foruns/forum_proposta_reducao_agentes_audiencia_20260617.md: Copied (new)
2026/08/09 08:55:57 INFO  : Backups/backup_cerebro_20260728_164635/Foruns/forum_reorganizacao_base_level_top_level_20260717_pca_fase4_codex.md: Copied (new)
2026/08/09 08:55:57 INFO  : Backups/backup_cerebro_20260728_164635/Foruns/forum_repetidor_estatal_opcao_d_20260717.md.bak_pre_wp_redacao_nova_20260727_044058: Copied (new)
2026/08/09 08:55:57 INFO  : Backups/backup_cerebro_20260728_164635/Foruns/forum_repetidor_estatal_opcao_d_20260717.md: Copied (new)
2026/08/09 08:55:57 INFO  : Backups/backup_cerebro_20260728_164635/Foruns/forum_repetidor_estatal_redeploy_nyc_20260714.md: Copied (new)
2026/08/09 08:55:57 INFO  : Backups/backup_cerebro_20260728_164635/Foruns/forum_resposta_codex_claude_telemetria_prometheus_despesas_v4_20260708.md: Copied (new)
2026/08/09 08:55:57 INFO  : Backups/backup_cerebro_20260728_164635/Foruns/forum_resumo_humano_estado_v4_20260708.md: Copied (new)
2026/08/09 08:55:57 INFO  : Backups/backup_cerebro_20260728_164635/Foruns/forum_rodada4_cartum_canario_ativacao_v4_20260718.md: Copied (new)
2026/08/09 08:55:57 INFO  : Backups/backup_cerebro_20260728_164635/Foruns/forum_rodada3_ativacao_equipe_v4_20260718.md: Copied (new)
2026/08/09 08:55:57 INFO  : Backups/backup_cerebro_20260728_164635/Foruns/forum_revisao_qualidade_agentes_tematicos_20260714.md: Copied (new)
2026/08/09 08:55:57 INFO  : Backups/backup_cerebro_20260728_164635/Foruns/forum_rodada7_tribunal_visual_qwen_gemini_v4_20260719.md: Copied (new)
2026/08/09 08:55:57 INFO  : Backups/backup_cerebro_20260728_164635/Foruns/forum_plano_trabalho_execucao_novo_v4_20260708.md: Copied (new)
2026/08/09 08:55:57 INFO  : Backups/backup_cerebro_20260728_164635/Foruns/forum_rodada6_autonomia_real_v4_20260718.md: Copied (new)
2026/08/09 08:55:57 INFO  : Backups/backup_cerebro_20260728_164635/Foruns/forum_separacao_service_accounts_indexing_20260714.md: Copied (new)
2026/08/09 08:55:57 INFO  : Backups/backup_cerebro_20260728_164635/Foruns/forum_sprint_ativacao_v4_autonomia_midia_20260718.md: Copied (new)
2026/08/09 08:55:57 INFO  : Backups/backup_cerebro_20260728_164635/Foruns/forum_rodada5_pre_prova_real_v4_20260718.md: Copied (new)
2026/08/09 08:55:57 INFO  : Backups/backup_cerebro_20260728_164635/Foruns/forum_sprint_reforma_v4_autonomia_operacional_20260717.md: Copied (new)
2026/08/09 08:55:57 INFO  : Backups/backup_cerebro_20260728_164635/Foruns/forum_sprint_sites_tematicos_completo_20260714.md: Copied (new)
2026/08/09 08:55:57 INFO  : Backups/backup_cerebro_20260728_164635/Foruns/forum_saneamento_seo_automatizado_lotes_20260701.md: Copied (new)
2026/08/09 08:55:57 INFO  : Backups/backup_cerebro_20260728_164635/Foruns/forum_sprints_paralelos_v4_qualidade_imagem_geopolitica_20260718.md: Copied (new)
2026/08/09 08:55:57 INFO  : Backups/backup_cerebro_20260728_164635/Foruns/forum_sprint_v3_reforma_pipeline_fase_por_fase_20260623.md: Copied (new)
2026/08/09 08:55:57 INFO  : Backups/backup_cerebro_20260728_164635/Foruns/forum_tutorial_acesso_dados_ibge_sidra_20260710.md: Copied (new)
2026/08/09 08:55:58 INFO  : Backups/backup_cerebro_20260728_164635/Foruns/forum_v4_canario_ciencia_geopolitica_20260713.md: Copied (new)
2026/08/09 08:55:58 INFO  : Backups/backup_cerebro_20260728_164635/Foruns/forum_tribunal_visual_consultivo_v4_20260722.md: Copied (new)
2026/08/09 08:55:58 INFO  : Backups/backup_cerebro_20260728_164635/Foruns/forum_super_luxo_editorial_v4_espelhado_20260707.md: Copied (new)
2026/08/09 08:55:58 INFO  : Backups/backup_cerebro_20260728_164635/Foruns/forum_sprint_rapida_acervo_midia_prevision_20260626.md: Copied (new)
2026/08/09 08:55:58 INFO  : Backups/backup_cerebro_20260728_164635/Foruns/forum_v4_fase5_ratificacao_promocao_preflight_20260709.md: Copied (new)
2026/08/09 08:55:58 INFO  : Backups/backup_cerebro_20260728_164635/Foruns/forum_v4_fase7_multi_item_lab_20260710.md: Copied (new)
2026/08/09 08:55:58 INFO  : Backups/backup_cerebro_20260728_164635/Foruns/forum_v4_fase6_multicase_dryrun_20260710.md: Copied (new)
2026/08/09 08:55:58 INFO  : Backups/backup_cerebro_20260728_164635/Foruns/forum_v4_fase9a_curta_retorno_007_20260710.md: Copied (new)
2026/08/09 08:55:58 INFO  : Backups/backup_cerebro_20260728_164635/Foruns/forum_tutorial_baleia_azul_handover_deepseek_codex_20260717.md: Copied (new)
2026/08/09 08:55:58 INFO  : Backups/backup_cerebro_20260728_164635/Foruns/forum_v4_linguagem_analise_objetos_culturais_20260710.md: Copied (new)
2026/08/09 08:55:58 INFO  : Backups/backup_cerebro_20260728_164635/Foruns/forum_v4_fase8_curadoria_forte_cultura_20260710.md: Copied (new)
2026/08/09 08:55:58 INFO  : Backups/backup_cerebro_20260728_164635/Foruns/forum_video_diario_multirrede_20260723.md: Copied (new)
2026/08/09 08:55:58 INFO  : Backups/backup_cerebro_20260728_164635/Foruns/forum_v4_proveniencia_007_20260713.md: Copied (new)
2026/08/09 08:55:58 INFO  : Backups/backup_cerebro_20260728_164635/Foruns/forum_v4_rascunho_primeiro_autocura_20260709.md: Copied (new)
2026/08/09 08:55:58 INFO  : Backups/backup_cerebro_20260728_164635/Foruns/forum_zizilinda_diagnostico_20260727.md: Copied (new)
2026/08/09 08:55:58 INFO  : Backups/backup_cerebro_20260728_164635/Foruns/forum_v4_curadoria_tese_editorial_20260708.md: Copied (new)
2026/08/09 08:55:58 INFO  : Backups/backup_cerebro_20260728_164635/Foruns/gsn_forum_estabilizacao_idempotencia.md: Copied (new)
2026/08/09 08:55:58 INFO  : Backups/backup_cerebro_20260728_164635/Foruns/parecer_maestro_local_grok_20260719.md: Copied (new)
2026/08/09 08:55:58 INFO  : Backups/backup_cerebro_20260728_164635/Foruns/manifesto_deepseek_sprint_v4_20260717.md: Copied (new)
2026/08/09 08:55:58 INFO  : Backups/backup_cerebro_20260728_164635/Foruns/manifesto_kibir_liberacao_publicacao_v4_20260722.md: Copied (new)
2026/08/09 08:55:58 INFO  : Backups/backup_cerebro_20260728_164635/Foruns/incidente_usurpacao_identidade_codex_20260717.md: Copied (new)
2026/08/09 08:55:58 INFO  : Backups/backup_cerebro_20260728_164635/Foruns/parecer_claude_microsservicos_publicador_20260625.md: Copied (new)
2026/08/09 08:55:58 INFO  : Backups/backup_cerebro_20260728_164635/Foruns/plano_apuracao_f9a_opcao_a_provisoria_007_20260710.md: Copied (new)
2026/08/09 08:55:58 INFO  : Backups/backup_cerebro_20260728_164635/Foruns/ponto_retomada_agy_maestro_parecer_20260719_1127.md: Copied (new)
2026/08/09 08:55:58 INFO  : Backups/backup_cerebro_20260728_164635/Foruns/ponto_retomada_auditoria_v4_20260717_1431.md: Copied (new)
2026/08/09 08:55:58 INFO  : Backups/backup_cerebro_20260728_164635/Foruns/manifesto_handover_baleia_azul_deepseek_20260717.md: Copied (new)
2026/08/09 08:55:58 INFO  : Backups/backup_cerebro_20260728_164635/Foruns/ponte_kimi_link.md: Copied (new)
2026/08/09 08:55:58 INFO  : Backups/backup_cerebro_20260728_164635/Foruns/ponto_retomada_claude_sessao_20260724_1350.md: Copied (new)
2026/08/09 08:55:58 INFO  : Backups/backup_cerebro_20260728_164635/Foruns/incidente_gemini_credito_e_auditoria_custo_20260719.md: Copied (new)
2026/08/09 08:55:58 INFO  : Backups/backup_cerebro_20260728_164635/Foruns/ponto_retomada_claude_chefe_ecossistema_20260719_1020.md: Copied (new)
2026/08/09 08:55:58 INFO  : Backups/backup_cerebro_20260728_164635/Foruns/ponto_retomada_claude_sessao_20260727_0523.md: Copied (new)
2026/08/09 08:55:58 INFO  : Backups/backup_cerebro_20260728_164635/Foruns/ponto_retomada_claude_sessao_20260727_0535.md: Copied (new)
2026/08/09 08:55:59 INFO  : Backups/backup_cerebro_20260728_164635/Foruns/ponto_retomada_claude_v4_r4_20260718_1345.md: Copied (new)
2026/08/09 08:55:59 INFO  : Backups/backup_cerebro_20260728_164635/Foruns/ponto_retomada_claude_v4_r5_20260718_1500.md: Copied (new)
2026/08/09 08:55:59 INFO  : Backups/backup_cerebro_20260728_164635/Foruns/ponto_retomada_claude_v4_r3_20260718_1202.md: Copied (new)
2026/08/09 08:55:59 INFO  : Backups/backup_cerebro_20260728_164635/Foruns/ponto_retomada_claude_v4_r6_20260718_2244.md: Copied (new)
2026/08/09 08:55:59 INFO  : Backups/backup_cerebro_20260728_164635/Foruns/ponto_retomada_codex_motor_coletor_20260719_0905.md: Copied (new)
2026/08/09 08:55:59 INFO  : Backups/backup_cerebro_20260728_164635/Foruns/ponto_retomada_codex_operacao_20260721_1000.md: Copied (new)
2026/08/09 08:55:59 INFO  : Backups/backup_cerebro_20260728_164635/Foruns/ponto_retomada_codex_auditoria_gemini_20260719_0843.md: Copied (new)
2026/08/09 08:55:59 INFO  : Backups/backup_cerebro_20260728_164635/Foruns/ponto_retomada_codex_abertura_r5_v4_20260718.md: Copied (new)
2026/08/09 08:55:59 INFO  : Backups/backup_cerebro_20260728_164635/Foruns/ponto_retomada_codex_pos_auditoria_v4_20260717_1420.md: Copied (new)
2026/08/09 08:55:59 INFO  : Backups/backup_cerebro_20260728_164635/Foruns/ponto_retomada_codex_pausa_legado_nyc_20260719_0909.md: Copied (new)
2026/08/09 08:55:59 INFO  : Backups/backup_cerebro_20260728_164635/Foruns/ponto_retomada_codex_maestro_parecer_20260719_1145.md: Copied (new)
2026/08/09 08:55:59 INFO  : Backups/backup_cerebro_20260728_164635/Foruns/ponto_retomada_codex_v4_20260718_0955.md: Copied (new)
2026/08/09 08:55:59 INFO  : Backups/backup_cerebro_20260728_164635/Foruns/ponto_retomada_codex_reforma_v4_20260717_1354.md: Copied (new)
2026/08/09 08:55:59 INFO  : Backups/backup_cerebro_20260728_164635/Foruns/ponto_retomada_codex_v4_comentario_politico_contextual_20260718_2124.md: Copied (new)
2026/08/09 08:55:59 INFO  : Backups/backup_cerebro_20260728_164635/Foruns/ponto_retomada_codex_v4_e2e_20260718_1612.md: Copied (new)
2026/08/09 08:55:59 INFO  : Backups/backup_cerebro_20260728_164635/Foruns/ponto_retomada_codex_v4_e2e_geopolitica_20260718_2042.md: Copied (new)
2026/08/09 08:55:59 INFO  : Backups/backup_cerebro_20260728_164635/Foruns/ponto_retomada_codex_v4_cartum_midia_20260718.md: Copied (new)
2026/08/09 08:55:59 INFO  : Backups/backup_cerebro_20260728_164635/Foruns/ponto_retomada_codex_abertura_r4_v4_20260718.md: Copied (new)
2026/08/09 08:55:59 INFO  : Backups/backup_cerebro_20260728_164635/Foruns/ponto_retomada_codex_v4_geo2_completo_20260718_2200.md: Copied (new)
2026/08/09 08:55:59 INFO  : Backups/backup_cerebro_20260728_164635/Foruns/ponto_retomada_codex_v4_geo2_ira_jordania_20260718_2140.md: Copied (new)
2026/08/09 08:55:59 INFO  : Backups/backup_cerebro_20260728_164635/Foruns/ponto_retomada_codex_v4_imagem_geo_corrigida_20260718_2048.md: Copied (new)
2026/08/09 08:55:59 INFO  : Backups/backup_cerebro_20260728_164635/Foruns/ponto_retomada_codex_v4_imagem_geo_logo_peso_20260718_2106.md: Copied (new)
2026/08/09 08:55:59 INFO  : Backups/backup_cerebro_20260728_164635/Foruns/ponto_retomada_codex_v4_investigacao_gemini_geradores_20260719_0820.md: Copied (new)
2026/08/09 08:55:59 INFO  : Backups/backup_cerebro_20260728_164635/Foruns/ponto_retomada_codex_v4_angulo_petroleo_brics_20260718_2115.md: Copied (new)
2026/08/09 08:55:59 INFO  : Backups/backup_cerebro_20260728_164635/Foruns/ponto_retomada_codex_v4_prioridades_editoriais_20260718_1635.md: Copied (new)
2026/08/09 08:55:59 INFO  : Backups/backup_cerebro_20260728_164635/Foruns/ponto_retomada_codex_v4_r5_20260718_1514.md: Copied (new)
2026/08/09 08:55:59 INFO  : Backups/backup_cerebro_20260728_164635/Foruns/ponto_retomada_codex_v4_r5_20260718_1550.md: Copied (new)
2026/08/09 08:55:59 INFO  : Backups/backup_cerebro_20260728_164635/Foruns/ponto_retomada_codex_v4_r6_abertura_20260718_2206.md: Copied (new)
2026/08/09 08:55:59 INFO  : Backups/backup_cerebro_20260728_164635/Foruns/ponto_retomada_codex_v4_r5_20260718_1510.md: Copied (new)
2026/08/09 08:55:59 INFO  : Backups/backup_cerebro_20260728_164635/Foruns/ponto_retomada_codex_v4_r7_abertura_20260719_0007.md: Copied (new)
2026/08/09 08:55:59 INFO  : Backups/backup_cerebro_20260728_164635/Foruns/ponto_retomada_glm_maestro_parecer_20260719_1305.md: Copied (new)
2026/08/09 08:55:59 INFO  : Backups/backup_cerebro_20260728_164635/Foruns/ponto_retomada_grok_maestro_parecer_20260719_1128.md: Copied (new)
2026/08/09 08:55:59 INFO  : Backups/backup_cerebro_20260728_164635/Foruns/ponto_retomada_grok_r3_cartum_20260718_1203.md: Copied (new)
2026/08/09 08:55:59 INFO  : Backups/backup_cerebro_20260728_164635/Foruns/ponto_retomada_grok_r4_compositor_20260718_1258.md: Copied (new)
2026/08/09 08:55:59 INFO  : Backups/backup_cerebro_20260728_164635/Foruns/ponto_retomada_grok_r6_aguarda_integracao_20260718_2233.md: Copied (new)
2026/08/09 08:56:00 INFO  : Backups/backup_cerebro_20260728_164635/Foruns/ponto_retomada_grok_r7_preflight_20260719_0012.md: Copied (new)
2026/08/09 08:56:00 INFO  : Backups/backup_cerebro_20260728_164635/Foruns/ponto_retomada_grok_reforma_v4_20260717_1405.md: Copied (new)
2026/08/09 08:56:00 INFO  : Backups/backup_cerebro_20260728_164635/Foruns/ponto_retomada_grok_r5_compositor_20260718_1415.md: Copied (new)
2026/08/09 08:56:00 INFO  : Backups/backup_cerebro_20260728_164635/Foruns/ponto_retomada_grok_reforma_v4_20260717_2224.md: Copied (new)
2026/08/09 08:56:00 INFO  : Backups/backup_cerebro_20260728_164635/Foruns/ponto_retomada_codex_v4_politica_custo_testes_20260718_1620.md: Copied (new)
2026/08/09 08:56:00 INFO  : Backups/backup_cerebro_20260728_164635/Foruns/ponto_retomada_grok_r6_cartum_audit_20260718_2213.md: Copied (new)
2026/08/09 08:56:00 INFO  : Backups/backup_cerebro_20260728_164635/Foruns/ponto_retomada_kimi_maestro_parecer_20260719_1130.md: Copied (new)
2026/08/09 08:56:00 INFO  : Backups/backup_cerebro_20260728_164635/Foruns/ponto_retomada_qwen_maestro_parecer_20260719_1127.md: Copied (new)
2026/08/09 08:56:00 INFO  : Backups/backup_cerebro_20260728_164635/Foruns/prompt_pesquisa_petroleo_gpt_claude.md: Copied (new)
2026/08/09 08:56:00 INFO  : Backups/backup_cerebro_20260728_164635/Foruns/raio_x_motor_coletor_legado_nyc_20260719.md: Copied (new)
2026/08/09 08:56:00 INFO  : Backups/backup_cerebro_20260728_164635/Foruns/prompts_haiku_vigilia_20260727.md: Copied (new)
2026/08/09 08:56:00 INFO  : Backups/backup_cerebro_20260728_164635/Foruns/tutorial_publicacao_direta_wp_20260706.md.bak_pre_wp_redacao_nova_20260727_044058: Copied (new)
2026/08/09 08:56:00 INFO  : Backups/backup_cerebro_20260728_164635/Foruns/backup_limpeza_20260726_1256/canal_trindade.md: Copied (new)
2026/08/09 08:56:00 INFO  : Backups/backup_cerebro_20260728_164635/Foruns/backup_limpeza_20260727_0506/canal_trindade.md: Copied (new)
2026/08/09 08:56:00 INFO  : Backups/backup_cerebro_20260728_164635/Foruns/tutorial_pacer_monitor_20260707.md: Copied (new)
2026/08/09 08:56:00 INFO  : Backups/backup_cerebro_20260728_164635/Foruns/backup_limpeza_20260724_143159/canal_trindade.md: Copied (new)
2026/08/09 08:56:00 INFO  : Backups/backup_cerebro_20260728_164635/Foruns/tutorial_publicacao_direta_wp_20260706.md: Copied (new)
2026/08/09 08:56:00 INFO  : Backups/backup_cerebro_20260728_164635/Foruns/resposta_trindade_producao_v4_20260722.md: Copied (new)
2026/08/09 08:56:00 INFO  : Backups/backup_cerebro_20260728_164635/Foruns/estudos/ESTUDO_CUSTOS_LLM_2026-06-07.md: Copied (new)
2026/08/09 08:56:00 INFO  : Backups/backup_cerebro_20260728_164635/Foruns/ponto_retomada_deepseek_maestro_parecer_20260719_1200.md: Copied (new)
2026/08/09 08:56:00 INFO  : Backups/backup_cerebro_20260728_164635/Foruns/gpt_5_6_sol/v4_qualidade_texto_curadoria_20260710.zip: Copied (new)
2026/08/09 08:56:00 INFO  : Backups/backup_cerebro_20260728_164635/Foruns/estudos/custo_por_modelo.png: Copied (new)
2026/08/09 08:56:00 INFO  : Backups/backup_cerebro_20260728_164635/Foruns/estudos/custo_por_agente.png: Copied (new)
2026/08/09 08:56:00 INFO  : Backups/backup_cerebro_20260728_164635/Foruns/manifestos_reforma_v4/canario_integrado_shadow_codex_20260717.md: Copied (new)
2026/08/09 08:56:00 INFO  : Backups/backup_cerebro_20260728_164635/Foruns/estudos/tokens_por_modelo.png: Copied (new)
2026/08/09 08:56:00 INFO  : Backups/backup_cerebro_20260728_164635/Foruns/manifestos_reforma_v4/manifesto_codex_controle_20260717.md: Copied (new)
2026/08/09 08:56:00 INFO  : Backups/backup_cerebro_20260728_164635/Foruns/estudos/tabelas_custos.md: Copied (new)
2026/08/09 08:56:01 INFO  : Backups/backup_cerebro_20260728_164635/Foruns/manifestos_reforma_v4/manifesto_grok_ultima_milha_20260717.md: Copied (new)
2026/08/09 08:56:01 INFO  : Backups/backup_cerebro_20260728_164635/Foruns/manifestos_reforma_v4/manifesto_kimi_entrega_1_20260717.md: Copied (new)
2026/08/09 08:56:01 INFO  : Backups/backup_cerebro_20260728_164635/Foruns/manifestos_reforma_v4/manifesto_kimi_entrega_2_20260717.md: Copied (new)
2026/08/09 08:56:01 INFO  : Backups/backup_cerebro_20260728_164635/Foruns/manifestos_reforma_v4/proposta_kimi_aprendizado_editorial_20260717.md: Copied (new)
2026/08/09 08:56:01 INFO  : Backups/backup_cerebro_20260728_164635/Foruns/estudos/custo_por_dia.png: Copied (new)
2026/08/09 08:56:01 INFO  : Backups/backup_cerebro_20260728_164635/Foruns/sentinela/manifesto_2026_07_21.md: Copied (new)
2026/08/09 08:56:01 INFO  : Backups/backup_cerebro_20260728_164635/Foruns/sentinela/manifesto_2026_07_22.md: Copied (new)
2026/08/09 08:56:01 INFO  : Backups/backup_cerebro_20260728_164635/Foruns/sentinela/manifesto_2026_07_23.md: Copied (new)
2026/08/09 08:56:01 INFO  : Backups/backup_cerebro_20260728_164635/Foruns/sentinela/manifesto_2026_07_25.md: Copied (new)
2026/08/09 08:56:01 INFO  : Backups/backup_cerebro_20260728_164635/Foruns/sentinela/manifesto_2026_07_24.md: Copied (new)
2026/08/09 08:56:01 INFO  : Backups/backup_cerebro_20260728_164635/Foruns/sentinela/manifesto_2026_07_26.md: Copied (new)
2026/08/09 08:56:01 INFO  : Backups/backup_cerebro_20260728_164635/Foruns/cartinhas/cartinha_kimi_nao_mexer_em_posts_antigos_20260727_0700.md: Copied (new)
2026/08/09 08:56:01 INFO  : Backups/backup_cerebro_20260728_164635/Foruns/cartinhas/cartinha_claude_travas_fix_deployado_20260727_1335.md: Copied (new)
2026/08/09 08:56:01 INFO  : Backups/backup_cerebro_20260728_164635/Foruns/cartinhas/cartinha_kimi_coleta_enriquecida_20260726_1525.md: Copied (new)
2026/08/09 08:56:01 INFO  : Backups/backup_cerebro_20260728_164635/Foruns/sentinela/indice_sentinela_2026-07.md: Copied (new)
2026/08/09 08:56:01 INFO  : Backups/backup_cerebro_20260728_164635/Foruns/cartinhas/cartinha_kimi_perguntas_do_momento_20260727_1655.md: Copied (new)
2026/08/09 08:56:01 INFO  : Backups/backup_cerebro_20260728_164635/Foruns/cartinhas/cartinha_kimi_webverify_brave_20260726_1300.md: Copied (new)
2026/08/09 08:56:01 INFO  : Backups/backup_cerebro_20260728_164635/Foruns/cartinhas/cartinha_kimi_travas_nacional_ciencia_20260727_1000.md: Copied (new)
2026/08/09 08:56:01 INFO  : Backups/backup_cerebro_20260728_164635/Foruns/cartinhas/cartinha_kimi_diagnostico_infraestrutura_20260727_1615.md: Copied (new)
2026/08/09 08:56:01 INFO  : Backups/backup_cerebro_20260728_164635/Foruns/backup_limpeza_20260727_0506/inbox_trindade/kimi.md: Copied (new)
2026/08/09 08:56:01 INFO  : Backups/backup_cerebro_20260728_164635/Foruns/cartinhas/cartinha_trindade_webverify_brave_20260726_1312.md: Copied (new)
2026/08/09 08:56:01 INFO  : Backups/backup_cerebro_20260728_164635/Foruns/inbox_trindade/agy.md: Copied (new)
2026/08/09 08:56:01 INFO  : Backups/backup_cerebro_20260728_164635/Foruns/inbox_trindade/agy_cli.md: Copied (new)
2026/08/09 08:56:01 INFO  : Backups/backup_cerebro_20260728_164635/Foruns/sentinela/manifesto_2026_07_27.md: Copied (new)
2026/08/09 08:56:01 INFO  : Backups/backup_cerebro_20260728_164635/Foruns/inbox_trindade/antigravity.md: Copied (new)
2026/08/09 08:56:01 INFO  : Backups/backup_cerebro_20260728_164635/Foruns/inbox_trindade/README.md: Copied (new)
2026/08/09 08:56:01 INFO  : Backups/backup_cerebro_20260728_164635/Foruns/inbox_trindade/codex.md: Copied (new)
2026/08/09 08:56:01 INFO  : Backups/backup_cerebro_20260728_164635/Foruns/inbox_trindade/claude.md: Copied (new)
2026/08/09 08:56:01 INFO  : Backups/backup_cerebro_20260728_164635/Foruns/inbox_trindade/antigravity_desktop.md: Copied (new)
2026/08/09 08:56:01 INFO  : Backups/backup_cerebro_20260728_164635/Foruns/inbox_trindade/deepseek.md: Copied (new)
2026/08/09 08:56:01 INFO  : Backups/backup_cerebro_20260728_164635/Foruns/inbox_trindade/glm_5_2_externo.md: Copied (new)
2026/08/09 08:56:01 INFO  : Backups/backup_cerebro_20260728_164635/Foruns/inbox_trindade/gpt.md: Copied (new)
2026/08/09 08:56:01 INFO  : Backups/backup_cerebro_20260728_164635/Foruns/cartinhas/cartinha_trindade_protocolo_comunicacao_20260726_1400.md: Copied (new)
2026/08/09 08:56:02 INFO  : Backups/backup_cerebro_20260728_164635/Foruns/inbox_trindade/glm_coding.md: Copied (new)
2026/08/09 08:56:02 INFO  : Backups/backup_cerebro_20260728_164635/Foruns/inbox_trindade/grok.md: Copied (new)
2026/08/09 08:56:02 INFO  : Backups/backup_cerebro_20260728_164635/Foruns/inbox_trindade/grok_coding.md: Copied (new)
2026/08/09 08:56:02 INFO  : Backups/backup_cerebro_20260728_164635/Foruns/inbox_trindade/miguel.md: Copied (new)
2026/08/09 08:56:02 INFO  : Backups/backup_cerebro_20260728_164635/Foruns/inbox_trindade/kimi.md: Copied (new)
2026/08/09 08:56:02 INFO  : Backups/backup_cerebro_20260728_164635/Foruns/inbox_trindade/qwen.md: Copied (new)
2026/08/09 08:56:02 INFO  : Backups/backup_cerebro_20260728_164635/Foruns/inbox_trindade/qwen_coding.md: Copied (new)
2026/08/09 08:56:02 INFO  : Backups/backup_cerebro_20260728_164635/Foruns/gpt_5_6_sol/v4_qualidade_texto_curadoria_20260710/00_instrucoes/LEIA_PRIMEIRO.md: Copied (new)
2026/08/09 08:56:02 INFO  : Backups/backup_cerebro_20260728_164635/Foruns/inbox_trindade/glm.md: Copied (new)
2026/08/09 08:56:02 INFO  : Backups/backup_cerebro_20260728_164635/Foruns/inbox_trindade/vibe_mistral_cli.md: Copied (new)
2026/08/09 08:56:02 INFO  : Backups/backup_cerebro_20260728_164635/Foruns/inbox_trindade/kilo.md: Copied (new)
2026/08/09 08:56:02 INFO  : Backups/backup_cerebro_20260728_164635/Foruns/backup_limpeza_20260726_1256/inbox_trindade/README.md: Copied (new)
2026/08/09 08:56:02 INFO  : Backups/backup_cerebro_20260728_164635/Foruns/gpt_5_6_sol/v4_qualidade_texto_curadoria_20260710/00_instrucoes/CARTA_DE_ABERTURA_PARA_GPT_5_6_SOL.md: Copied (new)
2026/08/09 08:56:02 INFO  : Backups/backup_cerebro_20260728_164635/Foruns/backup_limpeza_20260726_1256/inbox_trindade/agy.md: Copied (new)
2026/08/09 08:56:02 INFO  : Backups/backup_cerebro_20260728_164635/Foruns/gpt_5_6_sol/v4_qualidade_texto_curadoria_20260710/00_instrucoes/PROMPT_PARA_GPT_5_6_SOL.md: Copied (new)
2026/08/09 08:56:02 INFO  : Backups/backup_cerebro_20260728_164635/Foruns/backup_limpeza_20260726_1256/inbox_trindade/antigravity.md: Copied (new)
2026/08/09 08:56:02 INFO  : Backups/backup_cerebro_20260728_164635/Foruns/inbox_trindade/ming.md: Copied (new)
2026/08/09 08:56:02 INFO  : Backups/backup_cerebro_20260728_164635/Foruns/backup_limpeza_20260726_1256/inbox_trindade/antigravity_desktop.md: Copied (new)
2026/08/09 08:56:02 INFO  : Backups/backup_cerebro_20260728_164635/Foruns/backup_limpeza_20260726_1256/inbox_trindade/codex.md: Copied (new)
2026/08/09 08:56:02 INFO  : Backups/backup_cerebro_20260728_164635/Foruns/backup_limpeza_20260726_1256/inbox_trindade/agy_cli.md: Copied (new)
2026/08/09 08:56:02 INFO  : Backups/backup_cerebro_20260728_164635/Foruns/backup_limpeza_20260726_1256/inbox_trindade/deepseek.md: Copied (new)
2026/08/09 08:56:02 INFO  : Backups/backup_cerebro_20260728_164635/Foruns/backup_limpeza_20260726_1256/inbox_trindade/claude.md: Copied (new)
2026/08/09 08:56:02 INFO  : Backups/backup_cerebro_20260728_164635/Foruns/backup_limpeza_20260726_1256/inbox_trindade/kilo.md: Copied (new)
2026/08/09 08:56:02 INFO  : Backups/backup_cerebro_20260728_164635/Foruns/backup_limpeza_20260726_1256/inbox_trindade/glm_5_2_externo.md: Copied (new)
2026/08/09 08:56:02 INFO  : Backups/backup_cerebro_20260728_164635/Foruns/backup_limpeza_20260726_1256/inbox_trindade/grok.md: Copied (new)
2026/08/09 08:56:02 INFO  : Backups/backup_cerebro_20260728_164635/Foruns/backup_limpeza_20260726_1256/inbox_trindade/glm.md: Copied (new)
2026/08/09 08:56:02 INFO  : Backups/backup_cerebro_20260728_164635/Foruns/backup_limpeza_20260726_1256/inbox_trindade/gpt.md: Copied (new)
2026/08/09 08:56:02 INFO  : Backups/backup_cerebro_20260728_164635/Foruns/backup_limpeza_20260726_1256/inbox_trindade/kimi.md: Copied (new)
2026/08/09 08:56:02 INFO  : Backups/backup_cerebro_20260728_164635/Foruns/backup_limpeza_20260726_1256/inbox_trindade/miguel.md: Copied (new)
2026/08/09 08:56:03 INFO  : Backups/backup_cerebro_20260728_164635/Foruns/backup_limpeza_20260726_1256/inbox_trindade/vibe_mistral_cli.md: Copied (new)
2026/08/09 08:56:03 INFO  : Backups/backup_cerebro_20260728_164635/Foruns/backup_limpeza_20260726_1256/inbox_trindade/qwen.md: Copied (new)
2026/08/09 08:56:03 INFO  : Backups/backup_cerebro_20260728_164635/Foruns/backup_limpeza_20260724_143159/inbox_trindade/README.md: Copied (new)
2026/08/09 08:56:03 INFO  : Backups/backup_cerebro_20260728_164635/Foruns/backup_limpeza_20260726_1256/inbox_trindade/glm_coding.md: Copied (new)
2026/08/09 08:56:03 INFO  : Backups/backup_cerebro_20260728_164635/Foruns/backup_limpeza_20260726_1256/inbox_trindade/qwen_coding.md: Copied (new)
2026/08/09 08:56:03 INFO  : Backups/backup_cerebro_20260728_164635/Foruns/backup_limpeza_20260724_143159/inbox_trindade/agy.md: Copied (new)
2026/08/09 08:56:03 INFO  : Backups/backup_cerebro_20260728_164635/Foruns/backup_limpeza_20260724_143159/inbox_trindade/agy_cli.md: Copied (new)
2026/08/09 08:56:03 INFO  : Backups/backup_cerebro_20260728_164635/Foruns/backup_limpeza_20260726_1256/inbox_trindade/ming.md: Copied (new)
2026/08/09 08:56:03 INFO  : Backups/backup_cerebro_20260728_164635/Foruns/backup_limpeza_20260724_143159/inbox_trindade/claude.md: Copied (new)
2026/08/09 08:56:03 INFO  : Backups/backup_cerebro_20260728_164635/Foruns/backup_limpeza_20260724_143159/inbox_trindade/antigravity.md: Copied (new)
2026/08/09 08:56:03 INFO  : Backups/backup_cerebro_20260728_164635/Foruns/backup_limpeza_20260724_143159/inbox_trindade/antigravity_desktop.md: Copied (new)
2026/08/09 08:56:03 INFO  : Backups/backup_cerebro_20260728_164635/Foruns/backup_limpeza_20260724_143159/inbox_trindade/codex.md: Copied (new)
2026/08/09 08:56:03 INFO  : Backups/backup_cerebro_20260728_164635/Foruns/backup_limpeza_20260724_143159/inbox_trindade/deepseek.md: Copied (new)
2026/08/09 08:56:03 INFO  : Backups/backup_cerebro_20260728_164635/Foruns/backup_limpeza_20260724_143159/inbox_trindade/glm.md: Copied (new)
2026/08/09 08:56:03 INFO  : Backups/backup_cerebro_20260728_164635/Foruns/backup_limpeza_20260724_143159/inbox_trindade/glm_5_2_externo.md: Copied (new)
2026/08/09 08:56:03 INFO  : Backups/backup_cerebro_20260728_164635/Foruns/backup_limpeza_20260724_143159/inbox_trindade/gpt.md: Copied (new)
2026/08/09 08:56:03 INFO  : Backups/backup_cerebro_20260728_164635/Foruns/backup_limpeza_20260726_1256/inbox_trindade/grok_coding.md: Copied (new)
2026/08/09 08:56:03 INFO  : Backups/backup_cerebro_20260728_164635/Foruns/backup_limpeza_20260724_143159/inbox_trindade/grok_coding.md: Copied (new)
2026/08/09 08:56:03 INFO  : Backups/backup_cerebro_20260728_164635/Foruns/backup_limpeza_20260724_143159/inbox_trindade/kimi.md: Copied (new)
2026/08/09 08:56:03 INFO  : Backups/backup_cerebro_20260728_164635/Foruns/backup_limpeza_20260724_143159/inbox_trindade/grok.md: Copied (new)
2026/08/09 08:56:03 INFO  : Backups/backup_cerebro_20260728_164635/Foruns/backup_limpeza_20260724_143159/inbox_trindade/kilo.md: Copied (new)
2026/08/09 08:56:03 INFO  : Backups/backup_cerebro_20260728_164635/Foruns/backup_limpeza_20260724_143159/inbox_trindade/vibe_mistral_cli.md: Copied (new)
2026/08/09 08:56:03 INFO  : Backups/backup_cerebro_20260728_164635/Foruns/backup_limpeza_20260724_143159/inbox_trindade/qwen_coding.md: Copied (new)
2026/08/09 08:56:03 INFO  : Backups/backup_cerebro_20260728_164635/Foruns/backup_limpeza_20260724_143159/inbox_trindade/miguel.md: Copied (new)
2026/08/09 08:56:03 INFO  : Backups/backup_cerebro_20260728_164635/Foruns/gpt_5_6_sol/v4_qualidade_texto_curadoria_20260710/01_foruns_essenciais/forum_arquitetura_v4_imagem_ciencia_hibrido_diretrizes_20260707.md: Copied (new)
2026/08/09 08:56:03 INFO  : Backups/backup_cerebro_20260728_164635/Foruns/gpt_5_6_sol/v4_qualidade_texto_curadoria_20260710/01_foruns_essenciais/forum_nova_rodada_v4_arquitetura_imagem_tecnologia_20260707.md: Copied (new)
2026/08/09 08:56:03 INFO  : Backups/backup_cerebro_20260728_164635/Foruns/backup_limpeza_20260724_143159/inbox_trindade/qwen.md: Copied (new)
2026/08/09 08:56:03 INFO  : Backups/backup_cerebro_20260728_164635/Foruns/gpt_5_6_sol/v4_qualidade_texto_curadoria_20260710/01_foruns_essenciais/canal_trindade.md: Copied (new)
2026/08/09 08:56:03 INFO  : Backups/backup_cerebro_20260728_164635/Foruns/backup_limpeza_20260724_143159/inbox_trindade/glm_coding.md: Copied (new)
2026/08/09 08:56:04 INFO  : Backups/backup_cerebro_20260728_164635/Foruns/backup_limpeza_20260724_143159/inbox_trindade/ming.md: Copied (new)
2026/08/09 08:56:04 INFO  : Backups/backup_cerebro_20260728_164635/Foruns/gpt_5_6_sol/v4_qualidade_texto_curadoria_20260710/01_foruns_essenciais/forum_principios_fundamentais_novo_v4_20260708.md: Copied (new)
2026/08/09 08:56:04 INFO  : Backups/backup_cerebro_20260728_164635/Foruns/gpt_5_6_sol/v4_qualidade_texto_curadoria_20260710/01_foruns_essenciais/forum_producao_v4_curadoria_tese_20260709.md: Copied (new)
2026/08/09 08:56:04 INFO  : Backups/backup_cerebro_20260728_164635/Foruns/gpt_5_6_sol/v4_qualidade_texto_curadoria_20260710/01_foruns_essenciais/forum_plano_trabalho_execucao_novo_v4_20260708.md: Copied (new)
2026/08/09 08:56:04 INFO  : Backups/backup_cerebro_20260728_164635/Foruns/gpt_5_6_sol/v4_qualidade_texto_curadoria_20260710/01_foruns_essenciais/forum_super_luxo_editorial_v4_espelhado_20260707.md: Copied (new)
2026/08/09 08:56:04 INFO  : Backups/backup_cerebro_20260728_164635/Foruns/gpt_5_6_sol/v4_qualidade_texto_curadoria_20260710/01_foruns_essenciais/forum_novo_sistema_agentes_v4_e_diretrizes_20260707.md: Copied (new)
2026/08/09 08:56:04 INFO  : Backups/backup_cerebro_20260728_164635/Foruns/gpt_5_6_sol/v4_qualidade_texto_curadoria_20260710/01_foruns_essenciais/forum_v4_fase5_ratificacao_promocao_preflight_20260709.md: Copied (new)
2026/08/09 08:56:04 INFO  : Backups/backup_cerebro_20260728_164635/Foruns/gpt_5_6_sol/v4_qualidade_texto_curadoria_20260710/01_foruns_essenciais/forum_v4_fase6_multicase_dryrun_20260710.md: Copied (new)
2026/08/09 08:56:04 INFO  : Backups/backup_cerebro_20260728_164635/Foruns/gpt_5_6_sol/v4_qualidade_texto_curadoria_20260710/01_foruns_essenciais/forum_v4_fase7_multi_item_lab_20260710.md: Copied (new)
2026/08/09 08:56:04 INFO  : Backups/backup_cerebro_20260728_164635/Foruns/gpt_5_6_sol/v4_qualidade_texto_curadoria_20260710/01_foruns_essenciais/forum_resumo_humano_estado_v4_20260708.md: Copied (new)
2026/08/09 08:56:04 INFO  : Backups/backup_cerebro_20260728_164635/Foruns/gpt_5_6_sol/v4_qualidade_texto_curadoria_20260710/01_foruns_essenciais/forum_v4_linguagem_analise_objetos_culturais_20260710.md: Copied (new)
2026/08/09 08:56:04 INFO  : Backups/backup_cerebro_20260728_164635/Foruns/gpt_5_6_sol/v4_qualidade_texto_curadoria_20260710/06_relatorios_lab/v4_labs_fase7_multi_item_lab_20260710.json: Copied (new)
2026/08/09 08:56:04 INFO  : Backups/backup_cerebro_20260728_164635/Foruns/gpt_5_6_sol/v4_qualidade_texto_curadoria_20260710/06_relatorios_lab/v4_labs.promocao_preflight.json: Copied (new)
2026/08/09 08:56:04 INFO  : Backups/backup_cerebro_20260728_164635/Foruns/gpt_5_6_sol/v4_qualidade_texto_curadoria_20260710/06_relatorios_lab/v4_labs_multi_case_dry_run_20260710.json: Copied (new)
2026/08/09 08:56:04 INFO  : Backups/backup_cerebro_20260728_164635/Foruns/gpt_5_6_sol/v4_qualidade_texto_curadoria_20260710/02_auditorias/carta_claude_codex_prometheus_v4_20260708.md: Copied (new)
2026/08/09 08:56:04 INFO  : Backups/backup_cerebro_20260728_164635/Foruns/gpt_5_6_sol/v4_qualidade_texto_curadoria_20260710/02_auditorias/carta_fable_adendo_fase5_failclosed_20260709.md: Copied (new)
2026/08/09 08:56:04 INFO  : Backups/backup_cerebro_20260728_164635/Foruns/gpt_5_6_sol/v4_qualidade_texto_curadoria_20260710/02_auditorias/carta_claude_codex_feedback_telemetria_v4_20260708.md: Copied (new)
2026/08/09 08:56:04 INFO  : Backups/backup_cerebro_20260728_164635/Foruns/gpt_5_6_sol/v4_qualidade_texto_curadoria_20260710/02_auditorias/carta_fable_auditoria_fase5_preflight_ratificado_20260709.md: Copied (new)
2026/08/09 08:56:04 INFO  : Backups/backup_cerebro_20260728_164635/Foruns/gpt_5_6_sol/v4_qualidade_texto_curadoria_20260710/02_auditorias/carta_fable_adendo_final_fase5_typefix_20260710.md: Copied (new)
2026/08/09 08:56:04 INFO  : Backups/backup_cerebro_20260728_164635/Foruns/gpt_5_6_sol/v4_qualidade_texto_curadoria_20260710/02_auditorias/carta_fable_auditoria_fase7_multi_item_20260710.md: Copied (new)
2026/08/09 08:56:04 INFO  : Backups/backup_cerebro_20260728_164635/Foruns/gpt_5_6_sol/v4_qualidade_texto_curadoria_20260710/01_foruns_essenciais/forum_v4_curadoria_tese_editorial_20260708.md: Copied (new)
2026/08/09 08:56:04 INFO  : Backups/backup_cerebro_20260728_164635/Foruns/gpt_5_6_sol/v4_qualidade_texto_curadoria_20260710/02_auditorias/carta_fable_gpt55_auditoria_fase6_multicase_20260710.md: Copied (new)
2026/08/09 08:56:04 INFO  : Backups/backup_cerebro_20260728_164635/Foruns/gpt_5_6_sol/v4_qualidade_texto_curadoria_20260710/02_auditorias/carta_gpt55_fable_auditoria_fase5_promocao_preflight_20260709.md: Copied (new)
2026/08/09 08:56:04 INFO  : Backups/backup_cerebro_20260728_164635/Foruns/gpt_5_6_sol/v4_qualidade_texto_curadoria_20260710/04_codigo_contexto/coerencia_editorial.py: Copied (new)
2026/08/09 08:56:04 INFO  : Backups/backup_cerebro_20260728_164635/Foruns/gpt_5_6_sol/v4_qualidade_texto_curadoria_20260710/02_auditorias/carta_fable_auditoria_fase6_multicase_20260710.md: Copied (new)
2026/08/09 08:56:04 INFO  : Backups/backup_cerebro_20260728_164635/Foruns/gpt_5_6_sol/v4_qualidade_texto_curadoria_20260710/04_codigo_contexto/auditoria_final.py: Copied (new)
2026/08/09 08:56:04 INFO  : Backups/backup_cerebro_20260728_164635/Foruns/gpt_5_6_sol/v4_qualidade_texto_curadoria_20260710/04_codigo_contexto/curadoria_tese.py: Copied (new)
2026/08/09 08:56:04 INFO  : Backups/backup_cerebro_20260728_164635/Foruns/gpt_5_6_sol/v4_qualidade_texto_curadoria_20260710/01_foruns_essenciais/forum_v4_rascunho_primeiro_autocura_20260709.md: Copied (new)
2026/08/09 08:56:04 INFO  : Backups/backup_cerebro_20260728_164635/Foruns/gpt_5_6_sol/v4_qualidade_texto_curadoria_20260710/04_codigo_contexto/fact_check.py: Copied (new)
2026/08/09 08:56:05 INFO  : Backups/backup_cerebro_20260728_164635/Foruns/gpt_5_6_sol/v4_qualidade_texto_curadoria_20260710/04_codigo_contexto/fluxo.py: Copied (new)
2026/08/09 08:56:05 INFO  : Backups/backup_cerebro_20260728_164635/Foruns/gpt_5_6_sol/v4_qualidade_texto_curadoria_20260710/04_codigo_contexto/multi_item.py: Copied (new)
2026/08/09 08:56:05 INFO  : Backups/backup_cerebro_20260728_164635/Foruns/gpt_5_6_sol/v4_qualidade_texto_curadoria_20260710/04_codigo_contexto/llm_adapter.py: Copied (new)
2026/08/09 08:56:05 INFO  : Backups/backup_cerebro_20260728_164635/Foruns/gpt_5_6_sol/v4_qualidade_texto_curadoria_20260710/02_auditorias/carta_fable_auditoria_fase4_auditfix_20260709.md: Copied (new)
2026/08/09 08:56:05 INFO  : Backups/backup_cerebro_20260728_164635/Foruns/gpt_5_6_sol/v4_qualidade_texto_curadoria_20260710/04_codigo_contexto/promocao.py: Copied (new)
2026/08/09 08:56:05 INFO  : Backups/backup_cerebro_20260728_164635/Foruns/gpt_5_6_sol/v4_qualidade_texto_curadoria_20260710/04_codigo_contexto/redator_real.py: Copied (new)
2026/08/09 08:56:05 INFO  : Backups/backup_cerebro_20260728_164635/Foruns/gpt_5_6_sol/v4_qualidade_texto_curadoria_20260710/04_codigo_contexto/redator_shadow.py: Copied (new)
2026/08/09 08:56:05 INFO  : Backups/backup_cerebro_20260728_164635/Foruns/gpt_5_6_sol/v4_qualidade_texto_curadoria_20260710/04_codigo_contexto/revisao.py: Copied (new)
2026/08/09 08:56:05 INFO  : Backups/backup_cerebro_20260728_164635/Foruns/gpt_5_6_sol/v4_qualidade_texto_curadoria_20260710/07_contexto_retomada/AUDITOR_NOTE_FASE2_20260709.md: Copied (new)
2026/08/09 08:56:05 INFO  : Backups/backup_cerebro_20260728_164635/Foruns/gpt_5_6_sol/v4_qualidade_texto_curadoria_20260710/07_contexto_retomada/AUDITOR_NOTE_FASE4_AGENTS_PIPELINE_20260709.md: Copied (new)
2026/08/09 08:56:05 INFO  : Backups/backup_cerebro_20260728_164635/Foruns/gpt_5_6_sol/v4_qualidade_texto_curadoria_20260710/07_contexto_retomada/AUDITOR_NOTE_FASE5_PROMOCAO_PREFLIGHT_20260709.md: Copied (new)
2026/08/09 08:56:05 INFO  : Backups/backup_cerebro_20260728_164635/Foruns/gpt_5_6_sol/v4_qualidade_texto_curadoria_20260710/07_contexto_retomada/AUDITOR_NOTE_FASE6_MULTICASE_DRYRUN_20260710.md: Copied (new)
2026/08/09 08:56:05 INFO  : Backups/backup_cerebro_20260728_164635/Foruns/gpt_5_6_sol/v4_qualidade_texto_curadoria_20260710/04_codigo_contexto/llm_orchestrator.py: Copied (new)
2026/08/09 08:56:05 INFO  : Backups/backup_cerebro_20260728_164635/Foruns/gpt_5_6_sol/v4_qualidade_texto_curadoria_20260710/07_contexto_retomada/README_V4_LABS.md: Copied (new)
2026/08/09 08:56:05 INFO  : Backups/backup_cerebro_20260728_164635/Foruns/gpt_5_6_sol/v4_qualidade_texto_curadoria_20260710/07_contexto_retomada/AUDITOR_NOTE_FASE3_DEEPSEEK_20260709.md: Copied (new)
2026/08/09 08:56:05 INFO  : Backups/backup_cerebro_20260728_164635/Foruns/por_data/2026/06/semana_24/2026-06-12/SPRINT_AGY_DIAGNOSTICO_GRANDE_REFORMA_20260612.md: Copied (new)
2026/08/09 08:56:05 INFO  : Backups/backup_cerebro_20260728_164635/Foruns/por_data/2026/06/semana_24/2026-06-12/forum_GRANDE_REFORMA_preparativos_parte_1_diagnostico_completo_20260612.md: Copied (new)
2026/08/09 08:56:05 INFO  : Backups/backup_cerebro_20260728_164635/Foruns/por_data/2026/06/semana_24/2026-06-12/forum_constituicao_grande_reforma_regras_comunicacao_artigo_2_20260612.md: Copied (new)
2026/08/09 08:56:05 INFO  : Backups/backup_cerebro_20260728_164635/Foruns/por_data/2026/06/semana_25/2026-06-15/forum_grande_reforma_freio_seguranca_qualidade_autocura_20260614.md: Copied (new)
2026/08/09 08:56:05 INFO  : Backups/backup_cerebro_20260728_164635/Foruns/por_data/2026/06/semana_25/2026-06-15/forum_agy_pausa_recuperacao_memorias_20260615.md: Copied (new)
2026/08/09 08:56:05 INFO  : Backups/backup_cerebro_20260728_164635/Foruns/gpt_5_6_sol/v4_qualidade_texto_curadoria_20260710/04_codigo_contexto/test_contracts.py: Copied (new)
2026/08/09 08:56:05 INFO  : Backups/backup_cerebro_20260728_164635/Foruns/por_data/2026/06/semana_25/2026-06-15/forum_migracao_agentes_suporte_pos_reforma_20260615.md: Copied (new)
2026/08/09 08:56:05 INFO  : Backups/backup_cerebro_20260728_164635/Foruns/por_data/2026/06/semana_25/2026-06-15/forum_grande_reforma_sprint_midia_indexador_delta_simplificacao_20260615.md: Copied (new)
2026/08/09 08:56:05 INFO  : Backups/backup_cerebro_20260728_164635/Foruns/por_data/2026/06/semana_25/2026-06-15/forum_reforma_publicador_crontab_20260615.md: Copied (new)
2026/08/09 08:56:05 INFO  : Backups/backup_cerebro_20260728_164635/Foruns/por_data/2026/06/semana_25/2026-06-15/forum_retomada_reforma_20260615.md: Copied (new)
2026/08/09 08:56:05 INFO  : Backups/backup_cerebro_20260728_164635/Foruns/por_data/2026/06/semana_24/2026-06-13/CHECKPOINT_GRANDE_REFORMA_SMOKE_TESTS_PAUSADO_20260613.md: Copied (new)
2026/08/09 08:56:05 INFO  : Backups/backup_cerebro_20260728_164635/Foruns/por_data/2026/06/semana_24/2026-06-13/carta_convocatoria_auditoria_seguranca_trindade.md: Copied (new)
2026/08/09 08:56:05 INFO  : Backups/backup_cerebro_20260728_164635/Foruns/por_data/2026/06/semana_25/2026-06-15/forum_soltando_cafezinho_reforma_20260615.md: Copied (new)
2026/08/09 08:56:05 INFO  : Backups/backup_cerebro_20260728_164635/Foruns/por_data/2026/06/semana_24/2026-06-13/carta_resolucao_e_patches_aplicados_20260613.md: Copied (new)
2026/08/09 08:56:05 INFO  : Backups/backup_cerebro_20260728_164635/Foruns/por_data/2026/06/semana_24/2026-06-13/carta_acolhimento_resolucao_kimi_20260613.md: Copied (new)
2026/08/09 08:56:05 INFO  : Backups/backup_cerebro_20260728_164635/Foruns/por_data/2026/06/semana_25/2026-06-15/forum_canonico_reforma_consolidado_20260615.md: Copied (new)
2026/08/09 08:56:06 INFO  : Backups/backup_cerebro_20260728_164635/Foruns/por_data/2026/06/semana_24/2026-06-13/cartinha_kimi_erro_staging_20260613.md: Copied (new)
2026/08/09 08:56:06 INFO  : Backups/backup_cerebro_20260728_164635/Foruns/por_data/2026/06/semana_24/2026-06-13/cartinha_kimi_voto_5_dilemas_antigravity_20260613.md: Copied (new)
2026/08/09 08:56:06 INFO  : Backups/backup_cerebro_20260728_164635/Foruns/por_data/2026/06/semana_24/2026-06-13/forum_grande_reforma_balanco_geral_e_consolidacao_20260613.md: Copied (new)
2026/08/09 08:56:06 INFO  : Backups/backup_cerebro_20260728_164635/Foruns/por_data/2026/06/semana_24/2026-06-13/cartinha_kimi_contribuicao_debate_legado_vs_pos_reforma_20260613.md: Copied (new)
2026/08/09 08:56:06 INFO  : Backups/backup_cerebro_20260728_164635/Foruns/por_data/2026/06/semana_24/2026-06-13/forum_diretrizes_coletores_e_reforma_midia_20260613.md: Copied (new)
2026/08/09 08:56:06 INFO  : Backups/backup_cerebro_20260728_164635/Foruns/por_data/2026/06/semana_24/2026-06-13/forum_arquitetura_banco_midia_inteligente_retencao_20260613.md: Copied (new)
2026/08/09 08:56:06 INFO  : Backups/backup_cerebro_20260728_164635/Foruns/por_data/2026/06/semana_24/2026-06-13/forum_grande_reforma_sprint_migracao_coletores_legados_20260613.md: Copied (new)
2026/08/09 08:56:06 INFO  : Backups/backup_cerebro_20260728_164635/Foruns/por_data/2026/06/semana_24/2026-06-13/forum_perguntas_antigravity_alinhamento_trindade_20260613.md: Copied (new)
2026/08/09 08:56:06 INFO  : Backups/backup_cerebro_20260728_164635/Foruns/por_data/2026/06/semana_24/2026-06-13/forum_organizacao_unificacao_cerebro_20260613.md: Copied (new)
2026/08/09 08:56:06 INFO  : Backups/backup_cerebro_20260728_164635/Foruns/por_data/2026/06/semana_24/2026-06-13/forum_grande_reforma_planejamento_deploy_tencent_20260613.md: Copied (new)
2026/08/09 08:56:06 INFO  : Backups/backup_cerebro_20260728_164635/Foruns/por_data/2026/06/semana_24/2026-06-13/forum_smoke_tests_tencent_executados_20260613.md: Copied (new)
2026/08/09 08:56:06 INFO  : Backups/backup_cerebro_20260728_164635/Foruns/por_data/2026/06/semana_24/2026-06-14/cartinha_glm_revisao_fronteira_lula_eleicoes_nacional_20260614.md: Copied (new)
2026/08/09 08:56:06 INFO  : Backups/backup_cerebro_20260728_164635/Foruns/por_data/2026/06/semana_24/2026-06-13/forum_plano_migracao_duplicada_lado_a_lado_tencent_20260613.md: Copied (new)
2026/08/09 08:56:06 INFO  : Backups/backup_cerebro_20260728_164635/Foruns/por_data/2026/06/semana_24/2026-06-13/forum_smoke_tests_coletores_migracao_kimi_20260613.md: Copied (new)
2026/08/09 08:56:06 INFO  : Backups/backup_cerebro_20260728_164635/Foruns/por_data/2026/06/semana_24/2026-06-14/cartinha_kimi_resultado_fase_d_20260614.md: Copied (new)
2026/08/09 08:56:06 INFO  : Backups/backup_cerebro_20260728_164635/Foruns/por_data/2026/06/semana_24/2026-06-14/cartinha_kimi_resultado_smoke_geopolitica_20260614.md: Copied (new)
2026/08/09 08:56:06 INFO  : Backups/backup_cerebro_20260728_164635/Foruns/por_data/2026/06/semana_24/2026-06-14/cartinha_kimi_resultado_smoke_factchecking_20260614.md: Copied (new)
2026/08/09 08:56:06 INFO  : Backups/backup_cerebro_20260728_164635/Foruns/por_data/2026/06/semana_24/2026-06-13/carta_resposta_antigravity_bloqueios_deploy_20260613.md: Copied (new)
2026/08/09 08:56:06 INFO  : Backups/backup_cerebro_20260728_164635/Foruns/por_data/2026/06/semana_24/2026-06-14/cartinha_kimi_opiniao_4_camadas_20260614.md: Copied (new)
2026/08/09 08:56:06 INFO  : Backups/backup_cerebro_20260728_164635/Foruns/por_data/2026/06/semana_24/2026-06-14/cartinha_kimi_resultado_smoke_maestro_publicador_20260614.md: Copied (new)
2026/08/09 08:56:06 INFO  : Backups/backup_cerebro_20260728_164635/Foruns/por_data/2026/06/semana_24/2026-06-14/cartinha_kimi_resultado_smoke_indexacao_20260614.md: Copied (new)
2026/08/09 08:56:06 INFO  : Backups/backup_cerebro_20260728_164635/Foruns/por_data/2026/06/semana_24/2026-06-14/cartinha_kimi_resultado_smoke_nacional_20260614.md: Copied (new)
2026/08/09 08:56:06 INFO  : Backups/backup_cerebro_20260728_164635/Foruns/por_data/2026/06/semana_24/2026-06-14/cartinha_kimi_resultado_smoke_lula_eleicoes_20260614.md: Copied (new)
2026/08/09 08:56:06 INFO  : Backups/backup_cerebro_20260728_164635/Foruns/por_data/2026/06/semana_24/2026-06-14/forum_alerta_canario_path_errado_banco_vazio_glm_20260614.md: Copied (new)
2026/08/09 08:56:06 INFO  : Backups/backup_cerebro_20260728_164635/Foruns/por_data/2026/06/semana_24/2026-06-14/forum_auditoria_completa_grande_reforma_glm_20260614.md: Copied (new)
2026/08/09 08:56:06 INFO  : Backups/backup_cerebro_20260728_164635/Foruns/por_data/2026/06/semana_24/2026-06-14/forum_autorizacoes_daemon_claude_20260614.md: Copied (new)
2026/08/09 08:56:06 INFO  : Backups/backup_cerebro_20260728_164635/Foruns/por_data/2026/06/semana_24/2026-06-14/cartinha_kimi_canario_tencent_20260614.md: Copied (new)
2026/08/09 08:56:06 INFO  : Backups/backup_cerebro_20260728_164635/Foruns/por_data/2026/06/semana_24/2026-06-14/forum_auditoria_final_grande_reforma_qwen_20260614.md: Copied (new)
2026/08/09 08:56:06 INFO  : Backups/backup_cerebro_20260728_164635/Foruns/por_data/2026/06/semana_24/2026-06-14/forum_auditoria_qualidade_redacao_factcheck_4temas_qwen_20260614.md: Copied (new)
2026/08/09 08:56:07 INFO  : Backups/backup_cerebro_20260728_164635/Foruns/por_data/2026/06/semana_24/2026-06-14/forum_grande_reforma_freio_seguranca_qualidade_autocura_20260614.md: Copied (new)
2026/08/09 08:56:07 INFO  : Backups/backup_cerebro_20260728_164635/Foruns/por_data/2026/06/semana_24/2026-06-14/forum_julgamento_rascunhos_pos_reforma_glm_20260614.md: Copied (new)
2026/08/09 08:56:07 INFO  : Backups/backup_cerebro_20260728_164635/Foruns/por_data/2026/06/semana_24/2026-06-14/cartinha_kimi_resposta_deepseek_pausa_tatica_20260614.md: Copied (new)
2026/08/09 08:56:07 INFO  : Backups/backup_cerebro_20260728_164635/Foruns/por_data/2026/06/semana_24/2026-06-14/forum_marcacao_sistemas_monitoramento_20260614.md: Copied (new)
2026/08/09 08:56:07 INFO  : Backups/backup_cerebro_20260728_164635/Foruns/por_data/2026/06/semana_24/2026-06-14/forum_relatorio_factcheck_vies_canario_qwen_20260614.md: Copied (new)
2026/08/09 08:56:07 INFO  : Backups/backup_cerebro_20260728_164635/Foruns/por_data/2026/06/semana_24/2026-06-14/forum_smoke_test_autocura_monitoramento_kimi_20260614.md: Copied (new)
2026/08/09 08:56:07 INFO  : Backups/backup_cerebro_20260728_164635/Foruns/por_data/2026/06/semana_24/2026-06-14/forum_preparacao_publicacao_marco_transporte_lula_20260614.md: Copied (new)
2026/08/09 08:56:07 INFO  : Backups/backup_cerebro_20260728_164635/Foruns/por_data/2026/06/semana_24/2026-06-14/forum_revisao_fronteira_lula_eleicoes_nacional_glm_20260614.md: Copied (new)
2026/08/09 08:56:07 INFO  : Backups/backup_cerebro_20260728_164635/Foruns/por_data/2026/06/semana_24/2026-06-14/forum_smoke_test_deploy_tencent_kimi_20260614.md: Copied (new)
2026/08/09 08:56:07 INFO  : Backups/backup_cerebro_20260728_164635/Foruns/por_data/2026/06/semana_24/2026-06-14/forum_smoke_test_fact_checking_kimi_20260614.md: Copied (new)
2026/08/09 08:56:07 INFO  : Backups/backup_cerebro_20260728_164635/Foruns/por_data/2026/06/semana_24/2026-06-14/forum_smoke_test_maestro_publicador_kimi_20260614.md: Copied (new)
2026/08/09 08:56:07 INFO  : Backups/backup_cerebro_20260728_164635/Foruns/por_data/2026/06/semana_24/2026-06-14/forum_smoke_test_indexacao_google_kimi_20260614.md: Copied (new)
2026/08/09 08:56:07 INFO  : Backups/backup_cerebro_20260728_164635/Foruns/consultas_kimi_k3_3h/DIAGNOSTICO_kimi_autopercepcao_20260725_1137.md: Copied (new)
2026/08/09 08:56:07 INFO  : Backups/backup_cerebro_20260728_164635/Foruns/consultas_kimi_k3_3h/consulta_glm_extra_fallback_arquitetura_20260725_1427.md: Copied (new)
2026/08/09 08:56:07 INFO  : Backups/backup_cerebro_20260728_164635/Foruns/consultas_kimi_k3_3h/consulta_glm_sentinela_20260725_1303.md: Copied (new)
2026/08/09 08:56:07 INFO  : Backups/backup_cerebro_20260728_164635/Foruns/consultas_kimi_k3_3h/consulta_glm_sentinela_20260725_1233.md: Copied (new)
2026/08/09 08:56:07 INFO  : Backups/backup_cerebro_20260728_164635/Foruns/por_data/2026/06/semana_24/2026-06-14/forum_midia_reprovada_canario_reforma_20260614.md: Copied (new)
2026/08/09 08:56:07 INFO  : Backups/backup_cerebro_20260728_164635/Foruns/consultas_kimi_k3_3h/consulta_glm_sentinela_20260725_1333.md: Copied (new)
2026/08/09 08:56:07 INFO  : Backups/backup_cerebro_20260728_164635/Foruns/consultas_kimi_k3_3h/consulta_glm_sentinela_20260725_1229.md: Copied (new)
2026/08/09 08:56:07 INFO  : Backups/backup_cerebro_20260728_164635/Foruns/consultas_kimi_k3_3h/consulta_glm_sentinela_20260725_1415.md: Copied (new)
2026/08/09 08:56:07 INFO  : Backups/backup_cerebro_20260728_164635/Foruns/consultas_kimi_k3_3h/consulta_glm_sentinela_20260725_1438.md: Copied (new)
2026/08/09 08:56:07 INFO  : Backups/backup_cerebro_20260728_164635/Foruns/consultas_kimi_k3_3h/consulta_glm_sentinela_20260725_1503.md: Copied (new)
2026/08/09 08:56:07 INFO  : Backups/backup_cerebro_20260728_164635/Foruns/consultas_kimi_k3_3h/consulta_glm_sentinela_20260725_1533.md: Copied (new)
2026/08/09 08:56:07 INFO  : Backups/backup_cerebro_20260728_164635/Foruns/consultas_kimi_k3_3h/consulta_glm_sentinela_20260725_1603.md: Copied (new)
2026/08/09 08:56:07 INFO  : Backups/backup_cerebro_20260728_164635/Foruns/consultas_kimi_k3_3h/consulta_glm_sentinela_20260725_1633.md: Copied (new)
2026/08/09 08:56:07 INFO  : Backups/backup_cerebro_20260728_164635/Foruns/por_data/2026/06/semana_24/2026-06-14/cartinha_kimi_smoke_geopolitica_executando_20260614.md: Copied (new)
2026/08/09 08:56:07 INFO  : Backups/backup_cerebro_20260728_164635/Foruns/consultas_kimi_k3_3h/consulta_glm_sentinela_20260725_1803.md: Copied (new)
2026/08/09 08:56:07 INFO  : Backups/backup_cerebro_20260728_164635/Foruns/consultas_kimi_k3_3h/consulta_glm_sentinela_20260725_1833.md: Copied (new)
2026/08/09 08:56:07 INFO  : Backups/backup_cerebro_20260728_164635/Foruns/consultas_kimi_k3_3h/consulta_glm_sentinela_20260725_1903.md: Copied (new)
2026/08/09 08:56:07 INFO  : Backups/backup_cerebro_20260728_164635/Foruns/consultas_kimi_k3_3h/consulta_glm_sentinela_20260725_1933.md: Copied (new)
2026/08/09 08:56:07 INFO  : Backups/backup_cerebro_20260728_164635/Foruns/consultas_kimi_k3_3h/consulta_glm_sentinela_20260725_1703.md: Copied (new)
2026/08/09 08:56:07 INFO  : Backups/backup_cerebro_20260728_164635/Foruns/consultas_kimi_k3_3h/consulta_glm_sentinela_20260725_1733.md: Copied (new)
2026/08/09 08:56:07 INFO  : Backups/backup_cerebro_20260728_164635/Foruns/consultas_kimi_k3_3h/consulta_glm_sentinela_20260725_2003.md: Copied (new)
2026/08/09 08:56:08 INFO  : Backups/backup_cerebro_20260728_164635/Foruns/consultas_kimi_k3_3h/consulta_glm_sentinela_20260725_2103.md: Copied (new)
2026/08/09 08:56:08 INFO  : Backups/backup_cerebro_20260728_164635/Foruns/consultas_kimi_k3_3h/consulta_glm_sentinela_20260725_2133.md: Copied (new)
2026/08/09 08:56:08 INFO  : Backups/backup_cerebro_20260728_164635/Foruns/consultas_kimi_k3_3h/consulta_glm_sentinela_20260725_2203.md: Copied (new)
2026/08/09 08:56:08 INFO  : Backups/backup_cerebro_20260728_164635/Foruns/consultas_kimi_k3_3h/consulta_kimi_k3_20260725_0444.md: Copied (new)
2026/08/09 08:56:08 INFO  : Backups/backup_cerebro_20260728_164635/Foruns/consultas_kimi_k3_3h/consulta_glm_sentinela_20260725_2233.md: Copied (new)
2026/08/09 08:56:08 INFO  : Backups/backup_cerebro_20260728_164635/Foruns/consultas_kimi_k3_3h/consulta_kimi_k3_20260725_0456.md: Copied (new)
2026/08/09 08:56:08 INFO  : Backups/backup_cerebro_20260728_164635/Foruns/consultas_kimi_k3_3h/consulta_kimi_k3_20260725_0501.md: Copied (new)
2026/08/09 08:56:08 INFO  : Backups/backup_cerebro_20260728_164635/Foruns/consultas_kimi_k3_3h/consulta_kimi_k3_20260725_0601.md: Copied (new)
2026/08/09 08:56:08 INFO  : Backups/backup_cerebro_20260728_164635/Foruns/consultas_kimi_k3_3h/consulta_kimi_k3_20260725_0731.md: Copied (new)
2026/08/09 08:56:08 INFO  : Backups/backup_cerebro_20260728_164635/Foruns/consultas_kimi_k3_3h/consulta_kimi_k3_20260725_0631.md: Copied (new)
2026/08/09 08:56:08 INFO  : Backups/backup_cerebro_20260728_164635/Foruns/consultas_kimi_k3_3h/consulta_glm_sentinela_20260725_2033.md: Copied (new)
2026/08/09 08:56:08 INFO  : Backups/backup_cerebro_20260728_164635/Foruns/consultas_kimi_k3_3h/consulta_kimi_k3_20260725_0801.md: Copied (new)
2026/08/09 08:56:08 INFO  : Backups/backup_cerebro_20260728_164635/Foruns/consultas_kimi_k3_3h/consulta_kimi_k3_20260725_0701.md: Copied (new)
2026/08/09 08:56:08 INFO  : Backups/backup_cerebro_20260728_164635/Foruns/consultas_kimi_k3_3h/consulta_kimi_k3_20260725_0831.md: Copied (new)
2026/08/09 08:56:08 INFO  : Backups/backup_cerebro_20260728_164635/Foruns/consultas_kimi_k3_3h/consulta_kimi_k3_20260725_0531.md: Copied (new)
2026/08/09 08:56:08 INFO  : Backups/backup_cerebro_20260728_164635/Foruns/consultas_kimi_k3_3h/consulta_kimi_k3_20260725_0120.md: Copied (new)
2026/08/09 08:56:08 INFO  : Backups/backup_cerebro_20260728_164635/Foruns/consultas_kimi_k3_3h/consulta_kimi_k3_20260725_1031.md: Copied (new)
2026/08/09 08:56:08 INFO  : Backups/backup_cerebro_20260728_164635/Foruns/consultas_kimi_k3_3h/consulta_kimi_k3_20260725_1131.md: Copied (new)
2026/08/09 08:56:08 INFO  : Backups/backup_cerebro_20260728_164635/Foruns/consultas_kimi_k3_3h/consulta_kimi_k3_20260725_0901.md: Copied (new)
2026/08/09 08:56:08 INFO  : Backups/backup_cerebro_20260728_164635/Foruns/consultas_kimi_k3_3h/consulta_kimi_k3_20260725_1002.md: Copied (new)
2026/08/09 08:56:08 INFO  : Backups/backup_cerebro_20260728_164635/Foruns/consultas_kimi_k3_3h/consulta_kimi_k3_20260725_0931.md: Copied (new)
2026/08/09 08:56:08 INFO  : Backups/backup_cerebro_20260728_164635/Foruns/consultas_kimi_k3_3h/consulta_kimi_k3_20260725_1101.md: Copied (new)
2026/08/09 08:56:08 INFO  : Backups/backup_cerebro_20260728_164635/Foruns/consultas_kimi_k3_3h/resposta_claude_a_kimi_20260725_1050_escalacao_arquitetural.md: Copied (new)
2026/08/09 08:56:08 INFO  : Backups/backup_cerebro_20260728_164635/Foruns/consultas_kimi_k3_3h/resposta_claude_a_kimi_20260725_0450.md: Copied (new)
2026/08/09 08:56:08 INFO  : Backups/backup_cerebro_20260728_164635/Foruns/consultas_kimi_k3_3h/consulta_kimi_k3_20260725_1201.md: Copied (new)
2026/08/09 08:56:08 INFO  : Backups/backup_cerebro_20260728_164635/Foruns/consultas_kimi_k3_3h/resposta_claude_a_kimi_20260725_1115_tematicos_hero_pipeline.md: Copied (new)
2026/08/09 08:56:08 INFO  : Backups/backup_cerebro_20260728_164635/Foruns/gpt_5_6_sol/v4_qualidade_texto_curadoria_20260710/05_amostras_reais/v4_real_001.curadoria.json: Copied (new)
2026/08/09 08:56:08 INFO  : Backups/backup_cerebro_20260728_164635/Foruns/gpt_5_6_sol/v4_qualidade_texto_curadoria_20260710/05_amostras_reais/v4_real_001.auditado_final.json: Copied (new)
2026/08/09 08:56:08 INFO  : Backups/backup_cerebro_20260728_164635/Foruns/consultas_kimi_k3_3h/resposta_kimi_a_claude_20260725_1100_youtube_factcheck.md: Copied (new)
2026/08/09 08:56:08 INFO  : Backups/backup_cerebro_20260728_164635/Foruns/gpt_5_6_sol/v4_qualidade_texto_curadoria_20260710/05_amostras_reais/v4_real_001.json: Copied (new)
2026/08/09 08:56:08 INFO  : Backups/backup_cerebro_20260728_164635/Foruns/gpt_5_6_sol/v4_qualidade_texto_curadoria_20260710/05_amostras_reais/v4_real_001.redator_real.json: Copied (new)
2026/08/09 08:56:08 INFO  : Backups/backup_cerebro_20260728_164635/Foruns/gpt_5_6_sol/v4_qualidade_texto_curadoria_20260710/05_amostras_reais/v4_real_001.producao.json: Copied (new)
2026/08/09 08:56:08 INFO  : Backups/backup_cerebro_20260728_164635/Foruns/consultas_kimi_k3_3h/resposta_claude_a_kimi_20260725_0140.md: Copied (new)
2026/08/09 08:56:08 INFO  : Backups/backup_cerebro_20260728_164635/Foruns/gpt_5_6_sol/v4_qualidade_texto_curadoria_20260710/05_amostras_reais/v4_real_001.redator_real_preflight.json: Copied (new)
2026/08/09 08:56:09 INFO  : Backups/backup_cerebro_20260728_164635/Foruns/gpt_5_6_sol/v4_qualidade_texto_curadoria_20260710/05_amostras_reais/v4_real_001.shadow_redacao.json: Copied (new)
2026/08/09 08:56:09 INFO  : Backups/backup_cerebro_20260728_164635/Foruns/gpt_5_6_sol/v4_qualidade_texto_curadoria_20260710/05_amostras_reais/v4_real_001.ustr_2026_0331_written_comment.json: Copied (new)
2026/08/09 08:56:09 INFO  : Backups/backup_cerebro_20260728_164635/Foruns/gpt_5_6_sol/v4_qualidade_texto_curadoria_20260710/05_amostras_reais/v4_real_002.auditado_final.json: Copied (new)
2026/08/09 08:56:09 INFO  : Backups/backup_cerebro_20260728_164635/Foruns/gpt_5_6_sol/v4_qualidade_texto_curadoria_20260710/05_amostras_reais/v4_real_002.fact_check.json: Copied (new)
2026/08/09 08:56:09 INFO  : Backups/backup_cerebro_20260728_164635/Foruns/gpt_5_6_sol/v4_qualidade_texto_curadoria_20260710/05_amostras_reais/v4_real_002.curadoria.json: Copied (new)
2026/08/09 08:56:09 INFO  : Backups/backup_cerebro_20260728_164635/Foruns/gpt_5_6_sol/v4_qualidade_texto_curadoria_20260710/05_amostras_reais/v4_real_002.producao.json: Copied (new)
2026/08/09 08:56:09 INFO  : Backups/backup_cerebro_20260728_164635/Foruns/gpt_5_6_sol/v4_qualidade_texto_curadoria_20260710/05_amostras_reais/v4_real_003.curadoria.json: Copied (new)
2026/08/09 08:56:09 INFO  : Backups/backup_cerebro_20260728_164635/Foruns/gpt_5_6_sol/v4_qualidade_texto_curadoria_20260710/05_amostras_reais/v4_real_003.fact_check.json: Copied (new)
2026/08/09 08:56:09 INFO  : Backups/backup_cerebro_20260728_164635/Foruns/gpt_5_6_sol/v4_qualidade_texto_curadoria_20260710/05_amostras_reais/v4_real_003.auditado_final.json: Copied (new)
2026/08/09 08:56:09 INFO  : Backups/backup_cerebro_20260728_164635/Foruns/gpt_5_6_sol/v4_qualidade_texto_curadoria_20260710/05_amostras_reais/v4_real_003.json: Copied (new)
2026/08/09 08:56:09 INFO  : Backups/backup_cerebro_20260728_164635/Foruns/gpt_5_6_sol/v4_qualidade_texto_curadoria_20260710/05_amostras_reais/v4_real_002.json: Copied (new)
2026/08/09 08:56:09 INFO  : Backups/backup_cerebro_20260728_164635/Foruns/gpt_5_6_sol/v4_qualidade_texto_curadoria_20260710/05_amostras_reais/v4_real_001.variant_b.producao.json: Copied (new)
2026/08/09 08:56:09 INFO  : Backups/backup_cerebro_20260728_164635/Foruns/gpt_5_6_sol/v4_qualidade_texto_curadoria_20260710/05_amostras_reais/v4_real_002.revisao.json: Copied (new)
2026/08/09 08:56:09 INFO  : Backups/backup_cerebro_20260728_164635/Foruns/gpt_5_6_sol/v4_qualidade_texto_curadoria_20260710/05_amostras_reais/v4_real_003.producao.json: Copied (new)
2026/08/09 08:56:09 INFO  : Backups/backup_cerebro_20260728_164635/Foruns/gpt_5_6_sol/v4_qualidade_texto_curadoria_20260710/05_amostras_reais/v4_real_003.revisao.json: Copied (new)
2026/08/09 08:56:09 INFO  : Backups/backup_cerebro_20260728_164635/Foruns/gpt_5_6_sol/v4_qualidade_texto_curadoria_20260710/05_amostras_reais/v4_real_004.auditado_final.json: Copied (new)
2026/08/09 08:56:09 INFO  : Backups/backup_cerebro_20260728_164635/Foruns/gpt_5_6_sol/v4_qualidade_texto_curadoria_20260710/05_amostras_reais/v4_real_004.producao.json: Copied (new)
2026/08/09 08:56:09 INFO  : Backups/backup_cerebro_20260728_164635/Foruns/gpt_5_6_sol/v4_qualidade_texto_curadoria_20260710/05_amostras_reais/v4_real_004.curadoria.json: Copied (new)
2026/08/09 08:56:09 INFO  : Backups/backup_cerebro_20260728_164635/Foruns/gpt_5_6_sol/v4_qualidade_texto_curadoria_20260710/05_amostras_reais/v4_real_005.curadoria.json: Copied (new)
2026/08/09 08:56:09 INFO  : Backups/backup_cerebro_20260728_164635/Foruns/gpt_5_6_sol/v4_qualidade_texto_curadoria_20260710/05_amostras_reais/v4_real_005.fact_check.json: Copied (new)
2026/08/09 08:56:09 INFO  : Backups/backup_cerebro_20260728_164635/Foruns/gpt_5_6_sol/v4_qualidade_texto_curadoria_20260710/05_amostras_reais/v4_real_004.json: Copied (new)
2026/08/09 08:56:09 INFO  : Backups/backup_cerebro_20260728_164635/Foruns/gpt_5_6_sol/v4_qualidade_texto_curadoria_20260710/05_amostras_reais/v4_real_005.auditado_final.json: Copied (new)
2026/08/09 08:56:09 INFO  : Backups/backup_cerebro_20260728_164635/Foruns/gpt_5_6_sol/v4_qualidade_texto_curadoria_20260710/05_amostras_reais/v4_real_004.revisao.json: Copied (new)
2026/08/09 08:56:09 INFO  : Backups/backup_cerebro_20260728_164635/Foruns/gpt_5_6_sol/v4_qualidade_texto_curadoria_20260710/05_amostras_reais/v4_real_005.json: Copied (new)
2026/08/09 08:56:09 INFO  : Backups/backup_cerebro_20260728_164635/Foruns/gpt_5_6_sol/v4_qualidade_texto_curadoria_20260710/05_amostras_reais/v4_real_005.revisao.json: Copied (new)
2026/08/09 08:56:09 INFO  : Backups/backup_cerebro_20260728_164635/Foruns/gpt_5_6_sol/v4_qualidade_texto_curadoria_20260710/05_amostras_reais/v4_real_006.auditado_final.json: Copied (new)
2026/08/09 08:56:09 INFO  : Backups/backup_cerebro_20260728_164635/Foruns/gpt_5_6_sol/v4_qualidade_texto_curadoria_20260710/05_amostras_reais/v4_real_004.fact_check.json: Copied (new)
2026/08/09 08:56:09 INFO  : Backups/backup_cerebro_20260728_164635/Foruns/gpt_5_6_sol/v4_qualidade_texto_curadoria_20260710/05_amostras_reais/v4_real_006.fact_check.json: Copied (new)
2026/08/09 08:56:09 INFO  : Backups/backup_cerebro_20260728_164635/Foruns/gpt_5_6_sol/v4_qualidade_texto_curadoria_20260710/05_amostras_reais/v4_real_005.producao.json: Copied (new)
2026/08/09 08:56:09 INFO  : Backups/backup_cerebro_20260728_164635/Foruns/gpt_5_6_sol/v4_qualidade_texto_curadoria_20260710/05_amostras_reais/v4_real_006.json: Copied (new)
2026/08/09 08:56:09 INFO  : Backups/backup_cerebro_20260728_164635/Foruns/gpt_5_6_sol/v4_qualidade_texto_curadoria_20260710/05_amostras_reais/v4_real_007.curadoria.json: Copied (new)
2026/08/09 08:56:09 INFO  : Backups/backup_cerebro_20260728_164635/Foruns/gpt_5_6_sol/v4_qualidade_texto_curadoria_20260710/05_amostras_reais/v4_real_007.auditado_final.json: Copied (new)
2026/08/09 08:56:10 INFO  : Backups/backup_cerebro_20260728_164635/Foruns/gpt_5_6_sol/v4_qualidade_texto_curadoria_20260710/05_amostras_reais/v4_real_006.revisao.json: Copied (new)
2026/08/09 08:56:10 INFO  : Backups/backup_cerebro_20260728_164635/Foruns/gpt_5_6_sol/v4_qualidade_texto_curadoria_20260710/05_amostras_reais/v4_real_007.fact_check.json: Copied (new)
2026/08/09 08:56:10 INFO  : Backups/backup_cerebro_20260728_164635/Foruns/gpt_5_6_sol/v4_qualidade_texto_curadoria_20260710/05_amostras_reais/v4_real_006.curadoria.json: Copied (new)
2026/08/09 08:56:10 INFO  : Backups/backup_cerebro_20260728_164635/Foruns/gpt_5_6_sol/v4_qualidade_texto_curadoria_20260710/05_amostras_reais/v4_real_007.producao.json: Copied (new)
2026/08/09 08:56:10 INFO  : Backups/backup_cerebro_20260728_164635/Foruns/gpt_5_6_sol/v4_qualidade_texto_curadoria_20260710/05_amostras_reais/v4_real_007.revisao.json: Copied (new)
2026/08/09 08:56:10 INFO  : Backups/backup_cerebro_20260728_164635/Foruns/gpt_5_6_sol/v4_qualidade_texto_curadoria_20260710/05_amostras_reais/v4_real_007.json: Copied (new)
2026/08/09 08:56:10 INFO  : Backups/backup_cerebro_20260728_164635/Foruns/gpt_5_6_sol/v4_qualidade_texto_curadoria_20260710/03_contratos_editoriais/llm_providers.json: Copied (new)
2026/08/09 08:56:10 INFO  : Backups/backup_cerebro_20260728_164635/Foruns/gpt_5_6_sol/v4_qualidade_texto_curadoria_20260710/03_contratos_editoriais/v4_agentes_tecnicos_v1.json: Copied (new)
2026/08/09 08:56:10 INFO  : Backups/backup_cerebro_20260728_164635/Foruns/gpt_5_6_sol/v4_qualidade_texto_curadoria_20260710/03_contratos_editoriais/llm_ratings.json: Copied (new)
2026/08/09 08:56:10 INFO  : Backups/backup_cerebro_20260728_164635/Foruns/gpt_5_6_sol/v4_qualidade_texto_curadoria_20260710/05_amostras_reais/v4_real_006.producao.json: Copied (new)
2026/08/09 08:56:10 INFO  : Backups/backup_cerebro_20260728_164635/Foruns/gpt_5_6_sol/v4_qualidade_texto_curadoria_20260710/03_contratos_editoriais/llm_context_routes.json: Copied (new)
2026/08/09 08:56:10 INFO  : Backups/backup_cerebro_20260728_164635/Foruns/gpt_5_6_sol/v4_qualidade_texto_curadoria_20260710/03_contratos_editoriais/v4_auditoria_final_v1.json: Copied (new)
2026/08/09 08:56:10 INFO  : Backups/backup_cerebro_20260728_164635/Foruns/gpt_5_6_sol/v4_qualidade_texto_curadoria_20260710/03_contratos_editoriais/v4_cultura_v1.md: Copied (new)
2026/08/09 08:56:10 INFO  : Backups/backup_cerebro_20260728_164635/Foruns/gpt_5_6_sol/v4_qualidade_texto_curadoria_20260710/03_contratos_editoriais/v4_ciencia_tecnologia_ia_v1.md: Copied (new)
2026/08/09 08:56:10 INFO  : Backups/backup_cerebro_20260728_164635/Foruns/gpt_5_6_sol/v4_qualidade_texto_curadoria_20260710/03_contratos_editoriais/v4_bancos_camadas_v1.json: Copied (new)
2026/08/09 08:56:10 INFO  : Backups/backup_cerebro_20260728_164635/Foruns/gpt_5_6_sol/v4_qualidade_texto_curadoria_20260710/03_contratos_editoriais/v4_curadoria_tese_v1.json: Copied (new)
2026/08/09 08:56:10 INFO  : Backups/backup_cerebro_20260728_164635/Foruns/gpt_5_6_sol/v4_qualidade_texto_curadoria_20260710/03_contratos_editoriais/mapa_v4_contexto_llm.json: Copied (new)
2026/08/09 08:56:10 INFO  : Backups/backup_cerebro_20260728_164635/Foruns/gpt_5_6_sol/v4_qualidade_texto_curadoria_20260710/03_contratos_editoriais/v4_fact_check_v1.json: Copied (new)
2026/08/09 08:56:10 INFO  : Backups/backup_cerebro_20260728_164635/Foruns/gpt_5_6_sol/v4_qualidade_texto_curadoria_20260710/03_contratos_editoriais/v4_feedback_casos_editoriais_v1.json: Copied (new)
2026/08/09 08:56:10 INFO  : Backups/backup_cerebro_20260728_164635/Foruns/gpt_5_6_sol/v4_qualidade_texto_curadoria_20260710/03_contratos_editoriais/v4_fluxo_dry_run_v1.json: Copied (new)
2026/08/09 08:56:10 INFO  : Backups/backup_cerebro_20260728_164635/Foruns/gpt_5_6_sol/v4_qualidade_texto_curadoria_20260710/03_contratos_editoriais/v4_feedback_editor_v1.json: Copied (new)
2026/08/09 08:56:10 INFO  : Backups/backup_cerebro_20260728_164635/Foruns/gpt_5_6_sol/v4_qualidade_texto_curadoria_20260710/03_contratos_editoriais/v4_ingestao_conteudo_v1.json: Copied (new)
2026/08/09 08:56:10 INFO  : Backups/backup_cerebro_20260728_164635/Foruns/gpt_5_6_sol/v4_qualidade_texto_curadoria_20260710/03_contratos_editoriais/v4_gsn_espelho_ingles_v1.md: Copied (new)
2026/08/09 08:56:10 INFO  : Backups/backup_cerebro_20260728_164635/Foruns/gpt_5_6_sol/v4_qualidade_texto_curadoria_20260710/03_contratos_editoriais/v4_llm_adapter_v1.json: Copied (new)
2026/08/09 08:56:10 INFO  : Backups/backup_cerebro_20260728_164635/Foruns/gpt_5_6_sol/v4_qualidade_texto_curadoria_20260710/03_contratos_editoriais/v4_imagem_destacada_v1.json: Copied (new)
2026/08/09 08:56:10 INFO  : Backups/backup_cerebro_20260728_164635/Foruns/gpt_5_6_sol/v4_qualidade_texto_curadoria_20260710/03_contratos_editoriais/v4_llm_dashboard_v1.json: Copied (new)
2026/08/09 08:56:10 INFO  : Backups/backup_cerebro_20260728_164635/Foruns/gpt_5_6_sol/v4_qualidade_texto_curadoria_20260710/03_contratos_editoriais/v4_internacional_v1.md: Copied (new)
2026/08/09 08:56:10 INFO  : Backups/backup_cerebro_20260728_164635/Foruns/gpt_5_6_sol/v4_qualidade_texto_curadoria_20260710/03_contratos_editoriais/v4_memoria_autocura_v1.json: Copied (new)
2026/08/09 08:56:10 INFO  : Backups/backup_cerebro_20260728_164635/Foruns/gpt_5_6_sol/v4_qualidade_texto_curadoria_20260710/03_contratos_editoriais/v4_llm_decisions_v1.json: Copied (new)
2026/08/09 08:56:10 INFO  : Backups/backup_cerebro_20260728_164635/Foruns/gpt_5_6_sol/v4_qualidade_texto_curadoria_20260710/03_contratos_editoriais/v4_model_router_v1.json: Copied (new)
2026/08/09 08:56:11 INFO  : Backups/backup_cerebro_20260728_164635/Foruns/gpt_5_6_sol/v4_qualidade_texto_curadoria_20260710/03_contratos_editoriais/v4_editoria_coerencia_v1.json: Copied (new)
2026/08/09 08:56:11 INFO  : Backups/backup_cerebro_20260728_164635/Foruns/gpt_5_6_sol/v4_qualidade_texto_curadoria_20260710/03_contratos_editoriais/v4_operacao_limpeza_ordem_backup_v1.json: Copied (new)
2026/08/09 08:56:11 INFO  : Backups/backup_cerebro_20260728_164635/Foruns/gpt_5_6_sol/v4_qualidade_texto_curadoria_20260710/03_contratos_editoriais/v4_operational_dashboard_v1.json: Copied (new)
2026/08/09 08:56:11 INFO  : Backups/backup_cerebro_20260728_164635/Foruns/gpt_5_6_sol/v4_qualidade_texto_curadoria_20260710/03_contratos_editoriais/v4_nucleo_editorial_comum_v1.md: Copied (new)
2026/08/09 08:56:11 INFO  : Backups/backup_cerebro_20260728_164635/Foruns/gpt_5_6_sol/v4_qualidade_texto_curadoria_20260710/03_contratos_editoriais/v4_orquestracao_llm_v1.json: Copied (new)
2026/08/09 08:56:11 INFO  : Backups/backup_cerebro_20260728_164635/Foruns/gpt_5_6_sol/v4_qualidade_texto_curadoria_20260710/03_contratos_editoriais/v4_multi_item_lab_v1.json: Copied (new)
2026/08/09 08:56:11 INFO  : Backups/backup_cerebro_20260728_164635/Foruns/gpt_5_6_sol/v4_qualidade_texto_curadoria_20260710/03_contratos_editoriais/v4_politica_economia_v1.md: Copied (new)
2026/08/09 08:56:11 INFO  : Backups/backup_cerebro_20260728_164635/Foruns/gpt_5_6_sol/v4_qualidade_texto_curadoria_20260710/03_contratos_editoriais/v4_pricing_llm_v1.json: Copied (new)
2026/08/09 08:56:11 INFO  : Backups/backup_cerebro_20260728_164635/Foruns/gpt_5_6_sol/v4_qualidade_texto_curadoria_20260710/03_contratos_editoriais/v4_promocao_preflight_v1.json: Copied (new)
2026/08/09 08:56:11 INFO  : Backups/backup_cerebro_20260728_164635/Foruns/gpt_5_6_sol/v4_qualidade_texto_curadoria_20260710/03_contratos_editoriais/v4_redator_real_v1.json: Copied (new)
2026/08/09 08:56:11 INFO  : Backups/backup_cerebro_20260728_164635/Foruns/gpt_5_6_sol/v4_qualidade_texto_curadoria_20260710/03_contratos_editoriais/v4_rascunho_primeiro_v1.json: Copied (new)
2026/08/09 08:56:11 INFO  : Backups/backup_cerebro_20260728_164635/Foruns/gpt_5_6_sol/v4_qualidade_texto_curadoria_20260710/03_contratos_editoriais/v4_recompute_costs_v1.json: Copied (new)
2026/08/09 08:56:11 INFO  : Backups/backup_cerebro_20260728_164635/Foruns/gpt_5_6_sol/v4_qualidade_texto_curadoria_20260710/03_contratos_editoriais/v4_repetidor_v1.md: Copied (new)
2026/08/09 08:56:11 INFO  : Backups/backup_cerebro_20260728_164635/Foruns/gpt_5_6_sol/v4_qualidade_texto_curadoria_20260710/03_contratos_editoriais/v4_rotas_llm_limpas_v1.json: Copied (new)
2026/08/09 08:56:11 INFO  : Backups/backup_cerebro_20260728_164635/Foruns/gpt_5_6_sol/v4_qualidade_texto_curadoria_20260710/03_contratos_editoriais/v4_telemetria_v1.json: Copied (new)
2026/08/09 08:56:11 INFO  : Backups/backup_cerebro_20260728_164635/Foruns/gpt_5_6_sol/v4_qualidade_texto_curadoria_20260710/03_contratos_editoriais/v4_wordpress_media_v1.json: Copied (new)
2026/08/09 08:56:11 INFO  : Backups/backup_cerebro_20260728_164635/Foruns/gpt_5_6_sol/v4_qualidade_texto_curadoria_20260710/03_contratos_editoriais/v4_freios_llm_v1.json: Copied (new)
2026/08/09 08:56:11 INFO  : Foruns/sentinela/2026-07/ciclo_20260720_0111.md: Copied (new)
2026/08/09 08:56:11 INFO  : Foruns/sentinela/2026-07/ciclo_20260720_0110.md: Copied (new)
2026/08/09 08:56:11 INFO  : Backups/backup_cerebro_20260728_164635/Foruns/gpt_5_6_sol/v4_qualidade_texto_curadoria_20260710/03_contratos_editoriais/v4_redator_shadow_v1.json: Copied (new)
2026/08/09 08:56:11 INFO  : Foruns/sentinela/2026-07/ciclo_20260720_0551.md: Copied (new)
2026/08/09 08:56:11 INFO  : Backups/backup_cerebro_20260728_164635/Foruns/gpt_5_6_sol/v4_qualidade_texto_curadoria_20260710/03_contratos_editoriais/v4_wordpress_publicador_v1.json: Copied (new)
2026/08/09 08:56:11 INFO  : Foruns/sentinela/2026-07/ciclo_20260720_0552.md: Copied (new)
2026/08/09 08:56:11 INFO  : Backups/backup_cerebro_20260728_164635/Foruns/gpt_5_6_sol/v4_qualidade_texto_curadoria_20260710/03_contratos_editoriais/v4_revisao_v1.json: Copied (new)
2026/08/09 08:56:11 INFO  : Foruns/sentinela/2026-07/ciclo_20260720_0601.md: Copied (new)
2026/08/09 08:56:11 INFO  : Foruns/sentinela/2026-07/ciclo_20260720_0657.md: Copied (new)
2026/08/09 08:56:11 INFO  : Foruns/sentinela/2026-07/ciclo_20260720_0604.md: Copied (new)
2026/08/09 08:56:11 INFO  : Foruns/sentinela/2026-07/ciclo_20260720_0728.md: Copied (new)
2026/08/09 08:56:11 INFO  : Foruns/sentinela/2026-07/ciclo_20260720_0759.md: Copied (new)
2026/08/09 08:56:11 INFO  : Foruns/sentinela/2026-07/ciclo_20260720_0830.md: Copied (new)
2026/08/09 08:56:11 INFO  : Foruns/sentinela/2026-07/ciclo_20260720_0953.md: Copied (new)
2026/08/09 08:56:11 INFO  : Foruns/sentinela/2026-07/ciclo_20260720_0850.md: Copied (new)
2026/08/09 08:56:11 INFO  : Foruns/sentinela/2026-07/ciclo_20260720_1019.md: Copied (new)
2026/08/09 08:56:12 INFO  : Foruns/sentinela/2026-07/ciclo_20260720_0555.md: Copied (new)
2026/08/09 08:56:12 INFO  : Foruns/sentinela/2026-07/ciclo_20260720_1044.md: Copied (new)
2026/08/09 08:56:12 INFO  : Foruns/sentinela/2026-07/ciclo_20260720_1144.md: Copied (new)
2026/08/09 08:56:12 INFO  : Foruns/sentinela/2026-07/ciclo_20260720_1214.md: Copied (new)
2026/08/09 08:56:12 INFO  : Foruns/sentinela/2026-07/ciclo_20260720_0819.md: Copied (new)
2026/08/09 08:56:12 INFO  : Foruns/sentinela/2026-07/ciclo_20260720_1344.md: Copied (new)
2026/08/09 08:56:12 INFO  : Foruns/sentinela/2026-07/ciclo_20260720_0626.md: Copied (new)
2026/08/09 08:56:12 INFO  : Foruns/sentinela/2026-07/ciclo_20260720_1244.md: Copied (new)
2026/08/09 08:56:12 INFO  : Foruns/sentinela/2026-07/ciclo_20260720_1314.md: Copied (new)
2026/08/09 08:56:12 INFO  : Foruns/sentinela/2026-07/ciclo_20260720_1414.md: Copied (new)
2026/08/09 08:56:12 INFO  : Foruns/sentinela/2026-07/ciclo_20260720_1444.md: Copied (new)
2026/08/09 08:56:12 INFO  : Foruns/sentinela/2026-07/ciclo_20260720_1119.md: Copied (new)
2026/08/09 08:56:12 INFO  : Foruns/sentinela/2026-07/ciclo_20260720_1514.md: Copied (new)
2026/08/09 08:56:12 INFO  : Foruns/sentinela/2026-07/ciclo_20260720_1523.md: Copied (new)
2026/08/09 08:56:12 INFO  : Foruns/sentinela/2026-07/ciclo_20260720_1544.md: Copied (new)
2026/08/09 08:56:12 INFO  : Foruns/sentinela/2026-07/ciclo_20260720_1644.md: Copied (new)
2026/08/09 08:56:12 INFO  : Foruns/sentinela/2026-07/ciclo_20260720_1614.md: Copied (new)
2026/08/09 08:56:12 INFO  : Foruns/sentinela/2026-07/ciclo_20260720_1744.md: Copied (new)
2026/08/09 08:56:12 INFO  : Foruns/sentinela/2026-07/ciclo_20260720_1714.md: Copied (new)
2026/08/09 08:56:12 INFO  : Foruns/sentinela/2026-07/ciclo_20260720_1524.md: Copied (new)
2026/08/09 08:56:12 INFO  : Foruns/sentinela/2026-07/ciclo_20260720_1827.md: Copied (new)
2026/08/09 08:56:12 INFO  : Foruns/sentinela/2026-07/ciclo_20260720_1525.md: Copied (new)
2026/08/09 08:56:12 INFO  : Foruns/sentinela/2026-07/ciclo_20260720_1730.md: Copied (new)
2026/08/09 08:56:12 INFO  : Foruns/sentinela/2026-07/ciclo_20260720_1844.md: Copied (new)
2026/08/09 08:56:12 INFO  : Foruns/sentinela/2026-07/ciclo_20260720_2014.md: Copied (new)
2026/08/09 08:56:12 INFO  : Foruns/sentinela/2026-07/ciclo_20260720_1944.md: Copied (new)
2026/08/09 08:56:12 INFO  : Foruns/sentinela/2026-07/ciclo_20260720_1914.md: Copied (new)
2026/08/09 08:56:12 INFO  : Foruns/sentinela/2026-07/ciclo_20260720_2144.md: Copied (new)
2026/08/09 08:56:12 INFO  : Foruns/sentinela/2026-07/ciclo_20260720_2304.md: Copied (new)
2026/08/09 08:56:12 INFO  : Foruns/sentinela/2026-07/ciclo_20260720_2315.md: Copied (new)
2026/08/09 08:56:12 INFO  : Foruns/sentinela/2026-07/ciclo_20260720_2244.md: Copied (new)
2026/08/09 08:56:12 INFO  : Foruns/sentinela/2026-07/ciclo_20260720_2344.md: Copied (new)
2026/08/09 08:56:13 INFO  : Foruns/sentinela/2026-07/ciclo_20260721_0014.md: Copied (new)
2026/08/09 08:56:13 INFO  : Foruns/sentinela/2026-07/ciclo_20260720_2044.md: Copied (new)
2026/08/09 08:56:13 INFO  : Foruns/sentinela/2026-07/ciclo_20260720_2114.md: Copied (new)
2026/08/09 08:56:13 INFO  : Foruns/sentinela/2026-07/ciclo_20260721_0752.md: Copied (new)
2026/08/09 08:56:13 INFO  : Foruns/sentinela/2026-07/ciclo_20260721_0754.md: Copied (new)
2026/08/09 08:56:13 INFO  : Foruns/sentinela/2026-07/ciclo_20260721_0757.md: Copied (new)
2026/08/09 08:56:13 INFO  : Foruns/sentinela/2026-07/ciclo_20260721_0756.md: Copied (new)
2026/08/09 08:56:13 INFO  : Foruns/sentinela/2026-07/ciclo_20260721_0044.md: Copied (new)
2026/08/09 08:56:13 INFO  : Foruns/sentinela/2026-07/ciclo_20260721_0814.md: Copied (new)
2026/08/09 08:56:13 INFO  : Foruns/sentinela/2026-07/ciclo_20260721_0948.md: Copied (new)
2026/08/09 08:56:13 INFO  : Foruns/sentinela/2026-07/ciclo_20260721_1014.md: Copied (new)
2026/08/09 08:56:13 INFO  : Foruns/sentinela/2026-07/ciclo_20260721_0914.md: Copied (new)
2026/08/09 08:56:13 INFO  : Foruns/sentinela/2026-07/ciclo_20260721_1044.md: Copied (new)
2026/08/09 08:56:13 INFO  : Foruns/sentinela/2026-07/ciclo_20260721_1216.md: Copied (new)
2026/08/09 08:56:13 INFO  : Foruns/sentinela/2026-07/ciclo_20260721_1114.md: Copied (new)
2026/08/09 08:56:13 INFO  : Foruns/sentinela/2026-07/ciclo_20260721_1144.md: Copied (new)
2026/08/09 08:56:13 INFO  : Foruns/sentinela/2026-07/ciclo_20260721_1314.md: Copied (new)
2026/08/09 08:56:13 INFO  : Foruns/sentinela/2026-07/ciclo_20260721_1325.md: Copied (new)
2026/08/09 08:56:13 INFO  : Foruns/sentinela/2026-07/ciclo_20260721_0844.md: Copied (new)
2026/08/09 08:56:13 INFO  : Foruns/sentinela/2026-07/ciclo_20260721_1344.md: Copied (new)
2026/08/09 08:56:13 INFO  : Foruns/sentinela/2026-07/ciclo_20260721_1444.md: Copied (new)
2026/08/09 08:56:13 INFO  : Foruns/sentinela/2026-07/ciclo_20260721_1515.md: Copied (new)
2026/08/09 08:56:13 INFO  : Foruns/sentinela/2026-07/ciclo_20260721_1244.md: Copied (new)
2026/08/09 08:56:13 INFO  : Foruns/sentinela/2026-07/ciclo_20260721_1349.md: Copied (new)
2026/08/09 08:56:13 INFO  : Foruns/sentinela/2026-07/ciclo_20260721_1414.md: Copied (new)
2026/08/09 08:56:13 INFO  : Foruns/sentinela/2026-07/ciclo_20260721_1644.md: Copied (new)
2026/08/09 08:56:13 INFO  : Foruns/sentinela/2026-07/ciclo_20260721_1730.md: Copied (new)
2026/08/09 08:56:13 INFO  : Foruns/sentinela/2026-07/ciclo_20260721_1614.md: Copied (new)
2026/08/09 08:56:13 INFO  : Foruns/sentinela/2026-07/ciclo_20260721_1717.md: Copied (new)
2026/08/09 08:56:13 INFO  : Foruns/sentinela/2026-07/ciclo_20260721_1744.md: Copied (new)
2026/08/09 08:56:13 INFO  : Foruns/sentinela/2026-07/ciclo_20260721_1800.md: Copied (new)
2026/08/09 08:56:13 INFO  : Foruns/sentinela/2026-07/ciclo_20260721_1544.md: Copied (new)
2026/08/09 08:56:13 INFO  : Foruns/sentinela/2026-07/ciclo_20260721_1830.md: Copied (new)
2026/08/09 08:56:14 INFO  : Foruns/sentinela/2026-07/ciclo_20260721_1844.md: Copied (new)
2026/08/09 08:56:14 INFO  : Foruns/sentinela/2026-07/ciclo_20260721_1930.md: Copied (new)
2026/08/09 08:56:14 INFO  : Foruns/sentinela/2026-07/ciclo_20260721_1944.md: Copied (new)
2026/08/09 08:56:14 INFO  : Foruns/sentinela/2026-07/ciclo_20260721_2014.md: Copied (new)
2026/08/09 08:56:14 INFO  : Foruns/sentinela/2026-07/ciclo_20260721_1914.md: Copied (new)
2026/08/09 08:56:14 INFO  : Foruns/sentinela/2026-07/ciclo_20260721_1814.md: Copied (new)
2026/08/09 08:56:14 INFO  : Foruns/sentinela/2026-07/ciclo_20260721_2100.md: Copied (new)
2026/08/09 08:56:14 INFO  : Foruns/sentinela/2026-07/ciclo_20260721_2117.md: Copied (new)
2026/08/09 08:56:14 INFO  : Foruns/sentinela/2026-07/ciclo_20260721_2130.md: Copied (new)
2026/08/09 08:56:14 INFO  : Foruns/sentinela/2026-07/ciclo_20260721_2044.md: Copied (new)
2026/08/09 08:56:14 INFO  : Foruns/sentinela/2026-07/ciclo_20260721_2000.md: Copied (new)
2026/08/09 08:56:14 INFO  : Foruns/sentinela/2026-07/ciclo_20260721_1900.md: Copied (new)
2026/08/09 08:56:14 INFO  : Foruns/sentinela/2026-07/ciclo_20260721_2030.md: Copied (new)
2026/08/09 08:56:14 INFO  : Foruns/sentinela/2026-07/ciclo_20260721_2144.md: Copied (new)
2026/08/09 08:56:14 INFO  : Foruns/sentinela/2026-07/ciclo_20260721_2200.md: Copied (new)
2026/08/09 08:56:14 INFO  : Foruns/sentinela/2026-07/ciclo_20260721_2300.md: Copied (new)
2026/08/09 08:56:14 INFO  : Foruns/sentinela/2026-07/ciclo_20260721_2214.md: Copied (new)
2026/08/09 08:56:14 INFO  : Foruns/sentinela/2026-07/ciclo_20260722_0014.md: Copied (new)
2026/08/09 08:56:14 INFO  : Foruns/sentinela/2026-07/ciclo_20260721_2314.md: Copied (new)
2026/08/09 08:56:14 INFO  : Foruns/sentinela/2026-07/ciclo_20260722_0000.md: Copied (new)
2026/08/09 08:56:14 INFO  : Foruns/sentinela/2026-07/ciclo_20260721_2244.md: Copied (new)
2026/08/09 08:56:14 INFO  : Foruns/sentinela/2026-07/ciclo_20260722_0114.md: Copied (new)
2026/08/09 08:56:14 INFO  : Foruns/sentinela/2026-07/ciclo_20260722_0100.md: Copied (new)
2026/08/09 08:56:14 INFO  : Foruns/sentinela/2026-07/ciclo_20260722_0044.md: Copied (new)
2026/08/09 08:56:14 INFO  : Foruns/sentinela/2026-07/ciclo_20260722_0144.md: Copied (new)
2026/08/09 08:56:14 INFO  : Foruns/sentinela/2026-07/ciclo_20260721_2344.md: Copied (new)
2026/08/09 08:56:14 INFO  : Foruns/sentinela/2026-07/ciclo_20260722_0200.md: Copied (new)
2026/08/09 08:56:14 INFO  : Foruns/sentinela/2026-07/ciclo_20260722_0300.md: Copied (new)
2026/08/09 08:56:14 INFO  : Foruns/sentinela/2026-07/ciclo_20260722_0344.md: Copied (new)
2026/08/09 08:56:14 INFO  : Foruns/sentinela/2026-07/ciclo_20260722_0314.md: Copied (new)
2026/08/09 08:56:14 INFO  : Foruns/sentinela/2026-07/ciclo_20260722_0244.md: Copied (new)
2026/08/09 08:56:14 INFO  : Foruns/sentinela/2026-07/ciclo_20260722_0400.md: Copied (new)
2026/08/09 08:56:14 INFO  : Foruns/sentinela/2026-07/ciclo_20260722_0214.md: Copied (new)
2026/08/09 08:56:15 INFO  : Foruns/sentinela/2026-07/ciclo_20260722_0500.md: Copied (new)
2026/08/09 08:56:15 INFO  : Foruns/sentinela/2026-07/ciclo_20260722_0514.md: Copied (new)
2026/08/09 08:56:15 INFO  : Foruns/sentinela/2026-07/ciclo_20260722_0414.md: Copied (new)
2026/08/09 08:56:15 INFO  : Foruns/sentinela/2026-07/ciclo_20260722_0630.md: Copied (new)
2026/08/09 08:56:15 INFO  : Foruns/sentinela/2026-07/ciclo_20260722_0600.md: Copied (new)
2026/08/09 08:56:15 INFO  : Foruns/sentinela/2026-07/ciclo_20260722_0544.md: Copied (new)
2026/08/09 08:56:15 INFO  : Foruns/sentinela/2026-07/ciclo_20260722_0644.md: Copied (new)
2026/08/09 08:56:15 INFO  : Foruns/sentinela/2026-07/ciclo_20260722_0700.md: Copied (new)
2026/08/09 08:56:15 INFO  : Foruns/sentinela/2026-07/ciclo_20260722_0800.md: Copied (new)
2026/08/09 08:56:15 INFO  : Foruns/sentinela/2026-07/ciclo_20260722_0744.md: Copied (new)
2026/08/09 08:56:15 INFO  : Foruns/sentinela/2026-07/ciclo_20260722_0614.md: Copied (new)
2026/08/09 08:56:15 INFO  : Foruns/sentinela/2026-07/ciclo_20260722_0444.md: Copied (new)
2026/08/09 08:56:15 INFO  : Foruns/sentinela/2026-07/ciclo_20260722_0730.md: Copied (new)
2026/08/09 08:56:15 INFO  : Foruns/sentinela/2026-07/ciclo_20260722_0714.md: Copied (new)
2026/08/09 08:56:15 INFO  : Foruns/sentinela/2026-07/ciclo_20260722_0830.md: Copied (new)
2026/08/09 08:56:15 INFO  : Foruns/sentinela/2026-07/ciclo_20260722_0814.md: Copied (new)
2026/08/09 08:56:15 INFO  : Foruns/sentinela/2026-07/ciclo_20260722_0844.md: Copied (new)
2026/08/09 08:56:15 INFO  : Foruns/sentinela/2026-07/ciclo_20260722_0914.md: Copied (new)
2026/08/09 08:56:15 INFO  : Foruns/sentinela/2026-07/ciclo_20260722_0900.md: Copied (new)
2026/08/09 08:56:15 INFO  : Foruns/sentinela/2026-07/ciclo_20260722_0944.md: Copied (new)
2026/08/09 08:56:15 INFO  : Foruns/sentinela/2026-07/ciclo_20260722_1014.md: Copied (new)
2026/08/09 08:56:15 INFO  : Foruns/sentinela/2026-07/ciclo_20260722_0930.md: Copied (new)
2026/08/09 08:56:15 INFO  : Foruns/sentinela/2026-07/ciclo_20260722_1030.md: Copied (new)
2026/08/09 08:56:15 INFO  : Foruns/sentinela/2026-07/ciclo_20260722_1044.md: Copied (new)
2026/08/09 08:56:15 INFO  : Foruns/sentinela/2026-07/ciclo_20260722_1000.md: Copied (new)
2026/08/09 08:56:15 INFO  : Foruns/sentinela/2026-07/ciclo_20260722_1114.md: Copied (new)
2026/08/09 08:56:15 INFO  : Foruns/sentinela/2026-07/ciclo_20260722_1144.md: Copied (new)
2026/08/09 08:56:15 INFO  : Foruns/sentinela/2026-07/ciclo_20260722_1214.md: Copied (new)
2026/08/09 08:56:15 INFO  : Foruns/sentinela/2026-07/ciclo_20260722_1130.md: Copied (new)
2026/08/09 08:56:15 INFO  : Foruns/sentinela/2026-07/ciclo_20260722_1100.md: Copied (new)
2026/08/09 08:56:15 INFO  : Foruns/sentinela/2026-07/ciclo_20260722_1230.md: Copied (new)
2026/08/09 08:56:15 INFO  : Foruns/sentinela/2026-07/ciclo_20260722_1244.md: Copied (new)
2026/08/09 08:56:15 INFO  : Foruns/sentinela/2026-07/ciclo_20260722_1200.md: Copied (new)
2026/08/09 08:56:15 INFO  : Foruns/sentinela/2026-07/ciclo_20260722_1314.md: Copied (new)
2026/08/09 08:56:16 INFO  : Foruns/sentinela/2026-07/ciclo_20260722_1344.md: Copied (new)
2026/08/09 08:56:16 INFO  : Foruns/sentinela/2026-07/ciclo_20260722_1330.md: Copied (new)
2026/08/09 08:56:16 INFO  : Foruns/sentinela/2026-07/ciclo_20260722_1300.md: Copied (new)
2026/08/09 08:56:16 INFO  : Foruns/sentinela/2026-07/ciclo_20260722_1444.md: Copied (new)
2026/08/09 08:56:16 INFO  : Foruns/sentinela/2026-07/ciclo_20260722_1514.md: Copied (new)
2026/08/09 08:56:16 INFO  : Foruns/sentinela/2026-07/ciclo_20260722_1500.md: Copied (new)
2026/08/09 08:56:16 INFO  : Foruns/sentinela/2026-07/ciclo_20260722_1430.md: Copied (new)
2026/08/09 08:56:16 INFO  : Foruns/sentinela/2026-07/ciclo_20260722_1414.md: Copied (new)
2026/08/09 08:56:16 INFO  : Foruns/sentinela/2026-07/ciclo_20260722_1530.md: Copied (new)
2026/08/09 08:56:16 INFO  : Foruns/sentinela/2026-07/ciclo_20260722_1400.md: Copied (new)
2026/08/09 08:56:16 INFO  : Foruns/sentinela/2026-07/ciclo_20260722_1618.md: Copied (new)
2026/08/09 08:56:16 INFO  : Foruns/sentinela/2026-07/ciclo_20260722_1630.md: Copied (new)
2026/08/09 08:56:16 INFO  : Foruns/sentinela/2026-07/ciclo_20260722_1614.md: Copied (new)
2026/08/09 08:56:16 INFO  : Foruns/sentinela/2026-07/ciclo_20260722_1615.md: Copied (new)
2026/08/09 08:56:16 INFO  : Foruns/sentinela/2026-07/ciclo_20260722_1544.md: Copied (new)
2026/08/09 08:56:16 INFO  : Foruns/sentinela/2026-07/ciclo_20260722_1631.md: Copied (new)
2026/08/09 08:56:16 INFO  : Foruns/sentinela/2026-07/ciclo_20260722_1644.md: Copied (new)
2026/08/09 08:56:16 INFO  : Foruns/sentinela/2026-07/ciclo_20260722_1633.md: Copied (new)
2026/08/09 08:56:16 INFO  : Foruns/sentinela/2026-07/ciclo_20260722_1700.md: Copied (new)
2026/08/09 08:56:16 INFO  : Foruns/sentinela/2026-07/ciclo_20260722_1730.md: Copied (new)
2026/08/09 08:56:16 INFO  : Foruns/sentinela/2026-07/ciclo_20260722_1800.md: Copied (new)
2026/08/09 08:56:16 INFO  : Foruns/sentinela/2026-07/ciclo_20260722_1830.md: Copied (new)
2026/08/09 08:56:16 INFO  : Foruns/sentinela/2026-07/ciclo_20260722_1844.md: Copied (new)
2026/08/09 08:56:16 INFO  : Foruns/sentinela/2026-07/ciclo_20260722_1714.md: Copied (new)
2026/08/09 08:56:16 INFO  : Foruns/sentinela/2026-07/ciclo_20260722_1900.md: Copied (new)
2026/08/09 08:56:16 INFO  : Foruns/sentinela/2026-07/ciclo_20260722_1914.md: Copied (new)
2026/08/09 08:56:16 INFO  : Foruns/sentinela/2026-07/ciclo_20260722_1600.md: Copied (new)
2026/08/09 08:56:16 INFO  : Foruns/sentinela/2026-07/ciclo_20260722_1744.md: Copied (new)
2026/08/09 08:56:16 INFO  : Foruns/sentinela/2026-07/ciclo_20260722_1944.md: Copied (new)
2026/08/09 08:56:16 INFO  : Foruns/sentinela/2026-07/ciclo_20260722_2014.md: Copied (new)
2026/08/09 08:56:16 INFO  : Foruns/sentinela/2026-07/ciclo_20260722_2030.md: Copied (new)
2026/08/09 08:56:17 INFO  : Foruns/sentinela/2026-07/ciclo_20260722_1930.md: Copied (new)
2026/08/09 08:56:17 INFO  : Foruns/sentinela/2026-07/ciclo_20260722_2144.md: Copied (new)
2026/08/09 08:56:17 INFO  : Foruns/sentinela/2026-07/ciclo_20260722_2130.md: Copied (new)
2026/08/09 08:56:17 INFO  : Foruns/sentinela/2026-07/ciclo_20260722_2000.md: Copied (new)
2026/08/09 08:56:17 INFO  : Foruns/sentinela/2026-07/ciclo_20260722_2200.md: Copied (new)
2026/08/09 08:56:17 INFO  : Foruns/sentinela/2026-07/ciclo_20260722_2214.md: Copied (new)
2026/08/09 08:56:17 INFO  : Foruns/sentinela/2026-07/ciclo_20260722_2044.md: Copied (new)
2026/08/09 08:56:17 INFO  : Foruns/sentinela/2026-07/ciclo_20260722_2115.md: Copied (new)
2026/08/09 08:56:17 INFO  : Foruns/sentinela/2026-07/ciclo_20260722_2314.md: Copied (new)
2026/08/09 08:56:17 INFO  : Foruns/sentinela/2026-07/ciclo_20260722_2300.md: Copied (new)
2026/08/09 08:56:17 INFO  : Foruns/sentinela/2026-07/ciclo_20260723_0000.md: Copied (new)
2026/08/09 08:56:17 INFO  : Foruns/sentinela/2026-07/ciclo_20260722_2344.md: Copied (new)
2026/08/09 08:56:17 INFO  : Foruns/sentinela/2026-07/ciclo_20260723_0014.md: Copied (new)
2026/08/09 08:56:17 INFO  : Foruns/sentinela/2026-07/ciclo_20260722_2244.md: Copied (new)
2026/08/09 08:56:17 INFO  : Foruns/sentinela/2026-07/ciclo_20260723_0114.md: Copied (new)
2026/08/09 08:56:17 INFO  : Foruns/sentinela/2026-07/ciclo_20260723_0144.md: Copied (new)
2026/08/09 08:56:17 INFO  : Foruns/sentinela/2026-07/ciclo_20260723_0200.md: Copied (new)
2026/08/09 08:56:17 INFO  : Foruns/sentinela/2026-07/ciclo_20260723_0045.md: Copied (new)
2026/08/09 08:56:17 INFO  : Foruns/sentinela/2026-07/ciclo_20260723_0244.md: Copied (new)
2026/08/09 08:56:17 INFO  : Foruns/sentinela/2026-07/ciclo_20260723_0100.md: Copied (new)
2026/08/09 08:56:17 INFO  : Foruns/sentinela/2026-07/ciclo_20260723_0300.md: Copied (new)
2026/08/09 08:56:17 INFO  : Foruns/sentinela/2026-07/ciclo_20260723_0214.md: Copied (new)
2026/08/09 08:56:17 INFO  : Foruns/sentinela/2026-07/ciclo_20260723_0314.md: Copied (new)
2026/08/09 08:56:17 INFO  : Foruns/sentinela/2026-07/ciclo_20260723_0344.md: Copied (new)
2026/08/09 08:56:17 INFO  : Foruns/sentinela/2026-07/ciclo_20260723_0414.md: Copied (new)
2026/08/09 08:56:17 INFO  : Foruns/sentinela/2026-07/ciclo_20260723_0400.md: Copied (new)
2026/08/09 08:56:17 INFO  : Foruns/sentinela/2026-07/ciclo_20260723_0500.md: Copied (new)
2026/08/09 08:56:17 INFO  : Foruns/sentinela/2026-07/ciclo_20260722_2100.md: Copied (new)
2026/08/09 08:56:17 INFO  : Foruns/sentinela/2026-07/ciclo_20260723_0514.md: Copied (new)
2026/08/09 08:56:17 INFO  : Foruns/sentinela/2026-07/ciclo_20260723_0614.md: Copied (new)
2026/08/09 08:56:17 INFO  : Foruns/sentinela/2026-07/ciclo_20260723_0600.md: Copied (new)
2026/08/09 08:56:17 INFO  : Foruns/sentinela/2026-07/ciclo_20260723_0545.md: Copied (new)
2026/08/09 08:56:17 INFO  : Foruns/sentinela/2026-07/ciclo_20260723_0644.md: Copied (new)
2026/08/09 08:56:18 INFO  : Foruns/sentinela/2026-07/ciclo_20260723_0714.md: Copied (new)
2026/08/09 08:56:18 INFO  : Foruns/sentinela/2026-07/ciclo_20260723_0700.md: Copied (new)
2026/08/09 08:56:18 INFO  : Foruns/sentinela/2026-07/ciclo_20260723_0630.md: Copied (new)
2026/08/09 08:56:18 INFO  : Foruns/sentinela/2026-07/ciclo_20260723_0815.md: Copied (new)
2026/08/09 08:56:18 INFO  : Foruns/sentinela/2026-07/ciclo_20260723_0744.md: Copied (new)
2026/08/09 08:56:18 INFO  : Foruns/sentinela/2026-07/ciclo_20260723_0730.md: Copied (new)
2026/08/09 08:56:18 INFO  : Foruns/sentinela/2026-07/ciclo_20260723_0444.md: Copied (new)
2026/08/09 08:56:18 INFO  : Foruns/sentinela/2026-07/ciclo_20260723_0830.md: Copied (new)
2026/08/09 08:56:18 INFO  : Foruns/sentinela/2026-07/ciclo_20260723_0800.md: Copied (new)
2026/08/09 08:56:18 INFO  : Foruns/sentinela/2026-07/ciclo_20260723_0914.md: Copied (new)
2026/08/09 08:56:18 INFO  : Foruns/sentinela/2026-07/ciclo_20260723_0844.md: Copied (new)
2026/08/09 08:56:18 INFO  : Foruns/sentinela/2026-07/ciclo_20260723_0930.md: Copied (new)
2026/08/09 08:56:18 INFO  : Foruns/sentinela/2026-07/ciclo_20260723_0931.md: Copied (new)
2026/08/09 08:56:18 INFO  : Foruns/sentinela/2026-07/ciclo_20260723_1000.md: Copied (new)
2026/08/09 08:56:18 INFO  : Foruns/sentinela/2026-07/ciclo_20260723_0900.md: Copied (new)
2026/08/09 08:56:18 INFO  : Foruns/sentinela/2026-07/ciclo_20260723_1014.md: Copied (new)
2026/08/09 08:56:18 INFO  : Foruns/sentinela/2026-07/ciclo_20260723_1044.md: Copied (new)
2026/08/09 08:56:18 INFO  : Foruns/sentinela/2026-07/ciclo_20260723_1054.md: Copied (new)
2026/08/09 08:56:18 INFO  : Foruns/sentinela/2026-07/ciclo_20260723_1100.md: Copied (new)
2026/08/09 08:56:18 INFO  : Foruns/sentinela/2026-07/ciclo_20260723_1030.md: Copied (new)
2026/08/09 08:56:18 INFO  : Foruns/sentinela/2026-07/ciclo_20260723_1114.md: Copied (new)
2026/08/09 08:56:18 INFO  : Foruns/sentinela/2026-07/ciclo_20260723_1144.md: Copied (new)
2026/08/09 08:56:18 INFO  : Foruns/sentinela/2026-07/ciclo_20260723_1214.md: Copied (new)
2026/08/09 08:56:18 INFO  : Foruns/sentinela/2026-07/ciclo_20260723_1200.md: Copied (new)
2026/08/09 08:56:18 INFO  : Foruns/sentinela/2026-07/ciclo_20260723_1230.md: Copied (new)
2026/08/09 08:56:18 INFO  : Foruns/sentinela/2026-07/ciclo_20260723_1300.md: Copied (new)
2026/08/09 08:56:18 INFO  : Foruns/sentinela/2026-07/ciclo_20260723_0944.md: Copied (new)
2026/08/09 08:56:18 INFO  : Foruns/sentinela/2026-07/ciclo_20260723_1244.md: Copied (new)
2026/08/09 08:56:18 INFO  : Foruns/sentinela/2026-07/ciclo_20260723_1314.md: Copied (new)
2026/08/09 08:56:18 INFO  : Foruns/sentinela/2026-07/ciclo_20260723_1130.md: Copied (new)
2026/08/09 08:56:18 INFO  : Foruns/sentinela/2026-07/ciclo_20260723_1400.md: Copied (new)
2026/08/09 08:56:19 INFO  : Foruns/sentinela/2026-07/ciclo_20260723_1414.md: Copied (new)
2026/08/09 08:56:19 INFO  : Foruns/sentinela/2026-07/ciclo_20260723_1344.md: Copied (new)
2026/08/09 08:56:19 INFO  : Foruns/sentinela/2026-07/ciclo_20260723_1330.md: Copied (new)
2026/08/09 08:56:19 INFO  : Foruns/sentinela/2026-07/ciclo_20260723_1500.md: Copied (new)
2026/08/09 08:56:19 INFO  : Foruns/sentinela/2026-07/ciclo_20260723_1430.md: Copied (new)
2026/08/09 08:56:19 INFO  : Foruns/sentinela/2026-07/ciclo_20260723_1530.md: Copied (new)
2026/08/09 08:56:19 INFO  : Foruns/sentinela/2026-07/ciclo_20260723_1544.md: Copied (new)
2026/08/09 08:56:19 INFO  : Foruns/sentinela/2026-07/ciclo_20260723_1514.md: Copied (new)
2026/08/09 08:56:19 INFO  : Foruns/sentinela/2026-07/ciclo_20260723_1623.md: Copied (new)
2026/08/09 08:56:19 INFO  : Foruns/sentinela/2026-07/ciclo_20260723_1444.md: Copied (new)
2026/08/09 08:56:19 INFO  : Foruns/sentinela/2026-07/ciclo_20260723_1614.md: Copied (new)
2026/08/09 08:56:19 INFO  : Foruns/sentinela/2026-07/ciclo_20260723_1600.md: Copied (new)
2026/08/09 08:56:19 INFO  : Foruns/sentinela/2026-07/ciclo_20260723_1715.md: Copied (new)
2026/08/09 08:56:19 INFO  : Foruns/sentinela/2026-07/ciclo_20260723_1645.md: Copied (new)
2026/08/09 08:56:19 INFO  : Foruns/sentinela/2026-07/ciclo_20260723_1700.md: Copied (new)
2026/08/09 08:56:19 INFO  : Foruns/sentinela/2026-07/ciclo_20260723_1730.md: Copied (new)
2026/08/09 08:56:19 INFO  : Foruns/sentinela/2026-07/ciclo_20260723_1800.md: Copied (new)
2026/08/09 08:56:19 INFO  : Foruns/sentinela/2026-07/ciclo_20260723_1744.md: Copied (new)
2026/08/09 08:56:19 INFO  : Foruns/sentinela/2026-07/ciclo_20260723_1844.md: Copied (new)
2026/08/09 08:56:19 INFO  : Foruns/sentinela/2026-07/ciclo_20260723_1630.md: Copied (new)
2026/08/09 08:56:19 INFO  : Foruns/sentinela/2026-07/ciclo_20260723_1915.md: Copied (new)
2026/08/09 08:56:19 INFO  : Foruns/sentinela/2026-07/ciclo_20260723_1900.md: Copied (new)
2026/08/09 08:56:19 INFO  : Foruns/sentinela/2026-07/ciclo_20260723_1814.md: Copied (new)
2026/08/09 08:56:19 INFO  : Foruns/sentinela/2026-07/ciclo_20260723_1944.md: Copied (new)
2026/08/09 08:56:19 INFO  : Foruns/sentinela/2026-07/ciclo_20260723_1930.md: Copied (new)
2026/08/09 08:56:19 INFO  : Foruns/sentinela/2026-07/ciclo_20260723_2000.md: Copied (new)
2026/08/09 08:56:19 INFO  : Foruns/sentinela/2026-07/ciclo_20260723_1830.md: Copied (new)
2026/08/09 08:56:19 INFO  : Foruns/sentinela/2026-07/ciclo_20260723_2014.md: Copied (new)
2026/08/09 08:56:19 INFO  : Foruns/sentinela/2026-07/ciclo_20260723_2030.md: Copied (new)
2026/08/09 08:56:19 INFO  : Foruns/sentinela/2026-07/ciclo_20260723_2044.md: Copied (new)
2026/08/09 08:56:19 INFO  : Foruns/sentinela/2026-07/ciclo_20260723_2130.md: Copied (new)
2026/08/09 08:56:19 INFO  : Foruns/sentinela/2026-07/ciclo_20260723_2100.md: Copied (new)
2026/08/09 08:56:19 INFO  : Foruns/sentinela/2026-07/ciclo_20260723_2144.md: Copied (new)
2026/08/09 08:56:19 INFO  : Foruns/sentinela/2026-07/ciclo_20260723_2114.md: Copied (new)
2026/08/09 08:56:19 INFO  : Foruns/sentinela/2026-07/ciclo_20260723_2244.md: Copied (new)
2026/08/09 08:56:19 INFO  : Foruns/sentinela/2026-07/ciclo_20260723_2238.md: Copied (new)
2026/08/09 08:56:20 INFO  : Foruns/sentinela/2026-07/ciclo_20260723_2300.md: Copied (new)
2026/08/09 08:56:20 INFO  : Foruns/sentinela/2026-07/ciclo_20260723_2200.md: Copied (new)
2026/08/09 08:56:20 INFO  : Foruns/sentinela/2026-07/ciclo_20260723_2214.md: Copied (new)
2026/08/09 08:56:20 INFO  : Foruns/sentinela/2026-07/ciclo_20260723_2314.md: Copied (new)
2026/08/09 08:56:20 INFO  : Foruns/sentinela/2026-07/ciclo_20260723_2344.md: Copied (new)
2026/08/09 08:56:20 INFO  : Foruns/sentinela/2026-07/ciclo_20260724_0000.md: Copied (new)
2026/08/09 08:56:20 INFO  : Foruns/sentinela/2026-07/ciclo_20260724_0014.md: Copied (new)
2026/08/09 08:56:20 INFO  : Foruns/sentinela/2026-07/ciclo_20260724_0100.md: Copied (new)
2026/08/09 08:56:20 INFO  : Foruns/sentinela/2026-07/ciclo_20260724_0215.md: Copied (new)
2026/08/09 08:56:20 INFO  : Foruns/sentinela/2026-07/ciclo_20260724_0144.md: Copied (new)
2026/08/09 08:56:20 INFO  : Foruns/sentinela/2026-07/ciclo_20260724_0244.md: Copied (new)
2026/08/09 08:56:20 INFO  : Foruns/sentinela/2026-07/ciclo_20260724_0300.md: Copied (new)
2026/08/09 08:56:20 INFO  : Foruns/sentinela/2026-07/ciclo_20260724_0044.md: Copied (new)
2026/08/09 08:56:20 INFO  : Foruns/sentinela/2026-07/ciclo_20260724_0351.md: Copied (new)
2026/08/09 08:56:20 INFO  : Foruns/sentinela/2026-07/ciclo_20260724_0414.md: Copied (new)
2026/08/09 08:56:20 INFO  : Foruns/sentinela/2026-07/ciclo_20260724_0315.md: Copied (new)
2026/08/09 08:56:20 INFO  : Foruns/sentinela/2026-07/ciclo_20260724_0115.md: Copied (new)
2026/08/09 08:56:20 INFO  : Foruns/sentinela/2026-07/ciclo_20260724_0200.md: Copied (new)
2026/08/09 08:56:20 INFO  : Foruns/sentinela/2026-07/ciclo_20260724_0345.md: Copied (new)
2026/08/09 08:56:20 INFO  : Foruns/sentinela/2026-07/ciclo_20260724_0444.md: Copied (new)
2026/08/09 08:56:20 INFO  : Foruns/sentinela/2026-07/ciclo_20260724_0400.md: Copied (new)
2026/08/09 08:56:20 INFO  : Foruns/sentinela/2026-07/ciclo_20260724_0500.md: Copied (new)
2026/08/09 08:56:20 INFO  : Foruns/sentinela/2026-07/ciclo_20260724_0514.md: Copied (new)
2026/08/09 08:56:20 INFO  : Foruns/sentinela/2026-07/ciclo_20260724_0544.md: Copied (new)
2026/08/09 08:56:20 INFO  : Foruns/sentinela/2026-07/ciclo_20260724_0644.md: Copied (new)
2026/08/09 08:56:20 INFO  : Foruns/sentinela/2026-07/ciclo_20260724_0700.md: Copied (new)
2026/08/09 08:56:20 INFO  : Foruns/sentinela/2026-07/ciclo_20260724_0614.md: Copied (new)
2026/08/09 08:56:20 INFO  : Foruns/sentinela/2026-07/ciclo_20260724_0630.md: Copied (new)
2026/08/09 08:56:20 INFO  : Foruns/sentinela/2026-07/ciclo_20260724_0744.md: Copied (new)
2026/08/09 08:56:20 INFO  : Foruns/sentinela/2026-07/ciclo_20260724_0730.md: Copied (new)
2026/08/09 08:56:20 INFO  : Foruns/sentinela/2026-07/ciclo_20260724_0800.md: Copied (new)
2026/08/09 08:56:20 INFO  : Foruns/sentinela/2026-07/ciclo_20260724_0714.md: Copied (new)
2026/08/09 08:56:20 INFO  : Foruns/sentinela/2026-07/ciclo_20260724_0600.md: Copied (new)
2026/08/09 08:56:20 INFO  : Foruns/sentinela/2026-07/ciclo_20260724_0814.md: Copied (new)
2026/08/09 08:56:21 INFO  : Foruns/sentinela/2026-07/ciclo_20260724_0844.md: Copied (new)
2026/08/09 08:56:21 INFO  : Foruns/sentinela/2026-07/ciclo_20260724_0900.md: Copied (new)
2026/08/09 08:56:21 INFO  : Foruns/sentinela/2026-07/ciclo_20260724_0914.md: Copied (new)
2026/08/09 08:56:21 INFO  : Foruns/sentinela/2026-07/ciclo_20260724_0930.md: Copied (new)
2026/08/09 08:56:21 INFO  : Foruns/sentinela/2026-07/ciclo_20260724_0944.md: Copied (new)
2026/08/09 08:56:21 INFO  : Foruns/sentinela/2026-07/ciclo_20260724_1030.md: Copied (new)
2026/08/09 08:56:21 INFO  : Foruns/sentinela/2026-07/ciclo_20260724_1042.md: Copied (new)
2026/08/09 08:56:21 INFO  : Foruns/sentinela/2026-07/ciclo_20260724_1044.md: Copied (new)
2026/08/09 08:56:21 INFO  : Foruns/sentinela/2026-07/ciclo_20260724_0830.md: Copied (new)
2026/08/09 08:56:21 INFO  : Foruns/sentinela/2026-07/ciclo_20260724_1014.md: Copied (new)
2026/08/09 08:56:21 INFO  : Foruns/sentinela/2026-07/ciclo_20260724_1130.md: Copied (new)
2026/08/09 08:56:21 INFO  : Foruns/sentinela/2026-07/ciclo_20260724_1200.md: Copied (new)
2026/08/09 08:56:21 INFO  : Foruns/sentinela/2026-07/ciclo_20260724_1144.md: Copied (new)
2026/08/09 08:56:21 INFO  : Foruns/sentinela/2026-07/ciclo_20260724_1100.md: Copied (new)
2026/08/09 08:56:21 INFO  : Foruns/sentinela/2026-07/ciclo_20260724_1115.md: Copied (new)
2026/08/09 08:56:21 INFO  : Foruns/sentinela/2026-07/ciclo_20260724_1000.md: Copied (new)
2026/08/09 08:56:21 INFO  : Foruns/sentinela/2026-07/ciclo_20260724_1214.md: Copied (new)
2026/08/09 08:56:21 INFO  : Foruns/sentinela/2026-07/ciclo_20260724_1314.md: Copied (new)
2026/08/09 08:56:21 INFO  : Foruns/sentinela/2026-07/ciclo_20260724_1300.md: Copied (new)
2026/08/09 08:56:21 INFO  : Foruns/sentinela/2026-07/ciclo_20260724_1347.md: Copied (new)
2026/08/09 08:56:21 INFO  : Foruns/sentinela/2026-07/ciclo_20260724_1230.md: Copied (new)
2026/08/09 08:56:21 INFO  : Foruns/sentinela/2026-07/ciclo_20260724_1244.md: Copied (new)
2026/08/09 08:56:21 INFO  : Foruns/sentinela/2026-07/ciclo_20260724_1600.md: Copied (new)
2026/08/09 08:56:21 INFO  : Foruns/sentinela/2026-07/ciclo_20260724_1330.md: Copied (new)
2026/08/09 08:56:21 INFO  : Foruns/sentinela/2026-07/ciclo_20260724_1500.md: Copied (new)
2026/08/09 08:56:21 INFO  : Foruns/sentinela/2026-07/ciclo_20260724_1530.md: Copied (new)
2026/08/09 08:56:21 INFO  : Foruns/sentinela/2026-07/ciclo_20260724_1730.md: Copied (new)
2026/08/09 08:56:21 INFO  : Foruns/sentinela/2026-07/ciclo_20260724_1630.md: Copied (new)
2026/08/09 08:56:21 INFO  : Foruns/sentinela/2026-07/ciclo_20260724_1830.md: Copied (new)
2026/08/09 08:56:22 INFO  : Foruns/sentinela/2026-07/ciclo_20260724_1930.md: Copied (new)
2026/08/09 08:56:22 INFO  : Foruns/sentinela/2026-07/ciclo_20260724_1800.md: Copied (new)
2026/08/09 08:56:22 INFO  : Foruns/sentinela/2026-07/ciclo_20260724_1700.md: Copied (new)
2026/08/09 08:56:22 INFO  : Foruns/sentinela/2026-07/ciclo_20260724_1900.md: Copied (new)
2026/08/09 08:56:22 INFO  : Foruns/sentinela/2026-07/ciclo_20260724_1430.md: Copied (new)
2026/08/09 08:56:22 INFO  : Foruns/sentinela/2026-07/ciclo_20260724_2130.md: Copied (new)
2026/08/09 08:56:22 INFO  : Foruns/sentinela/2026-07/ciclo_20260724_2100.md: Copied (new)
2026/08/09 08:56:22 INFO  : Foruns/sentinela/2026-07/ciclo_20260724_2030.md: Copied (new)
2026/08/09 08:56:22 INFO  : Foruns/sentinela/2026-07/ciclo_20260724_2200.md: Copied (new)
2026/08/09 08:56:22 INFO  : Foruns/sentinela/2026-07/ciclo_20260724_2000.md: Copied (new)
2026/08/09 08:56:22 INFO  : Foruns/sentinela/2026-07/ciclo_20260724_2300.md: Copied (new)
2026/08/09 08:56:22 INFO  : Foruns/sentinela/2026-07/ciclo_20260725_0039.md: Copied (new)
2026/08/09 08:56:22 INFO  : Foruns/sentinela/2026-07/ciclo_20260725_0000.md: Copied (new)
2026/08/09 08:56:22 INFO  : Foruns/sentinela/2026-07/ciclo_20260725_0100.md: Copied (new)
2026/08/09 08:56:22 INFO  : Foruns/sentinela/2026-07/ciclo_20260725_0140.md: Copied (new)
2026/08/09 08:56:22 INFO  : Foruns/sentinela/2026-07/ciclo_20260725_0143.md: Copied (new)
2026/08/09 08:56:22 INFO  : Foruns/sentinela/2026-07/ciclo_20260725_0109.md: Copied (new)
2026/08/09 08:56:22 INFO  : Foruns/sentinela/2026-07/ciclo_20260725_0017.md: Copied (new)
2026/08/09 08:56:22 INFO  : Foruns/sentinela/2026-07/ciclo_20260725_0213.md: Copied (new)
2026/08/09 08:56:22 INFO  : Foruns/sentinela/2026-07/ciclo_20260725_0343.md: Copied (new)
2026/08/09 08:56:22 INFO  : Foruns/sentinela/2026-07/ciclo_20260725_0200.md: Copied (new)
2026/08/09 08:56:22 INFO  : Foruns/sentinela/2026-07/ciclo_20260725_0313.md: Copied (new)
2026/08/09 08:56:22 INFO  : Foruns/sentinela/2026-07/ciclo_20260725_0400.md: Copied (new)
2026/08/09 08:56:22 INFO  : Foruns/sentinela/2026-07/ciclo_20260725_0300.md: Copied (new)
2026/08/09 08:56:22 INFO  : Foruns/sentinela/2026-07/ciclo_20260725_0630.md: Copied (new)
2026/08/09 08:56:22 INFO  : Foruns/sentinela/2026-07/ciclo_20260725_0500.md: Copied (new)
2026/08/09 08:56:22 INFO  : Foruns/sentinela/2026-07/ciclo_20260725_0700.md: Copied (new)
2026/08/09 08:56:22 INFO  : Foruns/sentinela/2026-07/ciclo_20260725_0600.md: Copied (new)
2026/08/09 08:56:22 INFO  : Foruns/sentinela/2026-07/ciclo_20260725_0830.md: Copied (new)
2026/08/09 08:56:22 INFO  : Foruns/sentinela/2026-07/ciclo_20260725_0800.md: Copied (new)
2026/08/09 08:56:23 INFO  : Foruns/sentinela/2026-07/ciclo_20260725_0730.md: Copied (new)
2026/08/09 08:56:23 INFO  : Foruns/sentinela/2026-07/ciclo_20260725_0900.md: Copied (new)
2026/08/09 08:56:23 INFO  : Foruns/sentinela/2026-07/ciclo_20260725_0930.md: Copied (new)
2026/08/09 08:56:23 INFO  : Foruns/sentinela/2026-07/ciclo_20260725_0413.md: Copied (new)
2026/08/09 08:56:23 INFO  : Foruns/sentinela/2026-07/ciclo_20260725_0448.md: Copied (new)
2026/08/09 08:56:23 INFO  : Foruns/sentinela/2026-07/ciclo_20260725_1130.md: Copied (new)
2026/08/09 08:56:23 INFO  : Foruns/sentinela/2026-07/ciclo_20260725_1200.md: Copied (new)
2026/08/09 08:56:23 INFO  : Foruns/sentinela/2026-07/ciclo_20260725_1100.md: Copied (new)
2026/08/09 08:56:23 INFO  : Foruns/sentinela/2026-07/ciclo_20260725_1030.md: Copied (new)
2026/08/09 08:56:23 INFO  : Foruns/sentinela/2026-07/ciclo_20260725_1230.md: Copied (new)
2026/08/09 08:56:23 INFO  : Foruns/sentinela/2026-07/ciclo_20260725_1300.md: Copied (new)
2026/08/09 08:56:23 INFO  : Foruns/sentinela/2026-07/ciclo_20260725_1000.md: Copied (new)
2026/08/09 08:56:23 INFO  : Foruns/sentinela/2026-07/ciclo_20260725_1400.md: Copied (new)
2026/08/09 08:56:23 INFO  : Foruns/sentinela/2026-07/ciclo_20260725_1330.md: Copied (new)
2026/08/09 08:56:23 INFO  : Foruns/sentinela/2026-07/ciclo_20260725_1430.md: Copied (new)
2026/08/09 08:56:23 INFO  : Foruns/sentinela/2026-07/ciclo_20260725_1600.md: Copied (new)
2026/08/09 08:56:23 INFO  : Foruns/sentinela/2026-07/ciclo_20260725_1500.md: Copied (new)
2026/08/09 08:56:23 INFO  : Foruns/sentinela/2026-07/ciclo_20260725_1700.md: Copied (new)
2026/08/09 08:56:23 INFO  : Foruns/sentinela/2026-07/ciclo_20260725_1530.md: Copied (new)
2026/08/09 08:56:23 INFO  : Foruns/sentinela/2026-07/ciclo_20260725_1630.md: Copied (new)
2026/08/09 08:56:23 INFO  : Foruns/sentinela/2026-07/ciclo_20260725_1830.md: Copied (new)
2026/08/09 08:56:23 INFO  : Foruns/sentinela/2026-07/ciclo_20260725_1730.md: Copied (new)
2026/08/09 08:56:23 INFO  : Foruns/sentinela/2026-07/ciclo_20260725_1900.md: Copied (new)
2026/08/09 08:56:23 INFO  : Foruns/sentinela/2026-07/ciclo_20260725_2000.md: Copied (new)
2026/08/09 08:56:23 INFO  : Foruns/sentinela/2026-07/ciclo_20260725_2030.md: Copied (new)
2026/08/09 08:56:23 INFO  : Foruns/sentinela/2026-07/ciclo_20260725_1930.md: Copied (new)
2026/08/09 08:56:23 INFO  : Foruns/sentinela/2026-07/ciclo_20260725_2130.md: Copied (new)
2026/08/09 08:56:23 INFO  : Foruns/sentinela/2026-07/ciclo_20260725_2100.md: Copied (new)
2026/08/09 08:56:23 INFO  : Foruns/sentinela/2026-07/ciclo_20260725_2200.md: Copied (new)
2026/08/09 08:56:23 INFO  : Foruns/sentinela/2026-07/ciclo_20260725_2300.md: Copied (new)
2026/08/09 08:56:23 INFO  : Foruns/sentinela/2026-07/ciclo_20260725_2311.md: Copied (new)
2026/08/09 08:56:23 INFO  : Foruns/sentinela/2026-07/ciclo_20260725_2338.md: Copied (new)
2026/08/09 08:56:23 INFO  : Foruns/sentinela/2026-07/ciclo_20260725_1800.md: Copied (new)
2026/08/09 08:56:23 INFO  : Foruns/sentinela/2026-07/ciclo_20260726_0100.md: Copied (new)
2026/08/09 08:56:23 INFO  : Foruns/sentinela/2026-07/ciclo_20260726_0000.md: Copied (new)
2026/08/09 08:56:23 INFO  : Foruns/sentinela/2026-07/ciclo_20260726_0008.md: Copied (new)
2026/08/09 08:56:24 INFO  : Foruns/sentinela/2026-07/ciclo_20260726_0200.md: Copied (new)
2026/08/09 08:56:24 INFO  : Foruns/sentinela/2026-07/ciclo_20260726_0138.md: Copied (new)
2026/08/09 08:56:24 INFO  : Foruns/sentinela/2026-07/ciclo_20260726_0108.md: Copied (new)
2026/08/09 08:56:24 INFO  : Foruns/sentinela/2026-07/ciclo_20260726_0038.md: Copied (new)
2026/08/09 08:56:24 INFO  : Foruns/sentinela/2026-07/ciclo_20260726_0238.md: Copied (new)
2026/08/09 08:56:24 INFO  : Foruns/sentinela/2026-07/ciclo_20260726_0500.md: Copied (new)
2026/08/09 08:56:24 INFO  : Foruns/sentinela/2026-07/ciclo_20260726_0400.md: Copied (new)
2026/08/09 08:56:24 INFO  : Foruns/sentinela/2026-07/ciclo_20260726_0600.md: Copied (new)
2026/08/09 08:56:24 INFO  : Foruns/sentinela/2026-07/ciclo_20260726_0630.md: Copied (new)
2026/08/09 08:56:24 INFO  : Foruns/sentinela/2026-07/ciclo_20260726_0800.md: Copied (new)
2026/08/09 08:56:24 INFO  : Foruns/sentinela/2026-07/ciclo_20260726_0730.md: Copied (new)
2026/08/09 08:56:24 INFO  : Foruns/sentinela/2026-07/ciclo_20260726_0900.md: Copied (new)
2026/08/09 08:56:24 INFO  : Foruns/sentinela/2026-07/ciclo_20260726_0830.md: Copied (new)
2026/08/09 08:56:24 INFO  : Foruns/sentinela/2026-07/ciclo_20260726_0300.md: Copied (new)
2026/08/09 08:56:24 INFO  : Foruns/sentinela/2026-07/ciclo_20260726_0930.md: Copied (new)
2026/08/09 08:56:24 INFO  : Foruns/sentinela/2026-07/ciclo_20260726_1052.md: Copied (new)
2026/08/09 08:56:24 INFO  : Foruns/sentinela/2026-07/ciclo_20260726_1100.md: Copied (new)
2026/08/09 08:56:24 INFO  : Foruns/sentinela/2026-07/ciclo_20260726_1030.md: Copied (new)
2026/08/09 08:56:24 INFO  : Foruns/sentinela/2026-07/ciclo_20260726_1130.md: Copied (new)
2026/08/09 08:56:24 INFO  : Foruns/sentinela/2026-07/ciclo_20260726_1000.md: Copied (new)
2026/08/09 08:56:24 INFO  : Foruns/sentinela/2026-07/ciclo_20260726_0208.md: Copied (new)
2026/08/09 08:56:24 INFO  : Foruns/sentinela/2026-07/ciclo_20260726_1108.md: Copied (new)
2026/08/09 08:56:24 INFO  : Foruns/sentinela/2026-07/ciclo_20260726_1138.md: Copied (new)
2026/08/09 08:56:24 INFO  : Foruns/sentinela/2026-07/ciclo_20260726_1215.md: Copied (new)
2026/08/09 08:56:24 INFO  : Foruns/sentinela/2026-07/ciclo_20260726_1238.md: Copied (new)
2026/08/09 08:56:24 INFO  : Foruns/sentinela/2026-07/ciclo_20260726_1230.md: Copied (new)
2026/08/09 08:56:24 INFO  : Foruns/sentinela/2026-07/ciclo_20260726_1200.md: Copied (new)
2026/08/09 08:56:24 INFO  : Foruns/sentinela/2026-07/ciclo_20260726_1400.md: Copied (new)
2026/08/09 08:56:24 INFO  : Foruns/sentinela/2026-07/ciclo_20260726_1308.md: Copied (new)
2026/08/09 08:56:24 INFO  : Foruns/sentinela/2026-07/ciclo_20260726_1408.md: Copied (new)
2026/08/09 08:56:24 INFO  : Foruns/sentinela/2026-07/ciclo_20260726_1338.md: Copied (new)
2026/08/09 08:56:24 INFO  : Foruns/sentinela/2026-07/ciclo_20260726_1330.md: Copied (new)
2026/08/09 08:56:24 INFO  : Foruns/sentinela/2026-07/ciclo_20260726_1430.md: Copied (new)
2026/08/09 08:56:25 INFO  : Foruns/sentinela/2026-07/ciclo_20260726_1438.md: Copied (new)
2026/08/09 08:56:25 INFO  : Foruns/sentinela/2026-07/ciclo_20260726_1530.md: Copied (new)
2026/08/09 08:56:25 INFO  : Foruns/sentinela/2026-07/ciclo_20260726_1300.md: Copied (new)
2026/08/09 08:56:25 INFO  : Foruns/sentinela/2026-07/ciclo_20260726_1509.md: Copied (new)
2026/08/09 08:56:25 INFO  : Foruns/sentinela/2026-07/ciclo_20260726_1630.md: Copied (new)
2026/08/09 08:56:25 INFO  : Foruns/sentinela/2026-07/ciclo_20260726_1600.md: Copied (new)
2026/08/09 08:56:25 INFO  : Foruns/sentinela/2026-07/ciclo_20260726_1700.md: Copied (new)
2026/08/09 08:56:25 INFO  : Foruns/sentinela/2026-07/ciclo_20260726_1730.md: Copied (new)
2026/08/09 08:56:25 INFO  : Foruns/sentinela/2026-07/ciclo_20260726_1500.md: Copied (new)
2026/08/09 08:56:25 INFO  : Foruns/sentinela/2026-07/ciclo_20260726_1800.md: Copied (new)
2026/08/09 08:56:25 INFO  : Foruns/sentinela/2026-07/ciclo_20260726_0700.md: Copied (new)
2026/08/09 08:56:25 INFO  : Foruns/sentinela/2026-07/ciclo_20260726_1900.md: Copied (new)
2026/08/09 08:56:25 INFO  : Foruns/sentinela/2026-07/ciclo_20260726_1830.md: Copied (new)
2026/08/09 08:56:25 INFO  : Foruns/sentinela/2026-07/ciclo_20260726_1938.md: Copied (new)
2026/08/09 08:56:25 INFO  : Foruns/sentinela/2026-07/ciclo_20260726_2000.md: Copied (new)
2026/08/09 08:56:25 INFO  : Foruns/sentinela/2026-07/ciclo_20260726_1914.md: Copied (new)
2026/08/09 08:56:25 INFO  : Foruns/sentinela/2026-07/ciclo_20260726_2030.md: Copied (new)
2026/08/09 08:56:25 INFO  : Foruns/sentinela/2026-07/ciclo_20260726_2038.md: Copied (new)
2026/08/09 08:56:25 INFO  : Foruns/sentinela/2026-07/ciclo_20260726_2108.md: Copied (new)
2026/08/09 08:56:25 INFO  : Foruns/sentinela/2026-07/ciclo_20260726_1538.md: Copied (new)
2026/08/09 08:56:25 INFO  : Foruns/sentinela/2026-07/ciclo_20260726_2008.md: Copied (new)
2026/08/09 08:56:25 INFO  : Foruns/sentinela/2026-07/ciclo_20260726_1930.md: Copied (new)
2026/08/09 08:56:25 INFO  : Foruns/sentinela/2026-07/ciclo_20260726_2200.md: Copied (new)
2026/08/09 08:56:25 INFO  : Foruns/sentinela/2026-07/ciclo_20260726_2100.md: Copied (new)
2026/08/09 08:56:25 INFO  : Foruns/sentinela/2026-07/ciclo_20260726_2138.md: Copied (new)
2026/08/09 08:56:25 INFO  : Foruns/sentinela/2026-07/ciclo_20260726_2208.md: Copied (new)
2026/08/09 08:56:25 INFO  : Foruns/sentinela/2026-07/ciclo_20260726_2238.md: Copied (new)
2026/08/09 08:56:25 INFO  : Foruns/sentinela/2026-07/ciclo_20260726_2130.md: Copied (new)
2026/08/09 08:56:25 INFO  : Foruns/sentinela/2026-07/ciclo_20260726_2300.md: Copied (new)
2026/08/09 08:56:25 INFO  : Foruns/sentinela/2026-07/ciclo_20260726_2339.md: Copied (new)
2026/08/09 08:56:25 INFO  : Foruns/sentinela/2026-07/ciclo_20260727_0008.md: Copied (new)
2026/08/09 08:56:26 INFO  : Foruns/sentinela/2026-07/ciclo_20260727_0100.md: Copied (new)
2026/08/09 08:56:26 INFO  : Foruns/sentinela/2026-07/ciclo_20260727_0038.md: Copied (new)
2026/08/09 08:56:26 INFO  : Foruns/sentinela/2026-07/ciclo_20260727_0000.md: Copied (new)
2026/08/09 08:56:26 INFO  : Foruns/sentinela/2026-07/ciclo_20260726_2308.md: Copied (new)
2026/08/09 08:56:26 INFO  : Foruns/sentinela/2026-07/ciclo_20260727_0138.md: Copied (new)
2026/08/09 08:56:26 INFO  : Foruns/sentinela/2026-07/ciclo_20260727_0200.md: Copied (new)
2026/08/09 08:56:26 INFO  : Foruns/sentinela/2026-07/ciclo_20260727_0208.md: Copied (new)
2026/08/09 08:56:26 INFO  : Foruns/sentinela/2026-07/ciclo_20260727_0108.md: Copied (new)
2026/08/09 08:56:26 INFO  : Foruns/sentinela/2026-07/ciclo_20260727_0300.md: Copied (new)
2026/08/09 08:56:26 INFO  : Foruns/sentinela/2026-07/ciclo_20260727_0238.md: Copied (new)
2026/08/09 08:56:26 INFO  : Foruns/sentinela/2026-07/ciclo_20260727_0409.md: Copied (new)
2026/08/09 08:56:26 INFO  : Foruns/sentinela/2026-07/ciclo_20260727_0308.md: Copied (new)
2026/08/09 08:56:26 INFO  : Foruns/sentinela/2026-07/ciclo_20260727_0338.md: Copied (new)
2026/08/09 08:56:26 INFO  : Foruns/sentinela/2026-07/ciclo_20260727_0438.md: Copied (new)
2026/08/09 08:56:26 INFO  : Foruns/sentinela/2026-07/ciclo_20260727_0508.md: Copied (new)
2026/08/09 08:56:26 INFO  : Foruns/sentinela/2026-07/ciclo_20260727_0600.md: Copied (new)
2026/08/09 08:56:26 INFO  : Foruns/sentinela/2026-07/ciclo_20260727_0400.md: Copied (new)
2026/08/09 08:56:26 INFO  : Foruns/sentinela/2026-07/ciclo_20260727_0500.md: Copied (new)
2026/08/09 08:56:26 INFO  : Foruns/sentinela/2026-07/ciclo_20260727_0700.md: Copied (new)
2026/08/09 08:56:26 INFO  : Foruns/sentinela/2026-07/ciclo_20260727_0800.md: Copied (new)
2026/08/09 08:56:26 INFO  : Foruns/sentinela/2026-07/ciclo_20260727_0900.md: Copied (new)
2026/08/09 08:56:26 INFO  : Foruns/sentinela/2026-07/ciclo_20260727_1000.md: Copied (new)
2026/08/09 08:56:26 INFO  : Foruns/sentinela/2026-07/ciclo_20260727_0630.md: Copied (new)
2026/08/09 08:56:26 INFO  : Foruns/sentinela/2026-07/ciclo_20260727_0830.md: Copied (new)
2026/08/09 08:56:26 INFO  : Foruns/sentinela/2026-07/ciclo_20260727_1030.md: Copied (new)
2026/08/09 08:56:26 INFO  : Foruns/sentinela/2026-07/ciclo_20260727_1100.md: Copied (new)
2026/08/09 08:56:26 INFO  : Foruns/sentinela/2026-07/ciclo_20260727_0730.md: Copied (new)
2026/08/09 08:56:26 INFO  : Foruns/sentinela/2026-07/ciclo_20260727_1130.md: Copied (new)
2026/08/09 08:56:26 INFO  : Foruns/sentinela/2026-07/ciclo_20260727_1230.md: Copied (new)
2026/08/09 08:56:26 INFO  : Foruns/sentinela/2026-07/ciclo_20260727_1400.md: Copied (new)
2026/08/09 08:56:26 INFO  : Foruns/sentinela/2026-07/ciclo_20260727_1300.md: Copied (new)
2026/08/09 08:56:26 INFO  : Foruns/sentinela/2026-07/ciclo_20260727_1200.md: Copied (new)
2026/08/09 08:56:26 INFO  : Foruns/sentinela/2026-07/ciclo_20260727_1430.md: Copied (new)
2026/08/09 08:56:26 INFO  : Foruns/sentinela/2026-07/ciclo_20260727_1330.md: Copied (new)
2026/08/09 08:56:27 INFO  : Foruns/sentinela/2026-07/ciclo_20260727_1530.md: Copied (new)
2026/08/09 08:56:27 INFO  : Foruns/sentinela/2026-07/ciclo_20260727_1500.md: Copied (new)
2026/08/09 08:56:27 INFO  : Backups/backup_cerebro_20260728_164635/Foruns/sentinela/2026-07/ciclo_20260720_0110.md: Copied (new)
2026/08/09 08:56:27 INFO  : Foruns/sentinela/2026-07/ciclo_20260727_1600.md: Copied (new)
2026/08/09 08:56:27 INFO  : Backups/backup_cerebro_20260728_164635/Foruns/sentinela/2026-07/ciclo_20260720_0111.md: Copied (new)
2026/08/09 08:56:27 INFO  : Backups/backup_cerebro_20260728_164635/Foruns/sentinela/2026-07/ciclo_20260720_0551.md: Copied (new)
2026/08/09 08:56:27 INFO  : Backups/backup_cerebro_20260728_164635/Foruns/sentinela/2026-07/ciclo_20260720_0552.md: Copied (new)
2026/08/09 08:56:27 INFO  : Backups/backup_cerebro_20260728_164635/Foruns/sentinela/2026-07/ciclo_20260720_0601.md: Copied (new)
2026/08/09 08:56:27 INFO  : Backups/backup_cerebro_20260728_164635/Foruns/sentinela/2026-07/ciclo_20260720_0604.md: Copied (new)
2026/08/09 08:56:27 INFO  : Backups/backup_cerebro_20260728_164635/Foruns/sentinela/2026-07/ciclo_20260720_0555.md: Copied (new)
2026/08/09 08:56:27 INFO  : Backups/backup_cerebro_20260728_164635/Foruns/sentinela/2026-07/ciclo_20260720_0626.md: Copied (new)
2026/08/09 08:56:27 INFO  : Foruns/sentinela/2026-07/ciclo_20260727_0930.md: Copied (new)
2026/08/09 08:56:27 INFO  : Backups/backup_cerebro_20260728_164635/Foruns/sentinela/2026-07/ciclo_20260720_0728.md: Copied (new)
2026/08/09 08:56:27 INFO  : Backups/backup_cerebro_20260728_164635/Foruns/sentinela/2026-07/ciclo_20260720_0657.md: Copied (new)
2026/08/09 08:56:27 INFO  : Backups/backup_cerebro_20260728_164635/Foruns/sentinela/2026-07/ciclo_20260720_0819.md: Copied (new)
2026/08/09 08:56:27 INFO  : Backups/backup_cerebro_20260728_164635/Foruns/sentinela/2026-07/ciclo_20260720_0850.md: Copied (new)
2026/08/09 08:56:27 INFO  : Backups/backup_cerebro_20260728_164635/Foruns/sentinela/2026-07/ciclo_20260720_0830.md: Copied (new)
2026/08/09 08:56:27 INFO  : Backups/backup_cerebro_20260728_164635/Foruns/sentinela/2026-07/ciclo_20260720_1019.md: Copied (new)
2026/08/09 08:56:27 INFO  : Backups/backup_cerebro_20260728_164635/Foruns/sentinela/2026-07/ciclo_20260720_1044.md: Copied (new)
2026/08/09 08:56:27 INFO  : Backups/backup_cerebro_20260728_164635/Foruns/sentinela/2026-07/ciclo_20260720_1119.md: Copied (new)
2026/08/09 08:56:27 INFO  : Backups/backup_cerebro_20260728_164635/Foruns/sentinela/2026-07/ciclo_20260720_0759.md: Copied (new)
2026/08/09 08:56:27 INFO  : Backups/backup_cerebro_20260728_164635/Foruns/sentinela/2026-07/ciclo_20260720_1144.md: Copied (new)
2026/08/09 08:56:27 INFO  : Backups/backup_cerebro_20260728_164635/Foruns/sentinela/2026-07/ciclo_20260720_0953.md: Copied (new)
2026/08/09 08:56:27 INFO  : Backups/backup_cerebro_20260728_164635/Foruns/sentinela/2026-07/ciclo_20260720_1314.md: Copied (new)
2026/08/09 08:56:27 INFO  : Backups/backup_cerebro_20260728_164635/Foruns/sentinela/2026-07/ciclo_20260720_1414.md: Copied (new)
2026/08/09 08:56:27 INFO  : Backups/backup_cerebro_20260728_164635/Foruns/sentinela/2026-07/ciclo_20260720_1244.md: Copied (new)
2026/08/09 08:56:27 INFO  : Backups/backup_cerebro_20260728_164635/Foruns/sentinela/2026-07/ciclo_20260720_1214.md: Copied (new)
2026/08/09 08:56:27 INFO  : Backups/backup_cerebro_20260728_164635/Foruns/sentinela/2026-07/ciclo_20260720_1344.md: Copied (new)
2026/08/09 08:56:27 INFO  : Backups/backup_cerebro_20260728_164635/Foruns/sentinela/2026-07/ciclo_20260720_1514.md: Copied (new)
2026/08/09 08:56:27 INFO  : Backups/backup_cerebro_20260728_164635/Foruns/sentinela/2026-07/ciclo_20260720_1523.md: Copied (new)
2026/08/09 08:56:27 INFO  : Backups/backup_cerebro_20260728_164635/Foruns/sentinela/2026-07/ciclo_20260720_1444.md: Copied (new)
2026/08/09 08:56:27 INFO  : Backups/backup_cerebro_20260728_164635/Foruns/sentinela/2026-07/ciclo_20260720_1614.md: Copied (new)
2026/08/09 08:56:27 INFO  : Backups/backup_cerebro_20260728_164635/Foruns/sentinela/2026-07/ciclo_20260720_1544.md: Copied (new)
2026/08/09 08:56:27 INFO  : Backups/backup_cerebro_20260728_164635/Foruns/sentinela/2026-07/ciclo_20260720_1525.md: Copied (new)
2026/08/09 08:56:28 INFO  : Backups/backup_cerebro_20260728_164635/Foruns/sentinela/2026-07/ciclo_20260720_1744.md: Copied (new)
2026/08/09 08:56:28 INFO  : Backups/backup_cerebro_20260728_164635/Foruns/sentinela/2026-07/ciclo_20260720_1730.md: Copied (new)
2026/08/09 08:56:28 INFO  : Backups/backup_cerebro_20260728_164635/Foruns/sentinela/2026-07/ciclo_20260720_1714.md: Copied (new)
2026/08/09 08:56:28 INFO  : Backups/backup_cerebro_20260728_164635/Foruns/sentinela/2026-07/ciclo_20260720_1827.md: Copied (new)
2026/08/09 08:56:28 INFO  : Backups/backup_cerebro_20260728_164635/Foruns/sentinela/2026-07/ciclo_20260720_1914.md: Copied (new)
2026/08/09 08:56:28 INFO  : Backups/backup_cerebro_20260728_164635/Foruns/sentinela/2026-07/ciclo_20260720_1524.md: Copied (new)
2026/08/09 08:56:28 INFO  : Backups/backup_cerebro_20260728_164635/Foruns/sentinela/2026-07/ciclo_20260720_1644.md: Copied (new)
2026/08/09 08:56:28 INFO  : Backups/backup_cerebro_20260728_164635/Foruns/sentinela/2026-07/ciclo_20260720_2014.md: Copied (new)
2026/08/09 08:56:28 INFO  : Backups/backup_cerebro_20260728_164635/Foruns/sentinela/2026-07/ciclo_20260720_2044.md: Copied (new)
2026/08/09 08:56:28 INFO  : Backups/backup_cerebro_20260728_164635/Foruns/sentinela/2026-07/ciclo_20260720_1844.md: Copied (new)
2026/08/09 08:56:28 INFO  : Backups/backup_cerebro_20260728_164635/Foruns/sentinela/2026-07/ciclo_20260720_2244.md: Copied (new)
2026/08/09 08:56:28 INFO  : Backups/backup_cerebro_20260728_164635/Foruns/sentinela/2026-07/ciclo_20260720_2144.md: Copied (new)
2026/08/09 08:56:28 INFO  : Backups/backup_cerebro_20260728_164635/Foruns/sentinela/2026-07/ciclo_20260720_2315.md: Copied (new)
2026/08/09 08:56:28 INFO  : Backups/backup_cerebro_20260728_164635/Foruns/sentinela/2026-07/ciclo_20260720_1944.md: Copied (new)
2026/08/09 08:56:28 INFO  : Backups/backup_cerebro_20260728_164635/Foruns/sentinela/2026-07/ciclo_20260720_2344.md: Copied (new)
2026/08/09 08:56:28 INFO  : Backups/backup_cerebro_20260728_164635/Foruns/sentinela/2026-07/ciclo_20260720_2114.md: Copied (new)
2026/08/09 08:56:28 INFO  : Backups/backup_cerebro_20260728_164635/Foruns/sentinela/2026-07/ciclo_20260720_2304.md: Copied (new)
2026/08/09 08:56:28 INFO  : Backups/backup_cerebro_20260728_164635/Foruns/sentinela/2026-07/ciclo_20260721_0014.md: Copied (new)
2026/08/09 08:56:28 INFO  : Backups/backup_cerebro_20260728_164635/Foruns/sentinela/2026-07/ciclo_20260721_0754.md: Copied (new)
2026/08/09 08:56:28 INFO  : Backups/backup_cerebro_20260728_164635/Foruns/sentinela/2026-07/ciclo_20260721_0044.md: Copied (new)
2026/08/09 08:56:28 INFO  : Backups/backup_cerebro_20260728_164635/Foruns/sentinela/2026-07/ciclo_20260721_0752.md: Copied (new)
2026/08/09 08:56:28 INFO  : Backups/backup_cerebro_20260728_164635/Foruns/sentinela/2026-07/ciclo_20260721_0757.md: Copied (new)
2026/08/09 08:56:28 INFO  : Backups/backup_cerebro_20260728_164635/Foruns/sentinela/2026-07/ciclo_20260721_0756.md: Copied (new)
2026/08/09 08:56:28 INFO  : Backups/backup_cerebro_20260728_164635/Foruns/sentinela/2026-07/ciclo_20260721_0914.md: Copied (new)
2026/08/09 08:56:28 INFO  : Backups/backup_cerebro_20260728_164635/Foruns/sentinela/2026-07/ciclo_20260721_0948.md: Copied (new)
2026/08/09 08:56:28 INFO  : Backups/backup_cerebro_20260728_164635/Foruns/sentinela/2026-07/ciclo_20260721_1014.md: Copied (new)
2026/08/09 08:56:28 INFO  : Backups/backup_cerebro_20260728_164635/Foruns/sentinela/2026-07/ciclo_20260721_0844.md: Copied (new)
2026/08/09 08:56:28 INFO  : Backups/backup_cerebro_20260728_164635/Foruns/sentinela/2026-07/ciclo_20260721_0814.md: Copied (new)
2026/08/09 08:56:28 INFO  : Backups/backup_cerebro_20260728_164635/Foruns/sentinela/2026-07/ciclo_20260721_1044.md: Copied (new)
2026/08/09 08:56:28 INFO  : Backups/backup_cerebro_20260728_164635/Foruns/sentinela/2026-07/ciclo_20260721_1114.md: Copied (new)
2026/08/09 08:56:28 INFO  : Backups/backup_cerebro_20260728_164635/Foruns/sentinela/2026-07/ciclo_20260721_1144.md: Copied (new)
2026/08/09 08:56:28 INFO  : Backups/backup_cerebro_20260728_164635/Foruns/sentinela/2026-07/ciclo_20260721_1244.md: Copied (new)
2026/08/09 08:56:28 INFO  : Backups/backup_cerebro_20260728_164635/Foruns/sentinela/2026-07/ciclo_20260721_1216.md: Copied (new)
2026/08/09 08:56:28 INFO  : Backups/backup_cerebro_20260728_164635/Foruns/sentinela/2026-07/ciclo_20260721_1314.md: Copied (new)
2026/08/09 08:56:29 INFO  : Backups/backup_cerebro_20260728_164635/Foruns/sentinela/2026-07/ciclo_20260721_1349.md: Copied (new)
2026/08/09 08:56:29 INFO  : Backups/backup_cerebro_20260728_164635/Foruns/sentinela/2026-07/ciclo_20260721_1414.md: Copied (new)
2026/08/09 08:56:29 INFO  : Backups/backup_cerebro_20260728_164635/Foruns/sentinela/2026-07/ciclo_20260721_1515.md: Copied (new)
2026/08/09 08:56:29 INFO  : Backups/backup_cerebro_20260728_164635/Foruns/sentinela/2026-07/ciclo_20260721_1544.md: Copied (new)
2026/08/09 08:56:29 INFO  : Backups/backup_cerebro_20260728_164635/Foruns/sentinela/2026-07/ciclo_20260721_1344.md: Copied (new)
2026/08/09 08:56:29 INFO  : Backups/backup_cerebro_20260728_164635/Foruns/sentinela/2026-07/ciclo_20260721_1444.md: Copied (new)
2026/08/09 08:56:29 INFO  : Backups/backup_cerebro_20260728_164635/Foruns/sentinela/2026-07/ciclo_20260721_1644.md: Copied (new)
2026/08/09 08:56:29 INFO  : Backups/backup_cerebro_20260728_164635/Foruns/sentinela/2026-07/ciclo_20260721_1325.md: Copied (new)
2026/08/09 08:56:29 INFO  : Backups/backup_cerebro_20260728_164635/Foruns/sentinela/2026-07/ciclo_20260721_1730.md: Copied (new)
2026/08/09 08:56:29 INFO  : Backups/backup_cerebro_20260728_164635/Foruns/sentinela/2026-07/ciclo_20260721_1717.md: Copied (new)
2026/08/09 08:56:29 INFO  : Backups/backup_cerebro_20260728_164635/Foruns/sentinela/2026-07/ciclo_20260721_1830.md: Copied (new)
2026/08/09 08:56:29 INFO  : Backups/backup_cerebro_20260728_164635/Foruns/sentinela/2026-07/ciclo_20260721_1614.md: Copied (new)
2026/08/09 08:56:29 INFO  : Backups/backup_cerebro_20260728_164635/Foruns/sentinela/2026-07/ciclo_20260721_1744.md: Copied (new)
2026/08/09 08:56:29 INFO  : Backups/backup_cerebro_20260728_164635/Foruns/sentinela/2026-07/ciclo_20260721_1800.md: Copied (new)
2026/08/09 08:56:29 INFO  : Backups/backup_cerebro_20260728_164635/Foruns/sentinela/2026-07/ciclo_20260721_1814.md: Copied (new)
2026/08/09 08:56:29 INFO  : Backups/backup_cerebro_20260728_164635/Foruns/sentinela/2026-07/ciclo_20260721_1900.md: Copied (new)
2026/08/09 08:56:29 INFO  : Backups/backup_cerebro_20260728_164635/Foruns/sentinela/2026-07/ciclo_20260721_1914.md: Copied (new)
2026/08/09 08:56:29 INFO  : Backups/backup_cerebro_20260728_164635/Foruns/sentinela/2026-07/ciclo_20260721_1930.md: Copied (new)
2026/08/09 08:56:29 INFO  : Backups/backup_cerebro_20260728_164635/Foruns/sentinela/2026-07/ciclo_20260721_2014.md: Copied (new)
2026/08/09 08:56:29 INFO  : Backups/backup_cerebro_20260728_164635/Foruns/sentinela/2026-07/ciclo_20260721_2000.md: Copied (new)
2026/08/09 08:56:29 INFO  : Backups/backup_cerebro_20260728_164635/Foruns/sentinela/2026-07/ciclo_20260721_2100.md: Copied (new)
2026/08/09 08:56:29 INFO  : Backups/backup_cerebro_20260728_164635/Foruns/sentinela/2026-07/ciclo_20260721_2030.md: Copied (new)
2026/08/09 08:56:29 INFO  : Backups/backup_cerebro_20260728_164635/Foruns/sentinela/2026-07/ciclo_20260721_2044.md: Copied (new)
2026/08/09 08:56:29 INFO  : Backups/backup_cerebro_20260728_164635/Foruns/sentinela/2026-07/ciclo_20260721_2117.md: Copied (new)
2026/08/09 08:56:29 INFO  : Backups/backup_cerebro_20260728_164635/Foruns/sentinela/2026-07/ciclo_20260721_1844.md: Copied (new)
2026/08/09 08:56:29 INFO  : Backups/backup_cerebro_20260728_164635/Foruns/sentinela/2026-07/ciclo_20260721_2130.md: Copied (new)
2026/08/09 08:56:29 INFO  : Backups/backup_cerebro_20260728_164635/Foruns/sentinela/2026-07/ciclo_20260721_2144.md: Copied (new)
2026/08/09 08:56:29 INFO  : Backups/backup_cerebro_20260728_164635/Foruns/sentinela/2026-07/ciclo_20260721_2200.md: Copied (new)
2026/08/09 08:56:29 INFO  : Backups/backup_cerebro_20260728_164635/Foruns/sentinela/2026-07/ciclo_20260721_2244.md: Copied (new)
2026/08/09 08:56:29 INFO  : Backups/backup_cerebro_20260728_164635/Foruns/sentinela/2026-07/ciclo_20260721_1944.md: Copied (new)
2026/08/09 08:56:30 INFO  : Backups/backup_cerebro_20260728_164635/Foruns/sentinela/2026-07/ciclo_20260721_2344.md: Copied (new)
2026/08/09 08:56:30 INFO  : Backups/backup_cerebro_20260728_164635/Foruns/sentinela/2026-07/ciclo_20260721_2214.md: Copied (new)
2026/08/09 08:56:30 INFO  : Backups/backup_cerebro_20260728_164635/Foruns/sentinela/2026-07/ciclo_20260721_2300.md: Copied (new)
2026/08/09 08:56:30 INFO  : Backups/backup_cerebro_20260728_164635/Foruns/sentinela/2026-07/ciclo_20260722_0000.md: Copied (new)
2026/08/09 08:56:30 INFO  : Backups/backup_cerebro_20260728_164635/Foruns/sentinela/2026-07/ciclo_20260722_0100.md: Copied (new)
2026/08/09 08:56:30 INFO  : Backups/backup_cerebro_20260728_164635/Foruns/sentinela/2026-07/ciclo_20260722_0044.md: Copied (new)
2026/08/09 08:56:30 INFO  : Backups/backup_cerebro_20260728_164635/Foruns/sentinela/2026-07/ciclo_20260721_2314.md: Copied (new)
2026/08/09 08:56:30 INFO  : Backups/backup_cerebro_20260728_164635/Foruns/sentinela/2026-07/ciclo_20260722_0014.md: Copied (new)
2026/08/09 08:56:30 INFO  : Backups/backup_cerebro_20260728_164635/Foruns/sentinela/2026-07/ciclo_20260722_0300.md: Copied (new)
2026/08/09 08:56:30 INFO  : Backups/backup_cerebro_20260728_164635/Foruns/sentinela/2026-07/ciclo_20260722_0144.md: Copied (new)
2026/08/09 08:56:30 INFO  : Backups/backup_cerebro_20260728_164635/Foruns/sentinela/2026-07/ciclo_20260722_0214.md: Copied (new)
2026/08/09 08:56:30 INFO  : Backups/backup_cerebro_20260728_164635/Foruns/sentinela/2026-07/ciclo_20260722_0344.md: Copied (new)
2026/08/09 08:56:30 INFO  : Backups/backup_cerebro_20260728_164635/Foruns/sentinela/2026-07/ciclo_20260722_0314.md: Copied (new)
2026/08/09 08:56:30 INFO  : Backups/backup_cerebro_20260728_164635/Foruns/sentinela/2026-07/ciclo_20260722_0200.md: Copied (new)
2026/08/09 08:56:30 INFO  : Backups/backup_cerebro_20260728_164635/Foruns/sentinela/2026-07/ciclo_20260722_0244.md: Copied (new)
2026/08/09 08:56:30 INFO  : Backups/backup_cerebro_20260728_164635/Foruns/sentinela/2026-07/ciclo_20260722_0114.md: Copied (new)
2026/08/09 08:56:30 INFO  : Backups/backup_cerebro_20260728_164635/Foruns/sentinela/2026-07/ciclo_20260722_0414.md: Copied (new)
2026/08/09 08:56:30 INFO  : Backups/backup_cerebro_20260728_164635/Foruns/sentinela/2026-07/ciclo_20260722_0500.md: Copied (new)
2026/08/09 08:56:30 INFO  : Backups/backup_cerebro_20260728_164635/Foruns/sentinela/2026-07/ciclo_20260722_0544.md: Copied (new)
2026/08/09 08:56:30 INFO  : Backups/backup_cerebro_20260728_164635/Foruns/sentinela/2026-07/ciclo_20260722_0444.md: Copied (new)
2026/08/09 08:56:30 INFO  : Backups/backup_cerebro_20260728_164635/Foruns/sentinela/2026-07/ciclo_20260722_0600.md: Copied (new)
2026/08/09 08:56:30 INFO  : Backups/backup_cerebro_20260728_164635/Foruns/sentinela/2026-07/ciclo_20260722_0400.md: Copied (new)
2026/08/09 08:56:30 INFO  : Backups/backup_cerebro_20260728_164635/Foruns/sentinela/2026-07/ciclo_20260722_0614.md: Copied (new)
2026/08/09 08:56:30 INFO  : Backups/backup_cerebro_20260728_164635/Foruns/sentinela/2026-07/ciclo_20260722_0630.md: Copied (new)
2026/08/09 08:56:30 INFO  : Backups/backup_cerebro_20260728_164635/Foruns/sentinela/2026-07/ciclo_20260722_0714.md: Copied (new)
2026/08/09 08:56:30 INFO  : Backups/backup_cerebro_20260728_164635/Foruns/sentinela/2026-07/ciclo_20260722_0644.md: Copied (new)
2026/08/09 08:56:30 INFO  : Backups/backup_cerebro_20260728_164635/Foruns/sentinela/2026-07/ciclo_20260722_0700.md: Copied (new)
2026/08/09 08:56:30 INFO  : Backups/backup_cerebro_20260728_164635/Foruns/sentinela/2026-07/ciclo_20260722_0514.md: Copied (new)
2026/08/09 08:56:30 INFO  : Backups/backup_cerebro_20260728_164635/Foruns/sentinela/2026-07/ciclo_20260722_0744.md: Copied (new)
2026/08/09 08:56:30 INFO  : Backups/backup_cerebro_20260728_164635/Foruns/sentinela/2026-07/ciclo_20260722_0730.md: Copied (new)
2026/08/09 08:56:30 INFO  : Backups/backup_cerebro_20260728_164635/Foruns/sentinela/2026-07/ciclo_20260722_0844.md: Copied (new)
2026/08/09 08:56:30 INFO  : Backups/backup_cerebro_20260728_164635/Foruns/sentinela/2026-07/ciclo_20260722_0814.md: Copied (new)
2026/08/09 08:56:30 INFO  : Backups/backup_cerebro_20260728_164635/Foruns/sentinela/2026-07/ciclo_20260722_0830.md: Copied (new)
2026/08/09 08:56:31 INFO  : Backups/backup_cerebro_20260728_164635/Foruns/sentinela/2026-07/ciclo_20260722_0900.md: Copied (new)
2026/08/09 08:56:31 INFO  : Backups/backup_cerebro_20260728_164635/Foruns/sentinela/2026-07/ciclo_20260722_0800.md: Copied (new)
2026/08/09 08:56:31 INFO  : Backups/backup_cerebro_20260728_164635/Foruns/sentinela/2026-07/ciclo_20260722_1000.md: Copied (new)
2026/08/09 08:56:31 INFO  : Backups/backup_cerebro_20260728_164635/Foruns/sentinela/2026-07/ciclo_20260722_1030.md: Copied (new)
2026/08/09 08:56:31 INFO  : Backups/backup_cerebro_20260728_164635/Foruns/sentinela/2026-07/ciclo_20260722_1100.md: Copied (new)
2026/08/09 08:56:31 INFO  : Backups/backup_cerebro_20260728_164635/Foruns/sentinela/2026-07/ciclo_20260722_0914.md: Copied (new)
2026/08/09 08:56:31 INFO  : Backups/backup_cerebro_20260728_164635/Foruns/sentinela/2026-07/ciclo_20260722_0930.md: Copied (new)
2026/08/09 08:56:31 INFO  : Backups/backup_cerebro_20260728_164635/Foruns/sentinela/2026-07/ciclo_20260722_1014.md: Copied (new)
2026/08/09 08:56:31 INFO  : Backups/backup_cerebro_20260728_164635/Foruns/sentinela/2026-07/ciclo_20260722_1114.md: Copied (new)
2026/08/09 08:56:31 INFO  : Backups/backup_cerebro_20260728_164635/Foruns/sentinela/2026-07/ciclo_20260722_1144.md: Copied (new)
2026/08/09 08:56:31 INFO  : Backups/backup_cerebro_20260728_164635/Foruns/sentinela/2026-07/ciclo_20260722_1130.md: Copied (new)
2026/08/09 08:56:31 INFO  : Backups/backup_cerebro_20260728_164635/Foruns/sentinela/2026-07/ciclo_20260722_1044.md: Copied (new)
2026/08/09 08:56:31 INFO  : Backups/backup_cerebro_20260728_164635/Foruns/sentinela/2026-07/ciclo_20260722_1244.md: Copied (new)
2026/08/09 08:56:31 INFO  : Backups/backup_cerebro_20260728_164635/Foruns/sentinela/2026-07/ciclo_20260722_1230.md: Copied (new)
2026/08/09 08:56:31 INFO  : Backups/backup_cerebro_20260728_164635/Foruns/sentinela/2026-07/ciclo_20260722_0944.md: Copied (new)
2026/08/09 08:56:31 INFO  : Backups/backup_cerebro_20260728_164635/Foruns/sentinela/2026-07/ciclo_20260722_1300.md: Copied (new)
2026/08/09 08:56:31 INFO  : Backups/backup_cerebro_20260728_164635/Foruns/sentinela/2026-07/ciclo_20260722_1200.md: Copied (new)
2026/08/09 08:56:31 INFO  : Backups/backup_cerebro_20260728_164635/Foruns/sentinela/2026-07/ciclo_20260722_1314.md: Copied (new)
2026/08/09 08:56:31 INFO  : Backups/backup_cerebro_20260728_164635/Foruns/sentinela/2026-07/ciclo_20260722_1214.md: Copied (new)
2026/08/09 08:56:31 INFO  : Backups/backup_cerebro_20260728_164635/Foruns/sentinela/2026-07/ciclo_20260722_1400.md: Copied (new)
2026/08/09 08:56:31 INFO  : Backups/backup_cerebro_20260728_164635/Foruns/sentinela/2026-07/ciclo_20260722_1344.md: Copied (new)
2026/08/09 08:56:31 INFO  : Backups/backup_cerebro_20260728_164635/Foruns/sentinela/2026-07/ciclo_20260722_1330.md: Copied (new)
2026/08/09 08:56:31 INFO  : Backups/backup_cerebro_20260728_164635/Foruns/sentinela/2026-07/ciclo_20260722_1500.md: Copied (new)
2026/08/09 08:56:31 INFO  : Backups/backup_cerebro_20260728_164635/Foruns/sentinela/2026-07/ciclo_20260722_1444.md: Copied (new)
2026/08/09 08:56:31 INFO  : Backups/backup_cerebro_20260728_164635/Foruns/sentinela/2026-07/ciclo_20260722_1430.md: Copied (new)
2026/08/09 08:56:31 INFO  : Backups/backup_cerebro_20260728_164635/Foruns/sentinela/2026-07/ciclo_20260722_1514.md: Copied (new)
2026/08/09 08:56:31 INFO  : Backups/backup_cerebro_20260728_164635/Foruns/sentinela/2026-07/ciclo_20260722_1530.md: Copied (new)
2026/08/09 08:56:31 INFO  : Backups/backup_cerebro_20260728_164635/Foruns/sentinela/2026-07/ciclo_20260722_1544.md: Copied (new)
2026/08/09 08:56:31 INFO  : Backups/backup_cerebro_20260728_164635/Foruns/sentinela/2026-07/ciclo_20260722_1600.md: Copied (new)
2026/08/09 08:56:31 INFO  : Backups/backup_cerebro_20260728_164635/Foruns/sentinela/2026-07/ciclo_20260722_1614.md: Copied (new)
2026/08/09 08:56:31 INFO  : Backups/backup_cerebro_20260728_164635/Foruns/sentinela/2026-07/ciclo_20260722_1414.md: Copied (new)
2026/08/09 08:56:32 INFO  : Backups/backup_cerebro_20260728_164635/Foruns/sentinela/2026-07/ciclo_20260722_1644.md: Copied (new)
2026/08/09 08:56:32 INFO  : Backups/backup_cerebro_20260728_164635/Foruns/sentinela/2026-07/ciclo_20260722_1633.md: Copied (new)
2026/08/09 08:56:32 INFO  : Backups/backup_cerebro_20260728_164635/Foruns/sentinela/2026-07/ciclo_20260722_1630.md: Copied (new)
2026/08/09 08:56:32 INFO  : Backups/backup_cerebro_20260728_164635/Foruns/sentinela/2026-07/ciclo_20260722_1700.md: Copied (new)
2026/08/09 08:56:32 INFO  : Backups/backup_cerebro_20260728_164635/Foruns/sentinela/2026-07/ciclo_20260722_1714.md: Copied (new)
2026/08/09 08:56:32 INFO  : Backups/backup_cerebro_20260728_164635/Foruns/sentinela/2026-07/ciclo_20260722_1631.md: Copied (new)
2026/08/09 08:56:32 INFO  : Backups/backup_cerebro_20260728_164635/Foruns/sentinela/2026-07/ciclo_20260722_1618.md: Copied (new)
2026/08/09 08:56:32 INFO  : Backups/backup_cerebro_20260728_164635/Foruns/sentinela/2026-07/ciclo_20260722_1730.md: Copied (new)
2026/08/09 08:56:32 INFO  : Backups/backup_cerebro_20260728_164635/Foruns/sentinela/2026-07/ciclo_20260722_1744.md: Copied (new)
2026/08/09 08:56:32 INFO  : Backups/backup_cerebro_20260728_164635/Foruns/sentinela/2026-07/ciclo_20260722_1830.md: Copied (new)
2026/08/09 08:56:32 INFO  : Backups/backup_cerebro_20260728_164635/Foruns/sentinela/2026-07/ciclo_20260722_1900.md: Copied (new)
2026/08/09 08:56:32 INFO  : Backups/backup_cerebro_20260728_164635/Foruns/sentinela/2026-07/ciclo_20260722_1844.md: Copied (new)
2026/08/09 08:56:32 INFO  : Backups/backup_cerebro_20260728_164635/Foruns/sentinela/2026-07/ciclo_20260722_1914.md: Copied (new)
2026/08/09 08:56:32 INFO  : Backups/backup_cerebro_20260728_164635/Foruns/sentinela/2026-07/ciclo_20260722_1800.md: Copied (new)
2026/08/09 08:56:32 INFO  : Backups/backup_cerebro_20260728_164635/Foruns/sentinela/2026-07/ciclo_20260722_1615.md: Copied (new)
2026/08/09 08:56:32 INFO  : Backups/backup_cerebro_20260728_164635/Foruns/sentinela/2026-07/ciclo_20260722_1930.md: Copied (new)
2026/08/09 08:56:32 INFO  : Backups/backup_cerebro_20260728_164635/Foruns/sentinela/2026-07/ciclo_20260722_1944.md: Copied (new)
2026/08/09 08:56:32 INFO  : Backups/backup_cerebro_20260728_164635/Foruns/sentinela/2026-07/ciclo_20260722_2000.md: Copied (new)
2026/08/09 08:56:32 INFO  : Backups/backup_cerebro_20260728_164635/Foruns/sentinela/2026-07/ciclo_20260722_2044.md: Copied (new)
2026/08/09 08:56:32 INFO  : Backups/backup_cerebro_20260728_164635/Foruns/sentinela/2026-07/ciclo_20260722_2014.md: Copied (new)
2026/08/09 08:56:32 INFO  : Backups/backup_cerebro_20260728_164635/Foruns/sentinela/2026-07/ciclo_20260722_2100.md: Copied (new)
2026/08/09 08:56:32 INFO  : Backups/backup_cerebro_20260728_164635/Foruns/sentinela/2026-07/ciclo_20260722_2130.md: Copied (new)
2026/08/09 08:56:32 INFO  : Backups/backup_cerebro_20260728_164635/Foruns/sentinela/2026-07/ciclo_20260722_2030.md: Copied (new)
2026/08/09 08:56:32 INFO  : Backups/backup_cerebro_20260728_164635/Foruns/sentinela/2026-07/ciclo_20260722_2144.md: Copied (new)
2026/08/09 08:56:32 INFO  : Backups/backup_cerebro_20260728_164635/Foruns/sentinela/2026-07/ciclo_20260722_2200.md: Copied (new)
2026/08/09 08:56:32 INFO  : Backups/backup_cerebro_20260728_164635/Foruns/sentinela/2026-07/ciclo_20260722_2115.md: Copied (new)
2026/08/09 08:56:32 INFO  : Backups/backup_cerebro_20260728_164635/Foruns/sentinela/2026-07/ciclo_20260722_2244.md: Copied (new)
2026/08/09 08:56:32 INFO  : Backups/backup_cerebro_20260728_164635/Foruns/sentinela/2026-07/ciclo_20260722_2214.md: Copied (new)
2026/08/09 08:56:32 INFO  : Backups/backup_cerebro_20260728_164635/Foruns/sentinela/2026-07/ciclo_20260723_0000.md: Copied (new)
2026/08/09 08:56:32 INFO  : Backups/backup_cerebro_20260728_164635/Foruns/sentinela/2026-07/ciclo_20260723_0014.md: Copied (new)
2026/08/09 08:56:32 INFO  : Backups/backup_cerebro_20260728_164635/Foruns/sentinela/2026-07/ciclo_20260722_2314.md: Copied (new)
2026/08/09 08:56:32 INFO  : Backups/backup_cerebro_20260728_164635/Foruns/sentinela/2026-07/ciclo_20260723_0045.md: Copied (new)
2026/08/09 08:56:32 INFO  : Backups/backup_cerebro_20260728_164635/Foruns/sentinela/2026-07/ciclo_20260723_0100.md: Copied (new)
2026/08/09 08:56:32 INFO  : Backups/backup_cerebro_20260728_164635/Foruns/sentinela/2026-07/ciclo_20260722_2300.md: Copied (new)
2026/08/09 08:56:33 INFO  : Backups/backup_cerebro_20260728_164635/Foruns/sentinela/2026-07/ciclo_20260723_0144.md: Copied (new)
2026/08/09 08:56:33 INFO  : Backups/backup_cerebro_20260728_164635/Foruns/sentinela/2026-07/ciclo_20260723_0214.md: Copied (new)
2026/08/09 08:56:33 INFO  : Backups/backup_cerebro_20260728_164635/Foruns/sentinela/2026-07/ciclo_20260723_0200.md: Copied (new)
2026/08/09 08:56:33 INFO  : Backups/backup_cerebro_20260728_164635/Foruns/sentinela/2026-07/ciclo_20260723_0314.md: Copied (new)
2026/08/09 08:56:33 INFO  : Backups/backup_cerebro_20260728_164635/Foruns/sentinela/2026-07/ciclo_20260723_0114.md: Copied (new)
2026/08/09 08:56:33 INFO  : Backups/backup_cerebro_20260728_164635/Foruns/sentinela/2026-07/ciclo_20260723_0400.md: Copied (new)
2026/08/09 08:56:33 INFO  : Backups/backup_cerebro_20260728_164635/Foruns/sentinela/2026-07/ciclo_20260723_0300.md: Copied (new)
2026/08/09 08:56:33 INFO  : Backups/backup_cerebro_20260728_164635/Foruns/sentinela/2026-07/ciclo_20260723_0414.md: Copied (new)
2026/08/09 08:56:33 INFO  : Backups/backup_cerebro_20260728_164635/Foruns/sentinela/2026-07/ciclo_20260723_0344.md: Copied (new)
2026/08/09 08:56:33 INFO  : Backups/backup_cerebro_20260728_164635/Foruns/sentinela/2026-07/ciclo_20260723_0244.md: Copied (new)
2026/08/09 08:56:33 INFO  : Backups/backup_cerebro_20260728_164635/Foruns/sentinela/2026-07/ciclo_20260723_0514.md: Copied (new)
2026/08/09 08:56:33 INFO  : Backups/backup_cerebro_20260728_164635/Foruns/sentinela/2026-07/ciclo_20260723_0600.md: Copied (new)
2026/08/09 08:56:33 INFO  : Backups/backup_cerebro_20260728_164635/Foruns/sentinela/2026-07/ciclo_20260722_2344.md: Copied (new)
2026/08/09 08:56:33 INFO  : Backups/backup_cerebro_20260728_164635/Foruns/sentinela/2026-07/ciclo_20260723_0444.md: Copied (new)
2026/08/09 08:56:33 INFO  : Backups/backup_cerebro_20260728_164635/Foruns/sentinela/2026-07/ciclo_20260723_0545.md: Copied (new)
2026/08/09 08:56:33 INFO  : Backups/backup_cerebro_20260728_164635/Foruns/sentinela/2026-07/ciclo_20260723_0614.md: Copied (new)
2026/08/09 08:56:33 INFO  : Backups/backup_cerebro_20260728_164635/Foruns/sentinela/2026-07/ciclo_20260723_0630.md: Copied (new)
2026/08/09 08:56:33 INFO  : Backups/backup_cerebro_20260728_164635/Foruns/sentinela/2026-07/ciclo_20260723_0644.md: Copied (new)
2026/08/09 08:56:33 INFO  : Backups/backup_cerebro_20260728_164635/Foruns/sentinela/2026-07/ciclo_20260723_0700.md: Copied (new)
2026/08/09 08:56:33 INFO  : Backups/backup_cerebro_20260728_164635/Foruns/sentinela/2026-07/ciclo_20260723_0744.md: Copied (new)
2026/08/09 08:56:33 INFO  : Backups/backup_cerebro_20260728_164635/Foruns/sentinela/2026-07/ciclo_20260723_0714.md: Copied (new)
2026/08/09 08:56:33 INFO  : Backups/backup_cerebro_20260728_164635/Foruns/sentinela/2026-07/ciclo_20260723_0730.md: Copied (new)
2026/08/09 08:56:33 INFO  : Backups/backup_cerebro_20260728_164635/Foruns/sentinela/2026-07/ciclo_20260723_0800.md: Copied (new)
2026/08/09 08:56:33 INFO  : Backups/backup_cerebro_20260728_164635/Foruns/sentinela/2026-07/ciclo_20260723_0815.md: Copied (new)
2026/08/09 08:56:33 INFO  : Backups/backup_cerebro_20260728_164635/Foruns/sentinela/2026-07/ciclo_20260723_0830.md: Copied (new)
2026/08/09 08:56:33 INFO  : Backups/backup_cerebro_20260728_164635/Foruns/sentinela/2026-07/ciclo_20260723_0844.md: Copied (new)
2026/08/09 08:56:33 INFO  : Backups/backup_cerebro_20260728_164635/Foruns/sentinela/2026-07/ciclo_20260723_0500.md: Copied (new)
2026/08/09 08:56:33 INFO  : Backups/backup_cerebro_20260728_164635/Foruns/sentinela/2026-07/ciclo_20260723_0900.md: Copied (new)
2026/08/09 08:56:33 INFO  : Backups/backup_cerebro_20260728_164635/Foruns/sentinela/2026-07/ciclo_20260723_0914.md: Copied (new)
2026/08/09 08:56:33 INFO  : Backups/backup_cerebro_20260728_164635/Foruns/sentinela/2026-07/ciclo_20260723_0931.md: Copied (new)
2026/08/09 08:56:33 INFO  : Backups/backup_cerebro_20260728_164635/Foruns/sentinela/2026-07/ciclo_20260723_1000.md: Copied (new)
2026/08/09 08:56:33 INFO  : Backups/backup_cerebro_20260728_164635/Foruns/sentinela/2026-07/ciclo_20260723_0930.md: Copied (new)
2026/08/09 08:56:33 INFO  : Backups/backup_cerebro_20260728_164635/Foruns/sentinela/2026-07/ciclo_20260723_1014.md: Copied (new)
2026/08/09 08:56:34 INFO  : Backups/backup_cerebro_20260728_164635/Foruns/sentinela/2026-07/ciclo_20260723_1044.md: Copied (new)
2026/08/09 08:56:34 INFO  : Backups/backup_cerebro_20260728_164635/Foruns/sentinela/2026-07/ciclo_20260723_1100.md: Copied (new)
2026/08/09 08:56:34 INFO  : Backups/backup_cerebro_20260728_164635/Foruns/sentinela/2026-07/ciclo_20260723_0944.md: Copied (new)
2026/08/09 08:56:34 INFO  : Backups/backup_cerebro_20260728_164635/Foruns/sentinela/2026-07/ciclo_20260723_1030.md: Copied (new)
2026/08/09 08:56:34 INFO  : Backups/backup_cerebro_20260728_164635/Foruns/sentinela/2026-07/ciclo_20260723_1144.md: Copied (new)
2026/08/09 08:56:34 INFO  : Backups/backup_cerebro_20260728_164635/Foruns/sentinela/2026-07/ciclo_20260723_1200.md: Copied (new)
2026/08/09 08:56:34 INFO  : Backups/backup_cerebro_20260728_164635/Foruns/sentinela/2026-07/ciclo_20260723_1130.md: Copied (new)
2026/08/09 08:56:34 INFO  : Backups/backup_cerebro_20260728_164635/Foruns/sentinela/2026-07/ciclo_20260723_1244.md: Copied (new)
2026/08/09 08:56:34 INFO  : Backups/backup_cerebro_20260728_164635/Foruns/sentinela/2026-07/ciclo_20260723_1300.md: Copied (new)
2026/08/09 08:56:34 INFO  : Backups/backup_cerebro_20260728_164635/Foruns/sentinela/2026-07/ciclo_20260723_1114.md: Copied (new)
2026/08/09 08:56:34 INFO  : Backups/backup_cerebro_20260728_164635/Foruns/sentinela/2026-07/ciclo_20260723_1054.md: Copied (new)
2026/08/09 08:56:34 INFO  : Backups/backup_cerebro_20260728_164635/Foruns/sentinela/2026-07/ciclo_20260723_1214.md: Copied (new)
2026/08/09 08:56:34 INFO  : Backups/backup_cerebro_20260728_164635/Foruns/sentinela/2026-07/ciclo_20260723_1314.md: Copied (new)
2026/08/09 08:56:34 INFO  : Backups/backup_cerebro_20260728_164635/Foruns/sentinela/2026-07/ciclo_20260723_1230.md: Copied (new)
2026/08/09 08:56:34 INFO  : Backups/backup_cerebro_20260728_164635/Foruns/sentinela/2026-07/ciclo_20260723_1330.md: Copied (new)
2026/08/09 08:56:34 INFO  : Backups/backup_cerebro_20260728_164635/Foruns/sentinela/2026-07/ciclo_20260723_1400.md: Copied (new)
2026/08/09 08:56:34 INFO  : Backups/backup_cerebro_20260728_164635/Foruns/sentinela/2026-07/ciclo_20260723_1414.md: Copied (new)
2026/08/09 08:56:34 INFO  : Backups/backup_cerebro_20260728_164635/Foruns/sentinela/2026-07/ciclo_20260723_1444.md: Copied (new)
2026/08/09 08:56:34 INFO  : Backups/backup_cerebro_20260728_164635/Foruns/sentinela/2026-07/ciclo_20260723_1344.md: Copied (new)
2026/08/09 08:56:34 INFO  : Backups/backup_cerebro_20260728_164635/Foruns/sentinela/2026-07/ciclo_20260723_1500.md: Copied (new)
2026/08/09 08:56:34 INFO  : Backups/backup_cerebro_20260728_164635/Foruns/sentinela/2026-07/ciclo_20260723_1430.md: Copied (new)
2026/08/09 08:56:34 INFO  : Backups/backup_cerebro_20260728_164635/Foruns/sentinela/2026-07/ciclo_20260723_1544.md: Copied (new)
2026/08/09 08:56:34 INFO  : Backups/backup_cerebro_20260728_164635/Foruns/sentinela/2026-07/ciclo_20260723_1530.md: Copied (new)
2026/08/09 08:56:34 INFO  : Backups/backup_cerebro_20260728_164635/Foruns/sentinela/2026-07/ciclo_20260723_1630.md: Copied (new)
2026/08/09 08:56:34 INFO  : Backups/backup_cerebro_20260728_164635/Foruns/sentinela/2026-07/ciclo_20260723_1600.md: Copied (new)
2026/08/09 08:56:34 INFO  : Backups/backup_cerebro_20260728_164635/Foruns/sentinela/2026-07/ciclo_20260723_1645.md: Copied (new)
2026/08/09 08:56:34 INFO  : Backups/backup_cerebro_20260728_164635/Foruns/sentinela/2026-07/ciclo_20260723_1614.md: Copied (new)
2026/08/09 08:56:34 INFO  : Backups/backup_cerebro_20260728_164635/Foruns/sentinela/2026-07/ciclo_20260723_1623.md: Copied (new)
2026/08/09 08:56:34 INFO  : Backups/backup_cerebro_20260728_164635/Foruns/sentinela/2026-07/ciclo_20260723_1514.md: Copied (new)
2026/08/09 08:56:35 INFO  : Backups/backup_cerebro_20260728_164635/Foruns/sentinela/2026-07/ciclo_20260723_1700.md: Copied (new)
2026/08/09 08:56:35 INFO  : Backups/backup_cerebro_20260728_164635/Foruns/sentinela/2026-07/ciclo_20260723_1744.md: Copied (new)
2026/08/09 08:56:35 INFO  : Backups/backup_cerebro_20260728_164635/Foruns/sentinela/2026-07/ciclo_20260723_1730.md: Copied (new)
2026/08/09 08:56:35 INFO  : Backups/backup_cerebro_20260728_164635/Foruns/sentinela/2026-07/ciclo_20260723_1814.md: Copied (new)
2026/08/09 08:56:35 INFO  : Backups/backup_cerebro_20260728_164635/Foruns/sentinela/2026-07/ciclo_20260723_1800.md: Copied (new)
2026/08/09 08:56:35 INFO  : Backups/backup_cerebro_20260728_164635/Foruns/sentinela/2026-07/ciclo_20260723_1715.md: Copied (new)
2026/08/09 08:56:35 INFO  : Backups/backup_cerebro_20260728_164635/Foruns/sentinela/2026-07/ciclo_20260723_1830.md: Copied (new)
2026/08/09 08:56:35 INFO  : Backups/backup_cerebro_20260728_164635/Foruns/sentinela/2026-07/ciclo_20260723_1900.md: Copied (new)
2026/08/09 08:56:35 INFO  : Backups/backup_cerebro_20260728_164635/Foruns/sentinela/2026-07/ciclo_20260723_1915.md: Copied (new)
2026/08/09 08:56:35 INFO  : Backups/backup_cerebro_20260728_164635/Foruns/sentinela/2026-07/ciclo_20260723_1930.md: Copied (new)
2026/08/09 08:56:35 INFO  : Backups/backup_cerebro_20260728_164635/Foruns/sentinela/2026-07/ciclo_20260723_1944.md: Copied (new)
2026/08/09 08:56:35 INFO  : Backups/backup_cerebro_20260728_164635/Foruns/sentinela/2026-07/ciclo_20260723_2000.md: Copied (new)
2026/08/09 08:56:35 INFO  : Backups/backup_cerebro_20260728_164635/Foruns/sentinela/2026-07/ciclo_20260723_2044.md: Copied (new)
2026/08/09 08:56:35 INFO  : Backups/backup_cerebro_20260728_164635/Foruns/sentinela/2026-07/ciclo_20260723_2114.md: Copied (new)
2026/08/09 08:56:35 INFO  : Backups/backup_cerebro_20260728_164635/Foruns/sentinela/2026-07/ciclo_20260723_2014.md: Copied (new)
2026/08/09 08:56:35 INFO  : Backups/backup_cerebro_20260728_164635/Foruns/sentinela/2026-07/ciclo_20260723_2030.md: Copied (new)
2026/08/09 08:56:35 INFO  : Backups/backup_cerebro_20260728_164635/Foruns/sentinela/2026-07/ciclo_20260723_1844.md: Copied (new)
2026/08/09 08:56:35 INFO  : Backups/backup_cerebro_20260728_164635/Foruns/sentinela/2026-07/ciclo_20260723_2200.md: Copied (new)
2026/08/09 08:56:35 INFO  : Backups/backup_cerebro_20260728_164635/Foruns/sentinela/2026-07/ciclo_20260723_2130.md: Copied (new)
2026/08/09 08:56:35 INFO  : Backups/backup_cerebro_20260728_164635/Foruns/sentinela/2026-07/ciclo_20260723_2100.md: Copied (new)
2026/08/09 08:56:35 INFO  : Backups/backup_cerebro_20260728_164635/Foruns/sentinela/2026-07/ciclo_20260723_2214.md: Copied (new)
2026/08/09 08:56:35 INFO  : Backups/backup_cerebro_20260728_164635/Foruns/sentinela/2026-07/ciclo_20260723_2244.md: Copied (new)
2026/08/09 08:56:35 INFO  : Backups/backup_cerebro_20260728_164635/Foruns/sentinela/2026-07/ciclo_20260723_2144.md: Copied (new)
2026/08/09 08:56:35 INFO  : Backups/backup_cerebro_20260728_164635/Foruns/sentinela/2026-07/ciclo_20260723_2314.md: Copied (new)
2026/08/09 08:56:35 INFO  : Backups/backup_cerebro_20260728_164635/Foruns/sentinela/2026-07/ciclo_20260723_2238.md: Copied (new)
2026/08/09 08:56:35 INFO  : Backups/backup_cerebro_20260728_164635/Foruns/sentinela/2026-07/ciclo_20260724_0044.md: Copied (new)
2026/08/09 08:56:35 INFO  : Backups/backup_cerebro_20260728_164635/Foruns/sentinela/2026-07/ciclo_20260724_0014.md: Copied (new)
2026/08/09 08:56:35 INFO  : Backups/backup_cerebro_20260728_164635/Foruns/sentinela/2026-07/ciclo_20260724_0000.md: Copied (new)
2026/08/09 08:56:35 INFO  : Backups/backup_cerebro_20260728_164635/Foruns/sentinela/2026-07/ciclo_20260724_0100.md: Copied (new)
2026/08/09 08:56:35 INFO  : Backups/backup_cerebro_20260728_164635/Foruns/sentinela/2026-07/ciclo_20260723_2344.md: Copied (new)
2026/08/09 08:56:35 INFO  : Backups/backup_cerebro_20260728_164635/Foruns/sentinela/2026-07/ciclo_20260723_2300.md: Copied (new)
2026/08/09 08:56:36 INFO  : Backups/backup_cerebro_20260728_164635/Foruns/sentinela/2026-07/ciclo_20260724_0215.md: Copied (new)
2026/08/09 08:56:36 INFO  : Backups/backup_cerebro_20260728_164635/Foruns/sentinela/2026-07/ciclo_20260724_0115.md: Copied (new)
2026/08/09 08:56:36 INFO  : Backups/backup_cerebro_20260728_164635/Foruns/sentinela/2026-07/ciclo_20260724_0300.md: Copied (new)
2026/08/09 08:56:36 INFO  : Backups/backup_cerebro_20260728_164635/Foruns/sentinela/2026-07/ciclo_20260724_0144.md: Copied (new)
2026/08/09 08:56:36 INFO  : Backups/backup_cerebro_20260728_164635/Foruns/sentinela/2026-07/ciclo_20260724_0315.md: Copied (new)
2026/08/09 08:56:36 INFO  : Backups/backup_cerebro_20260728_164635/Foruns/sentinela/2026-07/ciclo_20260724_0200.md: Copied (new)
2026/08/09 08:56:36 INFO  : Backups/backup_cerebro_20260728_164635/Foruns/sentinela/2026-07/ciclo_20260724_0351.md: Copied (new)
2026/08/09 08:56:36 INFO  : Backups/backup_cerebro_20260728_164635/Foruns/sentinela/2026-07/ciclo_20260724_0244.md: Copied (new)
2026/08/09 08:56:36 INFO  : Backups/backup_cerebro_20260728_164635/Foruns/sentinela/2026-07/ciclo_20260724_0400.md: Copied (new)
2026/08/09 08:56:36 INFO  : Backups/backup_cerebro_20260728_164635/Foruns/sentinela/2026-07/ciclo_20260724_0514.md: Copied (new)
2026/08/09 08:56:36 INFO  : Backups/backup_cerebro_20260728_164635/Foruns/sentinela/2026-07/ciclo_20260724_0444.md: Copied (new)
2026/08/09 08:56:36 INFO  : Backups/backup_cerebro_20260728_164635/Foruns/sentinela/2026-07/ciclo_20260724_0345.md: Copied (new)
2026/08/09 08:56:36 INFO  : Backups/backup_cerebro_20260728_164635/Foruns/sentinela/2026-07/ciclo_20260724_0500.md: Copied (new)
2026/08/09 08:56:36 INFO  : Backups/backup_cerebro_20260728_164635/Foruns/sentinela/2026-07/ciclo_20260724_0544.md: Copied (new)
2026/08/09 08:56:36 INFO  : Backups/backup_cerebro_20260728_164635/Foruns/sentinela/2026-07/ciclo_20260724_0414.md: Copied (new)
2026/08/09 08:56:36 INFO  : Backups/backup_cerebro_20260728_164635/Foruns/sentinela/2026-07/ciclo_20260724_0600.md: Copied (new)
2026/08/09 08:56:36 INFO  : Backups/backup_cerebro_20260728_164635/Foruns/sentinela/2026-07/ciclo_20260724_0714.md: Copied (new)
2026/08/09 08:56:36 INFO  : Backups/backup_cerebro_20260728_164635/Foruns/sentinela/2026-07/ciclo_20260724_0614.md: Copied (new)
2026/08/09 08:56:36 INFO  : Backups/backup_cerebro_20260728_164635/Foruns/sentinela/2026-07/ciclo_20260724_0730.md: Copied (new)
2026/08/09 08:56:36 INFO  : Backups/backup_cerebro_20260728_164635/Foruns/sentinela/2026-07/ciclo_20260724_0630.md: Copied (new)
2026/08/09 08:56:36 INFO  : Backups/backup_cerebro_20260728_164635/Foruns/sentinela/2026-07/ciclo_20260724_0644.md: Copied (new)
2026/08/09 08:56:36 INFO  : Backups/backup_cerebro_20260728_164635/Foruns/sentinela/2026-07/ciclo_20260724_0800.md: Copied (new)
2026/08/09 08:56:36 INFO  : Backups/backup_cerebro_20260728_164635/Foruns/sentinela/2026-07/ciclo_20260724_0700.md: Copied (new)
2026/08/09 08:56:36 INFO  : Backups/backup_cerebro_20260728_164635/Foruns/sentinela/2026-07/ciclo_20260724_0830.md: Copied (new)
2026/08/09 08:56:36 INFO  : Backups/backup_cerebro_20260728_164635/Foruns/sentinela/2026-07/ciclo_20260724_0844.md: Copied (new)
2026/08/09 08:56:36 INFO  : Backups/backup_cerebro_20260728_164635/Foruns/sentinela/2026-07/ciclo_20260724_0814.md: Copied (new)
2026/08/09 08:56:36 INFO  : Backups/backup_cerebro_20260728_164635/Foruns/sentinela/2026-07/ciclo_20260724_0900.md: Copied (new)
2026/08/09 08:56:36 INFO  : Backups/backup_cerebro_20260728_164635/Foruns/sentinela/2026-07/ciclo_20260724_0914.md: Copied (new)
2026/08/09 08:56:36 INFO  : Backups/backup_cerebro_20260728_164635/Foruns/sentinela/2026-07/ciclo_20260724_0930.md: Copied (new)
2026/08/09 08:56:36 INFO  : Backups/backup_cerebro_20260728_164635/Foruns/sentinela/2026-07/ciclo_20260724_1000.md: Copied (new)
2026/08/09 08:56:36 INFO  : Backups/backup_cerebro_20260728_164635/Foruns/sentinela/2026-07/ciclo_20260724_1014.md: Copied (new)
2026/08/09 08:56:36 INFO  : Backups/backup_cerebro_20260728_164635/Foruns/sentinela/2026-07/ciclo_20260724_1030.md: Copied (new)
2026/08/09 08:56:37 INFO  : Backups/backup_cerebro_20260728_164635/Foruns/sentinela/2026-07/ciclo_20260724_1100.md: Copied (new)
2026/08/09 08:56:37 INFO  : Backups/backup_cerebro_20260728_164635/Foruns/sentinela/2026-07/ciclo_20260724_1130.md: Copied (new)
2026/08/09 08:56:37 INFO  : Backups/backup_cerebro_20260728_164635/Foruns/sentinela/2026-07/ciclo_20260724_1144.md: Copied (new)
2026/08/09 08:56:37 INFO  : Backups/backup_cerebro_20260728_164635/Foruns/sentinela/2026-07/ciclo_20260724_0744.md: Copied (new)
2026/08/09 08:56:37 INFO  : Backups/backup_cerebro_20260728_164635/Foruns/sentinela/2026-07/ciclo_20260724_1115.md: Copied (new)
2026/08/09 08:56:37 INFO  : Backups/backup_cerebro_20260728_164635/Foruns/sentinela/2026-07/ciclo_20260724_1042.md: Copied (new)
2026/08/09 08:56:37 INFO  : Backups/backup_cerebro_20260728_164635/Foruns/sentinela/2026-07/ciclo_20260724_1214.md: Copied (new)
2026/08/09 08:56:37 INFO  : Backups/backup_cerebro_20260728_164635/Foruns/sentinela/2026-07/ciclo_20260724_1044.md: Copied (new)
2026/08/09 08:56:37 INFO  : Backups/backup_cerebro_20260728_164635/Foruns/sentinela/2026-07/ciclo_20260724_1230.md: Copied (new)
2026/08/09 08:56:37 INFO  : Backups/backup_cerebro_20260728_164635/Foruns/sentinela/2026-07/ciclo_20260724_1200.md: Copied (new)
2026/08/09 08:56:37 INFO  : Backups/backup_cerebro_20260728_164635/Foruns/sentinela/2026-07/ciclo_20260724_1300.md: Copied (new)
2026/08/09 08:56:37 INFO  : Backups/backup_cerebro_20260728_164635/Foruns/sentinela/2026-07/ciclo_20260724_1314.md: Copied (new)
2026/08/09 08:56:37 INFO  : Backups/backup_cerebro_20260728_164635/Foruns/sentinela/2026-07/ciclo_20260724_0944.md: Copied (new)
2026/08/09 08:56:37 INFO  : Backups/backup_cerebro_20260728_164635/Foruns/sentinela/2026-07/ciclo_20260724_1330.md: Copied (new)
2026/08/09 08:56:37 INFO  : Backups/backup_cerebro_20260728_164635/Foruns/sentinela/2026-07/ciclo_20260724_1500.md: Copied (new)
2026/08/09 08:56:37 INFO  : Backups/backup_cerebro_20260728_164635/Foruns/sentinela/2026-07/ciclo_20260724_1430.md: Copied (new)
2026/08/09 08:56:37 INFO  : Backups/backup_cerebro_20260728_164635/Foruns/sentinela/2026-07/ciclo_20260724_1600.md: Copied (new)
2026/08/09 08:56:37 INFO  : Backups/backup_cerebro_20260728_164635/Foruns/sentinela/2026-07/ciclo_20260724_1530.md: Copied (new)
2026/08/09 08:56:37 INFO  : Backups/backup_cerebro_20260728_164635/Foruns/sentinela/2026-07/ciclo_20260724_1347.md: Copied (new)
2026/08/09 08:56:37 INFO  : Backups/backup_cerebro_20260728_164635/Foruns/sentinela/2026-07/ciclo_20260724_1244.md: Copied (new)
2026/08/09 08:56:37 INFO  : Backups/backup_cerebro_20260728_164635/Foruns/sentinela/2026-07/ciclo_20260724_1630.md: Copied (new)
2026/08/09 08:56:37 INFO  : Backups/backup_cerebro_20260728_164635/Foruns/sentinela/2026-07/ciclo_20260724_1700.md: Copied (new)
2026/08/09 08:56:37 INFO  : Backups/backup_cerebro_20260728_164635/Foruns/sentinela/2026-07/ciclo_20260724_1800.md: Copied (new)
2026/08/09 08:56:37 INFO  : Backups/backup_cerebro_20260728_164635/Foruns/sentinela/2026-07/ciclo_20260724_1730.md: Copied (new)
2026/08/09 08:56:37 INFO  : Backups/backup_cerebro_20260728_164635/Foruns/sentinela/2026-07/ciclo_20260724_1830.md: Copied (new)
2026/08/09 08:56:37 INFO  : Backups/backup_cerebro_20260728_164635/Foruns/sentinela/2026-07/ciclo_20260724_1930.md: Copied (new)
2026/08/09 08:56:37 INFO  : Backups/backup_cerebro_20260728_164635/Foruns/sentinela/2026-07/ciclo_20260724_1900.md: Copied (new)
2026/08/09 08:56:37 INFO  : Backups/backup_cerebro_20260728_164635/Foruns/sentinela/2026-07/ciclo_20260724_2130.md: Copied (new)
2026/08/09 08:56:37 INFO  : Backups/backup_cerebro_20260728_164635/Foruns/sentinela/2026-07/ciclo_20260724_2100.md: Copied (new)
2026/08/09 08:56:37 INFO  : Backups/backup_cerebro_20260728_164635/Foruns/sentinela/2026-07/ciclo_20260724_2030.md: Copied (new)
2026/08/09 08:56:37 INFO  : Backups/backup_cerebro_20260728_164635/Foruns/sentinela/2026-07/ciclo_20260724_2000.md: Copied (new)
2026/08/09 08:56:38 INFO  : Backups/backup_cerebro_20260728_164635/Foruns/sentinela/2026-07/ciclo_20260724_2200.md: Copied (new)
2026/08/09 08:56:38 INFO  : Backups/backup_cerebro_20260728_164635/Foruns/sentinela/2026-07/ciclo_20260724_2300.md: Copied (new)
2026/08/09 08:56:38 INFO  : Backups/backup_cerebro_20260728_164635/Foruns/sentinela/2026-07/ciclo_20260725_0100.md: Copied (new)
2026/08/09 08:56:38 INFO  : Backups/backup_cerebro_20260728_164635/Foruns/sentinela/2026-07/ciclo_20260725_0000.md: Copied (new)
2026/08/09 08:56:38 INFO  : Backups/backup_cerebro_20260728_164635/Foruns/sentinela/2026-07/ciclo_20260725_0017.md: Copied (new)
2026/08/09 08:56:38 INFO  : Backups/backup_cerebro_20260728_164635/Foruns/sentinela/2026-07/ciclo_20260725_0039.md: Copied (new)
2026/08/09 08:56:38 INFO  : Backups/backup_cerebro_20260728_164635/Foruns/sentinela/2026-07/ciclo_20260725_0200.md: Copied (new)
2026/08/09 08:56:38 INFO  : Backups/backup_cerebro_20260728_164635/Foruns/sentinela/2026-07/ciclo_20260725_0143.md: Copied (new)
2026/08/09 08:56:38 INFO  : Backups/backup_cerebro_20260728_164635/Foruns/sentinela/2026-07/ciclo_20260725_0109.md: Copied (new)
2026/08/09 08:56:38 INFO  : Backups/backup_cerebro_20260728_164635/Foruns/sentinela/2026-07/ciclo_20260725_0313.md: Copied (new)
2026/08/09 08:56:38 INFO  : Backups/backup_cerebro_20260728_164635/Foruns/sentinela/2026-07/ciclo_20260725_0343.md: Copied (new)
2026/08/09 08:56:38 INFO  : Backups/backup_cerebro_20260728_164635/Foruns/sentinela/2026-07/ciclo_20260725_0213.md: Copied (new)
2026/08/09 08:56:38 INFO  : Backups/backup_cerebro_20260728_164635/Foruns/sentinela/2026-07/ciclo_20260725_0300.md: Copied (new)
2026/08/09 08:56:38 INFO  : Backups/backup_cerebro_20260728_164635/Foruns/sentinela/2026-07/ciclo_20260725_0500.md: Copied (new)
2026/08/09 08:56:38 INFO  : Backups/backup_cerebro_20260728_164635/Foruns/sentinela/2026-07/ciclo_20260725_0400.md: Copied (new)
2026/08/09 08:56:38 INFO  : Backups/backup_cerebro_20260728_164635/Foruns/sentinela/2026-07/ciclo_20260725_0630.md: Copied (new)
2026/08/09 08:56:38 INFO  : Backups/backup_cerebro_20260728_164635/Foruns/sentinela/2026-07/ciclo_20260725_0140.md: Copied (new)
2026/08/09 08:56:38 INFO  : Backups/backup_cerebro_20260728_164635/Foruns/sentinela/2026-07/ciclo_20260725_0600.md: Copied (new)
2026/08/09 08:56:38 INFO  : Backups/backup_cerebro_20260728_164635/Foruns/sentinela/2026-07/ciclo_20260725_0413.md: Copied (new)
2026/08/09 08:56:38 INFO  : Backups/backup_cerebro_20260728_164635/Foruns/sentinela/2026-07/ciclo_20260725_0830.md: Copied (new)
2026/08/09 08:56:38 INFO  : Backups/backup_cerebro_20260728_164635/Foruns/sentinela/2026-07/ciclo_20260725_0900.md: Copied (new)
2026/08/09 08:56:38 INFO  : Backups/backup_cerebro_20260728_164635/Foruns/sentinela/2026-07/ciclo_20260725_0730.md: Copied (new)
2026/08/09 08:56:38 INFO  : Backups/backup_cerebro_20260728_164635/Foruns/sentinela/2026-07/ciclo_20260725_0800.md: Copied (new)
2026/08/09 08:56:38 INFO  : Backups/backup_cerebro_20260728_164635/Foruns/sentinela/2026-07/ciclo_20260725_0448.md: Copied (new)
2026/08/09 08:56:38 INFO  : Backups/backup_cerebro_20260728_164635/Foruns/sentinela/2026-07/ciclo_20260725_0700.md: Copied (new)
2026/08/09 08:56:38 INFO  : Backups/backup_cerebro_20260728_164635/Foruns/sentinela/2026-07/ciclo_20260725_1000.md: Copied (new)
2026/08/09 08:56:38 INFO  : Backups/backup_cerebro_20260728_164635/Foruns/sentinela/2026-07/ciclo_20260725_0930.md: Copied (new)
2026/08/09 08:56:38 INFO  : Backups/backup_cerebro_20260728_164635/Foruns/sentinela/2026-07/ciclo_20260725_1030.md: Copied (new)
2026/08/09 08:56:38 INFO  : Backups/backup_cerebro_20260728_164635/Foruns/sentinela/2026-07/ciclo_20260725_1130.md: Copied (new)
2026/08/09 08:56:38 INFO  : Backups/backup_cerebro_20260728_164635/Foruns/sentinela/2026-07/ciclo_20260725_1200.md: Copied (new)
2026/08/09 08:56:38 INFO  : Backups/backup_cerebro_20260728_164635/Foruns/sentinela/2026-07/ciclo_20260725_1330.md: Copied (new)
2026/08/09 08:56:38 INFO  : Backups/backup_cerebro_20260728_164635/Foruns/sentinela/2026-07/ciclo_20260725_1400.md: Copied (new)
2026/08/09 08:56:38 INFO  : Backups/backup_cerebro_20260728_164635/Foruns/sentinela/2026-07/ciclo_20260725_1300.md: Copied (new)
2026/08/09 08:56:39 INFO  : Backups/backup_cerebro_20260728_164635/Foruns/sentinela/2026-07/ciclo_20260725_1100.md: Copied (new)
2026/08/09 08:56:39 INFO  : Backups/backup_cerebro_20260728_164635/Foruns/sentinela/2026-07/ciclo_20260725_1430.md: Copied (new)
2026/08/09 08:56:39 INFO  : Backups/backup_cerebro_20260728_164635/Foruns/sentinela/2026-07/ciclo_20260725_1600.md: Copied (new)
2026/08/09 08:56:39 INFO  : Backups/backup_cerebro_20260728_164635/Foruns/sentinela/2026-07/ciclo_20260725_1530.md: Copied (new)
2026/08/09 08:56:39 INFO  : Backups/backup_cerebro_20260728_164635/Foruns/sentinela/2026-07/ciclo_20260725_1500.md: Copied (new)
2026/08/09 08:56:39 INFO  : Backups/backup_cerebro_20260728_164635/Foruns/sentinela/2026-07/ciclo_20260725_1630.md: Copied (new)
2026/08/09 08:56:39 INFO  : Backups/backup_cerebro_20260728_164635/Foruns/sentinela/2026-07/ciclo_20260725_1230.md: Copied (new)
2026/08/09 08:56:39 INFO  : Backups/backup_cerebro_20260728_164635/Foruns/sentinela/2026-07/ciclo_20260725_1800.md: Copied (new)
2026/08/09 08:56:39 INFO  : Backups/backup_cerebro_20260728_164635/Foruns/sentinela/2026-07/ciclo_20260725_1900.md: Copied (new)
2026/08/09 08:56:39 INFO  : Backups/backup_cerebro_20260728_164635/Foruns/sentinela/2026-07/ciclo_20260725_1830.md: Copied (new)
2026/08/09 08:56:39 INFO  : Backups/backup_cerebro_20260728_164635/Foruns/sentinela/2026-07/ciclo_20260725_2030.md: Copied (new)
2026/08/09 08:56:39 INFO  : Backups/backup_cerebro_20260728_164635/Foruns/sentinela/2026-07/ciclo_20260725_1930.md: Copied (new)
2026/08/09 08:56:39 INFO  : Backups/backup_cerebro_20260728_164635/Foruns/sentinela/2026-07/ciclo_20260725_1700.md: Copied (new)
2026/08/09 08:56:39 INFO  : Backups/backup_cerebro_20260728_164635/Foruns/sentinela/2026-07/ciclo_20260725_2000.md: Copied (new)
2026/08/09 08:56:39 INFO  : Backups/backup_cerebro_20260728_164635/Foruns/sentinela/2026-07/ciclo_20260725_2300.md: Copied (new)
2026/08/09 08:56:39 INFO  : Backups/backup_cerebro_20260728_164635/Foruns/sentinela/2026-07/ciclo_20260725_2100.md: Copied (new)
2026/08/09 08:56:39 INFO  : Backups/backup_cerebro_20260728_164635/Foruns/sentinela/2026-07/ciclo_20260725_2200.md: Copied (new)
2026/08/09 08:56:39 INFO  : Backups/backup_cerebro_20260728_164635/Foruns/sentinela/2026-07/ciclo_20260725_2130.md: Copied (new)
2026/08/09 08:56:39 INFO  : Backups/backup_cerebro_20260728_164635/Foruns/sentinela/2026-07/ciclo_20260725_2311.md: Copied (new)
2026/08/09 08:56:39 INFO  : Backups/backup_cerebro_20260728_164635/Foruns/sentinela/2026-07/ciclo_20260725_2338.md: Copied (new)
2026/08/09 08:56:39 INFO  : Backups/backup_cerebro_20260728_164635/Foruns/sentinela/2026-07/ciclo_20260726_0000.md: Copied (new)
2026/08/09 08:56:39 INFO  : Backups/backup_cerebro_20260728_164635/Foruns/sentinela/2026-07/ciclo_20260725_1730.md: Copied (new)
2026/08/09 08:56:39 INFO  : Backups/backup_cerebro_20260728_164635/Foruns/sentinela/2026-07/ciclo_20260726_0100.md: Copied (new)
2026/08/09 08:56:39 INFO  : Backups/backup_cerebro_20260728_164635/Foruns/sentinela/2026-07/ciclo_20260726_0038.md: Copied (new)
2026/08/09 08:56:39 INFO  : Backups/backup_cerebro_20260728_164635/Foruns/sentinela/2026-07/ciclo_20260726_0208.md: Copied (new)
2026/08/09 08:56:39 INFO  : Backups/backup_cerebro_20260728_164635/Foruns/sentinela/2026-07/ciclo_20260726_0138.md: Copied (new)
2026/08/09 08:56:39 INFO  : Backups/backup_cerebro_20260728_164635/Foruns/sentinela/2026-07/ciclo_20260726_0238.md: Copied (new)
2026/08/09 08:56:39 INFO  : Backups/backup_cerebro_20260728_164635/Foruns/sentinela/2026-07/ciclo_20260726_0200.md: Copied (new)
2026/08/09 08:56:39 INFO  : Backups/backup_cerebro_20260728_164635/Foruns/sentinela/2026-07/ciclo_20260726_0300.md: Copied (new)
2026/08/09 08:56:39 INFO  : Backups/backup_cerebro_20260728_164635/Foruns/sentinela/2026-07/ciclo_20260726_0400.md: Copied (new)
2026/08/09 08:56:39 INFO  : Backups/backup_cerebro_20260728_164635/Foruns/sentinela/2026-07/ciclo_20260726_0108.md: Copied (new)
2026/08/09 08:56:39 INFO  : Backups/backup_cerebro_20260728_164635/Foruns/sentinela/2026-07/ciclo_20260726_0500.md: Copied (new)
2026/08/09 08:56:39 INFO  : Backups/backup_cerebro_20260728_164635/Foruns/sentinela/2026-07/ciclo_20260726_0600.md: Copied (new)
2026/08/09 08:56:39 INFO  : Backups/backup_cerebro_20260728_164635/Foruns/sentinela/2026-07/ciclo_20260726_0630.md: Copied (new)
2026/08/09 08:56:39 INFO  : Backups/backup_cerebro_20260728_164635/Foruns/sentinela/2026-07/ciclo_20260726_0700.md: Copied (new)
2026/08/09 08:56:39 INFO  : Backups/backup_cerebro_20260728_164635/Foruns/sentinela/2026-07/ciclo_20260726_0730.md: Copied (new)
2026/08/09 08:56:40 INFO  : Backups/backup_cerebro_20260728_164635/Foruns/sentinela/2026-07/ciclo_20260726_0008.md: Copied (new)
2026/08/09 08:56:40 INFO  : Backups/backup_cerebro_20260728_164635/Foruns/sentinela/2026-07/ciclo_20260726_0900.md: Copied (new)
2026/08/09 08:56:40 INFO  : Backups/backup_cerebro_20260728_164635/Foruns/sentinela/2026-07/ciclo_20260726_0930.md: Copied (new)
2026/08/09 08:56:40 INFO  : Backups/backup_cerebro_20260728_164635/Foruns/sentinela/2026-07/ciclo_20260726_0800.md: Copied (new)
2026/08/09 08:56:40 INFO  : Backups/backup_cerebro_20260728_164635/Foruns/sentinela/2026-07/ciclo_20260726_1000.md: Copied (new)
2026/08/09 08:56:40 INFO  : Backups/backup_cerebro_20260728_164635/Foruns/sentinela/2026-07/ciclo_20260726_1052.md: Copied (new)
2026/08/09 08:56:40 INFO  : Backups/backup_cerebro_20260728_164635/Foruns/sentinela/2026-07/ciclo_20260726_1030.md: Copied (new)
2026/08/09 08:56:40 INFO  : Backups/backup_cerebro_20260728_164635/Foruns/sentinela/2026-07/ciclo_20260726_1130.md: Copied (new)
2026/08/09 08:56:40 INFO  : Backups/backup_cerebro_20260728_164635/Foruns/sentinela/2026-07/ciclo_20260726_1200.md: Copied (new)
2026/08/09 08:56:40 INFO  : Backups/backup_cerebro_20260728_164635/Foruns/sentinela/2026-07/ciclo_20260726_1138.md: Copied (new)
2026/08/09 08:56:40 INFO  : Backups/backup_cerebro_20260728_164635/Foruns/sentinela/2026-07/ciclo_20260726_1108.md: Copied (new)
2026/08/09 08:56:40 INFO  : Backups/backup_cerebro_20260728_164635/Foruns/sentinela/2026-07/ciclo_20260726_1215.md: Copied (new)
2026/08/09 08:56:40 INFO  : Backups/backup_cerebro_20260728_164635/Foruns/sentinela/2026-07/ciclo_20260726_1100.md: Copied (new)
2026/08/09 08:56:40 INFO  : Backups/backup_cerebro_20260728_164635/Foruns/sentinela/2026-07/ciclo_20260726_1230.md: Copied (new)
2026/08/09 08:56:40 INFO  : Backups/backup_cerebro_20260728_164635/Foruns/sentinela/2026-07/ciclo_20260726_0830.md: Copied (new)
2026/08/09 08:56:40 INFO  : Backups/backup_cerebro_20260728_164635/Foruns/sentinela/2026-07/ciclo_20260726_1238.md: Copied (new)
2026/08/09 08:56:40 INFO  : Backups/backup_cerebro_20260728_164635/Foruns/sentinela/2026-07/ciclo_20260726_1300.md: Copied (new)
2026/08/09 08:56:40 INFO  : Backups/backup_cerebro_20260728_164635/Foruns/sentinela/2026-07/ciclo_20260726_1308.md: Copied (new)
2026/08/09 08:56:40 INFO  : Backups/backup_cerebro_20260728_164635/Foruns/sentinela/2026-07/ciclo_20260726_1338.md: Copied (new)
2026/08/09 08:56:40 INFO  : Backups/backup_cerebro_20260728_164635/Foruns/sentinela/2026-07/ciclo_20260726_1408.md: Copied (new)
2026/08/09 08:56:40 INFO  : Backups/backup_cerebro_20260728_164635/Foruns/sentinela/2026-07/ciclo_20260726_1330.md: Copied (new)
2026/08/09 08:56:40 INFO  : Backups/backup_cerebro_20260728_164635/Foruns/sentinela/2026-07/ciclo_20260726_1509.md: Copied (new)
2026/08/09 08:56:40 INFO  : Backups/backup_cerebro_20260728_164635/Foruns/sentinela/2026-07/ciclo_20260726_1430.md: Copied (new)
2026/08/09 08:56:40 INFO  : Backups/backup_cerebro_20260728_164635/Foruns/sentinela/2026-07/ciclo_20260726_1438.md: Copied (new)
2026/08/09 08:56:40 INFO  : Backups/backup_cerebro_20260728_164635/Foruns/sentinela/2026-07/ciclo_20260726_1530.md: Copied (new)
2026/08/09 08:56:40 INFO  : Backups/backup_cerebro_20260728_164635/Foruns/sentinela/2026-07/ciclo_20260726_1500.md: Copied (new)
2026/08/09 08:56:40 INFO  : Backups/backup_cerebro_20260728_164635/Foruns/sentinela/2026-07/ciclo_20260726_1538.md: Copied (new)
2026/08/09 08:56:40 INFO  : Backups/backup_cerebro_20260728_164635/Foruns/sentinela/2026-07/ciclo_20260726_1630.md: Copied (new)
2026/08/09 08:56:40 INFO  : Backups/backup_cerebro_20260728_164635/Foruns/sentinela/2026-07/ciclo_20260726_1800.md: Copied (new)
2026/08/09 08:56:40 INFO  : Backups/backup_cerebro_20260728_164635/Foruns/sentinela/2026-07/ciclo_20260726_1400.md: Copied (new)
2026/08/09 08:56:40 INFO  : Backups/backup_cerebro_20260728_164635/Foruns/sentinela/2026-07/ciclo_20260726_1730.md: Copied (new)
2026/08/09 08:56:40 INFO  : Backups/backup_cerebro_20260728_164635/Foruns/sentinela/2026-07/ciclo_20260726_1830.md: Copied (new)
2026/08/09 08:56:41 INFO  : Backups/backup_cerebro_20260728_164635/Foruns/sentinela/2026-07/ciclo_20260726_1700.md: Copied (new)
2026/08/09 08:56:41 INFO  : Backups/backup_cerebro_20260728_164635/Foruns/sentinela/2026-07/ciclo_20260726_1930.md: Copied (new)
2026/08/09 08:56:41 INFO  : Backups/backup_cerebro_20260728_164635/Foruns/sentinela/2026-07/ciclo_20260726_1914.md: Copied (new)
2026/08/09 08:56:41 INFO  : Backups/backup_cerebro_20260728_164635/Foruns/sentinela/2026-07/ciclo_20260726_1900.md: Copied (new)
2026/08/09 08:56:41 INFO  : Backups/backup_cerebro_20260728_164635/Foruns/sentinela/2026-07/ciclo_20260726_2000.md: Copied (new)
2026/08/09 08:56:41 INFO  : Backups/backup_cerebro_20260728_164635/Foruns/sentinela/2026-07/ciclo_20260726_2008.md: Copied (new)
2026/08/09 08:56:41 INFO  : Backups/backup_cerebro_20260728_164635/Foruns/sentinela/2026-07/ciclo_20260726_2030.md: Copied (new)
2026/08/09 08:56:41 INFO  : Backups/backup_cerebro_20260728_164635/Foruns/sentinela/2026-07/ciclo_20260726_1600.md: Copied (new)
2026/08/09 08:56:41 INFO  : Backups/backup_cerebro_20260728_164635/Foruns/sentinela/2026-07/ciclo_20260726_2100.md: Copied (new)
2026/08/09 08:56:41 INFO  : Backups/backup_cerebro_20260728_164635/Foruns/sentinela/2026-07/ciclo_20260726_2130.md: Copied (new)
2026/08/09 08:56:41 INFO  : Backups/backup_cerebro_20260728_164635/Foruns/sentinela/2026-07/ciclo_20260726_2138.md: Copied (new)
2026/08/09 08:56:41 INFO  : Backups/backup_cerebro_20260728_164635/Foruns/sentinela/2026-07/ciclo_20260726_2108.md: Copied (new)
2026/08/09 08:56:41 INFO  : Backups/backup_cerebro_20260728_164635/Foruns/sentinela/2026-07/ciclo_20260726_1938.md: Copied (new)
2026/08/09 08:56:41 INFO  : Backups/backup_cerebro_20260728_164635/Foruns/sentinela/2026-07/ciclo_20260726_2200.md: Copied (new)
2026/08/09 08:56:41 INFO  : Backups/backup_cerebro_20260728_164635/Foruns/sentinela/2026-07/ciclo_20260726_2300.md: Copied (new)
2026/08/09 08:56:41 INFO  : Backups/backup_cerebro_20260728_164635/Foruns/sentinela/2026-07/ciclo_20260726_2238.md: Copied (new)
2026/08/09 08:56:41 INFO  : Backups/backup_cerebro_20260728_164635/Foruns/sentinela/2026-07/ciclo_20260726_2339.md: Copied (new)
2026/08/09 08:56:41 INFO  : Backups/backup_cerebro_20260728_164635/Foruns/sentinela/2026-07/ciclo_20260726_2208.md: Copied (new)
2026/08/09 08:56:41 INFO  : Backups/backup_cerebro_20260728_164635/Foruns/sentinela/2026-07/ciclo_20260727_0008.md: Copied (new)
2026/08/09 08:56:41 INFO  : Backups/backup_cerebro_20260728_164635/Foruns/sentinela/2026-07/ciclo_20260726_2308.md: Copied (new)
2026/08/09 08:56:41 INFO  : Backups/backup_cerebro_20260728_164635/Foruns/sentinela/2026-07/ciclo_20260726_2038.md: Copied (new)
2026/08/09 08:56:41 INFO  : Backups/backup_cerebro_20260728_164635/Foruns/sentinela/2026-07/ciclo_20260727_0038.md: Copied (new)
2026/08/09 08:56:41 INFO  : Backups/backup_cerebro_20260728_164635/Foruns/sentinela/2026-07/ciclo_20260727_0200.md: Copied (new)
2026/08/09 08:56:41 INFO  : Backups/backup_cerebro_20260728_164635/Foruns/sentinela/2026-07/ciclo_20260727_0100.md: Copied (new)
2026/08/09 08:56:41 INFO  : Backups/backup_cerebro_20260728_164635/Foruns/sentinela/2026-07/ciclo_20260727_0000.md: Copied (new)
2026/08/09 08:56:41 INFO  : Backups/backup_cerebro_20260728_164635/Foruns/sentinela/2026-07/ciclo_20260727_0108.md: Copied (new)
2026/08/09 08:56:41 INFO  : Backups/backup_cerebro_20260728_164635/Foruns/sentinela/2026-07/ciclo_20260727_0238.md: Copied (new)
2026/08/09 08:56:41 INFO  : Backups/backup_cerebro_20260728_164635/Foruns/sentinela/2026-07/ciclo_20260727_0138.md: Copied (new)
2026/08/09 08:56:41 INFO  : Backups/backup_cerebro_20260728_164635/Foruns/sentinela/2026-07/ciclo_20260727_0300.md: Copied (new)
2026/08/09 08:56:41 INFO  :   214.533 MiB / 214.715 MiB, 100%, 306.053 KiB/s, ETA 0s (xfr#4286/4315)
2026/08/09 08:56:42 INFO  : Backups/backup_cerebro_20260728_164635/Foruns/sentinela/2026-07/ciclo_20260727_0308.md: Copied (new)
2026/08/09 08:56:42 INFO  : Backups/backup_cerebro_20260728_164635/Foruns/sentinela/2026-07/ciclo_20260727_0338.md: Copied (new)
2026/08/09 08:56:42 INFO  : Backups/backup_cerebro_20260728_164635/Foruns/sentinela/2026-07/ciclo_20260727_0400.md: Copied (new)
2026/08/09 08:56:42 INFO  : Backups/backup_cerebro_20260728_164635/Foruns/sentinela/2026-07/ciclo_20260727_0409.md: Copied (new)
2026/08/09 08:56:42 INFO  : Backups/backup_cerebro_20260728_164635/Foruns/sentinela/2026-07/ciclo_20260727_0500.md: Copied (new)
2026/08/09 08:56:42 INFO  : Backups/backup_cerebro_20260728_164635/Foruns/sentinela/2026-07/ciclo_20260727_0438.md: Copied (new)
2026/08/09 08:56:42 INFO  : Backups/backup_cerebro_20260728_164635/Foruns/sentinela/2026-07/ciclo_20260727_0508.md: Copied (new)
2026/08/09 08:56:42 INFO  : Backups/backup_cerebro_20260728_164635/Foruns/sentinela/2026-07/ciclo_20260727_0630.md: Copied (new)
2026/08/09 08:56:42 INFO  : Backups/backup_cerebro_20260728_164635/Foruns/sentinela/2026-07/ciclo_20260727_0600.md: Copied (new)
2026/08/09 08:56:42 INFO  : Backups/backup_cerebro_20260728_164635/Foruns/sentinela/2026-07/ciclo_20260727_0700.md: Copied (new)
2026/08/09 08:56:42 INFO  : Backups/backup_cerebro_20260728_164635/Foruns/sentinela/2026-07/ciclo_20260727_0800.md: Copied (new)
2026/08/09 08:56:42 INFO  : Backups/backup_cerebro_20260728_164635/Foruns/sentinela/2026-07/ciclo_20260727_0730.md: Copied (new)
2026/08/09 08:56:42 INFO  : Backups/backup_cerebro_20260728_164635/Foruns/sentinela/2026-07/ciclo_20260727_0900.md: Copied (new)
2026/08/09 08:56:42 INFO  : Backups/backup_cerebro_20260728_164635/Foruns/sentinela/2026-07/ciclo_20260727_0930.md: Copied (new)
2026/08/09 08:56:42 INFO  : Backups/backup_cerebro_20260728_164635/Foruns/sentinela/2026-07/ciclo_20260727_1000.md: Copied (new)
2026/08/09 08:56:42 INFO  : Backups/backup_cerebro_20260728_164635/Foruns/sentinela/2026-07/ciclo_20260727_0830.md: Copied (new)
2026/08/09 08:56:42 INFO  : Backups/backup_cerebro_20260728_164635/Foruns/sentinela/2026-07/ciclo_20260727_1100.md: Copied (new)
2026/08/09 08:56:42 INFO  : Backups/backup_cerebro_20260728_164635/Foruns/sentinela/2026-07/ciclo_20260727_0208.md: Copied (new)
2026/08/09 08:56:42 INFO  : Backups/backup_cerebro_20260728_164635/Foruns/sentinela/2026-07/ciclo_20260727_1330.md: Copied (new)
2026/08/09 08:56:42 INFO  : Backups/backup_cerebro_20260728_164635/Foruns/sentinela/2026-07/ciclo_20260727_1230.md: Copied (new)
2026/08/09 08:56:42 INFO  : Backups/backup_cerebro_20260728_164635/Foruns/sentinela/2026-07/ciclo_20260727_1030.md: Copied (new)
2026/08/09 08:56:42 INFO  : Backups/backup_cerebro_20260728_164635/Foruns/sentinela/2026-07/ciclo_20260727_1300.md: Copied (new)
2026/08/09 08:56:42 INFO  : Backups/backup_cerebro_20260728_164635/Foruns/sentinela/2026-07/ciclo_20260727_1130.md: Copied (new)
2026/08/09 08:56:42 INFO  : Backups/backup_cerebro_20260728_164635/Foruns/sentinela/2026-07/ciclo_20260727_1200.md: Copied (new)
2026/08/09 08:56:42 INFO  : Backups/backup_cerebro_20260728_164635/Foruns/sentinela/2026-07/ciclo_20260727_1400.md: Copied (new)
2026/08/09 08:56:42 INFO  : Backups/backup_cerebro_20260728_164635/Foruns/sentinela/2026-07/ciclo_20260727_1500.md: Copied (new)
2026/08/09 08:56:42 INFO  : Backups/backup_cerebro_20260728_164635/Foruns/sentinela/2026-07/ciclo_20260727_1530.md: Copied (new)
2026/08/09 08:56:43 INFO  : Backups/backup_cerebro_20260728_164635/Foruns/sentinela/2026-07/ciclo_20260727_1430.md: Copied (new)
2026/08/09 08:56:43 INFO  : Backups/backup_cerebro_20260728_164635/Foruns/sentinela/2026-07/ciclo_20260727_1600.md: Copied (new)
2026/08/09 08:56:43 ERROR : Attempt 1/3 failed with 1 errors and: corrupted on transfer: sha1 hashes differ src(Local file system at /home/migueldorosario/Downloads/Antigravity Google/Cerebro) "8fc530b6124a769ef397df30cd8102615c042334" vs dst(B2 bucket backup-total-local-2026 path Workspace_Vivo/Cerebro) "72dd7564f49051fdfbaf3b6edb656efb50e933d2"
2026/08/09 08:56:45 INFO  : backup_total_2026/ESTADO.md: Copied (replaced existing)
2026/08/09 08:56:45 NOTICE: Backups/limpeza_comunicacao_reforma_v4_20260717_131257/inbox_trindade_antes/antigravity_desktop.md: Can't follow symlink without -L/--copy-links
2026/08/09 08:56:45 NOTICE: Backups/reforma_v4_abertura_sprint_20260717_1042/inbox_trindade_antes_da_limpeza/antigravity_desktop.md: Can't follow symlink without -L/--copy-links
2026/08/09 08:56:46 ERROR : backup_total_2026/logs/B2-11.log: corrupted on transfer: sha1 hashes differ src(Local file system at /home/migueldorosario/Downloads/Antigravity Google/Cerebro) "c7c878f9f39ae0a786b93221c775776c7d641939" vs dst(B2 bucket backup-total-local-2026 path Workspace_Vivo/Cerebro) "d3c81835401312b426e6b8185dda5af2bcaf3c07"
2026/08/09 08:56:46 INFO  : backup_total_2026/logs/B2-11.log: Removing failed copy
2026/08/09 08:56:46 NOTICE: Backups/rotacao_trindade_v4_20260718_220604/projeto/inbox_trindade/pesquisas_tse_2026_tabela.csv: Can't follow symlink without -L/--copy-links
2026/08/09 08:56:46 NOTICE: Backups/rotacao_trindade_v4_20260718_220604/projeto/inbox_trindade/pesquisas_tse_2026_detalhes.json: Can't follow symlink without -L/--copy-links
2026/08/09 08:56:46 NOTICE: Backups/rotacao_trindade_v4_20260718_220604/projeto/inbox_trindade/pesqele_results_html.txt: Can't follow symlink without -L/--copy-links
2026/08/09 08:56:46 NOTICE: Backups/rotacao_trindade_v4_20260718_220604/projeto/inbox_trindade/publicar_pagina_direitos.py: Can't follow symlink without -L/--copy-links
2026/08/09 08:56:46 NOTICE: Backups/rotacao_trindade_v4_20260718_220604/projeto/inbox_trindade/test_quaest.js: Can't follow symlink without -L/--copy-links
2026/08/09 08:56:46 NOTICE: Backups/rotacao_trindade_v4_20260718_220604/projeto/inbox_trindade/pesquisas_tse_2026_todas_br.json: Can't follow symlink without -L/--copy-links
2026/08/09 08:56:46 NOTICE: Backups/rotacao_trindade_v4_20260718_220604/projeto/inbox_trindade/scraper_tse6.js: Can't follow symlink without -L/--copy-links
2026/08/09 08:56:46 NOTICE: Backups/rotacao_trindade_v4_20260718_220604/projeto/inbox_trindade/scraper_tse_custos.js: Can't follow symlink without -L/--copy-links
2026/08/09 08:56:46 NOTICE: Backups/rotacao_trindade_v4_20260718_220604/projeto/inbox_trindade/apresentacao_eidas.pdf: Can't follow symlink without -L/--copy-links
2026/08/09 08:56:46 NOTICE: Backups/rotacao_trindade_v4_20260718_220604/projeto/inbox_trindade/qwen_coding.md: Can't follow symlink without -L/--copy-links
2026/08/09 08:56:46 NOTICE: Backups/rotacao_trindade_v4_20260718_220604/projeto/inbox_trindade/pesqele_search_html.txt: Can't follow symlink without -L/--copy-links
2026/08/09 08:56:46 NOTICE: Backups/rotacao_trindade_v4_20260718_220604/projeto/inbox_trindade/pesqele_search_body.txt: Can't follow symlink without -L/--copy-links
2026/08/09 08:56:46 NOTICE: Backups/rotacao_trindade_v4_20260718_220604/projeto/inbox_trindade/scraper_tse_form.js: Can't follow symlink without -L/--copy-links
2026/08/09 08:56:46 NOTICE: Backups/rotacao_trindade_v4_20260718_220604/projeto/inbox_trindade/scraper_tse2.js: Can't follow symlink without -L/--copy-links
2026/08/09 08:56:46 NOTICE: Backups/rotacao_trindade_v4_20260718_220604/projeto/inbox_trindade/ming.md: Can't follow symlink without -L/--copy-links
2026/08/09 08:56:46 NOTICE: Backups/rotacao_trindade_v4_20260718_220604/projeto/inbox_trindade/pesquisas_tse_2026_processadas.json: Can't follow symlink without -L/--copy-links
2026/08/09 08:56:46 NOTICE: Backups/rotacao_trindade_v4_20260718_220604/projeto/inbox_trindade/resumo_pesquisas.json: Can't follow symlink without -L/--copy-links
2026/08/09 08:56:46 NOTICE: Backups/rotacao_trindade_v4_20260718_220604/projeto/inbox_trindade/pedido_ponto_de_retomada_20260628.md: Can't follow symlink without -L/--copy-links
2026/08/09 08:56:46 NOTICE: Backups/rotacao_trindade_v4_20260718_220604/projeto/inbox_trindade/scraper_tse_modals2.js: Can't follow symlink without -L/--copy-links
2026/08/09 08:56:46 NOTICE: Backups/rotacao_trindade_v4_20260718_220604/projeto/inbox_trindade/scraper_tse_todas_br.js: Can't follow symlink without -L/--copy-links
2026/08/09 08:56:46 NOTICE: Backups/rotacao_trindade_v4_20260718_220604/projeto/inbox_trindade/detalhar_page_html.txt: Can't follow symlink without -L/--copy-links
2026/08/09 08:56:46 NOTICE: Backups/rotacao_trindade_v4_20260718_220604/projeto/inbox_trindade/pesquisas_tse_2026.json: Can't follow symlink without -L/--copy-links
2026/08/09 08:56:46 NOTICE: Backups/rotacao_trindade_v4_20260718_220604/projeto/inbox_trindade/package.json: Can't follow symlink without -L/--copy-links
2026/08/09 08:56:46 NOTICE: Backups/rotacao_trindade_v4_20260718_220604/projeto/inbox_trindade/analise_ipca15_junho2026.md: Can't follow symlink without -L/--copy-links
2026/08/09 08:56:46 NOTICE: Backups/rotacao_trindade_v4_20260718_220604/projeto/inbox_trindade/package-lock.json: Can't follow symlink without -L/--copy-links
2026/08/09 08:56:46 NOTICE: Backups/rotacao_trindade_v4_20260718_220604/projeto/inbox_trindade/README.md: Can't follow symlink without -L/--copy-links
2026/08/09 08:56:46 NOTICE: Backups/rotacao_trindade_v4_20260718_220604/projeto/inbox_trindade/scraper_tse_detalhar_test.js: Can't follow symlink without -L/--copy-links
2026/08/09 08:56:46 NOTICE: Backups/rotacao_trindade_v4_20260718_220604/projeto/inbox_trindade/quaest_ipec.json: Can't follow symlink without -L/--copy-links
2026/08/09 08:56:46 NOTICE: Backups/rotacao_trindade_v4_20260718_220604/projeto/inbox_trindade/pesqele_home.png: Can't follow symlink without -L/--copy-links
2026/08/09 08:56:46 NOTICE: Backups/rotacao_trindade_v4_20260718_220604/projeto/inbox_trindade/scraper_tse_detalhes.js: Can't follow symlink without -L/--copy-links
2026/08/09 08:56:46 NOTICE: Backups/rotacao_trindade_v4_20260718_220604/projeto/inbox_trindade/pesquisas_tse_2026_full.json: Can't follow symlink without -L/--copy-links
2026/08/09 08:56:46 NOTICE: Backups/rotacao_trindade_v4_20260718_220604/projeto/inbox_trindade/pesqele_search.png: Can't follow symlink without -L/--copy-links
2026/08/09 08:56:46 NOTICE: Backups/rotacao_trindade_v4_20260718_220604/projeto/inbox_trindade/agy_cli.md: Can't follow symlink without -L/--copy-links
2026/08/09 08:56:46 NOTICE: Backups/rotacao_trindade_v4_20260718_220604/projeto/inbox_trindade/pesqele_body.txt: Can't follow symlink without -L/--copy-links
2026/08/09 08:56:46 NOTICE: Backups/rotacao_trindade_v4_20260718_220604/projeto/inbox_trindade/scraper_tse4.js: Can't follow symlink without -L/--copy-links
2026/08/09 08:56:46 NOTICE: Backups/rotacao_trindade_v4_20260718_220604/projeto/inbox_trindade/scraper_tse_paginator.js: Can't follow symlink without -L/--copy-links
2026/08/09 08:56:46 NOTICE: Backups/rotacao_trindade_v4_20260718_220604/projeto/inbox_trindade/materia_eidas_diagramada.pdf: Can't follow symlink without -L/--copy-links
2026/08/09 08:56:46 NOTICE: Backups/rotacao_trindade_v4_20260718_220604/projeto/inbox_trindade/parser_tse.js: Can't follow symlink without -L/--copy-links
2026/08/09 08:56:46 NOTICE: Backups/rotacao_trindade_v4_20260718_220604/projeto/inbox_trindade/materia_eidas_20260630.md: Can't follow symlink without -L/--copy-links
2026/08/09 08:56:46 NOTICE: Backups/rotacao_trindade_v4_20260718_220604/projeto/inbox_trindade/relatorio_pesquisas_2026.md: Can't follow symlink without -L/--copy-links
2026/08/09 08:56:46 NOTICE: Backups/rotacao_trindade_v4_20260718_220604/projeto/inbox_trindade/scraper_tse_isolated.js: Can't follow symlink without -L/--copy-links
2026/08/09 08:56:46 NOTICE: Backups/rotacao_trindade_v4_20260718_220604/projeto/inbox_trindade/scraper_tse_modals.js: Can't follow symlink without -L/--copy-links
2026/08/09 08:56:46 NOTICE: Backups/rotacao_trindade_v4_20260718_220604/projeto/inbox_trindade/scraper_tse_fast.js: Can't follow symlink without -L/--copy-links
2026/08/09 08:56:46 NOTICE: Backups/rotacao_trindade_v4_20260718_220604/projeto/inbox_trindade/antigravity_desktop.md: Can't follow symlink without -L/--copy-links
2026/08/09 08:56:46 NOTICE: Backups/rotacao_trindade_v4_20260718_220604/projeto/inbox_trindade/scraper_tse_modals3.js: Can't follow symlink without -L/--copy-links
2026/08/09 08:56:46 NOTICE: Backups/rotacao_trindade_v4_20260718_220604/projeto/inbox_trindade/pesqele_results.png: Can't follow symlink without -L/--copy-links
2026/08/09 08:56:46 NOTICE: Backups/rotacao_trindade_v4_20260718_220604/projeto/inbox_trindade/grok_coding.md: Can't follow symlink without -L/--copy-links
2026/08/09 08:56:46 NOTICE: Backups/rotacao_trindade_v4_20260718_220604/projeto/inbox_trindade/miguel.md: Can't follow symlink without -L/--copy-links
2026/08/09 08:56:46 NOTICE: Backups/rotacao_trindade_v4_20260718_220604/projeto/inbox_trindade/scraper_tse_full.js: Can't follow symlink without -L/--copy-links
2026/08/09 08:56:46 NOTICE: Backups/rotacao_trindade_v4_20260718_220604/projeto/inbox_trindade/glm_coding.md: Can't follow symlink without -L/--copy-links
2026/08/09 08:56:46 NOTICE: Backups/rotacao_trindade_v4_20260718_220604/projeto/inbox_trindade/parser_tse_quaest_fixed.js: Can't follow symlink without -L/--copy-links
2026/08/09 08:56:46 NOTICE: Backups/rotacao_trindade_v4_20260718_220604/projeto/inbox_trindade/scraper_tse5.js: Can't follow symlink without -L/--copy-links
2026/08/09 08:56:46 NOTICE: Backups/rotacao_trindade_v4_20260718_220604/projeto/inbox_trindade/parser_tse_quaest.js: Can't follow symlink without -L/--copy-links
2026/08/09 08:56:46 NOTICE: Backups/rotacao_trindade_v4_20260718_220604/projeto/inbox_trindade/gerar_pdfs.py: Can't follow symlink without -L/--copy-links
2026/08/09 08:56:46 NOTICE: Backups/rotacao_trindade_v4_20260718_220604/projeto/inbox_trindade/materia_eidas_diagramada.html: Can't follow symlink without -L/--copy-links
2026/08/09 08:56:46 NOTICE: Backups/rotacao_trindade_v4_20260718_220604/projeto/inbox_trindade/pesqele_results_body.txt: Can't follow symlink without -L/--copy-links
2026/08/09 08:56:46 NOTICE: Backups/rotacao_trindade_v4_20260718_220604/projeto/inbox_trindade/pesquisas_tse_2026_todas.json: Can't follow symlink without -L/--copy-links
2026/08/09 08:56:46 NOTICE: Backups/rotacao_trindade_v4_20260718_220604/projeto/inbox_trindade/pesquisas_tse_2026_raw_modals.json: Can't follow symlink without -L/--copy-links
2026/08/09 08:56:46 NOTICE: Backups/rotacao_trindade_v4_20260718_220604/projeto/inbox_trindade/scraper_tse.js: Can't follow symlink without -L/--copy-links
2026/08/09 08:56:46 NOTICE: Backups/rotacao_trindade_v4_20260718_220604/projeto/inbox_trindade/detalhar_page.txt: Can't follow symlink without -L/--copy-links
2026/08/09 08:56:46 NOTICE: Backups/rotacao_trindade_v4_20260718_220604/projeto/inbox_trindade/apresentacao_eidas.html: Can't follow symlink without -L/--copy-links
2026/08/09 08:56:46 NOTICE: Backups/rotacao_trindade_v4_20260718_220604/projeto/inbox_trindade/pesqele_html.txt: Can't follow symlink without -L/--copy-links
2026/08/09 08:56:46 NOTICE: Backups/rotacao_trindade_v4_20260718_220604/projeto/inbox_trindade/vibe_mistral_cli.md: Can't follow symlink without -L/--copy-links
2026/08/09 08:56:46 NOTICE: Backups/rotacao_trindade_v4_20260718_220604/projeto/inbox_trindade/pesqele_data.json: Can't follow symlink without -L/--copy-links
2026/08/09 08:56:46 NOTICE: Backups/rotacao_trindade_v4_20260718_220604/projeto/inbox_trindade/find_institutes.js: Can't follow symlink without -L/--copy-links
2026/08/09 08:56:46 NOTICE: Backups/rotacao_trindade_v4_20260718_220604/projeto/inbox_trindade/scraper_tse3.js: Can't follow symlink without -L/--copy-links
2026/08/09 08:56:46 NOTICE: Backups/rotacao_trindade_v4_20260718_220604/projeto/inbox_trindade/pesqele_form_html.txt: Can't follow symlink without -L/--copy-links
2026/08/09 08:56:47 NOTICE: Foruns/v4_labs_espelhos/contratos_v4_gsn_espelho_ingles_v1.md: Can't follow symlink without -L/--copy-links
2026/08/09 08:56:47 NOTICE: Foruns/v4_labs_espelhos/contratos_v4_cultura_v1.md: Can't follow symlink without -L/--copy-links
2026/08/09 08:56:47 NOTICE: Foruns/v4_labs_espelhos/v4_memoria_carta_gpt56pro_autocura_imagens_v4_20260714.md: Can't follow symlink without -L/--copy-links
2026/08/09 08:56:47 NOTICE: Foruns/v4_labs_espelhos/v4_memoria_forum_retomada_v4_imagens_drafts_20260716.md: Can't follow symlink without -L/--copy-links
2026/08/09 08:56:47 NOTICE: Foruns/v4_labs_espelhos/labs_forum_autocura_imagens_v4_20260714.md: Can't follow symlink without -L/--copy-links
2026/08/09 08:56:47 NOTICE: Foruns/v4_labs_espelhos/contratos_v4_ciencia_tecnologia_ia_v1.md: Can't follow symlink without -L/--copy-links
2026/08/09 08:56:47 NOTICE: Foruns/v4_labs_espelhos/v4_memoria_forum_autocura_imagens_v4_20260714.md: Can't follow symlink without -L/--copy-links
2026/08/09 08:56:47 NOTICE: Foruns/v4_labs_espelhos/labs_MANIFESTO.md: Can't follow symlink without -L/--copy-links
2026/08/09 08:56:47 NOTICE: Foruns/v4_labs_espelhos/contratos_v4_internacional_v1.md: Can't follow symlink without -L/--copy-links
2026/08/09 08:56:47 NOTICE: Foruns/v4_labs_espelhos/contratos_v4_nucleo_editorial_comum_v1.md: Can't follow symlink without -L/--copy-links
2026/08/09 08:56:47 NOTICE: Foruns/v4_labs_espelhos/contratos_v4_nucleo_editorial_comum_v2.md: Can't follow symlink without -L/--copy-links
2026/08/09 08:56:47 NOTICE: Foruns/v4_labs_espelhos/v4_memoria_MANIFESTO_PATCH_GPT56PRO_20260714.md: Can't follow symlink without -L/--copy-links
2026/08/09 08:56:47 NOTICE: Foruns/v4_labs_espelhos/contratos_v4_nucleo_editorial_redacao_v1.md: Can't follow symlink without -L/--copy-links
2026/08/09 08:56:47 NOTICE: Foruns/v4_labs_espelhos/v4_memoria_forum_arquitetura_cafezinho_media_group_v4_20260715.md: Can't follow symlink without -L/--copy-links
2026/08/09 08:56:47 NOTICE: Foruns/v4_labs_espelhos/contratos_v4_repetidor_v1.md: Can't follow symlink without -L/--copy-links
2026/08/09 08:56:47 NOTICE: Foruns/v4_labs_espelhos/contratos_forum_v4_qualidade_editorial_ciencia_ia_20260712.md: Can't follow symlink without -L/--copy-links
2026/08/09 08:56:47 NOTICE: Foruns/v4_labs_espelhos/v4_memoria_forum_retomada_v4_imagens_drafts_20260716_run14.md: Can't follow symlink without -L/--copy-links
2026/08/09 08:56:47 NOTICE: Foruns/v4_labs_espelhos/v4_memoria_forum_imagens_261602_20260714.md: Can't follow symlink without -L/--copy-links
2026/08/09 08:56:47 NOTICE: Foruns/v4_labs_espelhos/contratos_v4_politica_economia_v1.md: Can't follow symlink without -L/--copy-links
2026/08/09 08:56:47 NOTICE: Foruns/v4_labs_espelhos/v4_memoria_forum_retomada_v4_imagens_drafts_20260716_run6.md: Can't follow symlink without -L/--copy-links
2026/08/09 08:56:47 NOTICE: Foruns/v4_labs_espelhos/v4_memoria_forum_retomada_v4_imagens_drafts_20260716_run11.md: Can't follow symlink without -L/--copy-links
2026/08/09 08:56:47 NOTICE: Foruns/v4_labs_espelhos/v4_memoria_forum_resposta_gpt56pro_autocura_imagens_v4_20260714.md: Can't follow symlink without -L/--copy-links
2026/08/09 08:56:47 NOTICE: Foruns/v4_labs_espelhos/v4_memoria_forum_retomada_v4_imagens_drafts_20260716_run9.md: Can't follow symlink without -L/--copy-links
2026/08/09 08:56:48 NOTICE: Backups/backup_cerebro_20260728_164635/Foruns/v4_labs_espelhos/contratos_v4_gsn_espelho_ingles_v1.md: Can't follow symlink without -L/--copy-links
2026/08/09 08:56:48 NOTICE: Backups/backup_cerebro_20260728_164635/Foruns/v4_labs_espelhos/contratos_v4_cultura_v1.md: Can't follow symlink without -L/--copy-links
2026/08/09 08:56:48 NOTICE: Backups/backup_cerebro_20260728_164635/Foruns/v4_labs_espelhos/v4_memoria_carta_gpt56pro_autocura_imagens_v4_20260714.md: Can't follow symlink without -L/--copy-links
2026/08/09 08:56:48 NOTICE: Backups/backup_cerebro_20260728_164635/Foruns/v4_labs_espelhos/v4_memoria_forum_retomada_v4_imagens_drafts_20260716.md: Can't follow symlink without -L/--copy-links
2026/08/09 08:56:48 NOTICE: Backups/backup_cerebro_20260728_164635/Foruns/v4_labs_espelhos/labs_forum_autocura_imagens_v4_20260714.md: Can't follow symlink without -L/--copy-links
2026/08/09 08:56:48 NOTICE: Backups/backup_cerebro_20260728_164635/Foruns/v4_labs_espelhos/contratos_v4_ciencia_tecnologia_ia_v1.md: Can't follow symlink without -L/--copy-links
2026/08/09 08:56:48 NOTICE: Backups/backup_cerebro_20260728_164635/Foruns/v4_labs_espelhos/v4_memoria_forum_autocura_imagens_v4_20260714.md: Can't follow symlink without -L/--copy-links
2026/08/09 08:56:48 NOTICE: Backups/backup_cerebro_20260728_164635/Foruns/v4_labs_espelhos/labs_MANIFESTO.md: Can't follow symlink without -L/--copy-links
2026/08/09 08:56:48 NOTICE: Backups/backup_cerebro_20260728_164635/Foruns/v4_labs_espelhos/contratos_v4_internacional_v1.md: Can't follow symlink without -L/--copy-links
2026/08/09 08:56:48 NOTICE: Backups/backup_cerebro_20260728_164635/Foruns/v4_labs_espelhos/contratos_v4_nucleo_editorial_comum_v1.md: Can't follow symlink without -L/--copy-links
2026/08/09 08:56:48 NOTICE: Backups/backup_cerebro_20260728_164635/Foruns/v4_labs_espelhos/contratos_v4_nucleo_editorial_comum_v2.md: Can't follow symlink without -L/--copy-links
2026/08/09 08:56:48 NOTICE: Backups/backup_cerebro_20260728_164635/Foruns/v4_labs_espelhos/v4_memoria_MANIFESTO_PATCH_GPT56PRO_20260714.md: Can't follow symlink without -L/--copy-links
2026/08/09 08:56:48 NOTICE: Backups/backup_cerebro_20260728_164635/Foruns/v4_labs_espelhos/contratos_v4_nucleo_editorial_redacao_v1.md: Can't follow symlink without -L/--copy-links
2026/08/09 08:56:48 NOTICE: Backups/backup_cerebro_20260728_164635/Foruns/v4_labs_espelhos/v4_memoria_forum_arquitetura_cafezinho_media_group_v4_20260715.md: Can't follow symlink without -L/--copy-links
2026/08/09 08:56:48 NOTICE: Backups/backup_cerebro_20260728_164635/Foruns/v4_labs_espelhos/contratos_v4_repetidor_v1.md: Can't follow symlink without -L/--copy-links
2026/08/09 08:56:48 NOTICE: Backups/backup_cerebro_20260728_164635/Foruns/v4_labs_espelhos/contratos_forum_v4_qualidade_editorial_ciencia_ia_20260712.md: Can't follow symlink without -L/--copy-links
2026/08/09 08:56:48 NOTICE: Backups/backup_cerebro_20260728_164635/Foruns/v4_labs_espelhos/v4_memoria_forum_retomada_v4_imagens_drafts_20260716_run14.md: Can't follow symlink without -L/--copy-links
2026/08/09 08:56:48 NOTICE: Backups/backup_cerebro_20260728_164635/Foruns/v4_labs_espelhos/v4_memoria_forum_imagens_261602_20260714.md: Can't follow symlink without -L/--copy-links
2026/08/09 08:56:48 NOTICE: Backups/backup_cerebro_20260728_164635/Foruns/v4_labs_espelhos/contratos_v4_politica_economia_v1.md: Can't follow symlink without -L/--copy-links
2026/08/09 08:56:48 NOTICE: Backups/backup_cerebro_20260728_164635/Foruns/v4_labs_espelhos/v4_memoria_forum_retomada_v4_imagens_drafts_20260716_run6.md: Can't follow symlink without -L/--copy-links
2026/08/09 08:56:48 NOTICE: Backups/backup_cerebro_20260728_164635/Foruns/v4_labs_espelhos/v4_memoria_forum_retomada_v4_imagens_drafts_20260716_run11.md: Can't follow symlink without -L/--copy-links
2026/08/09 08:56:48 NOTICE: Backups/backup_cerebro_20260728_164635/Foruns/v4_labs_espelhos/v4_memoria_forum_resposta_gpt56pro_autocura_imagens_v4_20260714.md: Can't follow symlink without -L/--copy-links
2026/08/09 08:56:48 NOTICE: Backups/backup_cerebro_20260728_164635/Foruns/v4_labs_espelhos/v4_memoria_forum_retomada_v4_imagens_drafts_20260716_run9.md: Can't follow symlink without -L/--copy-links
2026/08/09 08:56:49 ERROR : Attempt 2/3 failed with 1 errors and: corrupted on transfer: sha1 hashes differ src(Local file system at /home/migueldorosario/Downloads/Antigravity Google/Cerebro) "c7c878f9f39ae0a786b93221c775776c7d641939" vs dst(B2 bucket backup-total-local-2026 path Workspace_Vivo/Cerebro) "d3c81835401312b426e6b8185dda5af2bcaf3c07"
2026/08/09 08:56:50 NOTICE: Backups/limpeza_comunicacao_reforma_v4_20260717_131257/inbox_trindade_antes/antigravity_desktop.md: Can't follow symlink without -L/--copy-links
2026/08/09 08:56:50 NOTICE: Backups/reforma_v4_abertura_sprint_20260717_1042/inbox_trindade_antes_da_limpeza/antigravity_desktop.md: Can't follow symlink without -L/--copy-links
2026/08/09 08:56:50 ERROR : backup_total_2026/logs/B2-11.log: Failed to copy: Post "https://pod-050-1048-03.backblaze.com/b2api/v1/b2_upload_file/52db1d94c81adac39aff0d1e/c005_v0501048_t0020": can't copy - source file is being updated (size changed from 555024 to 555202)
2026/08/09 08:56:51 NOTICE: Backups/rotacao_trindade_v4_20260718_220604/projeto/inbox_trindade/pesquisas_tse_2026_tabela.csv: Can't follow symlink without -L/--copy-links
2026/08/09 08:56:51 NOTICE: Backups/rotacao_trindade_v4_20260718_220604/projeto/inbox_trindade/pesquisas_tse_2026_detalhes.json: Can't follow symlink without -L/--copy-links
2026/08/09 08:56:51 NOTICE: Backups/rotacao_trindade_v4_20260718_220604/projeto/inbox_trindade/pesqele_results_html.txt: Can't follow symlink without -L/--copy-links
2026/08/09 08:56:51 NOTICE: Backups/rotacao_trindade_v4_20260718_220604/projeto/inbox_trindade/publicar_pagina_direitos.py: Can't follow symlink without -L/--copy-links
2026/08/09 08:56:51 NOTICE: Backups/rotacao_trindade_v4_20260718_220604/projeto/inbox_trindade/test_quaest.js: Can't follow symlink without -L/--copy-links
2026/08/09 08:56:51 NOTICE: Backups/rotacao_trindade_v4_20260718_220604/projeto/inbox_trindade/pesquisas_tse_2026_todas_br.json: Can't follow symlink without -L/--copy-links
2026/08/09 08:56:51 NOTICE: Backups/rotacao_trindade_v4_20260718_220604/projeto/inbox_trindade/scraper_tse6.js: Can't follow symlink without -L/--copy-links
2026/08/09 08:56:51 NOTICE: Backups/rotacao_trindade_v4_20260718_220604/projeto/inbox_trindade/scraper_tse_custos.js: Can't follow symlink without -L/--copy-links
2026/08/09 08:56:51 NOTICE: Backups/rotacao_trindade_v4_20260718_220604/projeto/inbox_trindade/apresentacao_eidas.pdf: Can't follow symlink without -L/--copy-links
2026/08/09 08:56:51 NOTICE: Backups/rotacao_trindade_v4_20260718_220604/projeto/inbox_trindade/qwen_coding.md: Can't follow symlink without -L/--copy-links
2026/08/09 08:56:51 NOTICE: Backups/rotacao_trindade_v4_20260718_220604/projeto/inbox_trindade/pesqele_search_html.txt: Can't follow symlink without -L/--copy-links
2026/08/09 08:56:51 NOTICE: Backups/rotacao_trindade_v4_20260718_220604/projeto/inbox_trindade/pesqele_search_body.txt: Can't follow symlink without -L/--copy-links
2026/08/09 08:56:51 NOTICE: Backups/rotacao_trindade_v4_20260718_220604/projeto/inbox_trindade/scraper_tse_form.js: Can't follow symlink without -L/--copy-links
2026/08/09 08:56:51 NOTICE: Backups/rotacao_trindade_v4_20260718_220604/projeto/inbox_trindade/scraper_tse2.js: Can't follow symlink without -L/--copy-links
2026/08/09 08:56:51 NOTICE: Backups/rotacao_trindade_v4_20260718_220604/projeto/inbox_trindade/ming.md: Can't follow symlink without -L/--copy-links
2026/08/09 08:56:51 NOTICE: Backups/rotacao_trindade_v4_20260718_220604/projeto/inbox_trindade/pesquisas_tse_2026_processadas.json: Can't follow symlink without -L/--copy-links
2026/08/09 08:56:51 NOTICE: Backups/rotacao_trindade_v4_20260718_220604/projeto/inbox_trindade/resumo_pesquisas.json: Can't follow symlink without -L/--copy-links
2026/08/09 08:56:51 NOTICE: Backups/rotacao_trindade_v4_20260718_220604/projeto/inbox_trindade/pedido_ponto_de_retomada_20260628.md: Can't follow symlink without -L/--copy-links
2026/08/09 08:56:51 NOTICE: Backups/rotacao_trindade_v4_20260718_220604/projeto/inbox_trindade/scraper_tse_modals2.js: Can't follow symlink without -L/--copy-links
2026/08/09 08:56:51 NOTICE: Backups/rotacao_trindade_v4_20260718_220604/projeto/inbox_trindade/scraper_tse_todas_br.js: Can't follow symlink without -L/--copy-links
2026/08/09 08:56:51 NOTICE: Backups/rotacao_trindade_v4_20260718_220604/projeto/inbox_trindade/detalhar_page_html.txt: Can't follow symlink without -L/--copy-links
2026/08/09 08:56:51 NOTICE: Backups/rotacao_trindade_v4_20260718_220604/projeto/inbox_trindade/pesquisas_tse_2026.json: Can't follow symlink without -L/--copy-links
2026/08/09 08:56:51 NOTICE: Backups/rotacao_trindade_v4_20260718_220604/projeto/inbox_trindade/package.json: Can't follow symlink without -L/--copy-links
2026/08/09 08:56:51 NOTICE: Backups/rotacao_trindade_v4_20260718_220604/projeto/inbox_trindade/analise_ipca15_junho2026.md: Can't follow symlink without -L/--copy-links
2026/08/09 08:56:51 NOTICE: Backups/rotacao_trindade_v4_20260718_220604/projeto/inbox_trindade/package-lock.json: Can't follow symlink without -L/--copy-links
2026/08/09 08:56:51 NOTICE: Backups/rotacao_trindade_v4_20260718_220604/projeto/inbox_trindade/README.md: Can't follow symlink without -L/--copy-links
2026/08/09 08:56:51 NOTICE: Backups/rotacao_trindade_v4_20260718_220604/projeto/inbox_trindade/scraper_tse_detalhar_test.js: Can't follow symlink without -L/--copy-links
2026/08/09 08:56:51 NOTICE: Backups/rotacao_trindade_v4_20260718_220604/projeto/inbox_trindade/quaest_ipec.json: Can't follow symlink without -L/--copy-links
2026/08/09 08:56:51 NOTICE: Backups/rotacao_trindade_v4_20260718_220604/projeto/inbox_trindade/pesqele_home.png: Can't follow symlink without -L/--copy-links
2026/08/09 08:56:51 NOTICE: Backups/rotacao_trindade_v4_20260718_220604/projeto/inbox_trindade/scraper_tse_detalhes.js: Can't follow symlink without -L/--copy-links
2026/08/09 08:56:51 NOTICE: Backups/rotacao_trindade_v4_20260718_220604/projeto/inbox_trindade/pesquisas_tse_2026_full.json: Can't follow symlink without -L/--copy-links
2026/08/09 08:56:51 NOTICE: Backups/rotacao_trindade_v4_20260718_220604/projeto/inbox_trindade/pesqele_search.png: Can't follow symlink without -L/--copy-links
2026/08/09 08:56:51 NOTICE: Backups/rotacao_trindade_v4_20260718_220604/projeto/inbox_trindade/agy_cli.md: Can't follow symlink without -L/--copy-links
2026/08/09 08:56:51 NOTICE: Backups/rotacao_trindade_v4_20260718_220604/projeto/inbox_trindade/pesqele_body.txt: Can't follow symlink without -L/--copy-links
2026/08/09 08:56:51 NOTICE: Backups/rotacao_trindade_v4_20260718_220604/projeto/inbox_trindade/scraper_tse4.js: Can't follow symlink without -L/--copy-links
2026/08/09 08:56:51 NOTICE: Backups/rotacao_trindade_v4_20260718_220604/projeto/inbox_trindade/scraper_tse_paginator.js: Can't follow symlink without -L/--copy-links
2026/08/09 08:56:51 NOTICE: Backups/rotacao_trindade_v4_20260718_220604/projeto/inbox_trindade/materia_eidas_diagramada.pdf: Can't follow symlink without -L/--copy-links
2026/08/09 08:56:51 NOTICE: Backups/rotacao_trindade_v4_20260718_220604/projeto/inbox_trindade/parser_tse.js: Can't follow symlink without -L/--copy-links
2026/08/09 08:56:51 NOTICE: Backups/rotacao_trindade_v4_20260718_220604/projeto/inbox_trindade/materia_eidas_20260630.md: Can't follow symlink without -L/--copy-links
2026/08/09 08:56:51 NOTICE: Backups/rotacao_trindade_v4_20260718_220604/projeto/inbox_trindade/relatorio_pesquisas_2026.md: Can't follow symlink without -L/--copy-links
2026/08/09 08:56:51 NOTICE: Backups/rotacao_trindade_v4_20260718_220604/projeto/inbox_trindade/scraper_tse_isolated.js: Can't follow symlink without -L/--copy-links
2026/08/09 08:56:51 NOTICE: Backups/rotacao_trindade_v4_20260718_220604/projeto/inbox_trindade/scraper_tse_modals.js: Can't follow symlink without -L/--copy-links
2026/08/09 08:56:51 NOTICE: Backups/rotacao_trindade_v4_20260718_220604/projeto/inbox_trindade/scraper_tse_fast.js: Can't follow symlink without -L/--copy-links
2026/08/09 08:56:51 NOTICE: Backups/rotacao_trindade_v4_20260718_220604/projeto/inbox_trindade/antigravity_desktop.md: Can't follow symlink without -L/--copy-links
2026/08/09 08:56:51 NOTICE: Backups/rotacao_trindade_v4_20260718_220604/projeto/inbox_trindade/scraper_tse_modals3.js: Can't follow symlink without -L/--copy-links
2026/08/09 08:56:51 NOTICE: Backups/rotacao_trindade_v4_20260718_220604/projeto/inbox_trindade/pesqele_results.png: Can't follow symlink without -L/--copy-links
2026/08/09 08:56:51 NOTICE: Backups/rotacao_trindade_v4_20260718_220604/projeto/inbox_trindade/grok_coding.md: Can't follow symlink without -L/--copy-links
2026/08/09 08:56:51 NOTICE: Backups/rotacao_trindade_v4_20260718_220604/projeto/inbox_trindade/miguel.md: Can't follow symlink without -L/--copy-links
2026/08/09 08:56:51 NOTICE: Backups/rotacao_trindade_v4_20260718_220604/projeto/inbox_trindade/scraper_tse_full.js: Can't follow symlink without -L/--copy-links
2026/08/09 08:56:51 NOTICE: Backups/rotacao_trindade_v4_20260718_220604/projeto/inbox_trindade/glm_coding.md: Can't follow symlink without -L/--copy-links
2026/08/09 08:56:51 NOTICE: Backups/rotacao_trindade_v4_20260718_220604/projeto/inbox_trindade/parser_tse_quaest_fixed.js: Can't follow symlink without -L/--copy-links
2026/08/09 08:56:51 NOTICE: Backups/rotacao_trindade_v4_20260718_220604/projeto/inbox_trindade/scraper_tse5.js: Can't follow symlink without -L/--copy-links
2026/08/09 08:56:51 NOTICE: Backups/rotacao_trindade_v4_20260718_220604/projeto/inbox_trindade/parser_tse_quaest.js: Can't follow symlink without -L/--copy-links
2026/08/09 08:56:51 NOTICE: Backups/rotacao_trindade_v4_20260718_220604/projeto/inbox_trindade/gerar_pdfs.py: Can't follow symlink without -L/--copy-links
2026/08/09 08:56:51 NOTICE: Backups/rotacao_trindade_v4_20260718_220604/projeto/inbox_trindade/materia_eidas_diagramada.html: Can't follow symlink without -L/--copy-links
2026/08/09 08:56:51 NOTICE: Backups/rotacao_trindade_v4_20260718_220604/projeto/inbox_trindade/pesqele_results_body.txt: Can't follow symlink without -L/--copy-links
2026/08/09 08:56:51 NOTICE: Backups/rotacao_trindade_v4_20260718_220604/projeto/inbox_trindade/pesquisas_tse_2026_todas.json: Can't follow symlink without -L/--copy-links
2026/08/09 08:56:51 NOTICE: Backups/rotacao_trindade_v4_20260718_220604/projeto/inbox_trindade/pesquisas_tse_2026_raw_modals.json: Can't follow symlink without -L/--copy-links
2026/08/09 08:56:51 NOTICE: Backups/rotacao_trindade_v4_20260718_220604/projeto/inbox_trindade/scraper_tse.js: Can't follow symlink without -L/--copy-links
2026/08/09 08:56:51 NOTICE: Backups/rotacao_trindade_v4_20260718_220604/projeto/inbox_trindade/detalhar_page.txt: Can't follow symlink without -L/--copy-links
2026/08/09 08:56:51 NOTICE: Backups/rotacao_trindade_v4_20260718_220604/projeto/inbox_trindade/apresentacao_eidas.html: Can't follow symlink without -L/--copy-links
2026/08/09 08:56:51 NOTICE: Backups/rotacao_trindade_v4_20260718_220604/projeto/inbox_trindade/pesqele_html.txt: Can't follow symlink without -L/--copy-links
2026/08/09 08:56:51 NOTICE: Backups/rotacao_trindade_v4_20260718_220604/projeto/inbox_trindade/vibe_mistral_cli.md: Can't follow symlink without -L/--copy-links
2026/08/09 08:56:51 NOTICE: Backups/rotacao_trindade_v4_20260718_220604/projeto/inbox_trindade/pesqele_data.json: Can't follow symlink without -L/--copy-links
2026/08/09 08:56:51 NOTICE: Backups/rotacao_trindade_v4_20260718_220604/projeto/inbox_trindade/find_institutes.js: Can't follow symlink without -L/--copy-links
2026/08/09 08:56:51 NOTICE: Backups/rotacao_trindade_v4_20260718_220604/projeto/inbox_trindade/scraper_tse3.js: Can't follow symlink without -L/--copy-links
2026/08/09 08:56:51 NOTICE: Backups/rotacao_trindade_v4_20260718_220604/projeto/inbox_trindade/pesqele_form_html.txt: Can't follow symlink without -L/--copy-links
2026/08/09 08:56:52 NOTICE: Foruns/v4_labs_espelhos/contratos_v4_gsn_espelho_ingles_v1.md: Can't follow symlink without -L/--copy-links
2026/08/09 08:56:52 NOTICE: Foruns/v4_labs_espelhos/contratos_v4_cultura_v1.md: Can't follow symlink without -L/--copy-links
2026/08/09 08:56:52 NOTICE: Foruns/v4_labs_espelhos/v4_memoria_carta_gpt56pro_autocura_imagens_v4_20260714.md: Can't follow symlink without -L/--copy-links
2026/08/09 08:56:52 NOTICE: Foruns/v4_labs_espelhos/v4_memoria_forum_retomada_v4_imagens_drafts_20260716.md: Can't follow symlink without -L/--copy-links
2026/08/09 08:56:52 NOTICE: Foruns/v4_labs_espelhos/labs_forum_autocura_imagens_v4_20260714.md: Can't follow symlink without -L/--copy-links
2026/08/09 08:56:52 NOTICE: Foruns/v4_labs_espelhos/contratos_v4_ciencia_tecnologia_ia_v1.md: Can't follow symlink without -L/--copy-links
2026/08/09 08:56:52 NOTICE: Foruns/v4_labs_espelhos/v4_memoria_forum_autocura_imagens_v4_20260714.md: Can't follow symlink without -L/--copy-links
2026/08/09 08:56:52 NOTICE: Foruns/v4_labs_espelhos/labs_MANIFESTO.md: Can't follow symlink without -L/--copy-links
2026/08/09 08:56:52 NOTICE: Foruns/v4_labs_espelhos/contratos_v4_internacional_v1.md: Can't follow symlink without -L/--copy-links
2026/08/09 08:56:52 NOTICE: Foruns/v4_labs_espelhos/contratos_v4_nucleo_editorial_comum_v1.md: Can't follow symlink without -L/--copy-links
2026/08/09 08:56:52 NOTICE: Foruns/v4_labs_espelhos/contratos_v4_nucleo_editorial_comum_v2.md: Can't follow symlink without -L/--copy-links
2026/08/09 08:56:52 NOTICE: Foruns/v4_labs_espelhos/v4_memoria_MANIFESTO_PATCH_GPT56PRO_20260714.md: Can't follow symlink without -L/--copy-links
2026/08/09 08:56:52 NOTICE: Foruns/v4_labs_espelhos/contratos_v4_nucleo_editorial_redacao_v1.md: Can't follow symlink without -L/--copy-links
2026/08/09 08:56:52 NOTICE: Foruns/v4_labs_espelhos/v4_memoria_forum_arquitetura_cafezinho_media_group_v4_20260715.md: Can't follow symlink without -L/--copy-links
2026/08/09 08:56:52 NOTICE: Foruns/v4_labs_espelhos/contratos_v4_repetidor_v1.md: Can't follow symlink without -L/--copy-links
2026/08/09 08:56:52 NOTICE: Foruns/v4_labs_espelhos/contratos_forum_v4_qualidade_editorial_ciencia_ia_20260712.md: Can't follow symlink without -L/--copy-links
2026/08/09 08:56:52 NOTICE: Foruns/v4_labs_espelhos/v4_memoria_forum_retomada_v4_imagens_drafts_20260716_run14.md: Can't follow symlink without -L/--copy-links
2026/08/09 08:56:52 NOTICE: Foruns/v4_labs_espelhos/v4_memoria_forum_imagens_261602_20260714.md: Can't follow symlink without -L/--copy-links
2026/08/09 08:56:52 NOTICE: Foruns/v4_labs_espelhos/contratos_v4_politica_economia_v1.md: Can't follow symlink without -L/--copy-links
2026/08/09 08:56:52 NOTICE: Foruns/v4_labs_espelhos/v4_memoria_forum_retomada_v4_imagens_drafts_20260716_run6.md: Can't follow symlink without -L/--copy-links
2026/08/09 08:56:52 NOTICE: Foruns/v4_labs_espelhos/v4_memoria_forum_retomada_v4_imagens_drafts_20260716_run11.md: Can't follow symlink without -L/--copy-links
2026/08/09 08:56:52 NOTICE: Foruns/v4_labs_espelhos/v4_memoria_forum_resposta_gpt56pro_autocura_imagens_v4_20260714.md: Can't follow symlink without -L/--copy-links
2026/08/09 08:56:52 NOTICE: Foruns/v4_labs_espelhos/v4_memoria_forum_retomada_v4_imagens_drafts_20260716_run9.md: Can't follow symlink without -L/--copy-links
2026/08/09 08:56:53 NOTICE: Backups/backup_cerebro_20260728_164635/Foruns/v4_labs_espelhos/contratos_v4_gsn_espelho_ingles_v1.md: Can't follow symlink without -L/--copy-links
2026/08/09 08:56:53 NOTICE: Backups/backup_cerebro_20260728_164635/Foruns/v4_labs_espelhos/contratos_v4_cultura_v1.md: Can't follow symlink without -L/--copy-links
2026/08/09 08:56:53 NOTICE: Backups/backup_cerebro_20260728_164635/Foruns/v4_labs_espelhos/v4_memoria_carta_gpt56pro_autocura_imagens_v4_20260714.md: Can't follow symlink without -L/--copy-links
2026/08/09 08:56:53 NOTICE: Backups/backup_cerebro_20260728_164635/Foruns/v4_labs_espelhos/v4_memoria_forum_retomada_v4_imagens_drafts_20260716.md: Can't follow symlink without -L/--copy-links
2026/08/09 08:56:53 NOTICE: Backups/backup_cerebro_20260728_164635/Foruns/v4_labs_espelhos/labs_forum_autocura_imagens_v4_20260714.md: Can't follow symlink without -L/--copy-links
2026/08/09 08:56:53 NOTICE: Backups/backup_cerebro_20260728_164635/Foruns/v4_labs_espelhos/contratos_v4_ciencia_tecnologia_ia_v1.md: Can't follow symlink without -L/--copy-links
2026/08/09 08:56:53 NOTICE: Backups/backup_cerebro_20260728_164635/Foruns/v4_labs_espelhos/v4_memoria_forum_autocura_imagens_v4_20260714.md: Can't follow symlink without -L/--copy-links
2026/08/09 08:56:53 NOTICE: Backups/backup_cerebro_20260728_164635/Foruns/v4_labs_espelhos/labs_MANIFESTO.md: Can't follow symlink without -L/--copy-links
2026/08/09 08:56:53 NOTICE: Backups/backup_cerebro_20260728_164635/Foruns/v4_labs_espelhos/contratos_v4_internacional_v1.md: Can't follow symlink without -L/--copy-links
2026/08/09 08:56:53 NOTICE: Backups/backup_cerebro_20260728_164635/Foruns/v4_labs_espelhos/contratos_v4_nucleo_editorial_comum_v1.md: Can't follow symlink without -L/--copy-links
2026/08/09 08:56:53 NOTICE: Backups/backup_cerebro_20260728_164635/Foruns/v4_labs_espelhos/contratos_v4_nucleo_editorial_comum_v2.md: Can't follow symlink without -L/--copy-links
2026/08/09 08:56:53 NOTICE: Backups/backup_cerebro_20260728_164635/Foruns/v4_labs_espelhos/v4_memoria_MANIFESTO_PATCH_GPT56PRO_20260714.md: Can't follow symlink without -L/--copy-links
2026/08/09 08:56:53 NOTICE: Backups/backup_cerebro_20260728_164635/Foruns/v4_labs_espelhos/contratos_v4_nucleo_editorial_redacao_v1.md: Can't follow symlink without -L/--copy-links
2026/08/09 08:56:53 NOTICE: Backups/backup_cerebro_20260728_164635/Foruns/v4_labs_espelhos/v4_memoria_forum_arquitetura_cafezinho_media_group_v4_20260715.md: Can't follow symlink without -L/--copy-links
2026/08/09 08:56:53 NOTICE: Backups/backup_cerebro_20260728_164635/Foruns/v4_labs_espelhos/contratos_v4_repetidor_v1.md: Can't follow symlink without -L/--copy-links
2026/08/09 08:56:53 NOTICE: Backups/backup_cerebro_20260728_164635/Foruns/v4_labs_espelhos/contratos_forum_v4_qualidade_editorial_ciencia_ia_20260712.md: Can't follow symlink without -L/--copy-links
2026/08/09 08:56:53 NOTICE: Backups/backup_cerebro_20260728_164635/Foruns/v4_labs_espelhos/v4_memoria_forum_retomada_v4_imagens_drafts_20260716_run14.md: Can't follow symlink without -L/--copy-links
2026/08/09 08:56:53 NOTICE: Backups/backup_cerebro_20260728_164635/Foruns/v4_labs_espelhos/v4_memoria_forum_imagens_261602_20260714.md: Can't follow symlink without -L/--copy-links
2026/08/09 08:56:53 NOTICE: Backups/backup_cerebro_20260728_164635/Foruns/v4_labs_espelhos/contratos_v4_politica_economia_v1.md: Can't follow symlink without -L/--copy-links
2026/08/09 08:56:53 NOTICE: Backups/backup_cerebro_20260728_164635/Foruns/v4_labs_espelhos/v4_memoria_forum_retomada_v4_imagens_drafts_20260716_run6.md: Can't follow symlink without -L/--copy-links
2026/08/09 08:56:53 NOTICE: Backups/backup_cerebro_20260728_164635/Foruns/v4_labs_espelhos/v4_memoria_forum_retomada_v4_imagens_drafts_20260716_run11.md: Can't follow symlink without -L/--copy-links
2026/08/09 08:56:53 NOTICE: Backups/backup_cerebro_20260728_164635/Foruns/v4_labs_espelhos/v4_memoria_forum_resposta_gpt56pro_autocura_imagens_v4_20260714.md: Can't follow symlink without -L/--copy-links
2026/08/09 08:56:53 NOTICE: Backups/backup_cerebro_20260728_164635/Foruns/v4_labs_espelhos/v4_memoria_forum_retomada_v4_imagens_drafts_20260716_run9.md: Can't follow symlink without -L/--copy-links
2026/08/09 08:56:54 ERROR : Attempt 3/3 failed with 1 errors and: Post "https://pod-050-1048-03.backblaze.com/b2api/v1/b2_upload_file/52db1d94c81adac39aff0d1e/c005_v0501048_t0020": can't copy - source file is being updated (size changed from 555024 to 555202)
2026/08/09 08:56:54 INFO  :   215.239 MiB / 215.239 MiB, 100%, 313.405 KiB/s, ETA 0s
2026/08/09 08:56:54 NOTICE: Failed to copy: Post "https://pod-050-1048-03.backblaze.com/b2api/v1/b2_upload_file/52db1d94c81adac39aff0d1e/c005_v0501048_t0020": can't copy - source file is being updated (size changed from 555024 to 555202)
2026/08/09 09:23:47 NOTICE: Backups/limpeza_comunicacao_reforma_v4_20260717_131257/inbox_trindade_antes/antigravity_desktop.md: Can't follow symlink without -L/--copy-links
2026/08/09 09:23:47 NOTICE: Backups/reforma_v4_abertura_sprint_20260717_1042/inbox_trindade_antes_da_limpeza/antigravity_desktop.md: Can't follow symlink without -L/--copy-links
2026/08/09 09:23:48 INFO  : Foruns/forum_no_home_por_nota_coleta_20260721.md: Copied (replaced existing)
2026/08/09 09:23:48 INFO  : backup_total_2026/ESTADO.md: Copied (replaced existing)
2026/08/09 09:23:48 INFO  : backup_total_2026/logs/B2-11.j2.stdout: Copied (new)
2026/08/09 09:23:48 ERROR : backup_total_2026/logs/B2-11.log: Failed to copy: Post "https://pod-050-1047-17.backblaze.com/b2api/v1/b2_upload_file/52db1d94c81adac39aff0d1e/c005_v0501047_t0017": can't copy - source file is being updated (size changed from 574538 to 575159)
2026/08/09 09:23:48 INFO  : backup_total_2026/logs/B2-11_j2.sh: Copied (new)
2026/08/09 09:23:48 NOTICE: Backups/rotacao_trindade_v4_20260718_220604/projeto/inbox_trindade/pesquisas_tse_2026_tabela.csv: Can't follow symlink without -L/--copy-links
2026/08/09 09:23:48 NOTICE: Backups/rotacao_trindade_v4_20260718_220604/projeto/inbox_trindade/pesquisas_tse_2026_detalhes.json: Can't follow symlink without -L/--copy-links
2026/08/09 09:23:48 NOTICE: Backups/rotacao_trindade_v4_20260718_220604/projeto/inbox_trindade/pesqele_results_html.txt: Can't follow symlink without -L/--copy-links
2026/08/09 09:23:48 NOTICE: Backups/rotacao_trindade_v4_20260718_220604/projeto/inbox_trindade/publicar_pagina_direitos.py: Can't follow symlink without -L/--copy-links
2026/08/09 09:23:48 NOTICE: Backups/rotacao_trindade_v4_20260718_220604/projeto/inbox_trindade/test_quaest.js: Can't follow symlink without -L/--copy-links
2026/08/09 09:23:48 NOTICE: Backups/rotacao_trindade_v4_20260718_220604/projeto/inbox_trindade/pesquisas_tse_2026_todas_br.json: Can't follow symlink without -L/--copy-links
2026/08/09 09:23:48 NOTICE: Backups/rotacao_trindade_v4_20260718_220604/projeto/inbox_trindade/scraper_tse6.js: Can't follow symlink without -L/--copy-links
2026/08/09 09:23:48 NOTICE: Backups/rotacao_trindade_v4_20260718_220604/projeto/inbox_trindade/scraper_tse_custos.js: Can't follow symlink without -L/--copy-links
2026/08/09 09:23:48 NOTICE: Backups/rotacao_trindade_v4_20260718_220604/projeto/inbox_trindade/apresentacao_eidas.pdf: Can't follow symlink without -L/--copy-links
2026/08/09 09:23:48 NOTICE: Backups/rotacao_trindade_v4_20260718_220604/projeto/inbox_trindade/qwen_coding.md: Can't follow symlink without -L/--copy-links
2026/08/09 09:23:48 NOTICE: Backups/rotacao_trindade_v4_20260718_220604/projeto/inbox_trindade/pesqele_search_html.txt: Can't follow symlink without -L/--copy-links
2026/08/09 09:23:48 NOTICE: Backups/rotacao_trindade_v4_20260718_220604/projeto/inbox_trindade/pesqele_search_body.txt: Can't follow symlink without -L/--copy-links
2026/08/09 09:23:48 NOTICE: Backups/rotacao_trindade_v4_20260718_220604/projeto/inbox_trindade/scraper_tse_form.js: Can't follow symlink without -L/--copy-links
2026/08/09 09:23:48 NOTICE: Backups/rotacao_trindade_v4_20260718_220604/projeto/inbox_trindade/scraper_tse2.js: Can't follow symlink without -L/--copy-links
2026/08/09 09:23:48 NOTICE: Backups/rotacao_trindade_v4_20260718_220604/projeto/inbox_trindade/ming.md: Can't follow symlink without -L/--copy-links
2026/08/09 09:23:48 NOTICE: Backups/rotacao_trindade_v4_20260718_220604/projeto/inbox_trindade/pesquisas_tse_2026_processadas.json: Can't follow symlink without -L/--copy-links
2026/08/09 09:23:48 NOTICE: Backups/rotacao_trindade_v4_20260718_220604/projeto/inbox_trindade/resumo_pesquisas.json: Can't follow symlink without -L/--copy-links
2026/08/09 09:23:48 NOTICE: Backups/rotacao_trindade_v4_20260718_220604/projeto/inbox_trindade/pedido_ponto_de_retomada_20260628.md: Can't follow symlink without -L/--copy-links
2026/08/09 09:23:48 NOTICE: Backups/rotacao_trindade_v4_20260718_220604/projeto/inbox_trindade/scraper_tse_modals2.js: Can't follow symlink without -L/--copy-links
2026/08/09 09:23:48 NOTICE: Backups/rotacao_trindade_v4_20260718_220604/projeto/inbox_trindade/scraper_tse_todas_br.js: Can't follow symlink without -L/--copy-links
2026/08/09 09:23:48 NOTICE: Backups/rotacao_trindade_v4_20260718_220604/projeto/inbox_trindade/detalhar_page_html.txt: Can't follow symlink without -L/--copy-links
2026/08/09 09:23:48 NOTICE: Backups/rotacao_trindade_v4_20260718_220604/projeto/inbox_trindade/pesquisas_tse_2026.json: Can't follow symlink without -L/--copy-links
2026/08/09 09:23:48 NOTICE: Backups/rotacao_trindade_v4_20260718_220604/projeto/inbox_trindade/package.json: Can't follow symlink without -L/--copy-links
2026/08/09 09:23:48 NOTICE: Backups/rotacao_trindade_v4_20260718_220604/projeto/inbox_trindade/analise_ipca15_junho2026.md: Can't follow symlink without -L/--copy-links
2026/08/09 09:23:48 NOTICE: Backups/rotacao_trindade_v4_20260718_220604/projeto/inbox_trindade/package-lock.json: Can't follow symlink without -L/--copy-links
2026/08/09 09:23:48 NOTICE: Backups/rotacao_trindade_v4_20260718_220604/projeto/inbox_trindade/README.md: Can't follow symlink without -L/--copy-links
2026/08/09 09:23:48 NOTICE: Backups/rotacao_trindade_v4_20260718_220604/projeto/inbox_trindade/scraper_tse_detalhar_test.js: Can't follow symlink without -L/--copy-links
2026/08/09 09:23:48 NOTICE: Backups/rotacao_trindade_v4_20260718_220604/projeto/inbox_trindade/quaest_ipec.json: Can't follow symlink without -L/--copy-links
2026/08/09 09:23:48 NOTICE: Backups/rotacao_trindade_v4_20260718_220604/projeto/inbox_trindade/pesqele_home.png: Can't follow symlink without -L/--copy-links
2026/08/09 09:23:48 NOTICE: Backups/rotacao_trindade_v4_20260718_220604/projeto/inbox_trindade/scraper_tse_detalhes.js: Can't follow symlink without -L/--copy-links
2026/08/09 09:23:48 NOTICE: Backups/rotacao_trindade_v4_20260718_220604/projeto/inbox_trindade/pesquisas_tse_2026_full.json: Can't follow symlink without -L/--copy-links
2026/08/09 09:23:48 NOTICE: Backups/rotacao_trindade_v4_20260718_220604/projeto/inbox_trindade/pesqele_search.png: Can't follow symlink without -L/--copy-links
2026/08/09 09:23:48 NOTICE: Backups/rotacao_trindade_v4_20260718_220604/projeto/inbox_trindade/agy_cli.md: Can't follow symlink without -L/--copy-links
2026/08/09 09:23:48 NOTICE: Backups/rotacao_trindade_v4_20260718_220604/projeto/inbox_trindade/pesqele_body.txt: Can't follow symlink without -L/--copy-links
2026/08/09 09:23:48 NOTICE: Backups/rotacao_trindade_v4_20260718_220604/projeto/inbox_trindade/scraper_tse4.js: Can't follow symlink without -L/--copy-links
2026/08/09 09:23:48 NOTICE: Backups/rotacao_trindade_v4_20260718_220604/projeto/inbox_trindade/scraper_tse_paginator.js: Can't follow symlink without -L/--copy-links
2026/08/09 09:23:48 NOTICE: Backups/rotacao_trindade_v4_20260718_220604/projeto/inbox_trindade/materia_eidas_diagramada.pdf: Can't follow symlink without -L/--copy-links
2026/08/09 09:23:48 NOTICE: Backups/rotacao_trindade_v4_20260718_220604/projeto/inbox_trindade/parser_tse.js: Can't follow symlink without -L/--copy-links
2026/08/09 09:23:48 NOTICE: Backups/rotacao_trindade_v4_20260718_220604/projeto/inbox_trindade/materia_eidas_20260630.md: Can't follow symlink without -L/--copy-links
2026/08/09 09:23:48 NOTICE: Backups/rotacao_trindade_v4_20260718_220604/projeto/inbox_trindade/relatorio_pesquisas_2026.md: Can't follow symlink without -L/--copy-links
2026/08/09 09:23:48 NOTICE: Backups/rotacao_trindade_v4_20260718_220604/projeto/inbox_trindade/scraper_tse_isolated.js: Can't follow symlink without -L/--copy-links
2026/08/09 09:23:48 NOTICE: Backups/rotacao_trindade_v4_20260718_220604/projeto/inbox_trindade/scraper_tse_modals.js: Can't follow symlink without -L/--copy-links
2026/08/09 09:23:48 NOTICE: Backups/rotacao_trindade_v4_20260718_220604/projeto/inbox_trindade/scraper_tse_fast.js: Can't follow symlink without -L/--copy-links
2026/08/09 09:23:48 NOTICE: Backups/rotacao_trindade_v4_20260718_220604/projeto/inbox_trindade/antigravity_desktop.md: Can't follow symlink without -L/--copy-links
2026/08/09 09:23:48 NOTICE: Backups/rotacao_trindade_v4_20260718_220604/projeto/inbox_trindade/scraper_tse_modals3.js: Can't follow symlink without -L/--copy-links
2026/08/09 09:23:48 NOTICE: Backups/rotacao_trindade_v4_20260718_220604/projeto/inbox_trindade/pesqele_results.png: Can't follow symlink without -L/--copy-links
2026/08/09 09:23:48 NOTICE: Backups/rotacao_trindade_v4_20260718_220604/projeto/inbox_trindade/grok_coding.md: Can't follow symlink without -L/--copy-links
2026/08/09 09:23:48 NOTICE: Backups/rotacao_trindade_v4_20260718_220604/projeto/inbox_trindade/miguel.md: Can't follow symlink without -L/--copy-links
2026/08/09 09:23:48 NOTICE: Backups/rotacao_trindade_v4_20260718_220604/projeto/inbox_trindade/scraper_tse_full.js: Can't follow symlink without -L/--copy-links
2026/08/09 09:23:48 NOTICE: Backups/rotacao_trindade_v4_20260718_220604/projeto/inbox_trindade/glm_coding.md: Can't follow symlink without -L/--copy-links
2026/08/09 09:23:48 NOTICE: Backups/rotacao_trindade_v4_20260718_220604/projeto/inbox_trindade/parser_tse_quaest_fixed.js: Can't follow symlink without -L/--copy-links
2026/08/09 09:23:48 NOTICE: Backups/rotacao_trindade_v4_20260718_220604/projeto/inbox_trindade/scraper_tse5.js: Can't follow symlink without -L/--copy-links
2026/08/09 09:23:48 NOTICE: Backups/rotacao_trindade_v4_20260718_220604/projeto/inbox_trindade/parser_tse_quaest.js: Can't follow symlink without -L/--copy-links
2026/08/09 09:23:48 NOTICE: Backups/rotacao_trindade_v4_20260718_220604/projeto/inbox_trindade/gerar_pdfs.py: Can't follow symlink without -L/--copy-links
2026/08/09 09:23:48 NOTICE: Backups/rotacao_trindade_v4_20260718_220604/projeto/inbox_trindade/materia_eidas_diagramada.html: Can't follow symlink without -L/--copy-links
2026/08/09 09:23:48 NOTICE: Backups/rotacao_trindade_v4_20260718_220604/projeto/inbox_trindade/pesqele_results_body.txt: Can't follow symlink without -L/--copy-links
2026/08/09 09:23:48 NOTICE: Backups/rotacao_trindade_v4_20260718_220604/projeto/inbox_trindade/pesquisas_tse_2026_todas.json: Can't follow symlink without -L/--copy-links
2026/08/09 09:23:48 NOTICE: Backups/rotacao_trindade_v4_20260718_220604/projeto/inbox_trindade/pesquisas_tse_2026_raw_modals.json: Can't follow symlink without -L/--copy-links
2026/08/09 09:23:48 NOTICE: Backups/rotacao_trindade_v4_20260718_220604/projeto/inbox_trindade/scraper_tse.js: Can't follow symlink without -L/--copy-links
2026/08/09 09:23:48 NOTICE: Backups/rotacao_trindade_v4_20260718_220604/projeto/inbox_trindade/detalhar_page.txt: Can't follow symlink without -L/--copy-links
2026/08/09 09:23:48 NOTICE: Backups/rotacao_trindade_v4_20260718_220604/projeto/inbox_trindade/apresentacao_eidas.html: Can't follow symlink without -L/--copy-links
2026/08/09 09:23:48 NOTICE: Backups/rotacao_trindade_v4_20260718_220604/projeto/inbox_trindade/pesqele_html.txt: Can't follow symlink without -L/--copy-links
2026/08/09 09:23:48 NOTICE: Backups/rotacao_trindade_v4_20260718_220604/projeto/inbox_trindade/vibe_mistral_cli.md: Can't follow symlink without -L/--copy-links
2026/08/09 09:23:48 NOTICE: Backups/rotacao_trindade_v4_20260718_220604/projeto/inbox_trindade/pesqele_data.json: Can't follow symlink without -L/--copy-links
2026/08/09 09:23:48 NOTICE: Backups/rotacao_trindade_v4_20260718_220604/projeto/inbox_trindade/find_institutes.js: Can't follow symlink without -L/--copy-links
2026/08/09 09:23:48 NOTICE: Backups/rotacao_trindade_v4_20260718_220604/projeto/inbox_trindade/scraper_tse3.js: Can't follow symlink without -L/--copy-links
2026/08/09 09:23:48 NOTICE: Backups/rotacao_trindade_v4_20260718_220604/projeto/inbox_trindade/pesqele_form_html.txt: Can't follow symlink without -L/--copy-links
2026/08/09 09:23:48 INFO  : backup_total_2026/logs/B2-11.j1.stdout: Copied (replaced existing)
2026/08/09 09:23:49 INFO  : monitoramento_horario/bugs_encontrados/bugs_2026-08-09.jsonl: Copied (replaced existing)
2026/08/09 09:23:49 NOTICE: Foruns/v4_labs_espelhos/contratos_v4_gsn_espelho_ingles_v1.md: Can't follow symlink without -L/--copy-links
2026/08/09 09:23:49 NOTICE: Foruns/v4_labs_espelhos/contratos_v4_cultura_v1.md: Can't follow symlink without -L/--copy-links
2026/08/09 09:23:49 NOTICE: Foruns/v4_labs_espelhos/v4_memoria_carta_gpt56pro_autocura_imagens_v4_20260714.md: Can't follow symlink without -L/--copy-links
2026/08/09 09:23:49 NOTICE: Foruns/v4_labs_espelhos/v4_memoria_forum_retomada_v4_imagens_drafts_20260716.md: Can't follow symlink without -L/--copy-links
2026/08/09 09:23:49 NOTICE: Foruns/v4_labs_espelhos/labs_forum_autocura_imagens_v4_20260714.md: Can't follow symlink without -L/--copy-links
2026/08/09 09:23:49 NOTICE: Foruns/v4_labs_espelhos/contratos_v4_ciencia_tecnologia_ia_v1.md: Can't follow symlink without -L/--copy-links
2026/08/09 09:23:49 NOTICE: Foruns/v4_labs_espelhos/v4_memoria_forum_autocura_imagens_v4_20260714.md: Can't follow symlink without -L/--copy-links
2026/08/09 09:23:49 NOTICE: Foruns/v4_labs_espelhos/labs_MANIFESTO.md: Can't follow symlink without -L/--copy-links
2026/08/09 09:23:49 NOTICE: Foruns/v4_labs_espelhos/contratos_v4_internacional_v1.md: Can't follow symlink without -L/--copy-links
2026/08/09 09:23:49 NOTICE: Foruns/v4_labs_espelhos/contratos_v4_nucleo_editorial_comum_v1.md: Can't follow symlink without -L/--copy-links
2026/08/09 09:23:49 NOTICE: Foruns/v4_labs_espelhos/contratos_v4_nucleo_editorial_comum_v2.md: Can't follow symlink without -L/--copy-links
2026/08/09 09:23:49 NOTICE: Foruns/v4_labs_espelhos/v4_memoria_MANIFESTO_PATCH_GPT56PRO_20260714.md: Can't follow symlink without -L/--copy-links
2026/08/09 09:23:49 NOTICE: Foruns/v4_labs_espelhos/contratos_v4_nucleo_editorial_redacao_v1.md: Can't follow symlink without -L/--copy-links
2026/08/09 09:23:49 NOTICE: Foruns/v4_labs_espelhos/v4_memoria_forum_arquitetura_cafezinho_media_group_v4_20260715.md: Can't follow symlink without -L/--copy-links
2026/08/09 09:23:49 NOTICE: Foruns/v4_labs_espelhos/contratos_v4_repetidor_v1.md: Can't follow symlink without -L/--copy-links
2026/08/09 09:23:49 NOTICE: Foruns/v4_labs_espelhos/contratos_forum_v4_qualidade_editorial_ciencia_ia_20260712.md: Can't follow symlink without -L/--copy-links
2026/08/09 09:23:49 NOTICE: Foruns/v4_labs_espelhos/v4_memoria_forum_retomada_v4_imagens_drafts_20260716_run14.md: Can't follow symlink without -L/--copy-links
2026/08/09 09:23:49 NOTICE: Foruns/v4_labs_espelhos/v4_memoria_forum_imagens_261602_20260714.md: Can't follow symlink without -L/--copy-links
2026/08/09 09:23:49 NOTICE: Foruns/v4_labs_espelhos/contratos_v4_politica_economia_v1.md: Can't follow symlink without -L/--copy-links
2026/08/09 09:23:49 NOTICE: Foruns/v4_labs_espelhos/v4_memoria_forum_retomada_v4_imagens_drafts_20260716_run6.md: Can't follow symlink without -L/--copy-links
2026/08/09 09:23:49 NOTICE: Foruns/v4_labs_espelhos/v4_memoria_forum_retomada_v4_imagens_drafts_20260716_run11.md: Can't follow symlink without -L/--copy-links
2026/08/09 09:23:49 NOTICE: Foruns/v4_labs_espelhos/v4_memoria_forum_resposta_gpt56pro_autocura_imagens_v4_20260714.md: Can't follow symlink without -L/--copy-links
2026/08/09 09:23:49 NOTICE: Foruns/v4_labs_espelhos/v4_memoria_forum_retomada_v4_imagens_drafts_20260716_run9.md: Can't follow symlink without -L/--copy-links
2026/08/09 09:23:50 INFO  : Backups/vigilia_v5/2026-08-09/264938_892c74f1046a0ef3.json: Copied (new)
2026/08/09 09:23:50 INFO  : Backups/vigilia_v5/2026-08-09/264931_d82181c7de88f34a.json: Copied (new)
2026/08/09 09:23:50 NOTICE: Backups/backup_cerebro_20260728_164635/Foruns/v4_labs_espelhos/contratos_v4_gsn_espelho_ingles_v1.md: Can't follow symlink without -L/--copy-links
2026/08/09 09:23:50 NOTICE: Backups/backup_cerebro_20260728_164635/Foruns/v4_labs_espelhos/contratos_v4_cultura_v1.md: Can't follow symlink without -L/--copy-links
2026/08/09 09:23:50 NOTICE: Backups/backup_cerebro_20260728_164635/Foruns/v4_labs_espelhos/v4_memoria_carta_gpt56pro_autocura_imagens_v4_20260714.md: Can't follow symlink without -L/--copy-links
2026/08/09 09:23:50 NOTICE: Backups/backup_cerebro_20260728_164635/Foruns/v4_labs_espelhos/v4_memoria_forum_retomada_v4_imagens_drafts_20260716.md: Can't follow symlink without -L/--copy-links
2026/08/09 09:23:50 NOTICE: Backups/backup_cerebro_20260728_164635/Foruns/v4_labs_espelhos/labs_forum_autocura_imagens_v4_20260714.md: Can't follow symlink without -L/--copy-links
2026/08/09 09:23:50 NOTICE: Backups/backup_cerebro_20260728_164635/Foruns/v4_labs_espelhos/contratos_v4_ciencia_tecnologia_ia_v1.md: Can't follow symlink without -L/--copy-links
2026/08/09 09:23:50 NOTICE: Backups/backup_cerebro_20260728_164635/Foruns/v4_labs_espelhos/v4_memoria_forum_autocura_imagens_v4_20260714.md: Can't follow symlink without -L/--copy-links
2026/08/09 09:23:50 NOTICE: Backups/backup_cerebro_20260728_164635/Foruns/v4_labs_espelhos/labs_MANIFESTO.md: Can't follow symlink without -L/--copy-links
2026/08/09 09:23:50 NOTICE: Backups/backup_cerebro_20260728_164635/Foruns/v4_labs_espelhos/contratos_v4_internacional_v1.md: Can't follow symlink without -L/--copy-links
2026/08/09 09:23:50 NOTICE: Backups/backup_cerebro_20260728_164635/Foruns/v4_labs_espelhos/contratos_v4_nucleo_editorial_comum_v1.md: Can't follow symlink without -L/--copy-links
2026/08/09 09:23:50 NOTICE: Backups/backup_cerebro_20260728_164635/Foruns/v4_labs_espelhos/contratos_v4_nucleo_editorial_comum_v2.md: Can't follow symlink without -L/--copy-links
2026/08/09 09:23:50 NOTICE: Backups/backup_cerebro_20260728_164635/Foruns/v4_labs_espelhos/v4_memoria_MANIFESTO_PATCH_GPT56PRO_20260714.md: Can't follow symlink without -L/--copy-links
2026/08/09 09:23:50 NOTICE: Backups/backup_cerebro_20260728_164635/Foruns/v4_labs_espelhos/contratos_v4_nucleo_editorial_redacao_v1.md: Can't follow symlink without -L/--copy-links
2026/08/09 09:23:50 NOTICE: Backups/backup_cerebro_20260728_164635/Foruns/v4_labs_espelhos/v4_memoria_forum_arquitetura_cafezinho_media_group_v4_20260715.md: Can't follow symlink without -L/--copy-links
2026/08/09 09:23:50 NOTICE: Backups/backup_cerebro_20260728_164635/Foruns/v4_labs_espelhos/contratos_v4_repetidor_v1.md: Can't follow symlink without -L/--copy-links
2026/08/09 09:23:50 NOTICE: Backups/backup_cerebro_20260728_164635/Foruns/v4_labs_espelhos/contratos_forum_v4_qualidade_editorial_ciencia_ia_20260712.md: Can't follow symlink without -L/--copy-links
2026/08/09 09:23:50 NOTICE: Backups/backup_cerebro_20260728_164635/Foruns/v4_labs_espelhos/v4_memoria_forum_retomada_v4_imagens_drafts_20260716_run14.md: Can't follow symlink without -L/--copy-links
2026/08/09 09:23:50 NOTICE: Backups/backup_cerebro_20260728_164635/Foruns/v4_labs_espelhos/v4_memoria_forum_imagens_261602_20260714.md: Can't follow symlink without -L/--copy-links
2026/08/09 09:23:50 NOTICE: Backups/backup_cerebro_20260728_164635/Foruns/v4_labs_espelhos/contratos_v4_politica_economia_v1.md: Can't follow symlink without -L/--copy-links
2026/08/09 09:23:50 NOTICE: Backups/backup_cerebro_20260728_164635/Foruns/v4_labs_espelhos/v4_memoria_forum_retomada_v4_imagens_drafts_20260716_run6.md: Can't follow symlink without -L/--copy-links
2026/08/09 09:23:50 NOTICE: Backups/backup_cerebro_20260728_164635/Foruns/v4_labs_espelhos/v4_memoria_forum_retomada_v4_imagens_drafts_20260716_run11.md: Can't follow symlink without -L/--copy-links
2026/08/09 09:23:50 NOTICE: Backups/backup_cerebro_20260728_164635/Foruns/v4_labs_espelhos/v4_memoria_forum_resposta_gpt56pro_autocura_imagens_v4_20260714.md: Can't follow symlink without -L/--copy-links
2026/08/09 09:23:50 NOTICE: Backups/backup_cerebro_20260728_164635/Foruns/v4_labs_espelhos/v4_memoria_forum_retomada_v4_imagens_drafts_20260716_run9.md: Can't follow symlink without -L/--copy-links
2026/08/09 09:23:51 ERROR : Attempt 1/3 failed with 1 errors and: Post "https://pod-050-1047-17.backblaze.com/b2api/v1/b2_upload_file/52db1d94c81adac39aff0d1e/c005_v0501047_t0017": can't copy - source file is being updated (size changed from 574538 to 575159)
2026/08/09 09:23:52 NOTICE: Backups/limpeza_comunicacao_reforma_v4_20260717_131257/inbox_trindade_antes/antigravity_desktop.md: Can't follow symlink without -L/--copy-links
2026/08/09 09:23:52 ERROR : backup_total_2026/logs/B2-11.log: Failed to copy: Post "https://pod-050-1042-11.backblaze.com/b2api/v1/b2_upload_file/52db1d94c81adac39aff0d1e/c005_v0501042_t0033": can't copy - source file is being updated (size changed from 594663 to 594836)
2026/08/09 09:23:52 NOTICE: Backups/reforma_v4_abertura_sprint_20260717_1042/inbox_trindade_antes_da_limpeza/antigravity_desktop.md: Can't follow symlink without -L/--copy-links
2026/08/09 09:23:53 NOTICE: Backups/rotacao_trindade_v4_20260718_220604/projeto/inbox_trindade/pesquisas_tse_2026_tabela.csv: Can't follow symlink without -L/--copy-links
2026/08/09 09:23:53 NOTICE: Backups/rotacao_trindade_v4_20260718_220604/projeto/inbox_trindade/pesquisas_tse_2026_detalhes.json: Can't follow symlink without -L/--copy-links
2026/08/09 09:23:53 NOTICE: Backups/rotacao_trindade_v4_20260718_220604/projeto/inbox_trindade/pesqele_results_html.txt: Can't follow symlink without -L/--copy-links
2026/08/09 09:23:53 NOTICE: Backups/rotacao_trindade_v4_20260718_220604/projeto/inbox_trindade/publicar_pagina_direitos.py: Can't follow symlink without -L/--copy-links
2026/08/09 09:23:53 NOTICE: Backups/rotacao_trindade_v4_20260718_220604/projeto/inbox_trindade/test_quaest.js: Can't follow symlink without -L/--copy-links
2026/08/09 09:23:53 NOTICE: Backups/rotacao_trindade_v4_20260718_220604/projeto/inbox_trindade/pesquisas_tse_2026_todas_br.json: Can't follow symlink without -L/--copy-links
2026/08/09 09:23:53 NOTICE: Backups/rotacao_trindade_v4_20260718_220604/projeto/inbox_trindade/scraper_tse6.js: Can't follow symlink without -L/--copy-links
2026/08/09 09:23:53 NOTICE: Backups/rotacao_trindade_v4_20260718_220604/projeto/inbox_trindade/scraper_tse_custos.js: Can't follow symlink without -L/--copy-links
2026/08/09 09:23:53 NOTICE: Backups/rotacao_trindade_v4_20260718_220604/projeto/inbox_trindade/apresentacao_eidas.pdf: Can't follow symlink without -L/--copy-links
2026/08/09 09:23:53 NOTICE: Backups/rotacao_trindade_v4_20260718_220604/projeto/inbox_trindade/qwen_coding.md: Can't follow symlink without -L/--copy-links
2026/08/09 09:23:53 NOTICE: Backups/rotacao_trindade_v4_20260718_220604/projeto/inbox_trindade/pesqele_search_html.txt: Can't follow symlink without -L/--copy-links
2026/08/09 09:23:53 NOTICE: Backups/rotacao_trindade_v4_20260718_220604/projeto/inbox_trindade/pesqele_search_body.txt: Can't follow symlink without -L/--copy-links
2026/08/09 09:23:53 NOTICE: Backups/rotacao_trindade_v4_20260718_220604/projeto/inbox_trindade/scraper_tse_form.js: Can't follow symlink without -L/--copy-links
2026/08/09 09:23:53 NOTICE: Backups/rotacao_trindade_v4_20260718_220604/projeto/inbox_trindade/scraper_tse2.js: Can't follow symlink without -L/--copy-links
2026/08/09 09:23:53 NOTICE: Backups/rotacao_trindade_v4_20260718_220604/projeto/inbox_trindade/ming.md: Can't follow symlink without -L/--copy-links
2026/08/09 09:23:53 NOTICE: Backups/rotacao_trindade_v4_20260718_220604/projeto/inbox_trindade/pesquisas_tse_2026_processadas.json: Can't follow symlink without -L/--copy-links
2026/08/09 09:23:53 NOTICE: Backups/rotacao_trindade_v4_20260718_220604/projeto/inbox_trindade/resumo_pesquisas.json: Can't follow symlink without -L/--copy-links
2026/08/09 09:23:53 NOTICE: Backups/rotacao_trindade_v4_20260718_220604/projeto/inbox_trindade/pedido_ponto_de_retomada_20260628.md: Can't follow symlink without -L/--copy-links
2026/08/09 09:23:53 NOTICE: Backups/rotacao_trindade_v4_20260718_220604/projeto/inbox_trindade/scraper_tse_modals2.js: Can't follow symlink without -L/--copy-links
2026/08/09 09:23:53 NOTICE: Backups/rotacao_trindade_v4_20260718_220604/projeto/inbox_trindade/scraper_tse_todas_br.js: Can't follow symlink without -L/--copy-links
2026/08/09 09:23:53 NOTICE: Backups/rotacao_trindade_v4_20260718_220604/projeto/inbox_trindade/detalhar_page_html.txt: Can't follow symlink without -L/--copy-links
2026/08/09 09:23:53 NOTICE: Backups/rotacao_trindade_v4_20260718_220604/projeto/inbox_trindade/pesquisas_tse_2026.json: Can't follow symlink without -L/--copy-links
2026/08/09 09:23:53 NOTICE: Backups/rotacao_trindade_v4_20260718_220604/projeto/inbox_trindade/package.json: Can't follow symlink without -L/--copy-links
2026/08/09 09:23:53 NOTICE: Backups/rotacao_trindade_v4_20260718_220604/projeto/inbox_trindade/analise_ipca15_junho2026.md: Can't follow symlink without -L/--copy-links
2026/08/09 09:23:53 NOTICE: Backups/rotacao_trindade_v4_20260718_220604/projeto/inbox_trindade/package-lock.json: Can't follow symlink without -L/--copy-links
2026/08/09 09:23:53 NOTICE: Backups/rotacao_trindade_v4_20260718_220604/projeto/inbox_trindade/README.md: Can't follow symlink without -L/--copy-links
2026/08/09 09:23:53 NOTICE: Backups/rotacao_trindade_v4_20260718_220604/projeto/inbox_trindade/scraper_tse_detalhar_test.js: Can't follow symlink without -L/--copy-links
2026/08/09 09:23:53 NOTICE: Backups/rotacao_trindade_v4_20260718_220604/projeto/inbox_trindade/quaest_ipec.json: Can't follow symlink without -L/--copy-links
2026/08/09 09:23:53 NOTICE: Backups/rotacao_trindade_v4_20260718_220604/projeto/inbox_trindade/pesqele_home.png: Can't follow symlink without -L/--copy-links
2026/08/09 09:23:53 NOTICE: Backups/rotacao_trindade_v4_20260718_220604/projeto/inbox_trindade/scraper_tse_detalhes.js: Can't follow symlink without -L/--copy-links
2026/08/09 09:23:53 NOTICE: Backups/rotacao_trindade_v4_20260718_220604/projeto/inbox_trindade/pesquisas_tse_2026_full.json: Can't follow symlink without -L/--copy-links
2026/08/09 09:23:53 NOTICE: Backups/rotacao_trindade_v4_20260718_220604/projeto/inbox_trindade/pesqele_search.png: Can't follow symlink without -L/--copy-links
2026/08/09 09:23:53 NOTICE: Backups/rotacao_trindade_v4_20260718_220604/projeto/inbox_trindade/agy_cli.md: Can't follow symlink without -L/--copy-links
2026/08/09 09:23:53 NOTICE: Backups/rotacao_trindade_v4_20260718_220604/projeto/inbox_trindade/pesqele_body.txt: Can't follow symlink without -L/--copy-links
2026/08/09 09:23:53 NOTICE: Backups/rotacao_trindade_v4_20260718_220604/projeto/inbox_trindade/scraper_tse4.js: Can't follow symlink without -L/--copy-links
2026/08/09 09:23:53 NOTICE: Backups/rotacao_trindade_v4_20260718_220604/projeto/inbox_trindade/scraper_tse_paginator.js: Can't follow symlink without -L/--copy-links
2026/08/09 09:23:53 NOTICE: Backups/rotacao_trindade_v4_20260718_220604/projeto/inbox_trindade/materia_eidas_diagramada.pdf: Can't follow symlink without -L/--copy-links
2026/08/09 09:23:53 NOTICE: Backups/rotacao_trindade_v4_20260718_220604/projeto/inbox_trindade/parser_tse.js: Can't follow symlink without -L/--copy-links
2026/08/09 09:23:53 NOTICE: Backups/rotacao_trindade_v4_20260718_220604/projeto/inbox_trindade/materia_eidas_20260630.md: Can't follow symlink without -L/--copy-links
2026/08/09 09:23:53 NOTICE: Backups/rotacao_trindade_v4_20260718_220604/projeto/inbox_trindade/relatorio_pesquisas_2026.md: Can't follow symlink without -L/--copy-links
2026/08/09 09:23:53 NOTICE: Backups/rotacao_trindade_v4_20260718_220604/projeto/inbox_trindade/scraper_tse_isolated.js: Can't follow symlink without -L/--copy-links
2026/08/09 09:23:53 NOTICE: Backups/rotacao_trindade_v4_20260718_220604/projeto/inbox_trindade/scraper_tse_modals.js: Can't follow symlink without -L/--copy-links
2026/08/09 09:23:53 NOTICE: Backups/rotacao_trindade_v4_20260718_220604/projeto/inbox_trindade/scraper_tse_fast.js: Can't follow symlink without -L/--copy-links
2026/08/09 09:23:53 NOTICE: Backups/rotacao_trindade_v4_20260718_220604/projeto/inbox_trindade/antigravity_desktop.md: Can't follow symlink without -L/--copy-links
2026/08/09 09:23:53 NOTICE: Backups/rotacao_trindade_v4_20260718_220604/projeto/inbox_trindade/scraper_tse_modals3.js: Can't follow symlink without -L/--copy-links
2026/08/09 09:23:53 NOTICE: Backups/rotacao_trindade_v4_20260718_220604/projeto/inbox_trindade/pesqele_results.png: Can't follow symlink without -L/--copy-links
2026/08/09 09:23:53 NOTICE: Backups/rotacao_trindade_v4_20260718_220604/projeto/inbox_trindade/grok_coding.md: Can't follow symlink without -L/--copy-links
2026/08/09 09:23:53 NOTICE: Backups/rotacao_trindade_v4_20260718_220604/projeto/inbox_trindade/miguel.md: Can't follow symlink without -L/--copy-links
2026/08/09 09:23:53 NOTICE: Backups/rotacao_trindade_v4_20260718_220604/projeto/inbox_trindade/scraper_tse_full.js: Can't follow symlink without -L/--copy-links
2026/08/09 09:23:53 NOTICE: Backups/rotacao_trindade_v4_20260718_220604/projeto/inbox_trindade/glm_coding.md: Can't follow symlink without -L/--copy-links
2026/08/09 09:23:53 NOTICE: Backups/rotacao_trindade_v4_20260718_220604/projeto/inbox_trindade/parser_tse_quaest_fixed.js: Can't follow symlink without -L/--copy-links
2026/08/09 09:23:53 NOTICE: Backups/rotacao_trindade_v4_20260718_220604/projeto/inbox_trindade/scraper_tse5.js: Can't follow symlink without -L/--copy-links
2026/08/09 09:23:53 NOTICE: Backups/rotacao_trindade_v4_20260718_220604/projeto/inbox_trindade/parser_tse_quaest.js: Can't follow symlink without -L/--copy-links
2026/08/09 09:23:53 NOTICE: Backups/rotacao_trindade_v4_20260718_220604/projeto/inbox_trindade/gerar_pdfs.py: Can't follow symlink without -L/--copy-links
2026/08/09 09:23:53 NOTICE: Backups/rotacao_trindade_v4_20260718_220604/projeto/inbox_trindade/materia_eidas_diagramada.html: Can't follow symlink without -L/--copy-links
2026/08/09 09:23:53 NOTICE: Backups/rotacao_trindade_v4_20260718_220604/projeto/inbox_trindade/pesqele_results_body.txt: Can't follow symlink without -L/--copy-links
2026/08/09 09:23:53 NOTICE: Backups/rotacao_trindade_v4_20260718_220604/projeto/inbox_trindade/pesquisas_tse_2026_todas.json: Can't follow symlink without -L/--copy-links
2026/08/09 09:23:53 NOTICE: Backups/rotacao_trindade_v4_20260718_220604/projeto/inbox_trindade/pesquisas_tse_2026_raw_modals.json: Can't follow symlink without -L/--copy-links
2026/08/09 09:23:53 NOTICE: Backups/rotacao_trindade_v4_20260718_220604/projeto/inbox_trindade/scraper_tse.js: Can't follow symlink without -L/--copy-links
2026/08/09 09:23:53 NOTICE: Backups/rotacao_trindade_v4_20260718_220604/projeto/inbox_trindade/detalhar_page.txt: Can't follow symlink without -L/--copy-links
2026/08/09 09:23:53 NOTICE: Backups/rotacao_trindade_v4_20260718_220604/projeto/inbox_trindade/apresentacao_eidas.html: Can't follow symlink without -L/--copy-links
2026/08/09 09:23:53 NOTICE: Backups/rotacao_trindade_v4_20260718_220604/projeto/inbox_trindade/pesqele_html.txt: Can't follow symlink without -L/--copy-links
2026/08/09 09:23:53 NOTICE: Backups/rotacao_trindade_v4_20260718_220604/projeto/inbox_trindade/vibe_mistral_cli.md: Can't follow symlink without -L/--copy-links
2026/08/09 09:23:53 NOTICE: Backups/rotacao_trindade_v4_20260718_220604/projeto/inbox_trindade/pesqele_data.json: Can't follow symlink without -L/--copy-links
2026/08/09 09:23:53 NOTICE: Backups/rotacao_trindade_v4_20260718_220604/projeto/inbox_trindade/find_institutes.js: Can't follow symlink without -L/--copy-links
2026/08/09 09:23:53 NOTICE: Backups/rotacao_trindade_v4_20260718_220604/projeto/inbox_trindade/scraper_tse3.js: Can't follow symlink without -L/--copy-links
2026/08/09 09:23:53 NOTICE: Backups/rotacao_trindade_v4_20260718_220604/projeto/inbox_trindade/pesqele_form_html.txt: Can't follow symlink without -L/--copy-links
2026/08/09 09:23:54 NOTICE: Foruns/v4_labs_espelhos/contratos_v4_gsn_espelho_ingles_v1.md: Can't follow symlink without -L/--copy-links
2026/08/09 09:23:54 NOTICE: Foruns/v4_labs_espelhos/contratos_v4_cultura_v1.md: Can't follow symlink without -L/--copy-links
2026/08/09 09:23:54 NOTICE: Foruns/v4_labs_espelhos/v4_memoria_carta_gpt56pro_autocura_imagens_v4_20260714.md: Can't follow symlink without -L/--copy-links
2026/08/09 09:23:54 NOTICE: Foruns/v4_labs_espelhos/v4_memoria_forum_retomada_v4_imagens_drafts_20260716.md: Can't follow symlink without -L/--copy-links
2026/08/09 09:23:54 NOTICE: Foruns/v4_labs_espelhos/labs_forum_autocura_imagens_v4_20260714.md: Can't follow symlink without -L/--copy-links
2026/08/09 09:23:54 NOTICE: Foruns/v4_labs_espelhos/contratos_v4_ciencia_tecnologia_ia_v1.md: Can't follow symlink without -L/--copy-links
2026/08/09 09:23:54 NOTICE: Foruns/v4_labs_espelhos/v4_memoria_forum_autocura_imagens_v4_20260714.md: Can't follow symlink without -L/--copy-links
2026/08/09 09:23:54 NOTICE: Foruns/v4_labs_espelhos/labs_MANIFESTO.md: Can't follow symlink without -L/--copy-links
2026/08/09 09:23:54 NOTICE: Foruns/v4_labs_espelhos/contratos_v4_internacional_v1.md: Can't follow symlink without -L/--copy-links
2026/08/09 09:23:54 NOTICE: Foruns/v4_labs_espelhos/contratos_v4_nucleo_editorial_comum_v1.md: Can't follow symlink without -L/--copy-links
2026/08/09 09:23:54 NOTICE: Foruns/v4_labs_espelhos/contratos_v4_nucleo_editorial_comum_v2.md: Can't follow symlink without -L/--copy-links
2026/08/09 09:23:54 NOTICE: Foruns/v4_labs_espelhos/v4_memoria_MANIFESTO_PATCH_GPT56PRO_20260714.md: Can't follow symlink without -L/--copy-links
2026/08/09 09:23:54 NOTICE: Foruns/v4_labs_espelhos/contratos_v4_nucleo_editorial_redacao_v1.md: Can't follow symlink without -L/--copy-links
2026/08/09 09:23:54 NOTICE: Foruns/v4_labs_espelhos/v4_memoria_forum_arquitetura_cafezinho_media_group_v4_20260715.md: Can't follow symlink without -L/--copy-links
2026/08/09 09:23:54 NOTICE: Foruns/v4_labs_espelhos/contratos_v4_repetidor_v1.md: Can't follow symlink without -L/--copy-links
2026/08/09 09:23:54 NOTICE: Foruns/v4_labs_espelhos/contratos_forum_v4_qualidade_editorial_ciencia_ia_20260712.md: Can't follow symlink without -L/--copy-links
2026/08/09 09:23:54 NOTICE: Foruns/v4_labs_espelhos/v4_memoria_forum_retomada_v4_imagens_drafts_20260716_run14.md: Can't follow symlink without -L/--copy-links
2026/08/09 09:23:54 NOTICE: Foruns/v4_labs_espelhos/v4_memoria_forum_imagens_261602_20260714.md: Can't follow symlink without -L/--copy-links
2026/08/09 09:23:54 NOTICE: Foruns/v4_labs_espelhos/contratos_v4_politica_economia_v1.md: Can't follow symlink without -L/--copy-links
2026/08/09 09:23:54 NOTICE: Foruns/v4_labs_espelhos/v4_memoria_forum_retomada_v4_imagens_drafts_20260716_run6.md: Can't follow symlink without -L/--copy-links
2026/08/09 09:23:54 NOTICE: Foruns/v4_labs_espelhos/v4_memoria_forum_retomada_v4_imagens_drafts_20260716_run11.md: Can't follow symlink without -L/--copy-links
2026/08/09 09:23:54 NOTICE: Foruns/v4_labs_espelhos/v4_memoria_forum_resposta_gpt56pro_autocura_imagens_v4_20260714.md: Can't follow symlink without -L/--copy-links
2026/08/09 09:23:54 NOTICE: Foruns/v4_labs_espelhos/v4_memoria_forum_retomada_v4_imagens_drafts_20260716_run9.md: Can't follow symlink without -L/--copy-links
2026/08/09 09:23:55 NOTICE: Backups/backup_cerebro_20260728_164635/Foruns/v4_labs_espelhos/contratos_v4_gsn_espelho_ingles_v1.md: Can't follow symlink without -L/--copy-links
2026/08/09 09:23:55 NOTICE: Backups/backup_cerebro_20260728_164635/Foruns/v4_labs_espelhos/contratos_v4_cultura_v1.md: Can't follow symlink without -L/--copy-links
2026/08/09 09:23:55 NOTICE: Backups/backup_cerebro_20260728_164635/Foruns/v4_labs_espelhos/v4_memoria_carta_gpt56pro_autocura_imagens_v4_20260714.md: Can't follow symlink without -L/--copy-links
2026/08/09 09:23:55 NOTICE: Backups/backup_cerebro_20260728_164635/Foruns/v4_labs_espelhos/v4_memoria_forum_retomada_v4_imagens_drafts_20260716.md: Can't follow symlink without -L/--copy-links
2026/08/09 09:23:55 NOTICE: Backups/backup_cerebro_20260728_164635/Foruns/v4_labs_espelhos/labs_forum_autocura_imagens_v4_20260714.md: Can't follow symlink without -L/--copy-links
2026/08/09 09:23:55 NOTICE: Backups/backup_cerebro_20260728_164635/Foruns/v4_labs_espelhos/contratos_v4_ciencia_tecnologia_ia_v1.md: Can't follow symlink without -L/--copy-links
2026/08/09 09:23:55 NOTICE: Backups/backup_cerebro_20260728_164635/Foruns/v4_labs_espelhos/v4_memoria_forum_autocura_imagens_v4_20260714.md: Can't follow symlink without -L/--copy-links
2026/08/09 09:23:55 NOTICE: Backups/backup_cerebro_20260728_164635/Foruns/v4_labs_espelhos/labs_MANIFESTO.md: Can't follow symlink without -L/--copy-links
2026/08/09 09:23:55 NOTICE: Backups/backup_cerebro_20260728_164635/Foruns/v4_labs_espelhos/contratos_v4_internacional_v1.md: Can't follow symlink without -L/--copy-links
2026/08/09 09:23:55 NOTICE: Backups/backup_cerebro_20260728_164635/Foruns/v4_labs_espelhos/contratos_v4_nucleo_editorial_comum_v1.md: Can't follow symlink without -L/--copy-links
2026/08/09 09:23:55 NOTICE: Backups/backup_cerebro_20260728_164635/Foruns/v4_labs_espelhos/contratos_v4_nucleo_editorial_comum_v2.md: Can't follow symlink without -L/--copy-links
2026/08/09 09:23:55 NOTICE: Backups/backup_cerebro_20260728_164635/Foruns/v4_labs_espelhos/v4_memoria_MANIFESTO_PATCH_GPT56PRO_20260714.md: Can't follow symlink without -L/--copy-links
2026/08/09 09:23:55 NOTICE: Backups/backup_cerebro_20260728_164635/Foruns/v4_labs_espelhos/contratos_v4_nucleo_editorial_redacao_v1.md: Can't follow symlink without -L/--copy-links
2026/08/09 09:23:55 NOTICE: Backups/backup_cerebro_20260728_164635/Foruns/v4_labs_espelhos/v4_memoria_forum_arquitetura_cafezinho_media_group_v4_20260715.md: Can't follow symlink without -L/--copy-links
2026/08/09 09:23:55 NOTICE: Backups/backup_cerebro_20260728_164635/Foruns/v4_labs_espelhos/contratos_v4_repetidor_v1.md: Can't follow symlink without -L/--copy-links
2026/08/09 09:23:55 NOTICE: Backups/backup_cerebro_20260728_164635/Foruns/v4_labs_espelhos/contratos_forum_v4_qualidade_editorial_ciencia_ia_20260712.md: Can't follow symlink without -L/--copy-links
2026/08/09 09:23:55 NOTICE: Backups/backup_cerebro_20260728_164635/Foruns/v4_labs_espelhos/v4_memoria_forum_retomada_v4_imagens_drafts_20260716_run14.md: Can't follow symlink without -L/--copy-links
2026/08/09 09:23:55 NOTICE: Backups/backup_cerebro_20260728_164635/Foruns/v4_labs_espelhos/v4_memoria_forum_imagens_261602_20260714.md: Can't follow symlink without -L/--copy-links
2026/08/09 09:23:55 NOTICE: Backups/backup_cerebro_20260728_164635/Foruns/v4_labs_espelhos/contratos_v4_politica_economia_v1.md: Can't follow symlink without -L/--copy-links
2026/08/09 09:23:55 NOTICE: Backups/backup_cerebro_20260728_164635/Foruns/v4_labs_espelhos/v4_memoria_forum_retomada_v4_imagens_drafts_20260716_run6.md: Can't follow symlink without -L/--copy-links
2026/08/09 09:23:55 NOTICE: Backups/backup_cerebro_20260728_164635/Foruns/v4_labs_espelhos/v4_memoria_forum_retomada_v4_imagens_drafts_20260716_run11.md: Can't follow symlink without -L/--copy-links
2026/08/09 09:23:55 NOTICE: Backups/backup_cerebro_20260728_164635/Foruns/v4_labs_espelhos/v4_memoria_forum_resposta_gpt56pro_autocura_imagens_v4_20260714.md: Can't follow symlink without -L/--copy-links
2026/08/09 09:23:55 NOTICE: Backups/backup_cerebro_20260728_164635/Foruns/v4_labs_espelhos/v4_memoria_forum_retomada_v4_imagens_drafts_20260716_run9.md: Can't follow symlink without -L/--copy-links
2026/08/09 09:23:56 ERROR : Attempt 2/3 failed with 1 errors and: Post "https://pod-050-1042-11.backblaze.com/b2api/v1/b2_upload_file/52db1d94c81adac39aff0d1e/c005_v0501042_t0033": can't copy - source file is being updated (size changed from 594663 to 594836)
2026/08/09 09:23:57 NOTICE: Backups/limpeza_comunicacao_reforma_v4_20260717_131257/inbox_trindade_antes/antigravity_desktop.md: Can't follow symlink without -L/--copy-links
2026/08/09 09:23:57 NOTICE: Backups/reforma_v4_abertura_sprint_20260717_1042/inbox_trindade_antes_da_limpeza/antigravity_desktop.md: Can't follow symlink without -L/--copy-links
2026/08/09 09:23:57 ERROR : backup_total_2026/logs/B2-11.log: Failed to copy: Post "https://pod-050-1047-17.backblaze.com/b2api/v1/b2_upload_file/52db1d94c81adac39aff0d1e/c005_v0501047_t0017": can't copy - source file is being updated (size changed from 614027 to 614378)
2026/08/09 09:23:58 NOTICE: Backups/rotacao_trindade_v4_20260718_220604/projeto/inbox_trindade/pesquisas_tse_2026_tabela.csv: Can't follow symlink without -L/--copy-links
2026/08/09 09:23:58 NOTICE: Backups/rotacao_trindade_v4_20260718_220604/projeto/inbox_trindade/pesquisas_tse_2026_detalhes.json: Can't follow symlink without -L/--copy-links
2026/08/09 09:23:58 NOTICE: Backups/rotacao_trindade_v4_20260718_220604/projeto/inbox_trindade/pesqele_results_html.txt: Can't follow symlink without -L/--copy-links
2026/08/09 09:23:58 NOTICE: Backups/rotacao_trindade_v4_20260718_220604/projeto/inbox_trindade/publicar_pagina_direitos.py: Can't follow symlink without -L/--copy-links
2026/08/09 09:23:58 NOTICE: Backups/rotacao_trindade_v4_20260718_220604/projeto/inbox_trindade/test_quaest.js: Can't follow symlink without -L/--copy-links
2026/08/09 09:23:58 NOTICE: Backups/rotacao_trindade_v4_20260718_220604/projeto/inbox_trindade/pesquisas_tse_2026_todas_br.json: Can't follow symlink without -L/--copy-links
2026/08/09 09:23:58 NOTICE: Backups/rotacao_trindade_v4_20260718_220604/projeto/inbox_trindade/scraper_tse6.js: Can't follow symlink without -L/--copy-links
2026/08/09 09:23:58 NOTICE: Backups/rotacao_trindade_v4_20260718_220604/projeto/inbox_trindade/scraper_tse_custos.js: Can't follow symlink without -L/--copy-links
2026/08/09 09:23:58 NOTICE: Backups/rotacao_trindade_v4_20260718_220604/projeto/inbox_trindade/apresentacao_eidas.pdf: Can't follow symlink without -L/--copy-links
2026/08/09 09:23:58 NOTICE: Backups/rotacao_trindade_v4_20260718_220604/projeto/inbox_trindade/qwen_coding.md: Can't follow symlink without -L/--copy-links
2026/08/09 09:23:58 NOTICE: Backups/rotacao_trindade_v4_20260718_220604/projeto/inbox_trindade/pesqele_search_html.txt: Can't follow symlink without -L/--copy-links
2026/08/09 09:23:58 NOTICE: Backups/rotacao_trindade_v4_20260718_220604/projeto/inbox_trindade/pesqele_search_body.txt: Can't follow symlink without -L/--copy-links
2026/08/09 09:23:58 NOTICE: Backups/rotacao_trindade_v4_20260718_220604/projeto/inbox_trindade/scraper_tse_form.js: Can't follow symlink without -L/--copy-links
2026/08/09 09:23:58 NOTICE: Backups/rotacao_trindade_v4_20260718_220604/projeto/inbox_trindade/scraper_tse2.js: Can't follow symlink without -L/--copy-links
2026/08/09 09:23:58 NOTICE: Backups/rotacao_trindade_v4_20260718_220604/projeto/inbox_trindade/ming.md: Can't follow symlink without -L/--copy-links
2026/08/09 09:23:58 NOTICE: Backups/rotacao_trindade_v4_20260718_220604/projeto/inbox_trindade/pesquisas_tse_2026_processadas.json: Can't follow symlink without -L/--copy-links
2026/08/09 09:23:58 NOTICE: Backups/rotacao_trindade_v4_20260718_220604/projeto/inbox_trindade/resumo_pesquisas.json: Can't follow symlink without -L/--copy-links
2026/08/09 09:23:58 NOTICE: Backups/rotacao_trindade_v4_20260718_220604/projeto/inbox_trindade/pedido_ponto_de_retomada_20260628.md: Can't follow symlink without -L/--copy-links
2026/08/09 09:23:58 NOTICE: Backups/rotacao_trindade_v4_20260718_220604/projeto/inbox_trindade/scraper_tse_modals2.js: Can't follow symlink without -L/--copy-links
2026/08/09 09:23:58 NOTICE: Backups/rotacao_trindade_v4_20260718_220604/projeto/inbox_trindade/scraper_tse_todas_br.js: Can't follow symlink without -L/--copy-links
2026/08/09 09:23:58 NOTICE: Backups/rotacao_trindade_v4_20260718_220604/projeto/inbox_trindade/detalhar_page_html.txt: Can't follow symlink without -L/--copy-links
2026/08/09 09:23:58 NOTICE: Backups/rotacao_trindade_v4_20260718_220604/projeto/inbox_trindade/pesquisas_tse_2026.json: Can't follow symlink without -L/--copy-links
2026/08/09 09:23:58 NOTICE: Backups/rotacao_trindade_v4_20260718_220604/projeto/inbox_trindade/package.json: Can't follow symlink without -L/--copy-links
2026/08/09 09:23:58 NOTICE: Backups/rotacao_trindade_v4_20260718_220604/projeto/inbox_trindade/analise_ipca15_junho2026.md: Can't follow symlink without -L/--copy-links
2026/08/09 09:23:58 NOTICE: Backups/rotacao_trindade_v4_20260718_220604/projeto/inbox_trindade/package-lock.json: Can't follow symlink without -L/--copy-links
2026/08/09 09:23:58 NOTICE: Backups/rotacao_trindade_v4_20260718_220604/projeto/inbox_trindade/README.md: Can't follow symlink without -L/--copy-links
2026/08/09 09:23:58 NOTICE: Backups/rotacao_trindade_v4_20260718_220604/projeto/inbox_trindade/scraper_tse_detalhar_test.js: Can't follow symlink without -L/--copy-links
2026/08/09 09:23:58 NOTICE: Backups/rotacao_trindade_v4_20260718_220604/projeto/inbox_trindade/quaest_ipec.json: Can't follow symlink without -L/--copy-links
2026/08/09 09:23:58 NOTICE: Backups/rotacao_trindade_v4_20260718_220604/projeto/inbox_trindade/pesqele_home.png: Can't follow symlink without -L/--copy-links
2026/08/09 09:23:58 NOTICE: Backups/rotacao_trindade_v4_20260718_220604/projeto/inbox_trindade/scraper_tse_detalhes.js: Can't follow symlink without -L/--copy-links
2026/08/09 09:23:58 NOTICE: Backups/rotacao_trindade_v4_20260718_220604/projeto/inbox_trindade/pesquisas_tse_2026_full.json: Can't follow symlink without -L/--copy-links
2026/08/09 09:23:58 NOTICE: Backups/rotacao_trindade_v4_20260718_220604/projeto/inbox_trindade/pesqele_search.png: Can't follow symlink without -L/--copy-links
2026/08/09 09:23:58 NOTICE: Backups/rotacao_trindade_v4_20260718_220604/projeto/inbox_trindade/agy_cli.md: Can't follow symlink without -L/--copy-links
2026/08/09 09:23:58 NOTICE: Backups/rotacao_trindade_v4_20260718_220604/projeto/inbox_trindade/pesqele_body.txt: Can't follow symlink without -L/--copy-links
2026/08/09 09:23:58 NOTICE: Backups/rotacao_trindade_v4_20260718_220604/projeto/inbox_trindade/scraper_tse4.js: Can't follow symlink without -L/--copy-links
2026/08/09 09:23:58 NOTICE: Backups/rotacao_trindade_v4_20260718_220604/projeto/inbox_trindade/scraper_tse_paginator.js: Can't follow symlink without -L/--copy-links
2026/08/09 09:23:58 NOTICE: Backups/rotacao_trindade_v4_20260718_220604/projeto/inbox_trindade/materia_eidas_diagramada.pdf: Can't follow symlink without -L/--copy-links
2026/08/09 09:23:58 NOTICE: Backups/rotacao_trindade_v4_20260718_220604/projeto/inbox_trindade/parser_tse.js: Can't follow symlink without -L/--copy-links
2026/08/09 09:23:58 NOTICE: Backups/rotacao_trindade_v4_20260718_220604/projeto/inbox_trindade/materia_eidas_20260630.md: Can't follow symlink without -L/--copy-links
2026/08/09 09:23:58 NOTICE: Backups/rotacao_trindade_v4_20260718_220604/projeto/inbox_trindade/relatorio_pesquisas_2026.md: Can't follow symlink without -L/--copy-links
2026/08/09 09:23:58 NOTICE: Backups/rotacao_trindade_v4_20260718_220604/projeto/inbox_trindade/scraper_tse_isolated.js: Can't follow symlink without -L/--copy-links
2026/08/09 09:23:58 NOTICE: Backups/rotacao_trindade_v4_20260718_220604/projeto/inbox_trindade/scraper_tse_modals.js: Can't follow symlink without -L/--copy-links
2026/08/09 09:23:58 NOTICE: Backups/rotacao_trindade_v4_20260718_220604/projeto/inbox_trindade/scraper_tse_fast.js: Can't follow symlink without -L/--copy-links
2026/08/09 09:23:58 NOTICE: Backups/rotacao_trindade_v4_20260718_220604/projeto/inbox_trindade/antigravity_desktop.md: Can't follow symlink without -L/--copy-links
2026/08/09 09:23:58 NOTICE: Backups/rotacao_trindade_v4_20260718_220604/projeto/inbox_trindade/scraper_tse_modals3.js: Can't follow symlink without -L/--copy-links
2026/08/09 09:23:58 NOTICE: Backups/rotacao_trindade_v4_20260718_220604/projeto/inbox_trindade/pesqele_results.png: Can't follow symlink without -L/--copy-links
2026/08/09 09:23:58 NOTICE: Backups/rotacao_trindade_v4_20260718_220604/projeto/inbox_trindade/grok_coding.md: Can't follow symlink without -L/--copy-links
2026/08/09 09:23:58 NOTICE: Backups/rotacao_trindade_v4_20260718_220604/projeto/inbox_trindade/miguel.md: Can't follow symlink without -L/--copy-links
2026/08/09 09:23:58 NOTICE: Backups/rotacao_trindade_v4_20260718_220604/projeto/inbox_trindade/scraper_tse_full.js: Can't follow symlink without -L/--copy-links
2026/08/09 09:23:58 NOTICE: Backups/rotacao_trindade_v4_20260718_220604/projeto/inbox_trindade/glm_coding.md: Can't follow symlink without -L/--copy-links
2026/08/09 09:23:58 NOTICE: Backups/rotacao_trindade_v4_20260718_220604/projeto/inbox_trindade/parser_tse_quaest_fixed.js: Can't follow symlink without -L/--copy-links
2026/08/09 09:23:58 NOTICE: Backups/rotacao_trindade_v4_20260718_220604/projeto/inbox_trindade/scraper_tse5.js: Can't follow symlink without -L/--copy-links
2026/08/09 09:23:58 NOTICE: Backups/rotacao_trindade_v4_20260718_220604/projeto/inbox_trindade/parser_tse_quaest.js: Can't follow symlink without -L/--copy-links
2026/08/09 09:23:58 NOTICE: Backups/rotacao_trindade_v4_20260718_220604/projeto/inbox_trindade/gerar_pdfs.py: Can't follow symlink without -L/--copy-links
2026/08/09 09:23:58 NOTICE: Backups/rotacao_trindade_v4_20260718_220604/projeto/inbox_trindade/materia_eidas_diagramada.html: Can't follow symlink without -L/--copy-links
2026/08/09 09:23:58 NOTICE: Backups/rotacao_trindade_v4_20260718_220604/projeto/inbox_trindade/pesqele_results_body.txt: Can't follow symlink without -L/--copy-links
2026/08/09 09:23:58 NOTICE: Backups/rotacao_trindade_v4_20260718_220604/projeto/inbox_trindade/pesquisas_tse_2026_todas.json: Can't follow symlink without -L/--copy-links
2026/08/09 09:23:58 NOTICE: Backups/rotacao_trindade_v4_20260718_220604/projeto/inbox_trindade/pesquisas_tse_2026_raw_modals.json: Can't follow symlink without -L/--copy-links
2026/08/09 09:23:58 NOTICE: Backups/rotacao_trindade_v4_20260718_220604/projeto/inbox_trindade/scraper_tse.js: Can't follow symlink without -L/--copy-links
2026/08/09 09:23:58 NOTICE: Backups/rotacao_trindade_v4_20260718_220604/projeto/inbox_trindade/detalhar_page.txt: Can't follow symlink without -L/--copy-links
2026/08/09 09:23:58 NOTICE: Backups/rotacao_trindade_v4_20260718_220604/projeto/inbox_trindade/apresentacao_eidas.html: Can't follow symlink without -L/--copy-links
2026/08/09 09:23:58 NOTICE: Backups/rotacao_trindade_v4_20260718_220604/projeto/inbox_trindade/pesqele_html.txt: Can't follow symlink without -L/--copy-links
2026/08/09 09:23:58 NOTICE: Backups/rotacao_trindade_v4_20260718_220604/projeto/inbox_trindade/vibe_mistral_cli.md: Can't follow symlink without -L/--copy-links
2026/08/09 09:23:58 NOTICE: Backups/rotacao_trindade_v4_20260718_220604/projeto/inbox_trindade/pesqele_data.json: Can't follow symlink without -L/--copy-links
2026/08/09 09:23:58 NOTICE: Backups/rotacao_trindade_v4_20260718_220604/projeto/inbox_trindade/find_institutes.js: Can't follow symlink without -L/--copy-links
2026/08/09 09:23:58 NOTICE: Backups/rotacao_trindade_v4_20260718_220604/projeto/inbox_trindade/scraper_tse3.js: Can't follow symlink without -L/--copy-links
2026/08/09 09:23:58 NOTICE: Backups/rotacao_trindade_v4_20260718_220604/projeto/inbox_trindade/pesqele_form_html.txt: Can't follow symlink without -L/--copy-links
2026/08/09 09:23:59 NOTICE: Foruns/v4_labs_espelhos/contratos_v4_gsn_espelho_ingles_v1.md: Can't follow symlink without -L/--copy-links
2026/08/09 09:23:59 NOTICE: Foruns/v4_labs_espelhos/contratos_v4_cultura_v1.md: Can't follow symlink without -L/--copy-links
2026/08/09 09:23:59 NOTICE: Foruns/v4_labs_espelhos/v4_memoria_carta_gpt56pro_autocura_imagens_v4_20260714.md: Can't follow symlink without -L/--copy-links
2026/08/09 09:23:59 NOTICE: Foruns/v4_labs_espelhos/v4_memoria_forum_retomada_v4_imagens_drafts_20260716.md: Can't follow symlink without -L/--copy-links
2026/08/09 09:23:59 NOTICE: Foruns/v4_labs_espelhos/labs_forum_autocura_imagens_v4_20260714.md: Can't follow symlink without -L/--copy-links
2026/08/09 09:23:59 NOTICE: Foruns/v4_labs_espelhos/contratos_v4_ciencia_tecnologia_ia_v1.md: Can't follow symlink without -L/--copy-links
2026/08/09 09:23:59 NOTICE: Foruns/v4_labs_espelhos/v4_memoria_forum_autocura_imagens_v4_20260714.md: Can't follow symlink without -L/--copy-links
2026/08/09 09:23:59 NOTICE: Foruns/v4_labs_espelhos/labs_MANIFESTO.md: Can't follow symlink without -L/--copy-links
2026/08/09 09:23:59 NOTICE: Foruns/v4_labs_espelhos/contratos_v4_internacional_v1.md: Can't follow symlink without -L/--copy-links
2026/08/09 09:23:59 NOTICE: Foruns/v4_labs_espelhos/contratos_v4_nucleo_editorial_comum_v1.md: Can't follow symlink without -L/--copy-links
2026/08/09 09:23:59 NOTICE: Foruns/v4_labs_espelhos/contratos_v4_nucleo_editorial_comum_v2.md: Can't follow symlink without -L/--copy-links
2026/08/09 09:23:59 NOTICE: Foruns/v4_labs_espelhos/v4_memoria_MANIFESTO_PATCH_GPT56PRO_20260714.md: Can't follow symlink without -L/--copy-links
2026/08/09 09:23:59 NOTICE: Foruns/v4_labs_espelhos/contratos_v4_nucleo_editorial_redacao_v1.md: Can't follow symlink without -L/--copy-links
2026/08/09 09:23:59 NOTICE: Foruns/v4_labs_espelhos/v4_memoria_forum_arquitetura_cafezinho_media_group_v4_20260715.md: Can't follow symlink without -L/--copy-links
2026/08/09 09:23:59 NOTICE: Foruns/v4_labs_espelhos/contratos_v4_repetidor_v1.md: Can't follow symlink without -L/--copy-links
2026/08/09 09:23:59 NOTICE: Foruns/v4_labs_espelhos/contratos_forum_v4_qualidade_editorial_ciencia_ia_20260712.md: Can't follow symlink without -L/--copy-links
2026/08/09 09:23:59 NOTICE: Foruns/v4_labs_espelhos/v4_memoria_forum_retomada_v4_imagens_drafts_20260716_run14.md: Can't follow symlink without -L/--copy-links
2026/08/09 09:23:59 NOTICE: Foruns/v4_labs_espelhos/v4_memoria_forum_imagens_261602_20260714.md: Can't follow symlink without -L/--copy-links
2026/08/09 09:23:59 NOTICE: Foruns/v4_labs_espelhos/contratos_v4_politica_economia_v1.md: Can't follow symlink without -L/--copy-links
2026/08/09 09:23:59 NOTICE: Foruns/v4_labs_espelhos/v4_memoria_forum_retomada_v4_imagens_drafts_20260716_run6.md: Can't follow symlink without -L/--copy-links
2026/08/09 09:23:59 NOTICE: Foruns/v4_labs_espelhos/v4_memoria_forum_retomada_v4_imagens_drafts_20260716_run11.md: Can't follow symlink without -L/--copy-links
2026/08/09 09:23:59 NOTICE: Foruns/v4_labs_espelhos/v4_memoria_forum_resposta_gpt56pro_autocura_imagens_v4_20260714.md: Can't follow symlink without -L/--copy-links
2026/08/09 09:23:59 NOTICE: Foruns/v4_labs_espelhos/v4_memoria_forum_retomada_v4_imagens_drafts_20260716_run9.md: Can't follow symlink without -L/--copy-links
2026/08/09 09:23:59 NOTICE: Backups/backup_cerebro_20260728_164635/Foruns/v4_labs_espelhos/contratos_v4_gsn_espelho_ingles_v1.md: Can't follow symlink without -L/--copy-links
2026/08/09 09:23:59 NOTICE: Backups/backup_cerebro_20260728_164635/Foruns/v4_labs_espelhos/contratos_v4_cultura_v1.md: Can't follow symlink without -L/--copy-links
2026/08/09 09:23:59 NOTICE: Backups/backup_cerebro_20260728_164635/Foruns/v4_labs_espelhos/v4_memoria_carta_gpt56pro_autocura_imagens_v4_20260714.md: Can't follow symlink without -L/--copy-links
2026/08/09 09:23:59 NOTICE: Backups/backup_cerebro_20260728_164635/Foruns/v4_labs_espelhos/v4_memoria_forum_retomada_v4_imagens_drafts_20260716.md: Can't follow symlink without -L/--copy-links
2026/08/09 09:23:59 NOTICE: Backups/backup_cerebro_20260728_164635/Foruns/v4_labs_espelhos/labs_forum_autocura_imagens_v4_20260714.md: Can't follow symlink without -L/--copy-links
2026/08/09 09:23:59 NOTICE: Backups/backup_cerebro_20260728_164635/Foruns/v4_labs_espelhos/contratos_v4_ciencia_tecnologia_ia_v1.md: Can't follow symlink without -L/--copy-links
2026/08/09 09:23:59 NOTICE: Backups/backup_cerebro_20260728_164635/Foruns/v4_labs_espelhos/v4_memoria_forum_autocura_imagens_v4_20260714.md: Can't follow symlink without -L/--copy-links
2026/08/09 09:23:59 NOTICE: Backups/backup_cerebro_20260728_164635/Foruns/v4_labs_espelhos/labs_MANIFESTO.md: Can't follow symlink without -L/--copy-links
2026/08/09 09:23:59 NOTICE: Backups/backup_cerebro_20260728_164635/Foruns/v4_labs_espelhos/contratos_v4_internacional_v1.md: Can't follow symlink without -L/--copy-links
2026/08/09 09:23:59 NOTICE: Backups/backup_cerebro_20260728_164635/Foruns/v4_labs_espelhos/contratos_v4_nucleo_editorial_comum_v1.md: Can't follow symlink without -L/--copy-links
2026/08/09 09:23:59 NOTICE: Backups/backup_cerebro_20260728_164635/Foruns/v4_labs_espelhos/contratos_v4_nucleo_editorial_comum_v2.md: Can't follow symlink without -L/--copy-links
2026/08/09 09:23:59 NOTICE: Backups/backup_cerebro_20260728_164635/Foruns/v4_labs_espelhos/v4_memoria_MANIFESTO_PATCH_GPT56PRO_20260714.md: Can't follow symlink without -L/--copy-links
2026/08/09 09:23:59 NOTICE: Backups/backup_cerebro_20260728_164635/Foruns/v4_labs_espelhos/contratos_v4_nucleo_editorial_redacao_v1.md: Can't follow symlink without -L/--copy-links
2026/08/09 09:23:59 NOTICE: Backups/backup_cerebro_20260728_164635/Foruns/v4_labs_espelhos/v4_memoria_forum_arquitetura_cafezinho_media_group_v4_20260715.md: Can't follow symlink without -L/--copy-links
2026/08/09 09:23:59 NOTICE: Backups/backup_cerebro_20260728_164635/Foruns/v4_labs_espelhos/contratos_v4_repetidor_v1.md: Can't follow symlink without -L/--copy-links
2026/08/09 09:23:59 NOTICE: Backups/backup_cerebro_20260728_164635/Foruns/v4_labs_espelhos/contratos_forum_v4_qualidade_editorial_ciencia_ia_20260712.md: Can't follow symlink without -L/--copy-links
2026/08/09 09:23:59 NOTICE: Backups/backup_cerebro_20260728_164635/Foruns/v4_labs_espelhos/v4_memoria_forum_retomada_v4_imagens_drafts_20260716_run14.md: Can't follow symlink without -L/--copy-links
2026/08/09 09:23:59 NOTICE: Backups/backup_cerebro_20260728_164635/Foruns/v4_labs_espelhos/v4_memoria_forum_imagens_261602_20260714.md: Can't follow symlink without -L/--copy-links
2026/08/09 09:23:59 NOTICE: Backups/backup_cerebro_20260728_164635/Foruns/v4_labs_espelhos/contratos_v4_politica_economia_v1.md: Can't follow symlink without -L/--copy-links
2026/08/09 09:23:59 NOTICE: Backups/backup_cerebro_20260728_164635/Foruns/v4_labs_espelhos/v4_memoria_forum_retomada_v4_imagens_drafts_20260716_run6.md: Can't follow symlink without -L/--copy-links
2026/08/09 09:23:59 NOTICE: Backups/backup_cerebro_20260728_164635/Foruns/v4_labs_espelhos/v4_memoria_forum_retomada_v4_imagens_drafts_20260716_run11.md: Can't follow symlink without -L/--copy-links
2026/08/09 09:23:59 NOTICE: Backups/backup_cerebro_20260728_164635/Foruns/v4_labs_espelhos/v4_memoria_forum_resposta_gpt56pro_autocura_imagens_v4_20260714.md: Can't follow symlink without -L/--copy-links
2026/08/09 09:23:59 NOTICE: Backups/backup_cerebro_20260728_164635/Foruns/v4_labs_espelhos/v4_memoria_forum_retomada_v4_imagens_drafts_20260716_run9.md: Can't follow symlink without -L/--copy-links
2026/08/09 09:24:01 ERROR : Attempt 3/3 failed with 1 errors and: Post "https://pod-050-1047-17.backblaze.com/b2api/v1/b2_upload_file/52db1d94c81adac39aff0d1e/c005_v0501047_t0017": can't copy - source file is being updated (size changed from 614027 to 614378)
2026/08/09 09:24:01 INFO  :   139.017 KiB / 139.017 KiB, 100%, 6.375 KiB/s, ETA 0s
2026/08/09 09:24:01 NOTICE: Failed to copy: Post "https://pod-050-1047-17.backblaze.com/b2api/v1/b2_upload_file/52db1d94c81adac39aff0d1e/c005_v0501047_t0017": can't copy - source file is being updated (size changed from 614027 to 614378)
