2026/08/05 19:02:48 INFO  : audios_processados/Clip 10_20260715_235158: Copied (new)
2026/08/05 19:02:49 INFO  : audios_processados/Clip 10_20260719_153223: Copied (new)
2026/08/05 19:02:49 INFO  : audios_processados/Clip 10_20260718_095230: Copied (new)
2026/08/05 19:02:49 INFO  : audios_processados/Clip 10: Copied (new)
2026/08/05 19:02:49 INFO  : audios_processados/Clip 10_20260718_004251: Copied (new)
2026/08/05 19:02:49 INFO  : audios_processados/Clip 10_20260718_023959: Copied (new)
2026/08/05 19:02:49 INFO  : audios_processados/Clip 10_20260718_212638: Copied (new)
2026/08/05 19:02:49 INFO  : audios_processados/Clip 10_20260718_165949: Copied (new)
2026/08/05 19:02:50 INFO  : audios_processados/Clip 10_20260720_133540: Copied (new)
2026/08/05 19:02:51 INFO  : audios_processados/Clip 10_20260722_123319: Copied (new)
2026/08/05 19:02:51 INFO  : audios_processados/Clip 10_20260722_180347: Copied (new)
2026/08/05 19:02:51 INFO  : audios_processados/Clip 10_20260722_155026: Copied (new)
2026/08/05 19:02:51 INFO  : audios_processados/Clip 10_20260723_120150: Copied (new)
2026/08/05 19:02:51 INFO  : audios_processados/Clip 10_20260723_021606: Copied (new)
2026/08/05 19:02:51 INFO  : audios_processados/Clip 10_20260726_130601: Copied (new)
2026/08/05 19:02:51 INFO  : audios_processados/Clip 10_20260723_231303: Copied (new)
2026/08/05 19:02:52 INFO  : audios_processados/Clip 10_20260726_145149: Copied (new)
2026/08/05 19:02:53 INFO  : audios_processados/Clip 10_20260728_114350: Copied (new)
2026/08/05 19:02:53 INFO  : audios_processados/Clip 10_20260726_185036: Copied (new)
2026/08/05 19:02:53 INFO  : audios_processados/Clip 10_20260801_115624: Copied (new)
2026/08/05 19:02:53 INFO  : audios_processados/Clip 10_20260727_152132: Copied (new)
2026/08/05 19:02:53 INFO  : audios_processados/Clip 10_20260804_144821: Copied (new)
2026/08/05 19:02:53 INFO  : audios_processados/Clip 10_20260803_160124: Copied (new)
2026/08/05 19:02:53 INFO  : audios_processados/Clip 10_20260730_121656: Copied (new)
2026/08/05 19:02:54 INFO  : audios_processados/Clip 10_20260805_000914: Copied (new)
2026/08/05 19:02:54 INFO  : audios_processados/Clip 11_20260716_000206: Copied (new)
2026/08/05 19:02:54 INFO  : audios_processados/Clip 10_20260805_111044: Copied (new)
2026/08/05 19:02:55 INFO  : audios_processados/Clip 11: Copied (new)
2026/08/05 19:02:55 INFO  : audios_processados/Clip 11_20260718_004533: Copied (new)
2026/08/05 19:02:55 INFO  : audios_processados/Clip 11_20260718_024433: Copied (new)
2026/08/05 19:02:55 INFO  : audios_processados/Clip 11_20260718_095457: Copied (new)
2026/08/05 19:02:55 INFO  : audios_processados/Clip 11_20260718_170853: Copied (new)
2026/08/05 19:02:56 INFO  : audios_processados/Clip 11_20260718_220827: Copied (new)
2026/08/05 19:02:56 INFO  : audios_processados/Clip 11_20260720_133832: Copied (new)
2026/08/05 19:02:56 INFO  : audios_processados/Clip 11_20260719_153319: Copied (new)
2026/08/05 19:02:57 INFO  : audios_processados/Clip 11_20260722_161230: Copied (new)
2026/08/05 19:02:57 INFO  : audios_processados/Clip 11_20260723_023627: Copied (new)
2026/08/05 19:02:57 INFO  : audios_processados/Clip 11_20260722_123847: Copied (new)
2026/08/05 19:02:57 INFO  : audios_processados/Clip 11_20260722_180755: Copied (new)
2026/08/05 19:02:57 INFO  : audios_processados/Clip 11_20260723_121843: Copied (new)
2026/08/05 19:02:58 INFO  : audios_processados/Clip 11_20260723_232157: Copied (new)
2026/08/05 19:02:58 INFO  : audios_processados/Clip 11_20260726_130852: Copied (new)
2026/08/05 19:02:59 INFO  : audios_processados/Clip 11_20260726_191213: Copied (new)
2026/08/05 19:02:59 INFO  : audios_processados/Clip 11_20260728_131600: Copied (new)
2026/08/05 19:03:00 INFO  : audios_processados/Clip 11_20260804_150129: Copied (new)
2026/08/05 19:03:25 INFO  : audios_processados/Clip 11_20260805_005155: Copied (new)
2026/08/05 19:03:27 INFO  : audios_processados/Clip 12: Copied (new)
2026/08/05 19:03:29 INFO  : audios_processados/Clip 11_20260803_160148: Copied (new)
2026/08/05 19:03:29 INFO  : audios_processados/Clip 11_20260726_150934: Copied (new)
2026/08/05 19:03:29 INFO  : audios_processados/Clip 11_20260805_111144: Copied (new)
2026/08/05 19:03:29 INFO  : audios_processados/Clip 12_20260718_004700: Copied (new)
2026/08/05 19:03:31 INFO  : audios_processados/Clip 11_20260730_124136: Copied (new)
2026/08/05 19:03:31 INFO  : audios_processados/Clip 11_20260801_120725: Copied (new)
2026/08/05 19:03:31 INFO  : audios_processados/Clip 11_20260727_152444: Copied (new)
2026/08/05 19:03:31 INFO  : audios_processados/Clip 12_20260716_001951: Copied (new)
2026/08/05 19:03:31 INFO  : audios_processados/Clip 12_20260718_180944: Copied (new)
2026/08/05 19:03:31 INFO  : audios_processados/Clip 12_20260718_033301: Copied (new)
2026/08/05 19:03:31 INFO  : audios_processados/Clip 12_20260718_224005: Copied (new)
2026/08/05 19:03:31 INFO  : audios_processados/Clip 12_20260718_095923: Copied (new)
2026/08/05 19:03:33 INFO  : audios_processados/Clip 12_20260719_154711: Copied (new)
2026/08/05 19:03:33 INFO  : audios_processados/Clip 12_20260722_181007: Copied (new)
2026/08/05 19:03:33 INFO  : audios_processados/Clip 12_20260722_124039: Copied (new)
2026/08/05 19:03:33 INFO  : audios_processados/Clip 12_20260723_030244: Copied (new)
2026/08/05 19:03:33 INFO  : audios_processados/Clip 12_20260724_003310: Copied (new)
2026/08/05 19:03:33 INFO  : audios_processados/Clip 12_20260723_122442: Copied (new)
2026/08/05 19:03:34 INFO  : audios_processados/Clip 12_20260726_131646: Copied (new)
2026/08/05 19:03:34 INFO  : audios_processados/Clip 12_20260720_134326: Copied (new)
2026/08/05 19:03:35 INFO  : audios_processados/Clip 12_20260726_191704: Copied (new)
2026/08/05 19:03:35 INFO  : audios_processados/Clip 12_20260726_151456: Copied (new)
2026/08/05 19:03:35 INFO  : audios_processados/Clip 12_20260728_132148: Copied (new)
2026/08/05 19:03:35 INFO  : audios_processados/Clip 12_20260801_120852: Copied (new)
2026/08/05 19:03:35 INFO  : audios_processados/Clip 12_20260730_153540: Copied (new)
2026/08/05 19:03:36 INFO  : audios_processados/Clip 12_20260803_161144: Copied (new)
2026/08/05 19:03:36 INFO  : audios_processados/Clip 12_20260727_152627: Copied (new)
2026/08/05 19:03:36 INFO  : audios_processados/Clip 12_20260805_005248: Copied (new)
2026/08/05 19:03:37 INFO  : audios_processados/Clip 12_20260805_123830: Copied (new)
2026/08/05 19:03:37 INFO  : audios_processados/Clip 13: Copied (new)
2026/08/05 19:03:37 INFO  : audios_processados/Clip 13_20260718_033752: Copied (new)
2026/08/05 19:03:37 INFO  : audios_processados/Clip 13_20260718_100040: Copied (new)
2026/08/05 19:03:38 INFO  : audios_processados/Clip 13_20260718_181426: Copied (new)
2026/08/05 19:03:38 INFO  : audios_processados/Clip 13_20260718_225857: Copied (new)
2026/08/05 19:03:39 INFO  : audios_processados/Clip 12_20260804_150511: Copied (new)
2026/08/05 19:03:39 INFO  : audios_processados/Clip 13_20260718_004731: Copied (new)
2026/08/05 19:03:39 INFO  : audios_processados/Clip 13_20260722_124317: Copied (new)
2026/08/05 19:03:39 INFO  : audios_processados/Clip 13_20260722_181101: Copied (new)
2026/08/05 19:03:40 INFO  : audios_processados/Clip 13_20260723_030354: Copied (new)
2026/08/05 19:03:40 INFO  : audios_processados/Clip 13_20260723_123703: Copied (new)
2026/08/05 19:03:40 INFO  : audios_processados/Clip 13_20260719_154929: Copied (new)
2026/08/05 19:03:40 INFO  : audios_processados/Clip 13_20260720_134453: Copied (new)
2026/08/05 19:03:40 INFO  : audios_processados/Clip 13_20260724_010209: Copied (new)
2026/08/05 19:03:41 INFO  : audios_processados/Clip 13_20260726_132017: Copied (new)
2026/08/05 19:03:41 INFO  : audios_processados/Clip 13_20260726_232622: Copied (new)
2026/08/05 19:03:41 INFO  : audios_processados/Clip 13_20260727_152930: Copied (new)
2026/08/05 19:03:42 INFO  : audios_processados/Clip 13_20260728_132742: Copied (new)
2026/08/05 19:03:42 INFO  : audios_processados/Clip 13_20260730_161421: Copied (new)
2026/08/05 19:03:42 INFO  : audios_processados/Clip 13_20260803_161422: Copied (new)
2026/08/05 19:03:42 INFO  : audios_processados/Clip 13_20260801_121237: Copied (new)
2026/08/05 19:03:42 INFO  : audios_processados/Clip 13_20260804_151448: Copied (new)
2026/08/05 19:03:43 INFO  : audios_processados/Clip 13_20260805_005349: Copied (new)
2026/08/05 19:03:43 INFO  : audios_processados/Clip 13_20260805_124010: Copied (new)
2026/08/05 19:03:43 INFO  : audios_processados/Clip 14: Copied (new)
2026/08/05 19:03:44 INFO  : audios_processados/Clip 14_20260718_182420: Copied (new)
2026/08/05 19:03:44 INFO  : audios_processados/Clip 14_20260718_100508: Copied (new)
2026/08/05 19:03:44 INFO  :    65.735 MiB / 607.873 MiB, 11%, 1.456 MiB/s, ETA 6m12s (xfr#103/1883)
2026/08/05 19:03:44 INFO  : audios_processados/Clip 14_20260718_230052: Copied (new)
2026/08/05 19:03:44 INFO  : audios_processados/Clip 14_20260719_182854: Copied (new)
2026/08/05 19:03:45 INFO  : audios_processados/Clip 14_20260722_124529: Copied (new)
2026/08/05 19:03:45 INFO  : audios_processados/Clip 14_20260720_142353: Copied (new)
2026/08/05 19:03:46 INFO  : audios_processados/Clip 14_20260723_030535: Copied (new)
2026/08/05 19:03:46 INFO  : audios_processados/Clip 14_20260722_181748: Copied (new)
2026/08/05 19:03:46 INFO  : audios_processados/Clip 14_20260723_123804: Copied (new)
2026/08/05 19:03:46 INFO  : audios_processados/Clip 14_20260724_013046: Copied (new)
2026/08/05 19:03:47 INFO  : audios_processados/Clip 14_20260726_132839: Copied (new)
2026/08/05 19:03:47 INFO  : audios_processados/Clip 14_20260727_002921: Copied (new)
2026/08/05 19:03:47 INFO  : audios_processados/Clip 14_20260727_153305: Copied (new)
2026/08/05 19:03:47 INFO  : audios_processados/Clip 14_20260728_132828: Copied (new)
2026/08/05 19:03:48 INFO  : audios_processados/Clip 14_20260730_161444: Copied (new)
2026/08/05 19:03:48 INFO  : audios_processados/Clip 14_20260803_161625: Copied (new)
2026/08/05 19:03:48 INFO  : audios_processados/Clip 14_20260804_151827: Copied (new)
2026/08/05 19:03:49 INFO  : audios_processados/Clip 14_20260805_124229: Copied (new)
2026/08/05 19:03:50 INFO  : audios_processados/Clip 15_20260718_100548: Copied (new)
2026/08/05 19:03:50 INFO  : audios_processados/Clip 15_20260718_230553: Copied (new)
2026/08/05 19:03:51 INFO  : audios_processados/Clip 15_20260719_205229: Copied (new)
2026/08/05 19:03:51 INFO  : audios_processados/Clip 14_20260805_010044: Copied (new)
2026/08/05 19:03:52 INFO  : audios_processados/Clip 15_20260718_042940: Copied (new)
2026/08/05 19:03:52 INFO  : audios_processados/Clip 15_20260720_142433: Copied (new)
2026/08/05 19:03:53 INFO  : audios_processados/Clip 15_20260722_184822: Copied (new)
2026/08/05 19:03:54 INFO  : audios_processados/Clip 15_20260723_030619: Copied (new)
2026/08/05 19:03:55 INFO  : audios_processados/Clip 15_20260723_123840: Copied (new)
2026/08/05 19:03:55 INFO  : audios_processados/Clip 15_20260724_013151: Copied (new)
2026/08/05 19:03:56 INFO  : audios_processados/Clip 15_20260726_133514: Copied (new)
2026/08/05 19:03:57 INFO  : audios_processados/Clip 15_20260727_003139: Copied (new)
2026/08/05 19:03:58 INFO  : audios_processados/Clip 15_20260727_153514: Copied (new)
2026/08/05 19:03:58 INFO  : audios_processados/Clip 15_20260728_133746: Copied (new)
2026/08/05 19:03:58 INFO  : audios_processados/Clip 14_20260718_042904: Copied (new)
2026/08/05 19:03:59 INFO  : audios_processados/Clip 15_20260803_170341: Copied (new)
2026/08/05 19:03:59 INFO  : audios_processados/Clip 15: Copied (new)
2026/08/05 19:03:59 INFO  : audios_processados/Clip 15_20260805_010447: Copied (new)
2026/08/05 19:04:00 INFO  : audios_processados/Clip 16: Copied (new)
2026/08/05 19:04:30 INFO  : audios_processados/Clip 15_20260805_132541: Copied (new)
2026/08/05 19:04:32 INFO  : audios_processados/Clip 16_20260723_124846: Copied (new)
2026/08/05 19:04:34 INFO  : audios_processados/Clip 16_20260726_133552: Copied (new)
2026/08/05 19:04:36 INFO  : audios_processados/Clip 16_20260727_004648: Copied (new)
2026/08/05 19:04:37 INFO  : audios_processados/Clip 16_20260727_153616: Copied (new)
2026/08/05 19:04:39 INFO  : audios_processados/Clip 16_20260722_184858: Copied (new)
2026/08/05 19:04:39 INFO  : audios_processados/Clip 16_20260719_205311: Copied (new)
2026/08/05 19:04:39 INFO  : audios_processados/Clip 16_20260720_142551: Copied (new)
2026/08/05 19:04:39 INFO  : audios_processados/Clip 16_20260722_130621: Copied (new)
2026/08/05 19:04:39 INFO  : audios_processados/Clip 16_20260723_030733: Copied (new)
2026/08/05 19:04:39 INFO  : audios_processados/Clip 16_20260728_134224: Copied (new)
2026/08/05 19:04:39 INFO  : audios_processados/Clip 15_20260730_161608: Copied (new)
2026/08/05 19:04:40 INFO  : audios_processados/Clip 15_20260722_125034: Copied (new)
2026/08/05 19:04:41 INFO  : audios_processados/Clip 16_20260730_161745: Copied (new)
2026/08/05 19:04:41 INFO  : audios_processados/Clip 16_20260803_171212: Copied (new)
2026/08/05 19:04:41 INFO  : audios_processados/Clip 16_20260805_010557: Copied (new)
2026/08/05 19:04:41 INFO  : audios_processados/Clip 16_20260805_132738: Copied (new)
2026/08/05 19:04:41 INFO  : audios_processados/Clip 17: Copied (new)
2026/08/05 19:04:41 INFO  : audios_processados/Clip 17_20260720_142929: Copied (new)
2026/08/05 19:04:41 INFO  : audios_processados/Clip 17_20260719_205415: Copied (new)
2026/08/05 19:04:42 INFO  : audios_processados/Clip 17_20260722_130905: Copied (new)
2026/08/05 19:04:43 INFO  : audios_processados/Clip 17_20260722_185426: Copied (new)
2026/08/05 19:04:43 INFO  : audios_processados/Clip 17_20260723_031028: Copied (new)
2026/08/05 19:04:43 INFO  : audios_processados/Clip 17_20260724_104619: Copied (new)
2026/08/05 19:04:43 INFO  : audios_processados/Clip 17_20260726_133730: Copied (new)
2026/08/05 19:04:43 INFO  : audios_processados/Clip 17_20260724_141814: Copied (new)
2026/08/05 19:04:43 INFO  : audios_processados/Clip 17_20260725_041054: Copied (new)
2026/08/05 19:04:44 INFO  : audios_processados/Clip 17_20260727_005530: Copied (new)
2026/08/05 19:04:44 INFO  :   138.060 MiB / 616.550 MiB, 22%, 847.915 KiB/s, ETA 9m37s (xfr#166/1883)
2026/08/05 19:04:44 INFO  : audios_processados/Clip 17_20260727_153958: Copied (new)
2026/08/05 19:04:44 INFO  : audios_processados/Clip 17_20260723_125021: Copied (new)
2026/08/05 19:04:44 INFO  : audios_processados/Clip 17_20260728_134440: Copied (new)
2026/08/05 19:04:45 INFO  : audios_processados/Clip 17_20260730_173729: Copied (new)
2026/08/05 19:04:45 INFO  : audios_processados/Clip 17_20260803_172157: Copied (new)
2026/08/05 19:04:45 INFO  : audios_processados/Clip 17_20260805_010809: Copied (new)
2026/08/05 19:04:45 INFO  : audios_processados/Clip 17_20260805_133035: Copied (new)
2026/08/05 19:04:46 INFO  : audios_processados/Clip 18: Copied (new)
2026/08/05 19:04:46 INFO  : audios_processados/Clip 18_20260719_210249: Copied (new)
2026/08/05 19:04:46 INFO  : audios_processados/Clip 18_20260722_131110: Copied (new)
2026/08/05 19:04:46 INFO  : audios_processados/Clip 18_20260720_143252: Copied (new)
2026/08/05 19:04:46 INFO  : audios_processados/Clip 18_20260722_185606: Copied (new)
2026/08/05 19:04:46 INFO  : audios_processados/Clip 18_20260724_114419: Copied (new)
2026/08/05 19:04:47 INFO  : audios_processados/Clip 18_20260723_033415: Copied (new)
2026/08/05 19:04:47 INFO  : audios_processados/Clip 18_20260723_125643: Copied (new)
2026/08/05 19:04:48 INFO  : audios_processados/Clip 18_20260724_141859: Copied (new)
2026/08/05 19:04:48 INFO  : audios_processados/Clip 18_20260725_110956: Copied (new)
2026/08/05 19:04:48 INFO  : audios_processados/Clip 18_20260726_133931: Copied (new)
2026/08/05 19:04:48 INFO  : audios_processados/Clip 18_20260727_005728: Copied (new)
2026/08/05 19:04:48 INFO  : audios_processados/Clip 18_20260727_154345: Copied (new)
2026/08/05 19:04:49 INFO  : audios_processados/Clip 18_20260728_134556: Copied (new)
2026/08/05 19:04:49 INFO  : audios_processados/Clip 18_20260730_174252: Copied (new)
2026/08/05 19:04:49 INFO  : audios_processados/Clip 18_20260803_172225: Copied (new)
2026/08/05 19:04:49 INFO  : audios_processados/Clip 18_20260805_010932: Copied (new)
2026/08/05 19:04:49 INFO  : audios_processados/Clip 19: Copied (new)
2026/08/05 19:04:50 INFO  : audios_processados/Clip 18_20260805_133452: Copied (new)
2026/08/05 19:04:50 INFO  : audios_processados/Clip 19_20260719_210356: Copied (new)
2026/08/05 19:04:50 INFO  : audios_processados/Clip 19_20260720_143357: Copied (new)
2026/08/05 19:04:50 INFO  : audios_processados/Clip 19_20260722_131415: Copied (new)
2026/08/05 19:04:51 INFO  : audios_processados/Clip 19_20260722_190009: Copied (new)
2026/08/05 19:04:51 INFO  : audios_processados/Clip 19_20260723_033517: Copied (new)
2026/08/05 19:04:51 INFO  : audios_processados/Clip 19_20260723_131236: Copied (new)
2026/08/05 19:04:52 INFO  : audios_processados/Clip 19_20260724_142047: Copied (new)
2026/08/05 19:04:52 INFO  : audios_processados/Clip 19_20260724_115335: Copied (new)
2026/08/05 19:04:52 INFO  : audios_processados/Clip 19_20260727_005959: Copied (new)
2026/08/05 19:04:53 INFO  : audios_processados/Clip 19_20260727_154503: Copied (new)
2026/08/05 19:04:53 INFO  : audios_processados/Clip 19_20260728_135317: Copied (new)
2026/08/05 19:04:53 INFO  : audios_processados/Clip 19_20260805_011053: Copied (new)
2026/08/05 19:04:53 INFO  : audios_processados/Clip 19_20260725_111311: Copied (new)
2026/08/05 19:04:53 INFO  : audios_processados/Clip 19_20260730_181326: Copied (new)
2026/08/05 19:04:54 INFO  : audios_processados/Clip 19_20260805_133532: Copied (new)
2026/08/05 19:04:54 INFO  : audios_processados/Clip 1: Copied (new)
2026/08/05 19:04:54 INFO  : audios_processados/Clip 1_20260628_111325: Copied (new)
2026/08/05 19:04:54 INFO  : audios_processados/Clip 1_20260628_111400: Copied (new)
2026/08/05 19:04:54 INFO  : audios_processados/Clip 1_20260628_111743: Copied (new)
2026/08/05 19:04:55 INFO  : audios_processados/Clip 1_20260628_114132: Copied (new)
2026/08/05 19:04:55 INFO  : audios_processados/Clip 1_20260628_113031: Copied (new)
2026/08/05 19:04:55 INFO  : audios_processados/Clip 1_20260628_115404: Copied (new)
2026/08/05 19:04:56 INFO  : audios_processados/Clip 1_20260701_114501: Copied (new)
2026/08/05 19:04:56 INFO  : audios_processados/Clip 1_20260628_194105: Copied (new)
2026/08/05 19:04:56 INFO  : audios_processados/Clip 1_20260628_115748: Copied (new)
2026/08/05 19:04:56 INFO  : audios_processados/Clip 1_20260702_161945: Copied (new)
2026/08/05 19:04:56 INFO  : audios_processados/Clip 1_20260703_092111: Copied (new)
2026/08/05 19:04:57 INFO  : audios_processados/Clip 1_20260706_102148: Copied (new)
2026/08/05 19:04:57 INFO  : audios_processados/Clip 1_20260706_082707: Copied (new)
2026/08/05 19:04:57 INFO  : audios_processados/Clip 1_20260706_121845: Copied (new)
2026/08/05 19:04:58 INFO  : audios_processados/Clip 1_20260706_123652: Copied (new)
2026/08/05 19:04:58 INFO  : audios_processados/Clip 1_20260708_175737: Copied (new)
2026/08/05 19:04:58 INFO  : audios_processados/Clip 1_20260708_174920: Copied (new)
2026/08/05 19:04:58 INFO  : audios_processados/Clip 1_20260709_144140: Copied (new)
2026/08/05 19:04:58 INFO  : audios_processados/Clip 1_20260709_150632: Copied (new)
2026/08/05 19:04:59 INFO  : audios_processados/Clip 1_20260709_195506: Copied (new)
2026/08/05 19:04:59 INFO  : audios_processados/Clip 1_20260709_172558: Copied (new)
2026/08/05 19:04:59 INFO  : audios_processados/Clip 1_20260710_194721: Copied (new)
2026/08/05 19:05:00 INFO  : audios_processados/Clip 1_20260710_115517: Copied (new)
2026/08/05 19:05:00 INFO  : audios_processados/Clip 1_20260713_153121: Copied (new)
2026/08/05 19:05:01 INFO  : audios_processados/Clip 1_20260714_122631: Copied (new)
2026/08/05 19:05:30 INFO  : audios_processados/Clip 1_20260715_233011: Copied (new)
2026/08/05 19:05:33 INFO  : audios_processados/Clip 1_20260717_223942: Copied (new)
2026/08/05 19:05:33 INFO  : audios_processados/Clip 1_20260715_170639: Copied (new)
2026/08/05 19:05:33 INFO  : audios_processados/Clip 1_20260717_025547: Copied (new)
2026/08/05 19:05:33 INFO  : audios_processados/Clip 1_20260714_113212: Copied (new)
2026/08/05 19:05:33 INFO  : audios_processados/Clip 1_20260714_091459: Copied (new)
2026/08/05 19:05:33 INFO  : audios_processados/Clip 1_20260717_143409: Copied (new)
2026/08/05 19:05:33 INFO  : audios_processados/Clip 1_20260710_121049: Copied (new)
2026/08/05 19:05:34 INFO  : audios_processados/Clip 1_20260715_113108: Copied (new)
2026/08/05 19:05:35 INFO  : audios_processados/Clip 1_20260718_012730: Copied (new)
2026/08/05 19:05:35 INFO  : audios_processados/Clip 1_20260718_090447: Copied (new)
2026/08/05 19:05:35 INFO  : audios_processados/Clip 1_20260718_100618: Copied (new)
2026/08/05 19:05:35 INFO  : audios_processados/Clip 1_20260718_102125: Copied (new)
2026/08/05 19:05:35 INFO  : audios_processados/Clip 1_20260718_155803: Copied (new)
2026/08/05 19:05:35 INFO  : audios_processados/Clip 1_20260718_111151: Copied (new)
2026/08/05 19:05:35 INFO  : audios_processados/Clip 1_20260718_161217: Copied (new)
2026/08/05 19:05:37 INFO  : audios_processados/Clip 1_20260718_202222: Copied (new)
2026/08/05 19:05:37 INFO  : audios_processados/Clip 1_20260720_102254: Copied (new)
2026/08/05 19:05:37 INFO  : audios_processados/Clip 1_20260720_113659: Copied (new)
2026/08/05 19:05:37 INFO  : audios_processados/Clip 1_20260722_114039: Copied (new)
2026/08/05 19:05:37 INFO  : audios_processados/Clip 1_20260722_135252: Copied (new)
2026/08/05 19:05:39 INFO  : audios_processados/Clip 1_20260719_095903: Copied (new)
2026/08/05 19:05:39 INFO  : audios_processados/Clip 1_20260721_222951: Copied (new)
2026/08/05 19:05:39 INFO  : audios_processados/Clip 1_20260726_005238: Copied (new)
2026/08/05 19:05:39 INFO  : audios_processados/Clip 1_20260726_134604: Copied (new)
2026/08/05 19:05:39 INFO  : audios_processados/Clip 1_20260726_151619: Copied (new)
2026/08/05 19:05:39 INFO  : audios_processados/Clip 1_20260723_222049: Copied (new)
2026/08/05 19:05:40 INFO  : audios_processados/Clip 1_20260720_084109: Copied (new)
2026/08/05 19:05:40 INFO  : audios_processados/Clip 1_20260727_113328: Copied (new)
2026/08/05 19:05:40 INFO  : audios_processados/Clip 1_20260728_104127: Copied (new)
2026/08/05 19:05:41 INFO  : audios_processados/Clip 1_20260728_222312: Copied (new)
2026/08/05 19:05:41 INFO  : audios_processados/Clip 1_20260729_033813: Copied (new)
2026/08/05 19:05:41 INFO  : audios_processados/Clip 1_20260729_110019: Copied (new)
2026/08/05 19:05:41 INFO  : audios_processados/Clip 1_20260730_104834: Copied (new)
2026/08/05 19:05:41 INFO  : audios_processados/Clip 1_20260729_152146: Copied (new)
2026/08/05 19:05:41 INFO  : audios_processados/Clip 1_20260731_105359: Copied (new)
2026/08/05 19:05:41 INFO  : audios_processados/Clip 1_20260730_200527: Copied (new)
2026/08/05 19:05:43 INFO  : audios_processados/Clip 1_20260801_231624: Copied (new)
2026/08/05 19:05:43 INFO  : audios_processados/Clip 1_20260803_054933: Copied (new)
2026/08/05 19:05:43 INFO  : audios_processados/Clip 1_20260801_142120: Copied (new)
2026/08/05 19:05:43 INFO  : audios_processados/Clip 1_20260804_104056: Copied (new)
2026/08/05 19:05:43 INFO  : audios_processados/Clip 1_20260805_020146: Copied (new)
2026/08/05 19:05:43 INFO  : audios_processados/Clip 1_20260804_223344: Copied (new)
2026/08/05 19:05:44 INFO  : audios_processados/Clip 1_20260805_182857: Copied (new)
2026/08/05 19:05:44 INFO  : audios_processados/Clip 20: Copied (new)
2026/08/05 19:05:44 INFO  :   225.926 MiB / 634.225 MiB, 36%, 1.495 MiB/s, ETA 4m33s (xfr#278/1883)
2026/08/05 19:05:45 INFO  : audios_processados/Clip 20_20260719_210442: Copied (new)
2026/08/05 19:05:45 INFO  : audios_processados/Clip 20_20260720_170549: Copied (new)
2026/08/05 19:05:45 INFO  : audios_processados/Clip 20_20260722_131813: Copied (new)
2026/08/05 19:05:45 INFO  : audios_processados/Clip 20_20260723_132804: Copied (new)
2026/08/05 19:05:45 INFO  : audios_processados/Clip 20_20260723_033950: Copied (new)
2026/08/05 19:05:45 INFO  : audios_processados/Clip 20_20260722_190556: Copied (new)
2026/08/05 19:05:45 INFO  : audios_processados/Clip 20_20260724_142233: Copied (new)
2026/08/05 19:05:45 INFO  : audios_processados/Clip 20_20260725_112320: Copied (new)
2026/08/05 19:05:46 INFO  : audios_processados/Clip 20_20260727_021221: Copied (new)
2026/08/05 19:05:47 INFO  : audios_processados/Clip 20_20260727_154910: Copied (new)
2026/08/05 19:05:47 INFO  : audios_processados/Clip 20_20260728_135435: Copied (new)
2026/08/05 19:05:47 INFO  : audios_processados/Clip 20_20260730_181600: Copied (new)
2026/08/05 19:05:47 INFO  : audios_processados/Clip 20_20260805_012318: Copied (new)
2026/08/05 19:05:47 INFO  : audios_processados/Clip 21_20260719_210600: Copied (new)
2026/08/05 19:05:47 INFO  : audios_processados/Clip 20_20260805_134017: Copied (new)
2026/08/05 19:05:47 INFO  : audios_processados/Clip 21: Copied (new)
2026/08/05 19:05:48 INFO  : audios_processados/Clip 21_20260722_131913: Copied (new)
2026/08/05 19:05:49 INFO  : audios_processados/Clip 21_20260722_191017: Copied (new)
2026/08/05 19:05:50 INFO  : audios_processados/Clip 21_20260723_134758: Copied (new)
2026/08/05 19:05:50 INFO  : audios_processados/Clip 21_20260727_021539: Copied (new)
2026/08/05 19:05:50 INFO  : audios_processados/Clip 21_20260725_112636: Copied (new)
2026/08/05 19:05:50 INFO  : audios_processados/Clip 21_20260727_155238: Copied (new)
2026/08/05 19:05:50 INFO  : audios_processados/Clip 21_20260723_034600: Copied (new)
2026/08/05 19:05:51 INFO  : audios_processados/Clip 21_20260724_142844: Copied (new)
2026/08/05 19:05:51 INFO  : audios_processados/Clip 21_20260730_185054: Copied (new)
2026/08/05 19:05:52 INFO  : audios_processados/Clip 21_20260805_020023: Copied (new)
2026/08/05 19:05:52 INFO  : audios_processados/Clip 21_20260805_134703: Copied (new)
2026/08/05 19:05:52 INFO  : audios_processados/Clip 22: Copied (new)
2026/08/05 19:05:52 INFO  : audios_processados/Clip 21_20260728_135539: Copied (new)
2026/08/05 19:05:53 INFO  : audios_processados/Clip 22_20260719_211647: Copied (new)
2026/08/05 19:05:53 INFO  : audios_processados/Clip 22_20260720_183843: Copied (new)
2026/08/05 19:05:53 INFO  : audios_processados/Clip 22_20260721_103807: Copied (new)
2026/08/05 19:05:53 INFO  : audios_processados/Clip 22_20260721_082415: Copied (new)
2026/08/05 19:05:53 INFO  : audios_processados/Clip 22_20260721_122200: Copied (new)
2026/08/05 19:05:54 INFO  : audios_processados/Clip 22_20260721_150030: Copied (new)
2026/08/05 19:05:54 INFO  : audios_processados/Clip 22_20260721_181006: Copied (new)
2026/08/05 19:05:54 INFO  : audios_processados/Clip 22_20260722_132148: Copied (new)
2026/08/05 19:05:55 INFO  : audios_processados/Clip 22_20260722_191312: Copied (new)
2026/08/05 19:05:55 INFO  : audios_processados/Clip 22_20260723_035124: Copied (new)
2026/08/05 19:05:55 INFO  : audios_processados/Clip 22_20260723_150956: Copied (new)
2026/08/05 19:05:55 INFO  : audios_processados/Clip 22_20260724_143000: Copied (new)
2026/08/05 19:05:55 INFO  : audios_processados/Clip 22_20260725_113744: Copied (new)
2026/08/05 19:05:56 INFO  : audios_processados/Clip 22_20260727_021706: Copied (new)
2026/08/05 19:05:56 INFO  : audios_processados/Clip 22_20260727_160857: Copied (new)
2026/08/05 19:05:56 INFO  : audios_processados/Clip 22_20260728_135805: Copied (new)
2026/08/05 19:05:56 INFO  : audios_processados/Clip 22_20260805_135118: Copied (new)
2026/08/05 19:05:57 INFO  : audios_processados/Clip 22_20260730_190353: Copied (new)
2026/08/05 19:05:57 INFO  : audios_processados/Clip 23: Copied (new)
2026/08/05 19:05:57 INFO  : audios_processados/Clip 23_20260719_212315: Copied (new)
2026/08/05 19:05:57 INFO  : audios_processados/Clip 23_20260721_082430: Copied (new)
2026/08/05 19:05:57 INFO  : audios_processados/Clip 23_20260721_104457: Copied (new)
2026/08/05 19:05:58 INFO  : audios_processados/Clip 23_20260721_151558: Copied (new)
2026/08/05 19:05:58 INFO  : audios_processados/Clip 23_20260722_132349: Copied (new)
2026/08/05 19:05:58 INFO  : audios_processados/Clip 23_20260721_122706: Copied (new)
2026/08/05 19:05:59 INFO  : audios_processados/Clip 23_20260723_035246: Copied (new)
2026/08/05 19:05:59 INFO  : audios_processados/Clip 23_20260722_191458: Copied (new)
2026/08/05 19:05:59 INFO  : audios_processados/Clip 23_20260723_161936: Copied (new)
2026/08/05 19:06:29 INFO  : audios_processados/Clip 23_20260805_135247: Copied (new)
2026/08/05 19:06:34 INFO  : audios_processados/Clip 24_20260720_005400: Copied (new)
2026/08/05 19:06:36 INFO  : audios_processados/Clip 23_20260727_022508: Copied (new)
2026/08/05 19:06:36 INFO  : audios_processados/Clip 24: Copied (new)
2026/08/05 19:06:36 INFO  : audios_processados/Clip 24_20260721_082513: Copied (new)
2026/08/05 19:06:36 INFO  : audios_processados/Clip 23_20260728_140347: Copied (new)
2026/08/05 19:06:36 INFO  : audios_processados/Clip 23_20260724_143112: Copied (new)
2026/08/05 19:06:36 INFO  : audios_processados/Clip 24_20260721_104557: Copied (new)
2026/08/05 19:06:36 INFO  : audios_processados/Clip 23_20260727_161512: Copied (new)
2026/08/05 19:06:37 INFO  : audios_processados/Clip 23_20260725_120747: Copied (new)
2026/08/05 19:06:38 INFO  : audios_processados/Clip 24_20260721_151913: Copied (new)
2026/08/05 19:06:38 INFO  : audios_processados/Clip 24_20260722_132933: Copied (new)
2026/08/05 19:06:38 INFO  : audios_processados/Clip 24_20260721_122814: Copied (new)
2026/08/05 19:06:38 INFO  : audios_processados/Clip 24_20260723_035346: Copied (new)
2026/08/05 19:06:38 INFO  : audios_processados/Clip 24_20260722_191626: Copied (new)
2026/08/05 19:06:38 INFO  : audios_processados/Clip 24_20260723_162108: Copied (new)
2026/08/05 19:06:38 INFO  : audios_processados/Clip 24_20260724_143414: Copied (new)
2026/08/05 19:06:40 INFO  : audios_processados/Clip 24_20260725_121010: Copied (new)
2026/08/05 19:06:40 INFO  : audios_processados/Clip 24_20260728_141313: Copied (new)
2026/08/05 19:06:40 INFO  : audios_processados/Clip 24_20260727_161805: Copied (new)
2026/08/05 19:06:40 INFO  : audios_processados/Clip 24_20260727_023124: Copied (new)
2026/08/05 19:06:40 INFO  : audios_processados/Clip 25: Copied (new)
2026/08/05 19:06:40 INFO  : audios_processados/Clip 25_20260720_005543: Copied (new)
2026/08/05 19:06:40 INFO  : audios_processados/Clip 24_20260805_135447: Copied (new)
2026/08/05 19:06:40 INFO  : audios_processados/Clip 25_20260721_083326: Copied (new)
2026/08/05 19:06:41 INFO  : audios_processados/Clip 25_20260721_110757: Copied (new)
2026/08/05 19:06:41 INFO  : audios_processados/Clip 25_20260721_124408: Copied (new)
2026/08/05 19:06:42 INFO  : audios_processados/Clip 25_20260721_152012: Copied (new)
2026/08/05 19:06:42 INFO  : audios_processados/Clip 25_20260722_133027: Copied (new)
2026/08/05 19:06:42 INFO  : audios_processados/Clip 25_20260722_191641: Copied (new)
2026/08/05 19:06:42 INFO  : audios_processados/Clip 25_20260723_035458: Copied (new)
2026/08/05 19:06:42 INFO  : audios_processados/Clip 25_20260723_163033: Copied (new)
2026/08/05 19:06:42 INFO  : audios_processados/Clip 25_20260725_121553: Copied (new)
2026/08/05 19:06:43 INFO  : audios_processados/Clip 25_20260727_023230: Copied (new)
2026/08/05 19:06:43 INFO  : audios_processados/Clip 25_20260727_162359: Copied (new)
2026/08/05 19:06:43 INFO  : audios_processados/Clip 25_20260728_141353: Copied (new)
2026/08/05 19:06:43 INFO  : audios_processados/Clip 26: Copied (new)
2026/08/05 19:06:44 INFO  : audios_processados/Clip 25_20260805_141800: Copied (new)
2026/08/05 19:06:44 INFO  : audios_processados/Clip 26_20260720_005732: Copied (new)
2026/08/05 19:06:44 INFO  : audios_processados/Clip 26_20260721_083524: Copied (new)
2026/08/05 19:06:44 INFO  : audios_processados/Clip 26_20260721_111157: Copied (new)
2026/08/05 19:06:44 INFO  :   305.603 MiB / 653.887 MiB, 47%, 1.286 MiB/s, ETA 4m30s (xfr#376/1883)
2026/08/05 19:06:45 INFO  : audios_processados/Clip 26_20260721_132955: Copied (new)
2026/08/05 19:06:45 INFO  : audios_processados/Clip 26_20260721_152215: Copied (new)
2026/08/05 19:06:45 INFO  : audios_processados/Clip 26_20260722_191910: Copied (new)
2026/08/05 19:06:45 INFO  : audios_processados/Clip 26_20260723_035626: Copied (new)
2026/08/05 19:06:46 INFO  : audios_processados/Clip 26_20260722_133436: Copied (new)
2026/08/05 19:06:46 INFO  : audios_processados/Clip 26_20260727_024210: Copied (new)
2026/08/05 19:06:46 INFO  : audios_processados/Clip 26_20260725_122149: Copied (new)
2026/08/05 19:06:47 INFO  : audios_processados/Clip 26_20260727_165649: Copied (new)
2026/08/05 19:06:47 INFO  : audios_processados/Clip 26_20260728_141500: Copied (new)
2026/08/05 19:06:47 INFO  : audios_processados/Clip 26_20260723_165606: Copied (new)
2026/08/05 19:06:48 INFO  : audios_processados/Clip 27: Copied (new)
2026/08/05 19:06:48 INFO  : audios_processados/Clip 26_20260805_142226: Copied (new)
2026/08/05 19:06:48 INFO  : audios_processados/Clip 27_20260720_064509: Copied (new)
2026/08/05 19:06:48 INFO  : audios_processados/Clip 27_20260721_083611: Copied (new)
2026/08/05 19:06:48 INFO  : audios_processados/Clip 27_20260721_111412: Copied (new)
2026/08/05 19:06:49 INFO  : audios_processados/Clip 27_20260721_152309: Copied (new)
2026/08/05 19:06:49 INFO  : audios_processados/Clip 27_20260722_134007: Copied (new)
2026/08/05 19:06:49 INFO  : audios_processados/Clip 27_20260722_192048: Copied (new)
2026/08/05 19:06:50 INFO  : audios_processados/Clip 27_20260723_165935: Copied (new)
2026/08/05 19:06:50 INFO  : audios_processados/Clip 27_20260725_122814: Copied (new)
2026/08/05 19:06:50 INFO  : audios_processados/Clip 27_20260723_085419: Copied (new)
2026/08/05 19:06:50 INFO  : audios_processados/Clip 27_20260727_024411: Copied (new)
2026/08/05 19:06:50 INFO  : audios_processados/Clip 27_20260727_171134: Copied (new)
2026/08/05 19:06:51 INFO  : audios_processados/Clip 27_20260728_142133: Copied (new)
2026/08/05 19:06:51 INFO  : audios_processados/Clip 27_20260805_143338: Copied (new)
2026/08/05 19:06:51 INFO  : audios_processados/Clip 28: Copied (new)
2026/08/05 19:06:51 INFO  : audios_processados/Clip 28_20260720_074152: Copied (new)
2026/08/05 19:06:52 INFO  : audios_processados/Clip 28_20260721_155213: Copied (new)
2026/08/05 19:06:52 INFO  : audios_processados/Clip 28_20260721_083923: Copied (new)
2026/08/05 19:06:52 INFO  : audios_processados/Clip 28_20260722_135119: Copied (new)
2026/08/05 19:06:52 INFO  : audios_processados/Clip 28_20260722_192218: Copied (new)
2026/08/05 19:06:52 INFO  : audios_processados/Clip 28_20260723_092636: Copied (new)
2026/08/05 19:06:52 INFO  : audios_processados/Clip 28_20260723_170910: Copied (new)
2026/08/05 19:06:53 INFO  : audios_processados/Clip 28_20260725_122946: Copied (new)
2026/08/05 19:06:53 INFO  : audios_processados/Clip 28_20260727_024614: Copied (new)
2026/08/05 19:06:53 INFO  : audios_processados/Clip 28_20260728_142928: Copied (new)
2026/08/05 19:06:54 INFO  : audios_processados/Clip 28_20260805_143528: Copied (new)
2026/08/05 19:06:54 INFO  : audios_processados/Clip 29: Copied (new)
2026/08/05 19:06:54 INFO  : audios_processados/Clip 29_20260720_075128: Copied (new)
2026/08/05 19:06:54 INFO  : audios_processados/Clip 29_20260721_160549: Copied (new)
2026/08/05 19:06:55 INFO  : audios_processados/Clip 29_20260722_192425: Copied (new)
2026/08/05 19:06:55 INFO  : audios_processados/Clip 29_20260723_093144: Copied (new)
2026/08/05 19:06:56 INFO  : audios_processados/Clip 29_20260723_171345: Copied (new)
2026/08/05 19:06:56 INFO  : audios_processados/Clip 29_20260725_123224: Copied (new)
2026/08/05 19:06:56 INFO  : audios_processados/Clip 28_20260727_171240: Copied (new)
2026/08/05 19:06:56 INFO  : audios_processados/Clip 29_20260721_084431: Copied (new)
2026/08/05 19:06:56 INFO  : audios_processados/Clip 29_20260727_030135: Copied (new)
2026/08/05 19:06:56 INFO  : audios_processados/Clip 29_20260727_234100: Copied (new)
2026/08/05 19:06:57 INFO  : audios_processados/Clip 29_20260728_143246: Copied (new)
2026/08/05 19:06:57 INFO  : audios_processados/Clip 29_20260805_143614: Copied (new)
2026/08/05 19:06:57 INFO  : audios_processados/Clip 2: Copied (new)
2026/08/05 19:06:58 INFO  : audios_processados/Clip 2_20260628_114146: Copied (new)
2026/08/05 19:06:58 INFO  : audios_processados/Clip 2_20260628_113046: Copied (new)
2026/08/05 19:06:58 INFO  : audios_processados/Clip 2_20260628_120352: Copied (new)
2026/08/05 19:06:58 INFO  : audios_processados/Clip 2_20260628_200606: Copied (new)
2026/08/05 19:06:59 INFO  : audios_processados/Clip 2_20260706_091125: Copied (new)
2026/08/05 19:06:59 INFO  : audios_processados/Clip 2_20260701_115509: Copied (new)
2026/08/05 19:06:59 INFO  : audios_processados/Clip 2_20260706_113536: Copied (new)
2026/08/05 19:06:59 INFO  : audios_processados/Clip 2_20260706_123905: Copied (new)
2026/08/05 19:06:59 INFO  : audios_processados/Clip 2_20260709_144321: Copied (new)
2026/08/05 19:06:59 INFO  : audios_processados/Clip 2_20260707_120447: Copied (new)
2026/08/05 19:07:01 INFO  : audios_processados/Clip 2_20260707_120330: Copied (new)
2026/08/05 19:07:25 INFO  : audios_processados/Clip 2_20260709_164534: Copied (new)
2026/08/05 19:07:27 INFO  : audios_processados/Clip 2_20260714_122805: Copied (new)
2026/08/05 19:07:28 INFO  : audios_processados/Clip 2_20260710_194808: Copied (new)
2026/08/05 19:07:28 INFO  : audios_processados/Clip 2_20260709_174839: Copied (new)
2026/08/05 19:07:28 INFO  : audios_processados/Clip 2_20260713_153524: Copied (new)
2026/08/05 19:07:28 INFO  : audios_processados/Clip 2_20260710_121216: Copied (new)
2026/08/05 19:07:28 INFO  : audios_processados/Clip 2_20260710_120513: Copied (new)
2026/08/05 19:07:28 INFO  : audios_processados/Clip 2_20260714_091900: Copied (new)
2026/08/05 19:07:29 INFO  : audios_processados/Clip 2_20260714_113755: Copied (new)
2026/08/05 19:07:29 INFO  : audios_processados/Clip 2_20260715_113543: Copied (new)
2026/08/05 19:07:30 INFO  : audios_processados/Clip 2_20260715_233246: Copied (new)
2026/08/05 19:07:30 INFO  : audios_processados/Clip 2_20260717_224246: Copied (new)
2026/08/05 19:07:30 INFO  : audios_processados/Clip 2_20260717_145227: Copied (new)
2026/08/05 19:07:30 INFO  : audios_processados/Clip 2_20260718_014153: Copied (new)
2026/08/05 19:07:31 INFO  : audios_processados/Clip 2_20260718_100715: Copied (new)
2026/08/05 19:07:31 INFO  : audios_processados/Clip 2_20260718_102321: Copied (new)
2026/08/05 19:07:31 INFO  : audios_processados/Clip 2_20260718_111258: Copied (new)
2026/08/05 19:07:31 INFO  : audios_processados/Clip 2_20260718_161339: Copied (new)
2026/08/05 19:07:32 INFO  : audios_processados/Clip 2_20260718_202514: Copied (new)
2026/08/05 19:07:32 INFO  : audios_processados/Clip 2_20260719_110322: Copied (new)
2026/08/05 19:07:32 INFO  : audios_processados/Clip 2_20260720_092547: Copied (new)
2026/08/05 19:07:32 INFO  : audios_processados/Clip 2_20260718_090532: Copied (new)
2026/08/05 19:07:32 INFO  : audios_processados/Clip 2_20260720_102912: Copied (new)
2026/08/05 19:07:32 INFO  : audios_processados/Clip 2_20260720_113828: Copied (new)
2026/08/05 19:07:33 INFO  : audios_processados/Clip 2_20260721_223340: Copied (new)
2026/08/05 19:07:34 INFO  : audios_processados/Clip 2_20260726_015629: Copied (new)
2026/08/05 19:07:34 INFO  : audios_processados/Clip 2_20260723_222313: Copied (new)
2026/08/05 19:07:35 INFO  : audios_processados/Clip 2_20260726_140047: Copied (new)
2026/08/05 19:07:35 INFO  : audios_processados/Clip 2_20260728_104846: Copied (new)
2026/08/05 19:07:35 INFO  : audios_processados/Clip 2_20260726_152313: Copied (new)
2026/08/05 19:07:35 INFO  : audios_processados/Clip 2_20260727_124006: Copied (new)
2026/08/05 19:07:36 INFO  : audios_processados/Clip 2_20260728_222507: Copied (new)
2026/08/05 19:07:36 INFO  : audios_processados/Clip 2_20260729_091650: Copied (new)
2026/08/05 19:07:36 INFO  : audios_processados/Clip 2_20260722_114107: Copied (new)
2026/08/05 19:07:36 INFO  : audios_processados/Clip 2_20260729_110110: Copied (new)
2026/08/05 19:07:36 INFO  : audios_processados/Clip 2_20260729_152148: Copied (new)
2026/08/05 19:07:37 INFO  : audios_processados/Clip 2_20260801_103634: Copied (new)
2026/08/05 19:07:39 INFO  : audios_processados/Clip 2_20260802_094031: Copied (new)
2026/08/05 19:07:40 INFO  : audios_processados/Clip 2_20260801_123113: Copied (new)
2026/08/05 19:07:40 INFO  : audios_processados/Clip 2_20260730_110456: Copied (new)
2026/08/05 19:07:41 INFO  : audios_processados/Clip 2_20260731_113647: Copied (new)
2026/08/05 19:07:41 INFO  : audios_processados/Clip 2_20260805_182919: Copied (new)
2026/08/05 19:07:41 INFO  : audios_processados/Clip 2_20260803_065549: Copied (new)
2026/08/05 19:07:41 INFO  : audios_processados/Clip 2_20260805_095819: Copied (new)
2026/08/05 19:07:42 INFO  : audios_processados/Clip 2_20260804_113855: Copied (new)
2026/08/05 19:07:42 INFO  : audios_processados/Clip 30: Copied (new)
2026/08/05 19:07:42 INFO  : audios_processados/Clip 30_20260720_075343: Copied (new)
2026/08/05 19:07:43 INFO  : audios_processados/Clip 30_20260721_084547: Copied (new)
2026/08/05 19:07:43 INFO  : audios_processados/Clip 2_20260804_224653: Copied (new)
2026/08/05 19:07:43 INFO  : audios_processados/Clip 30_20260723_094134: Copied (new)
2026/08/05 19:07:43 INFO  : audios_processados/Clip 30_20260722_192935: Copied (new)
2026/08/05 19:07:43 INFO  : audios_processados/Clip 30_20260721_161005: Copied (new)
2026/08/05 19:07:44 INFO  : audios_processados/Clip 30_20260723_171505: Copied (new)
2026/08/05 19:07:44 INFO  : audios_processados/Clip 30_20260725_125231: Copied (new)
2026/08/05 19:07:44 INFO  :   396.780 MiB / 664.991 MiB, 60%, 2.001 MiB/s, ETA 2m14s (xfr#492/1883)
2026/08/05 19:07:44 INFO  : audios_processados/Clip 30_20260727_033039: Copied (new)
2026/08/05 19:07:45 INFO  : audios_processados/Clip 30_20260728_002925: Copied (new)
2026/08/05 19:07:45 INFO  : audios_processados/Clip 30_20260805_175612: Copied (new)
2026/08/05 19:07:45 INFO  : audios_processados/Clip 30_20260728_143758: Copied (new)
2026/08/05 19:07:46 INFO  : audios_processados/Clip 31: Copied (new)
2026/08/05 19:07:46 INFO  : audios_processados/Clip 31_20260721_084752: Copied (new)
2026/08/05 19:07:46 INFO  : audios_processados/Clip 31_20260721_161327: Copied (new)
2026/08/05 19:07:46 INFO  : audios_processados/Clip 31_20260722_194706: Copied (new)
2026/08/05 19:07:47 INFO  : audios_processados/Clip 31_20260723_094916: Copied (new)
2026/08/05 19:07:47 INFO  : audios_processados/Clip 31_20260720_080000: Copied (new)
2026/08/05 19:07:47 INFO  : audios_processados/Clip 31_20260723_172219: Copied (new)
2026/08/05 19:07:47 INFO  : audios_processados/Clip 31_20260725_125532: Copied (new)
2026/08/05 19:07:48 INFO  : audios_processados/Clip 31_20260727_045001: Copied (new)
2026/08/05 19:07:48 INFO  : audios_processados/Clip 31_20260728_144257: Copied (new)
2026/08/05 19:07:48 INFO  : audios_processados/Clip 31_20260805_182446: Copied (new)
2026/08/05 19:07:48 INFO  : audios_processados/Clip 32: Copied (new)
2026/08/05 19:07:49 INFO  : audios_processados/Clip 32_20260720_080654: Copied (new)
2026/08/05 19:07:49 INFO  : audios_processados/Clip 32_20260721_085008: Copied (new)
2026/08/05 19:07:49 INFO  : audios_processados/Clip 32_20260721_162708: Copied (new)
2026/08/05 19:07:50 INFO  : audios_processados/Clip 32_20260722_194725: Copied (new)
2026/08/05 19:07:50 INFO  : audios_processados/Clip 32_20260723_095322: Copied (new)
2026/08/05 19:07:50 INFO  : audios_processados/Clip 31_20260728_101403: Copied (new)
2026/08/05 19:07:50 INFO  : audios_processados/Clip 32_20260723_172557: Copied (new)
2026/08/05 19:07:51 INFO  : audios_processados/Clip 32_20260725_130118: Copied (new)
2026/08/05 19:07:51 INFO  : audios_processados/Clip 32_20260727_045357: Copied (new)
2026/08/05 19:07:51 INFO  : audios_processados/Clip 32_20260728_101442: Copied (new)
2026/08/05 19:07:51 INFO  : audios_processados/Clip 32_20260728_144722: Copied (new)
2026/08/05 19:07:52 INFO  : audios_processados/Clip 32_20260805_182525: Copied (new)
2026/08/05 19:07:52 INFO  : audios_processados/Clip 33: Copied (new)
2026/08/05 19:07:52 INFO  : audios_processados/Clip 33_20260721_162946: Copied (new)
2026/08/05 19:07:52 INFO  : audios_processados/Clip 33_20260721_085110: Copied (new)
2026/08/05 19:07:52 INFO  : audios_processados/Clip 33_20260722_195318: Copied (new)
2026/08/05 19:07:52 INFO  : audios_processados/Clip 33_20260723_095528: Copied (new)
2026/08/05 19:07:53 INFO  : audios_processados/Clip 33_20260725_130437: Copied (new)
2026/08/05 19:07:54 INFO  : audios_processados/Clip 33_20260727_045534: Copied (new)
2026/08/05 19:07:54 INFO  : audios_processados/Clip 33_20260728_144823: Copied (new)
2026/08/05 19:07:54 INFO  : audios_processados/Clip 33_20260728_102537: Copied (new)
2026/08/05 19:07:54 INFO  : audios_processados/Clip 34: Copied (new)
2026/08/05 19:07:54 INFO  : audios_processados/Clip 34_20260721_085159: Copied (new)
2026/08/05 19:07:54 INFO  : audios_processados/Clip 34_20260721_165204: Copied (new)
2026/08/05 19:07:55 INFO  : audios_processados/Clip 33_20260723_173304: Copied (new)
2026/08/05 19:07:55 INFO  : audios_processados/Clip 34_20260722_195416: Copied (new)
2026/08/05 19:07:56 INFO  : audios_processados/Clip 34_20260723_095645: Copied (new)
2026/08/05 19:07:56 INFO  : audios_processados/Clip 34_20260723_173328: Copied (new)
2026/08/05 19:07:56 INFO  : audios_processados/Clip 34_20260725_132124: Copied (new)
2026/08/05 19:07:56 INFO  : audios_processados/Clip 34_20260727_050547: Copied (new)
2026/08/05 19:07:56 INFO  : audios_processados/Clip 34_20260728_102740: Copied (new)
2026/08/05 19:07:56 INFO  : audios_processados/Clip 34_20260728_145321: Copied (new)
2026/08/05 19:07:56 INFO  : audios_processados/Clip 35: Copied (new)
2026/08/05 19:07:57 INFO  : audios_processados/Clip 35_20260721_085326: Copied (new)
2026/08/05 19:07:57 INFO  : audios_processados/Clip 35_20260723_100234: Copied (new)
2026/08/05 19:07:58 INFO  : audios_processados/Clip 35_20260722_222336: Copied (new)
2026/08/05 19:07:58 INFO  : audios_processados/Clip 35_20260721_165443: Copied (new)
2026/08/05 19:07:58 INFO  : audios_processados/Clip 35_20260723_173817: Copied (new)
2026/08/05 19:07:58 INFO  : audios_processados/Clip 35_20260725_134234: Copied (new)
2026/08/05 19:07:58 INFO  : audios_processados/Clip 35_20260728_103519: Copied (new)
2026/08/05 19:07:59 INFO  : audios_processados/Clip 35_20260728_145724: Copied (new)
2026/08/05 19:07:59 INFO  : audios_processados/Clip 35_20260727_051521: Copied (new)
2026/08/05 19:07:59 INFO  : audios_processados/Clip 36: Copied (new)
2026/08/05 19:07:59 INFO  : audios_processados/Clip 36_20260721_165519: Copied (new)
2026/08/05 19:07:59 INFO  : audios_processados/Clip 36_20260721_085513: Copied (new)
2026/08/05 19:08:00 INFO  : audios_processados/Clip 36_20260722_222901: Copied (new)
2026/08/05 19:08:00 INFO  : audios_processados/Clip 36_20260723_100318: Copied (new)
2026/08/05 19:08:00 INFO  : audios_processados/Clip 36_20260725_134319: Copied (new)
2026/08/05 19:08:28 INFO  : audios_processados/Clip 36_20260728_103926: Copied (new)
2026/08/05 19:08:29 INFO  : audios_processados/Clip 37_20260727_052246: Copied (new)
2026/08/05 19:08:32 INFO  : audios_processados/Clip 37: Copied (new)
2026/08/05 19:08:32 INFO  : audios_processados/Clip 36_20260727_052105: Copied (new)
2026/08/05 19:08:32 INFO  : audios_processados/Clip 37_20260725_134405: Copied (new)
2026/08/05 19:08:32 INFO  : audios_processados/Clip 37_20260722_230835: Copied (new)
2026/08/05 19:08:33 INFO  : audios_processados/Clip 37_20260721_085646: Copied (new)
2026/08/05 19:08:33 INFO  : audios_processados/Clip 36_20260728_150058: Copied (new)
2026/08/05 19:08:34 INFO  : audios_processados/Clip 37_20260728_151203: Copied (new)
2026/08/05 19:08:34 INFO  : audios_processados/Clip 38: Copied (new)
2026/08/05 19:08:35 INFO  : audios_processados/Clip 38_20260721_170556: Copied (new)
2026/08/05 19:08:35 INFO  : audios_processados/Clip 38_20260721_085845: Copied (new)
2026/08/05 19:08:35 INFO  : audios_processados/Clip 38_20260727_053035: Copied (new)
2026/08/05 19:08:35 INFO  : audios_processados/Clip 38_20260725_135934: Copied (new)
2026/08/05 19:08:36 INFO  : audios_processados/Clip 37_20260721_170404: Copied (new)
2026/08/05 19:08:36 INFO  : audios_processados/Clip 38_20260728_152304: Copied (new)
2026/08/05 19:08:36 INFO  : audios_processados/Clip 39: Copied (new)
2026/08/05 19:08:37 INFO  : audios_processados/Clip 39_20260721_090339: Copied (new)
2026/08/05 19:08:37 INFO  : audios_processados/Clip 39_20260725_140014: Copied (new)
2026/08/05 19:08:37 INFO  : audios_processados/Clip 39_20260722_231759: Copied (new)
2026/08/05 19:08:38 INFO  : audios_processados/Clip 39_20260721_170757: Copied (new)
2026/08/05 19:08:38 INFO  : audios_processados/Clip 38_20260722_231432: Copied (new)
2026/08/05 19:08:38 INFO  : audios_processados/Clip 39_20260728_153541: Copied (new)
2026/08/05 19:08:38 INFO  : audios_processados/Clip 3: Copied (new)
2026/08/05 19:08:38 INFO  : audios_processados/Clip 39_20260727_053815: Copied (new)
2026/08/05 19:08:39 INFO  : audios_processados/Clip 3_20260701_160147: Copied (new)
2026/08/05 19:08:39 INFO  : audios_processados/Clip 3_20260706_092355: Copied (new)
2026/08/05 19:08:39 INFO  : audios_processados/Clip 3_20260706_124509: Copied (new)
2026/08/05 19:08:40 INFO  : audios_processados/Clip 3_20260710_121426: Copied (new)
2026/08/05 19:08:40 INFO  : audios_processados/Clip 3_20260714_092003: Copied (new)
2026/08/05 19:08:40 INFO  : audios_processados/Clip 3_20260710_194916: Copied (new)
2026/08/05 19:08:40 INFO  : audios_processados/Clip 3_20260709_144352: Copied (new)
2026/08/05 19:08:40 INFO  : audios_processados/Clip 3_20260714_113833: Copied (new)
2026/08/05 19:08:41 INFO  : audios_processados/Clip 3_20260715_120843: Copied (new)
2026/08/05 19:08:42 INFO  : audios_processados/Clip 3_20260715_233343: Copied (new)
2026/08/05 19:08:42 INFO  : audios_processados/Clip 3_20260718_014520: Copied (new)
2026/08/05 19:08:42 INFO  : audios_processados/Clip 3_20260717_224614: Copied (new)
2026/08/05 19:08:42 INFO  : audios_processados/Clip 3_20260718_100857: Copied (new)
2026/08/05 19:08:42 INFO  : audios_processados/Clip 3_20260718_092107: Copied (new)
2026/08/05 19:08:43 INFO  : audios_processados/Clip 3_20260718_113244: Copied (new)
2026/08/05 19:08:43 INFO  : audios_processados/Clip 3_20260718_103031: Copied (new)
2026/08/05 19:08:43 INFO  : audios_processados/Clip 3_20260717_173245: Copied (new)
2026/08/05 19:08:44 INFO  : audios_processados/Clip 3_20260718_161824: Copied (new)
2026/08/05 19:08:44 INFO  : audios_processados/Clip 3_20260719_112317: Copied (new)
2026/08/05 19:08:44 INFO  : audios_processados/Clip 3_20260720_105453: Copied (new)
2026/08/05 19:08:44 INFO  :   484.798 MiB / 684.119 MiB, 71%, 1.957 MiB/s, ETA 1m41s (xfr#601/1883)
2026/08/05 19:08:44 INFO  : audios_processados/Clip 3_20260720_113913: Copied (new)
2026/08/05 19:08:44 INFO  : audios_processados/Clip 3_20260721_231509: Copied (new)
2026/08/05 19:08:44 INFO  : audios_processados/Clip 3_20260718_204117: Copied (new)
2026/08/05 19:08:45 INFO  : audios_processados/Clip 3_20260722_114142: Copied (new)
2026/08/05 19:08:45 INFO  : audios_processados/Clip 3_20260722_135730: Copied (new)
2026/08/05 19:08:45 INFO  : audios_processados/Clip 3_20260722_163213: Copied (new)
2026/08/05 19:08:45 INFO  : audios_processados/Clip 3_20260722_153053: Copied (new)
2026/08/05 19:08:45 INFO  : audios_processados/Clip 3_20260722_171225: Copied (new)
2026/08/05 19:08:46 INFO  : audios_processados/Clip 3_20260722_171428: Copied (new)
2026/08/05 19:08:46 INFO  : audios_processados/Clip 3_20260722_235043: Copied (new)
2026/08/05 19:08:47 INFO  : audios_processados/Clip 3_20260723_113234: Copied (new)
2026/08/05 19:08:47 INFO  : audios_processados/Clip 3_20260726_021757: Copied (new)
2026/08/05 19:08:47 INFO  : audios_processados/Clip 3_20260723_222632: Copied (new)
2026/08/05 19:08:47 INFO  : audios_processados/Clip 3_20260726_141621: Copied (new)
2026/08/05 19:08:48 INFO  : audios_processados/Clip 3_20260727_130517: Copied (new)
2026/08/05 19:08:48 INFO  : audios_processados/Clip 3_20260726_152604: Copied (new)
2026/08/05 19:08:48 INFO  : audios_processados/Clip 3_20260728_105032: Copied (new)
2026/08/05 19:08:48 INFO  : audios_processados/Clip 3_20260728_231209: Copied (new)
2026/08/05 19:08:49 INFO  : audios_processados/Clip 3_20260729_091806: Copied (new)
2026/08/05 19:08:49 INFO  : audios_processados/Clip 3_20260729_152148: Copied (new)
2026/08/05 19:08:49 INFO  : audios_processados/Clip 3_20260729_110626: Copied (new)
2026/08/05 19:08:50 INFO  : audios_processados/Clip 3_20260730_111052: Copied (new)
2026/08/05 19:08:50 INFO  : audios_processados/Clip 3_20260801_140253: Copied (new)
2026/08/05 19:08:50 INFO  : audios_processados/Clip 3_20260801_103812: Copied (new)
2026/08/05 19:08:50 INFO  : audios_processados/Clip 3_20260802_095414: Copied (new)
2026/08/05 19:08:51 INFO  : audios_processados/Clip 3_20260731_114626: Copied (new)
2026/08/05 19:08:51 INFO  : audios_processados/Clip 3_20260804_123139: Copied (new)
2026/08/05 19:08:51 INFO  : audios_processados/Clip 3_20260803_075448: Copied (new)
2026/08/05 19:08:52 INFO  : audios_processados/Clip 3_20260805_103510: Copied (new)
2026/08/05 19:08:52 INFO  : audios_processados/Clip 3_20260804_231227: Copied (new)
2026/08/05 19:08:52 INFO  : audios_processados/Clip 40: Copied (new)
2026/08/05 19:08:52 INFO  : audios_processados/Clip 3_20260805_190056: Copied (new)
2026/08/05 19:08:52 INFO  : audios_processados/Clip 40_20260721_090726: Copied (new)
2026/08/05 19:08:53 INFO  : audios_processados/Clip 40_20260721_171112: Copied (new)
2026/08/05 19:08:53 INFO  : audios_processados/Clip 40_20260725_141320: Copied (new)
2026/08/05 19:08:54 INFO  : audios_processados/Clip 40_20260722_232059: Copied (new)
2026/08/05 19:08:54 INFO  : audios_processados/Clip 40_20260728_154002: Copied (new)
2026/08/05 19:08:54 INFO  : audios_processados/Clip 41: Copied (new)
2026/08/05 19:08:54 INFO  : audios_processados/Clip 40_20260727_053903: Copied (new)
2026/08/05 19:08:54 INFO  : audios_processados/Clip 41_20260721_171158: Copied (new)
2026/08/05 19:08:55 INFO  : audios_processados/Clip 41_20260722_232641: Copied (new)
2026/08/05 19:08:55 INFO  : audios_processados/Clip 41_20260725_171458: Copied (new)
2026/08/05 19:08:56 INFO  : audios_processados/Clip 41_20260721_091836: Copied (new)
2026/08/05 19:08:56 INFO  : audios_processados/Clip 421: Copied (new)
2026/08/05 19:08:56 INFO  : audios_processados/Clip 41_20260727_054016: Copied (new)
2026/08/05 19:08:56 INFO  : audios_processados/Clip 421_20260627_122924: Copied (new)
2026/08/05 19:08:56 INFO  : audios_processados/Clip 41_20260728_154204: Copied (new)
2026/08/05 19:08:56 INFO  : audios_processados/Clip 422: Copied (new)
2026/08/05 19:08:57 INFO  : audios_processados/Clip 422_20260627_133843: Copied (new)
2026/08/05 19:08:57 INFO  : audios_processados/Clip 423: Copied (new)
2026/08/05 19:08:57 INFO  : audios_processados/Clip 423_20260627_135313: Copied (new)
2026/08/05 19:08:57 INFO  : audios_processados/Clip 424: Copied (new)
2026/08/05 19:08:58 INFO  : audios_processados/Clip 425: Copied (new)
2026/08/05 19:08:58 INFO  : audios_processados/Clip 424_20260627_151936: Copied (new)
2026/08/05 19:08:58 INFO  : audios_processados/Clip 425_20260627_153230: Copied (new)
2026/08/05 19:08:58 INFO  : audios_processados/Clip 426: Copied (new)
2026/08/05 19:08:58 INFO  : audios_processados/Clip 426_20260627_153512: Copied (new)
2026/08/05 19:08:59 INFO  : audios_processados/Clip 427: Copied (new)
2026/08/05 19:08:59 INFO  : audios_processados/Clip 427_20260627_153730: Copied (new)
2026/08/05 19:08:59 INFO  : audios_processados/Clip 428: Copied (new)
2026/08/05 19:08:59 INFO  : audios_processados/Clip 429: Copied (new)
2026/08/05 19:08:59 INFO  : audios_processados/Clip 428_20260627_155601: Copied (new)
2026/08/05 19:09:00 INFO  : audios_processados/Clip 42: Copied (new)
2026/08/05 19:09:00 INFO  : audios_processados/Clip 42_20260721_092005: Copied (new)
2026/08/05 19:09:00 INFO  : audios_processados/Clip 42_20260721_180125: Copied (new)
2026/08/05 19:09:00 INFO  : audios_processados/Clip 42_20260722_232732: Copied (new)
2026/08/05 19:09:01 INFO  : audios_processados/Clip 42_20260727_054630: Copied (new)
2026/08/05 19:09:01 INFO  : audios_processados/Clip 42_20260725_174540: Copied (new)
2026/08/05 19:09:02 INFO  : audios_processados/Clip 43_20260722_233653: Copied (new)
2026/08/05 19:09:03 INFO  : audios_processados/Clip 43_20260728_162106: Copied (new)
2026/08/05 19:09:27 INFO  : audios_processados/Clip 44: Copied (new)
2026/08/05 19:09:32 INFO  : audios_processados/Clip 43_20260721_180151: Copied (new)
2026/08/05 19:09:33 INFO  : audios_processados/Clip 43_20260727_054706: Copied (new)
2026/08/05 19:09:33 INFO  : audios_processados/Clip 43: Copied (new)
2026/08/05 19:09:33 INFO  : audios_processados/Clip 44_20260721_180803: Copied (new)
2026/08/05 19:09:33 INFO  : audios_processados/Clip 44_20260722_233717: Copied (new)
2026/08/05 19:09:33 INFO  : audios_processados/Clip 43_20260721_102650: Copied (new)
2026/08/05 19:09:34 INFO  : audios_processados/Clip 43_20260725_175146: Copied (new)
2026/08/05 19:09:34 INFO  : audios_processados/Clip 42_20260728_161702: Copied (new)
2026/08/05 19:09:35 INFO  : audios_processados/Clip 44_20260728_162127: Copied (new)
2026/08/05 19:09:35 INFO  : audios_processados/Clip 45: Copied (new)
2026/08/05 19:09:35 INFO  : audios_processados/Clip 44_20260727_060353: Copied (new)
2026/08/05 19:09:35 INFO  : audios_processados/Clip 44_20260725_180004: Copied (new)
2026/08/05 19:09:35 INFO  : audios_processados/Clip 45_20260727_060539: Copied (new)
2026/08/05 19:09:35 INFO  : audios_processados/Clip 45_20260725_180529: Copied (new)
2026/08/05 19:09:36 INFO  : audios_processados/Clip 46: Copied (new)
2026/08/05 19:09:37 INFO  : audios_processados/Clip 46_20260727_062718: Copied (new)
2026/08/05 19:09:37 INFO  : audios_processados/Clip 47: Copied (new)
2026/08/05 19:09:37 INFO  : audios_processados/Clip 46_20260728_164403: Copied (new)
2026/08/05 19:09:37 INFO  : audios_processados/Clip 47_20260727_070147: Copied (new)
2026/08/05 19:09:38 INFO  : audios_processados/Clip 47_20260728_164735: Copied (new)
2026/08/05 19:09:39 INFO  : audios_processados/Clip 45_20260728_164229: Copied (new)
2026/08/05 19:09:39 INFO  : audios_processados/Clip 48: Copied (new)
2026/08/05 19:09:39 INFO  : audios_processados/Clip 49: Copied (new)
2026/08/05 19:09:39 INFO  : audios_processados/Clip 48_20260728_165405: Copied (new)
2026/08/05 19:09:40 INFO  : audios_processados/Clip 48_20260727_071152: Copied (new)
2026/08/05 19:09:40 INFO  : audios_processados/Clip 49_20260727_072310: Copied (new)
2026/08/05 19:09:40 INFO  : audios_processados/Clip 49_20260728_165846: Copied (new)
2026/08/05 19:09:40 INFO  : audios_processados/Clip 4: Copied (new)
2026/08/05 19:09:41 INFO  : audios_processados/Clip 4_20260706_125313: Copied (new)
2026/08/05 19:09:41 INFO  : audios_processados/Clip 4_20260707_131319: Copied (new)
2026/08/05 19:09:42 INFO  : audios_processados/Clip 4_20260706_095616: Copied (new)
2026/08/05 19:09:42 INFO  : audios_processados/Clip 4_20260708_093821: Copied (new)
2026/08/05 19:09:42 INFO  : audios_processados/Clip 4_20260701_180852: Copied (new)
2026/08/05 19:09:43 INFO  : audios_processados/Clip 4_20260715_233422: Copied (new)
2026/08/05 19:09:43 INFO  : audios_processados/Clip 4_20260714_114228: Copied (new)
2026/08/05 19:09:43 INFO  : audios_processados/Clip 4_20260715_121641: Copied (new)
2026/08/05 19:09:43 INFO  : audios_processados/Clip 4_20260717_173334: Copied (new)
2026/08/05 19:09:43 INFO  : audios_processados/Clip 4_20260717_225236: Copied (new)
2026/08/05 19:09:44 INFO  : audios_processados/Clip 4_20260718_014735: Copied (new)
2026/08/05 19:09:44 INFO  : audios_processados/Clip 4_20260718_092215: Copied (new)
2026/08/05 19:09:44 INFO  :   571.692 MiB / 701.139 MiB, 82%, 1.735 MiB/s, ETA 1m14s (xfr#712/1883)
2026/08/05 19:09:44 INFO  : audios_processados/Clip 4_20260718_100957: Copied (new)
2026/08/05 19:09:44 INFO  : audios_processados/Clip 4_20260718_103142: Copied (new)
2026/08/05 19:09:44 INFO  : audios_processados/Clip 4_20260718_120902: Copied (new)
2026/08/05 19:09:45 INFO  : audios_processados/Clip 4_20260718_162037: Copied (new)
2026/08/05 19:09:45 INFO  : audios_processados/Clip 4_20260718_204341: Copied (new)
2026/08/05 19:09:45 INFO  : audios_processados/Clip 4_20260719_112549: Copied (new)
2026/08/05 19:09:46 INFO  : audios_processados/Clip 4_20260720_121217: Copied (new)
2026/08/05 19:09:46 INFO  : audios_processados/Clip 4_20260722_000631: Copied (new)
2026/08/05 19:09:46 INFO  : audios_processados/Clip 4_20260722_153156: Copied (new)
2026/08/05 19:09:46 INFO  : audios_processados/Clip 4_20260722_114232: Copied (new)
2026/08/05 19:09:46 INFO  : audios_processados/Clip 4_20260722_163249: Copied (new)
2026/08/05 19:09:47 INFO  : audios_processados/Clip 4_20260722_171306: Copied (new)
2026/08/05 19:09:47 INFO  : audios_processados/Clip 4_20260723_000641: Copied (new)
2026/08/05 19:09:47 INFO  : audios_processados/Clip 4_20260722_171539: Copied (new)
2026/08/05 19:09:48 INFO  : audios_processados/Clip 4_20260723_222813: Copied (new)
2026/08/05 19:09:48 INFO  : audios_processados/Clip 4_20260723_115511: Copied (new)
2026/08/05 19:09:48 INFO  : audios_processados/Clip 4_20260726_121258: Copied (new)
2026/08/05 19:09:49 INFO  : audios_processados/Clip 4_20260726_142101: Copied (new)
2026/08/05 19:09:49 INFO  : audios_processados/Clip 4_20260726_152800: Copied (new)
2026/08/05 19:09:49 INFO  : audios_processados/Clip 4_20260728_105327: Copied (new)
2026/08/05 19:09:49 INFO  : audios_processados/Clip 4_20260722_135952: Copied (new)
2026/08/05 19:09:49 INFO  : audios_processados/Clip 4_20260727_133958: Copied (new)
2026/08/05 19:09:50 INFO  : audios_processados/Clip 4_20260728_231431: Copied (new)
2026/08/05 19:09:50 INFO  : audios_processados/Clip 4_20260729_103841: Copied (new)
2026/08/05 19:09:50 INFO  : audios_processados/Clip 4_20260729_111410: Copied (new)
2026/08/05 19:09:51 INFO  : audios_processados/Clip 4_20260730_111425: Copied (new)
2026/08/05 19:09:51 INFO  : audios_processados/Clip 4_20260731_115433: Copied (new)
2026/08/05 19:09:51 INFO  : audios_processados/Clip 4_20260801_104451: Copied (new)
2026/08/05 19:09:51 INFO  : audios_processados/Clip 4_20260801_140446: Copied (new)
2026/08/05 19:09:51 INFO  : audios_processados/Clip 4_20260802_095914: Copied (new)
2026/08/05 19:09:52 INFO  : audios_processados/Clip 4_20260804_124854: Copied (new)
2026/08/05 19:09:52 INFO  : audios_processados/Clip 4_20260804_231403: Copied (new)
2026/08/05 19:09:52 INFO  : audios_processados/Clip 4_20260803_082531: Copied (new)
2026/08/05 19:09:52 INFO  : audios_processados/Clip 4_20260805_190151: Copied (new)
2026/08/05 19:09:53 INFO  : audios_processados/Clip 4_20260805_104145: Copied (new)
2026/08/05 19:09:53 INFO  : audios_processados/Clip 50_20260727_073744: Copied (new)
2026/08/05 19:09:53 INFO  : audios_processados/Clip 50: Copied (new)
2026/08/05 19:09:53 INFO  : audios_processados/Clip 50_20260728_170308: Copied (new)
2026/08/05 19:09:54 INFO  : audios_processados/Clip 51_20260728_170901: Copied (new)
2026/08/05 19:09:54 INFO  : audios_processados/Clip 51: Copied (new)
2026/08/05 19:09:54 INFO  : audios_processados/Clip 52: Copied (new)
2026/08/05 19:09:54 INFO  : audios_processados/Clip 52_20260727_073939: Copied (new)
2026/08/05 19:09:54 INFO  : audios_processados/Clip 51_20260727_073849: Copied (new)
2026/08/05 19:09:54 INFO  : audios_processados/Clip 52_20260728_171105: Copied (new)
2026/08/05 19:09:55 INFO  : audios_processados/Clip 53: Copied (new)
2026/08/05 19:09:55 INFO  : audios_processados/Clip 53_20260727_074921: Copied (new)
2026/08/05 19:09:56 INFO  : audios_processados/Clip 53_20260728_171413: Copied (new)
2026/08/05 19:09:56 INFO  : audios_processados/Clip 54_20260728_171443: Copied (new)
2026/08/05 19:09:56 INFO  : audios_processados/Clip 54_20260727_075400: Copied (new)
2026/08/05 19:09:56 INFO  : audios_processados/Clip 54: Copied (new)
2026/08/05 19:09:57 INFO  : audios_processados/Clip 55_20260727_075535: Copied (new)
2026/08/05 19:09:57 INFO  : audios_processados/Clip 55: Copied (new)
2026/08/05 19:09:57 INFO  : audios_processados/Clip 55_20260728_171615: Copied (new)
2026/08/05 19:09:57 INFO  : audios_processados/Clip 56: Copied (new)
2026/08/05 19:09:58 INFO  : audios_processados/Clip 56_20260727_075635: Copied (new)
2026/08/05 19:09:58 INFO  : audios_processados/Clip 56_20260728_171751: Copied (new)
2026/08/05 19:09:58 INFO  : audios_processados/Clip 57: Copied (new)
2026/08/05 19:09:58 INFO  : audios_processados/Clip 57_20260727_084430: Copied (new)
2026/08/05 19:09:59 INFO  : audios_processados/Clip 57_20260728_172409: Copied (new)
2026/08/05 19:09:59 INFO  : audios_processados/Clip 58: Copied (new)
2026/08/05 19:10:00 INFO  : audios_processados/Clip 59: Copied (new)
2026/08/05 19:10:00 INFO  : audios_processados/Clip 5: Copied (new)
2026/08/05 19:10:00 INFO  : audios_processados/Clip 59_20260727_090217: Copied (new)
2026/08/05 19:10:00 INFO  : audios_processados/Clip 59_20260728_174004: Copied (new)
2026/08/05 19:10:01 INFO  : audios_processados/Clip 58_20260728_173639: Copied (new)
2026/08/05 19:10:01 INFO  : audios_processados/Clip 5_20260715_122537: Copied (new)
2026/08/05 19:10:02 INFO  : audios_processados/Clip 5_20260715_233508: Copied (new)
2026/08/05 19:10:02 INFO  : audios_processados/Clip 5_20260718_015021: Copied (new)
2026/08/05 19:10:27 INFO  : audios_processados/Clip 5_20260718_092746: Copied (new)
2026/08/05 19:10:27 INFO  : audios_processados/Clip 5_20260718_105014: Copied (new)
2026/08/05 19:10:27 INFO  : audios_processados/Clip 5_20260718_124816: Copied (new)
2026/08/05 19:10:27 INFO  : audios_processados/Clip 5_20260718_163719: Copied (new)
2026/08/05 19:10:29 INFO  : audios_processados/Clip 5_20260718_001458: Copied (new)
2026/08/05 19:10:29 INFO  : audios_processados/Clip 5_20260718_101147: Copied (new)
2026/08/05 19:10:29 INFO  : audios_processados/Clip 5_20260720_125544: Copied (new)
2026/08/05 19:10:30 INFO  : audios_processados/Clip 5_20260714_115159: Copied (new)
2026/08/05 19:10:30 INFO  : audios_processados/Clip 5_20260718_205314: Copied (new)
2026/08/05 19:10:30 INFO  : audios_processados/Clip 5_20260719_112706: Copied (new)
2026/08/05 19:10:30 INFO  : audios_processados/Clip 5_20260722_000938: Copied (new)
2026/08/05 19:10:31 INFO  : audios_processados/Clip 5_20260722_121803: Copied (new)
2026/08/05 19:10:31 INFO  : audios_processados/Clip 5_20260722_140304: Copied (new)
2026/08/05 19:10:32 INFO  : audios_processados/Clip 5_20260722_171938: Copied (new)
2026/08/05 19:10:32 INFO  : audios_processados/Clip 5_20260722_164649: Copied (new)
2026/08/05 19:10:33 INFO  : audios_processados/Clip 5_20260722_153704: Copied (new)
2026/08/05 19:10:33 INFO  : audios_processados/Clip 5_20260723_000809: Copied (new)
2026/08/05 19:10:33 INFO  : audios_processados/Clip 5_20260723_115545: Copied (new)
2026/08/05 19:10:34 INFO  : audios_processados/Clip 5_20260723_223749: Copied (new)
2026/08/05 19:10:34 INFO  : audios_processados/Clip 5_20260726_122722: Copied (new)
2026/08/05 19:10:34 INFO  : audios_processados/Clip 5_20260726_142246: Copied (new)
2026/08/05 19:10:34 INFO  : audios_processados/Clip 58_20260727_085743: Copied (new)
2026/08/05 19:10:35 INFO  : audios_processados/Clip 5_20260727_140942: Copied (new)
2026/08/05 19:10:35 INFO  : audios_processados/Clip 5_20260726_153619: Copied (new)
2026/08/05 19:10:35 INFO  : audios_processados/Clip 5_20260728_105609: Copied (new)
2026/08/05 19:10:35 INFO  : audios_processados/Clip 5_20260728_231516: Copied (new)
2026/08/05 19:10:36 INFO  : audios_processados/Clip 5_20260729_104434: Copied (new)
2026/08/05 19:10:36 INFO  : audios_processados/Clip 5_20260730_112120: Copied (new)
2026/08/05 19:10:36 INFO  : audios_processados/Clip 5_20260729_111524: Copied (new)
2026/08/05 19:10:36 INFO  : audios_processados/Clip 5_20260731_115521: Copied (new)
2026/08/05 19:10:36 INFO  : audios_processados/Clip 5_20260801_104536: Copied (new)
2026/08/05 19:10:37 INFO  : audios_processados/Clip 5_20260804_140615: Copied (new)
2026/08/05 19:10:37 INFO  : audios_processados/Clip 5_20260805_104311: Copied (new)
2026/08/05 19:10:37 INFO  : audios_processados/Clip 5_20260803_084601: Copied (new)
2026/08/05 19:10:38 INFO  : audios_processados/Clip 5_20260804_232757: Copied (new)
2026/08/05 19:10:38 INFO  : audios_processados/Clip 60: Copied (new)
2026/08/05 19:10:38 INFO  : audios_processados/Clip 60_20260727_090614: Copied (new)
2026/08/05 19:10:38 INFO  : audios_processados/Clip 61: Copied (new)
2026/08/05 19:10:38 INFO  : audios_processados/Clip 60_20260728_183149: Copied (new)
2026/08/05 19:10:39 INFO  : audios_processados/Clip 61_20260727_095103: Copied (new)
2026/08/05 19:10:39 INFO  : audios_processados/Clip 62: Copied (new)
2026/08/05 19:10:39 INFO  : audios_processados/Clip 63: Copied (new)
2026/08/05 19:10:40 INFO  : audios_processados/Clip 65: Copied (new)
2026/08/05 19:10:40 INFO  : audios_processados/Clip 66: Copied (new)
2026/08/05 19:10:40 INFO  : audios_processados/Clip 67: Copied (new)
2026/08/05 19:10:40 INFO  : audios_processados/Clip 64: Copied (new)
2026/08/05 19:10:41 INFO  : audios_processados/Clip 68: Copied (new)
2026/08/05 19:10:41 INFO  : audios_processados/Clip 69: Copied (new)
2026/08/05 19:10:41 INFO  : audios_processados/Clip 6: Copied (new)
2026/08/05 19:10:41 INFO  : audios_processados/Clip 6_20260714_122004: Copied (new)
2026/08/05 19:10:41 INFO  : audios_processados/Clip 6_20260715_141312: Copied (new)
2026/08/05 19:10:42 INFO  : audios_processados/Clip 6_20260715_234202: Copied (new)
2026/08/05 19:10:42 INFO  : audios_processados/Clip 61_20260728_184840: Copied (new)
2026/08/05 19:10:42 INFO  : audios_processados/Clip 6_20260718_002337: Copied (new)
2026/08/05 19:10:42 INFO  : audios_processados/Clip 6_20260718_021322: Copied (new)
2026/08/05 19:10:43 INFO  : audios_processados/Clip 6_20260718_093524: Copied (new)
2026/08/05 19:10:44 INFO  : audios_processados/Clip 6_20260718_163840: Copied (new)
2026/08/05 19:10:44 INFO  : audios_processados/Clip 6_20260718_205758: Copied (new)
2026/08/05 19:10:44 INFO  : audios_processados/Clip 6_20260719_112820: Copied (new)
2026/08/05 19:10:44 INFO  : audios_processados/Clip 6_20260718_135847: Copied (new)
2026/08/05 19:10:44 INFO  : audios_processados/Clip 6_20260718_101311: Copied (new)
2026/08/05 19:10:44 INFO  :   664.308 MiB / 724.466 MiB, 92%, 1.851 MiB/s, ETA 32s (xfr#841/1883)
2026/08/05 19:10:44 INFO  : audios_processados/Clip 6_20260722_002224: Copied (new)
2026/08/05 19:10:45 INFO  : audios_processados/Clip 6_20260722_122106: Copied (new)
2026/08/05 19:10:45 INFO  : audios_processados/Clip 6_20260722_140557: Copied (new)
2026/08/05 19:10:46 INFO  : audios_processados/Clip 6_20260722_153834: Copied (new)
2026/08/05 19:10:46 INFO  : audios_processados/Clip 6_20260722_173334: Copied (new)
2026/08/05 19:10:46 INFO  : audios_processados/Clip 6_20260723_020133: Copied (new)
2026/08/05 19:10:46 INFO  : audios_processados/Clip 6_20260723_115604: Copied (new)
2026/08/05 19:10:46 INFO  : audios_processados/Clip 6_20260723_224119: Copied (new)
2026/08/05 19:10:47 INFO  : audios_processados/Clip 6_20260726_124209: Copied (new)
2026/08/05 19:10:47 INFO  : audios_processados/Clip 6_20260726_142752: Copied (new)
2026/08/05 19:10:48 INFO  : audios_processados/Clip 6_20260727_143425: Copied (new)
2026/08/05 19:10:48 INFO  : audios_processados/Clip 6_20260726_154035: Copied (new)
2026/08/05 19:10:48 INFO  : audios_processados/Clip 6_20260728_110358: Copied (new)
2026/08/05 19:10:48 INFO  : audios_processados/Clip 6_20260720_131135: Copied (new)
2026/08/05 19:10:48 INFO  : audios_processados/Clip 6_20260729_115504: Copied (new)
2026/08/05 19:10:48 INFO  : audios_processados/Clip 6_20260730_112332: Copied (new)
2026/08/05 19:10:49 INFO  : audios_processados/Clip 6_20260731_115746: Copied (new)
2026/08/05 19:10:49 INFO  : audios_processados/Clip 6_20260801_105811: Copied (new)
2026/08/05 19:10:49 INFO  : audios_processados/Clip 6_20260804_140718: Copied (new)
2026/08/05 19:10:49 INFO  : audios_processados/Clip 6_20260803_085252: Copied (new)
2026/08/05 19:10:49 INFO  : audios_processados/Clip 6_20260805_104326: Copied (new)
2026/08/05 19:10:49 INFO  : audios_processados/Clip 6_20260804_233446: Copied (new)
2026/08/05 19:10:50 INFO  : audios_processados/Clip 7: Copied (new)
2026/08/05 19:10:50 INFO  : audios_processados/Clip 7_20260714_122123: Copied (new)
2026/08/05 19:10:50 INFO  : audios_processados/Clip 7_20260715_170352: Copied (new)
2026/08/05 19:10:51 INFO  : audios_processados/Clip 7_20260715_234326: Copied (new)
2026/08/05 19:10:51 INFO  : audios_processados/Clip 7_20260718_003252: Copied (new)
2026/08/05 19:10:51 INFO  : audios_processados/Clip 7_20260718_021455: Copied (new)
2026/08/05 19:10:51 INFO  : audios_processados/Clip 7_20260718_101530: Copied (new)
2026/08/05 19:10:51 INFO  : audios_processados/Clip 7_20260718_135931: Copied (new)
2026/08/05 19:10:52 INFO  : audios_processados/Clip 7_20260718_094332: Copied (new)
2026/08/05 19:10:52 INFO  : audios_processados/Clip 7_20260718_205846: Copied (new)
2026/08/05 19:10:52 INFO  : audios_processados/Clip 7_20260718_164010: Copied (new)
2026/08/05 19:10:53 INFO  : audios_processados/Clip 7_20260719_121122: Copied (new)
2026/08/05 19:10:53 INFO  : audios_processados/Clip 7_20260720_131435: Copied (new)
2026/08/05 19:10:53 INFO  : audios_processados/Clip 7_20260722_011358: Copied (new)
2026/08/05 19:10:53 INFO  : audios_processados/Clip 7_20260722_122521: Copied (new)
2026/08/05 19:10:53 INFO  : audios_processados/Clip 7_20260722_154054: Copied (new)
2026/08/05 19:10:54 INFO  : audios_processados/Clip 7_20260723_020316: Copied (new)
2026/08/05 19:10:54 INFO  : audios_processados/Clip 7_20260723_115642: Copied (new)
2026/08/05 19:10:54 INFO  : audios_processados/Clip 7_20260722_173347: Copied (new)
2026/08/05 19:10:55 INFO  : audios_processados/Clip 7_20260723_225214: Copied (new)
2026/08/05 19:10:55 INFO  : audios_processados/Clip 7_20260726_124828: Copied (new)
2026/08/05 19:10:55 INFO  : audios_processados/Clip 7_20260726_142834: Copied (new)
2026/08/05 19:10:55 INFO  : audios_processados/Clip 7_20260726_154425: Copied (new)
2026/08/05 19:10:55 INFO  : audios_processados/Clip 7_20260727_144316: Copied (new)
2026/08/05 19:10:55 INFO  : audios_processados/Clip 7_20260728_112432: Copied (new)
2026/08/05 19:10:55 INFO  : audios_processados/Clip 7_20260729_120853: Copied (new)
2026/08/05 19:10:56 INFO  : audios_processados/Clip 7_20260730_112418: Copied (new)
2026/08/05 19:10:57 INFO  : audios_processados/Clip 7_20260801_110835: Copied (new)
2026/08/05 19:10:57 INFO  : audios_processados/Clip 7_20260803_144202: Copied (new)
2026/08/05 19:10:57 INFO  : audios_processados/Clip 7_20260804_143000: Copied (new)
2026/08/05 19:10:57 INFO  : audios_processados/Clip 7_20260804_235836: Copied (new)
2026/08/05 19:10:57 INFO  : audios_processados/Clip 7_20260805_104506: Copied (new)
2026/08/05 19:10:58 INFO  : audios_processados/Clip 8_20260718_003430: Copied (new)
2026/08/05 19:10:58 INFO  : audios_processados/Clip 8_20260715_234659: Copied (new)
2026/08/05 19:10:58 INFO  : audios_processados/Clip 8: Copied (new)
2026/08/05 19:10:58 INFO  : audios_processados/Clip 8_20260718_021811: Copied (new)
2026/08/05 19:10:59 INFO  : audios_processados/Clip 8_20260718_101651: Copied (new)
2026/08/05 19:10:59 INFO  : audios_processados/Clip 8_20260718_094536: Copied (new)
2026/08/05 19:10:59 INFO  : audios_processados/Clip 8_20260718_164135: Copied (new)
2026/08/05 19:10:59 INFO  : audios_processados/Clip 8_20260718_140139: Copied (new)
2026/08/05 19:10:59 INFO  : audios_processados/Clip 8_20260718_210255: Copied (new)
2026/08/05 19:11:00 INFO  : audios_processados/Clip 8_20260719_122720: Copied (new)
2026/08/05 19:11:00 INFO  : audios_processados/Clip 8_20260720_131437: Copied (new)
2026/08/05 19:11:00 INFO  : audios_processados/Clip 8_20260722_122637: Copied (new)
2026/08/05 19:11:01 INFO  : audios_processados/Clip 8_20260722_154339: Copied (new)
2026/08/05 19:11:01 INFO  : audios_processados/Clip 8_20260722_173627: Copied (new)
2026/08/05 19:11:03 INFO  : audios_processados/Clip 8_20260723_020510: Copied (new)
2026/08/05 19:11:29 INFO  : audios_processados/Clip 8_20260727_151528: Copied (new)
2026/08/05 19:11:31 INFO  : audios_processados/Clip 8_20260729_121035: Copied (new)
2026/08/05 19:11:32 INFO  : audios_processados/Clip 8_20260730_112847: Copied (new)
2026/08/05 19:11:34 INFO  : audios_processados/Clip 8_20260801_114641: Copied (new)
2026/08/05 19:11:36 INFO  : audios_processados/Clip 8_20260803_144319: Copied (new)
2026/08/05 19:11:38 INFO  : audios_processados/Clip 8_20260722_044045: Copied (new)
2026/08/05 19:11:38 INFO  : audios_processados/Clip 8_20260726_125018: Copied (new)
2026/08/05 19:11:38 INFO  : audios_processados/Clip 8_20260723_115756: Copied (new)
2026/08/05 19:11:38 INFO  : audios_processados/Clip 8_20260723_225539: Copied (new)
2026/08/05 19:11:39 INFO  : audios_processados/Clip 8_20260726_144120: Copied (new)
2026/08/05 19:11:39 INFO  : audios_processados/Clip 8_20260804_143334: Copied (new)
2026/08/05 19:11:39 INFO  : audios_processados/Clip 8_20260726_154545: Copied (new)
2026/08/05 19:11:39 INFO  : audios_processados/Clip 8_20260728_113806: Copied (new)
2026/08/05 19:11:39 INFO  : audios_processados/Clip 8_20260805_105215: Copied (new)
2026/08/05 19:11:40 INFO  : audios_processados/Clip 8_20260805_000159: Copied (new)
2026/08/05 19:11:40 INFO  : audios_processados/Clip 9_20260715_235114: Copied (new)
2026/08/05 19:11:40 INFO  : audios_processados/Clip 9: Copied (new)
2026/08/05 19:11:41 INFO  : audios_processados/Clip 9_20260718_003449: Copied (new)
2026/08/05 19:11:41 INFO  : audios_processados/Clip 9_20260718_094837: Copied (new)
2026/08/05 19:11:41 INFO  : audios_processados/Clip 9_20260718_142337: Copied (new)
2026/08/05 19:11:41 INFO  : audios_processados/Clip 9_20260718_101802: Copied (new)
2026/08/05 19:11:41 INFO  : audios_processados/Clip 9_20260718_165226: Copied (new)
2026/08/05 19:11:42 INFO  : audios_processados/Clip 9_20260718_023630: Copied (new)
2026/08/05 19:11:42 INFO  : audios_processados/Clip 9_20260718_211821: Copied (new)
2026/08/05 19:11:42 INFO  : audios_processados/Clip 9_20260719_150843: Copied (new)
2026/08/05 19:11:42 INFO  : audios_processados/Clip 9_20260720_131437: Copied (new)
2026/08/05 19:12:22 INFO  : audios_processados: Set directory modification time (using SetModTime)
2026/08/05 19:12:27 INFO  : transcricoes/20260628_120352_Clip_2.txt: Copied (new)
2026/08/05 19:12:27 INFO  : transcricoes/20260628_114146_Clip_2.txt: Copied (new)
2026/08/05 19:12:27 INFO  : transcricoes/20260628_123300_Clip_4.txt: Copied (new)
2026/08/05 19:12:27 INFO  : transcricoes/20260628_123122_Clip_3.txt: Copied (new)
2026/08/05 19:12:27 INFO  : transcricoes/20260628_114719_Gravacao_Codex_20260628_114616_fixed.wav.txt: Copied (new)
2026/08/05 19:12:27 INFO  : transcricoes/20260628_114817_Gravacao_Codex_20260628_114802.wav.txt: Copied (new)
2026/08/05 19:12:28 INFO  : transcricoes/20260628_115404_Clip_1.txt: Copied (new)
2026/08/05 19:12:28 INFO  : transcricoes/20260628_115748_Clip_1.txt: Copied (new)
2026/08/05 19:12:29 INFO  : transcricoes/20260628_194105_Clip_1.txt: Copied (new)
2026/08/05 19:12:29 INFO  : transcricoes/20260701_114501_Clip_1.txt: Copied (new)
2026/08/05 19:12:29 INFO  : transcricoes/20260628_200606_Clip_2.txt: Copied (new)
2026/08/05 19:12:29 INFO  : transcricoes/20260701_160147_Clip_3.txt: Copied (new)
2026/08/05 19:12:29 INFO  : transcricoes/20260701_180852_Clip_4.txt: Copied (new)
2026/08/05 19:12:29 INFO  : transcricoes/20260702_161945_Clip_1.txt: Copied (new)
2026/08/05 19:12:30 INFO  : transcricoes/20260703_092110_Clip_1.txt: Copied (new)
2026/08/05 19:12:31 INFO  : transcricoes/20260706_082706_Clip_1.txt: Copied (new)
2026/08/05 19:12:31 INFO  : transcricoes/20260706_091125_Clip_2.txt: Copied (new)
2026/08/05 19:12:31 INFO  : transcricoes/20260701_115508_Clip_2.txt: Copied (new)
2026/08/05 19:12:31 INFO  : transcricoes/20260706_095616_Clip_4.txt: Copied (new)
2026/08/05 19:12:31 INFO  : transcricoes/20260706_113536_Clip_2.txt: Copied (new)
2026/08/05 19:12:31 INFO  : transcricoes/20260706_092355_Clip_3.txt: Copied (new)
2026/08/05 19:12:31 INFO  : transcricoes/20260706_102148_Clip_1.txt: Copied (new)
2026/08/05 19:12:32 INFO  : transcricoes/20260706_121845_Clip_1.txt: Copied (new)
2026/08/05 19:12:32 INFO  : transcricoes/20260706_124509_Clip_3.txt: Copied (new)
2026/08/05 19:12:32 INFO  : transcricoes/20260707_120447_Clip_2.txt: Copied (new)
2026/08/05 19:12:33 INFO  : transcricoes/20260706_125313_Clip_4.txt: Copied (new)
2026/08/05 19:12:33 INFO  : transcricoes/20260706_123652_Clip_1.txt: Copied (new)
2026/08/05 19:12:33 INFO  : transcricoes/20260707_131319_Clip_4.txt: Copied (new)
2026/08/05 19:12:33 INFO  : transcricoes/20260706_123905_Clip_2.txt: Copied (new)
2026/08/05 19:12:33 INFO  : transcricoes/20260707_120330_Clip_2.txt: Copied (new)
2026/08/05 19:12:34 INFO  : transcricoes/20260708_093821_Clip_4.txt: Copied (new)
2026/08/05 19:12:34 INFO  : transcricoes/20260708_113910_Clip_5.txt: Copied (new)
2026/08/05 19:12:34 INFO  : transcricoes/20260708_114104_Clip_6.txt: Copied (new)
2026/08/05 19:12:34 INFO  : transcricoes/20260708_123024_Clip_9.txt: Copied (new)
2026/08/05 19:12:34 INFO  : transcricoes/20260708_120127_Clip_8.txt: Copied (new)
2026/08/05 19:12:35 INFO  : transcricoes/20260708_123133_Clip_10.txt: Copied (new)
2026/08/05 19:12:35 INFO  : transcricoes/20260708_134945_Clip_11.txt: Copied (new)
2026/08/05 19:12:35 INFO  : transcricoes/20260708_115615_Clip_7.txt: Copied (new)
2026/08/05 19:12:36 INFO  : transcricoes/20260708_174920_Clip_1.txt: Copied (new)
2026/08/05 19:12:36 INFO  : transcricoes/20260708_141754_Clip_12.txt: Copied (new)
2026/08/05 19:12:36 INFO  : transcricoes/20260709_144321_Clip_2.txt: Copied (new)
2026/08/05 19:12:36 INFO  : transcricoes/20260709_144352_Clip_3.txt: Copied (new)
2026/08/05 19:12:37 INFO  : transcricoes/20260709_144140_Clip_1.txt: Copied (new)
2026/08/05 19:12:37 INFO  : transcricoes/20260709_150632_Clip_1.txt: Copied (new)
2026/08/05 19:12:37 INFO  : transcricoes/20260709_164534_Clip_2.txt: Copied (new)
2026/08/05 19:12:38 INFO  : transcricoes/20260708_175736_Clip_1.txt: Copied (new)
2026/08/05 19:12:38 INFO  : transcricoes/20260709_172557_Clip_1.txt: Copied (new)
2026/08/05 19:12:38 INFO  : transcricoes/20260709_174838_Clip_2.txt: Copied (new)
2026/08/05 19:12:38 INFO  : transcricoes/20260709_195506_Clip_1.txt: Copied (new)
2026/08/05 19:12:38 INFO  : transcricoes/20260710_120513_Clip_2.txt: Copied (new)
2026/08/05 19:12:38 INFO  : transcricoes/20260710_121049_Clip_1.txt: Copied (new)
2026/08/05 19:12:39 INFO  : transcricoes/20260710_115517_Clip_1.txt: Copied (new)
2026/08/05 19:12:39 INFO  : transcricoes/20260710_194721_Clip_1.txt: Copied (new)
2026/08/05 19:12:40 INFO  : transcricoes/20260710_121426_Clip_3.txt: Copied (new)
2026/08/05 19:12:40 INFO  : transcricoes/20260710_121216_Clip_2.txt: Copied (new)
2026/08/05 19:12:40 INFO  : transcricoes/20260710_194808_Clip_2.txt: Copied (new)
2026/08/05 19:12:40 INFO  : transcricoes/20260710_194916_Clip_3.txt: Copied (new)
2026/08/05 19:12:40 INFO  : transcricoes/20260713_153121_Clip_1.txt: Copied (new)
2026/08/05 19:12:40 INFO  : transcricoes/20260713_153524_Clip_2.txt: Copied (new)
2026/08/05 19:12:41 INFO  : transcricoes/20260714_091900_Clip_2.txt: Copied (new)
2026/08/05 19:12:41 INFO  : transcricoes/20260714_091459_Clip_1.txt: Copied (new)
2026/08/05 19:12:41 INFO  : transcricoes/20260714_113212_Clip_1.txt: Copied (new)
2026/08/05 19:12:41 INFO  : transcricoes/20260714_092003_Clip_3.txt: Copied (new)
2026/08/05 19:12:41 INFO  : transcricoes/20260714_113755_Clip_2.txt: Copied (new)
2026/08/05 19:12:42 INFO  : transcricoes/20260714_115159_Clip_5.txt: Copied (new)
2026/08/05 19:12:42 INFO  : transcricoes/20260714_114228_Clip_4.txt: Copied (new)
2026/08/05 19:12:42 INFO  : transcricoes/20260714_113833_Clip_3.txt: Copied (new)
2026/08/05 19:12:42 INFO  : transcricoes/20260714_122004_Clip_6.txt: Copied (new)
2026/08/05 19:12:43 INFO  : transcricoes/20260714_122123_Clip_7.txt: Copied (new)
2026/08/05 19:12:43 INFO  : transcricoes/20260714_122631_Clip_1.txt: Copied (new)
2026/08/05 19:12:43 INFO  : transcricoes/20260715_113108_Clip_1.txt: Copied (new)
2026/08/05 19:12:43 INFO  : transcricoes/20260714_122805_Clip_2.txt: Copied (new)
2026/08/05 19:12:43 INFO  : transcricoes/20260715_113543_Clip_2.txt: Copied (new)
2026/08/05 19:12:44 INFO  : transcricoes/20260715_121641_Clip_4.txt: Copied (new)
2026/08/05 19:12:44 INFO  : transcricoes/20260715_122537_Clip_5.txt: Copied (new)
2026/08/05 19:12:44 INFO  : transcricoes/20260715_141312_Clip_6.txt: Copied (new)
2026/08/05 19:12:45 INFO  : transcricoes/20260715_170639_Clip_1.txt: Copied (new)
2026/08/05 19:12:45 INFO  : transcricoes/20260715_170352_Clip_7.txt: Copied (new)
2026/08/05 19:12:45 INFO  : transcricoes/20260715_120843_Clip_3.txt: Copied (new)
2026/08/05 19:12:45 INFO  : transcricoes/20260715_233011_Clip_1.txt: Copied (new)
2026/08/05 19:12:45 INFO  : transcricoes/20260715_233246_Clip_2.txt: Copied (new)
2026/08/05 19:12:45 INFO  : transcricoes/20260715_233343_Clip_3.txt: Copied (new)
2026/08/05 19:12:46 INFO  : transcricoes/20260715_233422_Clip_4.txt: Copied (new)
2026/08/05 19:12:46 INFO  : transcricoes/20260715_233508_Clip_5.txt: Copied (new)
2026/08/05 19:12:46 INFO  : transcricoes/20260715_234202_Clip_6.txt: Copied (new)
2026/08/05 19:12:46 INFO  : transcricoes/20260715_234659_Clip_8.txt: Copied (new)
2026/08/05 19:12:46 INFO  : transcricoes/20260715_234325_Clip_7.txt: Copied (new)
2026/08/05 19:12:47 INFO  : transcricoes/20260715_235157_Clip_10.txt: Copied (new)
2026/08/05 19:12:47 INFO  : transcricoes/20260715_235114_Clip_9.txt: Copied (new)
2026/08/05 19:12:47 INFO  : transcricoes/20260716_000206_Clip_11.txt: Copied (new)
2026/08/05 19:12:47 INFO  : transcricoes/20260716_001951_Clip_12.txt: Copied (new)
2026/08/05 19:12:48 INFO  : transcricoes/20260716_002055_Clip_13.txt: Copied (new)
2026/08/05 19:12:48 INFO  : transcricoes/20260717_025547_Clip_1.txt: Copied (new)
2026/08/05 19:12:48 INFO  : transcricoes/20260717_145227_Clip_2.txt: Copied (new)
2026/08/05 19:12:48 INFO  : transcricoes/20260717_143409_Clip_1.txt: Copied (new)
2026/08/05 19:12:48 INFO  : transcricoes/20260717_173334_Clip_4.txt: Copied (new)
2026/08/05 19:12:48 INFO  : transcricoes/20260717_173245_Clip_3.txt: Copied (new)
2026/08/05 19:12:49 INFO  : transcricoes/20260717_224246_Clip_2.txt: Copied (new)
2026/08/05 19:12:49 INFO  : transcricoes/20260717_223941_Clip_1.txt: Copied (new)
2026/08/05 19:12:50 INFO  : transcricoes/20260717_224614_Clip_3.txt: Copied (new)
2026/08/05 19:12:50 INFO  : transcricoes/20260717_225236_Clip_4.txt: Copied (new)
2026/08/05 19:12:50 INFO  : transcricoes/20260718_002337_Clip_6.txt: Copied (new)
2026/08/05 19:12:50 INFO  : transcricoes/20260718_001458_Clip_5.txt: Copied (new)
2026/08/05 19:12:50 INFO  : transcricoes/20260718_003252_Clip_7.txt: Copied (new)
2026/08/05 19:12:50 INFO  : transcricoes/20260718_003430_Clip_8.txt: Copied (new)
2026/08/05 19:12:50 INFO  : transcricoes/20260718_003449_Clip_9.txt: Copied (new)
2026/08/05 19:12:51 INFO  : transcricoes/20260718_004251_Clip_10.txt: Copied (new)
2026/08/05 19:12:51 INFO  : transcricoes/20260718_004700_Clip_12.txt: Copied (new)
2026/08/05 19:12:52 INFO  : transcricoes/20260718_004533_Clip_11.txt: Copied (new)
2026/08/05 19:12:52 INFO  : transcricoes/20260718_012247_Clip_15.txt: Copied (new)
2026/08/05 19:12:52 INFO  : transcricoes/20260718_004841_Clip_14.txt: Copied (new)
2026/08/05 19:12:52 INFO  : transcricoes/20260718_004731_Clip_13.txt: Copied (new)
2026/08/05 19:12:52 INFO  : transcricoes/20260718_014153_Clip_2.txt: Copied (new)
2026/08/05 19:12:52 INFO  : transcricoes/20260718_012730_Clip_1.txt: Copied (new)
2026/08/05 19:12:53 INFO  : transcricoes/20260718_014520_Clip_3.txt: Copied (new)
2026/08/05 19:12:53 INFO  : transcricoes/20260718_014735_Clip_4.txt: Copied (new)
2026/08/05 19:12:53 INFO  : transcricoes/20260718_015021_Clip_5.txt: Copied (new)
2026/08/05 19:12:53 INFO  : transcricoes/20260718_021810_Clip_8.txt: Copied (new)
2026/08/05 19:12:53 INFO  : transcricoes/20260718_021455_Clip_7.txt: Copied (new)
2026/08/05 19:12:53 INFO  : transcricoes/20260718_021322_Clip_6.txt: Copied (new)
2026/08/05 19:12:54 INFO  : transcricoes/20260718_023630_Clip_9.txt: Copied (new)
2026/08/05 19:12:54 INFO  : transcricoes/20260718_023959_Clip_10.txt: Copied (new)
2026/08/05 19:12:55 INFO  : transcricoes/20260718_033300_Clip_12.txt: Copied (new)
2026/08/05 19:12:55 INFO  : transcricoes/20260718_024433_Clip_11.txt: Copied (new)
2026/08/05 19:12:55 INFO  : transcricoes/20260718_033752_Clip_13.txt: Copied (new)
2026/08/05 19:12:55 INFO  : transcricoes/20260718_042904_Clip_14.txt: Copied (new)
2026/08/05 19:12:55 INFO  : transcricoes/20260718_090447_Clip_1.txt: Copied (new)
2026/08/05 19:12:55 INFO  : transcricoes/20260718_042940_Clip_15.txt: Copied (new)
2026/08/05 19:12:55 INFO  : transcricoes/20260718_090532_Clip_2.txt: Copied (new)
2026/08/05 19:12:56 INFO  : transcricoes/20260718_092107_Clip_3.txt: Copied (new)
2026/08/05 19:12:56 INFO  : transcricoes/20260718_092214_Clip_4.txt: Copied (new)
2026/08/05 19:12:56 INFO  : transcricoes/20260718_092746_Clip_5.txt: Copied (new)
2026/08/05 19:12:56 INFO  : transcricoes/20260718_093523_Clip_6.txt: Copied (new)
2026/08/05 19:12:57 INFO  : transcricoes/20260718_094332_Clip_7.txt: Copied (new)
2026/08/05 19:12:57 INFO  : transcricoes/20260718_094536_Clip_8.txt: Copied (new)
2026/08/05 19:12:57 INFO  : transcricoes/20260718_094836_Clip_9.txt: Copied (new)
2026/08/05 19:12:57 INFO  : transcricoes/20260718_095230_Clip_10.txt: Copied (new)
2026/08/05 19:12:57 INFO  : transcricoes/20260718_095457_Clip_11.txt: Copied (new)
2026/08/05 19:12:58 INFO  : transcricoes/20260718_095923_Clip_12.txt: Copied (new)
2026/08/05 19:12:58 INFO  : transcricoes/20260718_100040_Clip_13.txt: Copied (new)
2026/08/05 19:12:58 INFO  : transcricoes/20260718_100508_Clip_14.txt: Copied (new)
2026/08/05 19:12:58 INFO  : transcricoes/20260718_100548_Clip_15.txt: Copied (new)
2026/08/05 19:12:59 INFO  : transcricoes/20260718_100618_Clip_1.txt: Copied (new)
2026/08/05 19:12:59 INFO  : transcricoes/20260718_100715_Clip_2.txt: Copied (new)
2026/08/05 19:12:59 INFO  : transcricoes/20260718_100857_Clip_3.txt: Copied (new)
2026/08/05 19:12:59 INFO  : transcricoes/20260718_100957_Clip_4.txt: Copied (new)
2026/08/05 19:13:00 INFO  : transcricoes/20260718_101147_Clip_5.txt: Copied (new)
2026/08/05 19:13:00 INFO  : transcricoes/20260718_101530_Clip_7.txt: Copied (new)
2026/08/05 19:13:00 INFO  : transcricoes/20260718_101311_Clip_6.txt: Copied (new)
2026/08/05 19:13:00 INFO  : transcricoes/20260718_101802_Clip_9.txt: Copied (new)
2026/08/05 19:13:00 INFO  : transcricoes/20260718_101651_Clip_8.txt: Copied (new)
2026/08/05 19:13:00 INFO  : transcricoes/20260718_102125_Clip_1.txt: Copied (new)
2026/08/05 19:13:00 INFO  : transcricoes/20260718_102321_Clip_2.txt: Copied (new)
2026/08/05 19:13:01 INFO  : transcricoes/20260718_103031_Clip_3.txt: Copied (new)
2026/08/05 19:13:02 INFO  : transcricoes/20260718_103141_Clip_4.txt: Copied (new)
2026/08/05 19:13:02 INFO  : transcricoes/20260718_111151_Clip_1.txt: Copied (new)
2026/08/05 19:13:02 INFO  : transcricoes/20260718_111258_Clip_2.txt: Copied (new)
2026/08/05 19:13:02 INFO  : transcricoes/20260718_120902_Clip_4.txt: Copied (new)
2026/08/05 19:13:02 INFO  : transcricoes/20260718_124815_Clip_5.txt: Copied (new)
2026/08/05 19:13:09 INFO  :   167.604 KiB / 8.493 MiB, 2%, 2.740 KiB/s, ETA 51m51s (xfr#159/940)
2026/08/05 19:13:37 INFO  : transcricoes/20260718_140139_Clip_8.txt: Copied (new)
2026/08/05 19:13:38 INFO  : transcricoes/20260718_161339_Clip_2.txt: Copied (new)
2026/08/05 19:13:40 INFO  : transcricoes/20260718_161824_Clip_3.txt: Copied (new)
2026/08/05 19:13:42 INFO  : transcricoes/20260718_162037_Clip_4.txt: Copied (new)
2026/08/05 19:13:44 INFO  : transcricoes/20260718_163719_Clip_5.txt: Copied (new)
2026/08/05 19:13:45 INFO  : transcricoes/20260718_163840_Clip_6.txt: Copied (new)
2026/08/05 19:13:47 INFO  : transcricoes/20260718_164009_Clip_7.txt: Copied (new)
2026/08/05 19:13:49 INFO  : transcricoes/20260718_164135_Clip_8.txt: Copied (new)
2026/08/05 19:13:50 INFO  : transcricoes/20260718_165225_Clip_9.txt: Copied (new)
2026/08/05 19:13:52 INFO  : transcricoes/20260718_165949_Clip_10.txt: Copied (new)
2026/08/05 19:13:53 INFO  : transcricoes/20260718_155803_Clip_1.txt: Copied (new)
2026/08/05 19:13:53 INFO  : transcricoes/20260718_142337_Clip_9.txt: Copied (new)
2026/08/05 19:13:53 INFO  : transcricoes/20260718_161217_Clip_1.txt: Copied (new)
2026/08/05 19:13:53 INFO  : transcricoes/20260718_135931_Clip_7.txt: Copied (new)
2026/08/05 19:13:53 INFO  : transcricoes/20260718_113244_Clip_3.txt: Copied (new)
2026/08/05 19:13:53 INFO  : transcricoes/20260718_105014_Clip_5.txt: Copied (new)
2026/08/05 19:13:54 INFO  : transcricoes/20260718_135846_Clip_6.txt: Copied (new)
2026/08/05 19:13:54 INFO  : transcricoes/20260718_170853_Clip_11.txt: Copied (new)
2026/08/05 19:13:55 INFO  : transcricoes/20260718_181426_Clip_13.txt: Copied (new)
2026/08/05 19:13:55 INFO  : transcricoes/20260718_182420_Clip_14.txt: Copied (new)
2026/08/05 19:13:55 INFO  : transcricoes/20260718_180944_Clip_12.txt: Copied (new)
2026/08/05 19:13:55 INFO  : transcricoes/20260718_202514_Clip_2.txt: Copied (new)
2026/08/05 19:13:55 INFO  : transcricoes/20260718_204117_Clip_3.txt: Copied (new)
2026/08/05 19:13:55 INFO  : transcricoes/20260718_202222_Clip_1.txt: Copied (new)
2026/08/05 19:13:55 INFO  : transcricoes/20260718_204341_Clip_4.txt: Copied (new)
2026/08/05 19:13:56 INFO  : transcricoes/20260718_205314_Clip_5.txt: Copied (new)
2026/08/05 19:13:56 INFO  : transcricoes/20260718_205845_Clip_7.txt: Copied (new)
2026/08/05 19:13:56 INFO  : transcricoes/20260718_210255_Clip_8.txt: Copied (new)
2026/08/05 19:13:57 INFO  : transcricoes/20260718_211821_Clip_9.txt: Copied (new)
2026/08/05 19:13:57 INFO  : transcricoes/20260718_212638_Clip_10.txt: Copied (new)
2026/08/05 19:13:57 INFO  : transcricoes/20260718_224005_Clip_12.txt: Copied (new)
2026/08/05 19:13:57 INFO  : transcricoes/20260718_220827_Clip_11.txt: Copied (new)
2026/08/05 19:13:57 INFO  : transcricoes/20260718_225857_Clip_13.txt: Copied (new)
2026/08/05 19:13:57 INFO  : transcricoes/20260718_230052_Clip_14.txt: Copied (new)
2026/08/05 19:13:58 INFO  : transcricoes/20260718_230553_Clip_15.txt: Copied (new)
2026/08/05 19:13:58 INFO  : transcricoes/20260718_231122_Clip_16.txt: Copied (new)
2026/08/05 19:13:58 INFO  : transcricoes/20260718_231210_Clip_17.txt: Copied (new)
2026/08/05 19:13:58 INFO  : transcricoes/20260718_231425_Clip_18.txt: Copied (new)
2026/08/05 19:13:58 INFO  : transcricoes/20260719_000525_Clip_20.txt: Copied (new)
2026/08/05 19:13:58 INFO  : transcricoes/20260719_000437_Clip_19.txt: Copied (new)
2026/08/05 19:13:59 INFO  : transcricoes/20260719_001204_Clip_21.txt: Copied (new)
2026/08/05 19:13:59 INFO  : transcricoes/20260719_002659_Clip_22.txt: Copied (new)
2026/08/05 19:14:00 INFO  : transcricoes/20260719_003017_Clip_23.txt: Copied (new)
2026/08/05 19:14:00 INFO  : transcricoes/20260719_003236_Clip_24.txt: Copied (new)
2026/08/05 19:14:00 INFO  : transcricoes/20260719_010934_Clip_26.txt: Copied (new)
2026/08/05 19:14:00 INFO  : transcricoes/20260719_010852_Clip_25.txt: Copied (new)
2026/08/05 19:14:00 INFO  : transcricoes/20260719_081245_Clip_28.txt: Copied (new)
2026/08/05 19:14:00 INFO  : transcricoes/20260719_081421_Clip_29.txt: Copied (new)
2026/08/05 19:14:01 INFO  : transcricoes/20260719_081523_Clip_30.txt: Copied (new)
2026/08/05 19:14:01 INFO  : transcricoes/20260719_011152_Clip_27.txt: Copied (new)
2026/08/05 19:14:01 INFO  : transcricoes/20260719_081708_Clip_31.txt: Copied (new)
2026/08/05 19:14:01 INFO  : transcricoes/20260719_084617_Clip_34.txt: Copied (new)
2026/08/05 19:14:02 INFO  : transcricoes/20260719_082550_Clip_32.txt: Copied (new)
2026/08/05 19:14:02 INFO  : transcricoes/20260719_084416_Clip_33.txt: Copied (new)
2026/08/05 19:14:02 INFO  : transcricoes/20260719_085239_Clip_35.txt: Copied (new)
2026/08/05 19:14:02 INFO  : transcricoes/20260719_085346_Clip_36.txt: Copied (new)
2026/08/05 19:14:03 INFO  : transcricoes/20260719_085424_Clip_37.txt: Copied (new)
2026/08/05 19:14:09 INFO  :   225.610 KiB / 8.510 MiB, 3%, 1.582 KiB/s, ETA 1h29m24s (xfr#216/940)
2026/08/05 19:14:28 INFO  : transcricoes/20260719_085807_Clip_40.txt: Copied (new)
2026/08/05 19:14:30 INFO  : transcricoes/20260719_110322_Clip_2.txt: Copied (new)
2026/08/05 19:14:32 INFO  : transcricoes/20260719_112317_Clip_3.txt: Copied (new)
2026/08/05 19:14:34 INFO  : transcricoes/20260719_112549_Clip_4.txt: Copied (new)
2026/08/05 19:14:36 INFO  : transcricoes/20260719_112706_Clip_5.txt: Copied (new)
2026/08/05 19:14:37 INFO  : transcricoes/20260719_085504_Clip_38.txt: Copied (new)
2026/08/05 19:14:37 INFO  : transcricoes/20260719_093849_Clip_43.txt: Copied (new)
2026/08/05 19:14:37 INFO  : transcricoes/20260719_094208_Clip_44.txt: Copied (new)
2026/08/05 19:14:37 INFO  : transcricoes/20260719_095903_Clip_1.txt: Copied (new)
2026/08/05 19:14:37 INFO  : transcricoes/20260719_090228_Clip_41.txt: Copied (new)
2026/08/05 19:14:37 INFO  : transcricoes/20260719_085709_Clip_39.txt: Copied (new)
2026/08/05 19:14:37 INFO  : transcricoes/20260719_093756_Clip_42.txt: Copied (new)
2026/08/05 19:14:38 INFO  : transcricoes/20260719_112820_Clip_6.txt: Copied (new)
2026/08/05 19:14:38 INFO  : transcricoes/20260719_121122_Clip_7.txt: Copied (new)
2026/08/05 19:14:38 INFO  : transcricoes/20260719_153223_Clip_10.txt: Copied (new)
2026/08/05 19:14:38 INFO  : transcricoes/20260719_150843_Clip_9.txt: Copied (new)
2026/08/05 19:14:38 INFO  : transcricoes/20260719_122720_Clip_8.txt: Copied (new)
2026/08/05 19:14:39 INFO  : transcricoes/20260719_154711_Clip_12.txt: Copied (new)
2026/08/05 19:14:39 INFO  : transcricoes/20260719_153319_Clip_11.txt: Copied (new)
2026/08/05 19:14:40 INFO  : transcricoes/20260719_182854_Clip_14.txt: Copied (new)
2026/08/05 19:14:40 INFO  : transcricoes/20260719_205229_Clip_15.txt: Copied (new)
2026/08/05 19:14:40 INFO  : transcricoes/20260719_205415_Clip_17.txt: Copied (new)
2026/08/05 19:14:40 INFO  : transcricoes/20260719_205311_Clip_16.txt: Copied (new)
2026/08/05 19:14:40 INFO  : transcricoes/20260719_210249_Clip_18.txt: Copied (new)
2026/08/05 19:14:40 INFO  : transcricoes/20260719_210442_Clip_20.txt: Copied (new)
2026/08/05 19:14:41 INFO  : transcricoes/20260719_154929_Clip_13.txt: Copied (new)
2026/08/05 19:14:41 INFO  : transcricoes/20260719_210600_Clip_21.txt: Copied (new)
2026/08/05 19:14:42 INFO  : transcricoes/20260719_211647_Clip_22.txt: Copied (new)
2026/08/05 19:14:42 INFO  : transcricoes/20260719_212315_Clip_23.txt: Copied (new)
2026/08/05 19:14:42 INFO  : transcricoes/20260720_005732_Clip_26.txt: Copied (new)
2026/08/05 19:14:42 INFO  : transcricoes/20260719_210356_Clip_19.txt: Copied (new)
2026/08/05 19:14:42 INFO  : transcricoes/20260720_005543_Clip_25.txt: Copied (new)
2026/08/05 19:14:43 INFO  : transcricoes/20260720_005400_Clip_24.txt: Copied (new)
2026/08/05 19:14:43 INFO  : transcricoes/20260720_075127_Clip_29.txt: Copied (new)
2026/08/05 19:14:43 INFO  : transcricoes/20260720_075343_Clip_30.txt: Copied (new)
2026/08/05 19:14:44 INFO  : transcricoes/20260720_084109_Clip_1.txt: Copied (new)
2026/08/05 19:14:44 INFO  : transcricoes/20260720_080654_Clip_32.txt: Copied (new)
2026/08/05 19:14:44 INFO  : transcricoes/20260720_080000_Clip_31.txt: Copied (new)
2026/08/05 19:14:44 INFO  : transcricoes/20260720_064509_Clip_27.txt: Copied (new)
2026/08/05 19:14:44 INFO  : transcricoes/20260720_074152_Clip_28.txt: Copied (new)
2026/08/05 19:14:44 INFO  : transcricoes/20260720_092547_Clip_2.txt: Copied (new)
2026/08/05 19:14:45 INFO  : transcricoes/20260720_102254_Clip_1.txt: Copied (new)
2026/08/05 19:14:45 INFO  : transcricoes/20260720_102912_Clip_2.txt: Copied (new)
2026/08/05 19:14:45 INFO  : transcricoes/20260720_113828_Clip_2.txt: Copied (new)
2026/08/05 19:14:45 INFO  : transcricoes/20260720_113913_Clip_3.txt: Copied (new)
2026/08/05 19:14:45 INFO  : transcricoes/20260720_121217_Clip_4.txt: Copied (new)
2026/08/05 19:14:46 INFO  : transcricoes/20260720_125544_Clip_5.txt: Copied (new)
2026/08/05 19:14:46 INFO  : transcricoes/20260720_131134_Clip_6.txt: Copied (new)
2026/08/05 19:14:46 INFO  : transcricoes/20260720_131434_Clip_7.txt: Copied (new)
2026/08/05 19:14:47 INFO  : transcricoes/20260720_131437_Clip_9.txt: Copied (new)
2026/08/05 19:14:47 INFO  : transcricoes/20260720_131436_Clip_8.txt: Copied (new)
2026/08/05 19:14:47 INFO  : transcricoes/20260720_133832_Clip_11.txt: Copied (new)
2026/08/05 19:14:47 INFO  : transcricoes/20260720_133540_Clip_10.txt: Copied (new)
2026/08/05 19:14:47 INFO  : transcricoes/20260720_134453_Clip_13.txt: Copied (new)
2026/08/05 19:14:47 INFO  : transcricoes/20260720_142353_Clip_14.txt: Copied (new)
2026/08/05 19:14:48 INFO  : transcricoes/20260720_134326_Clip_12.txt: Copied (new)
2026/08/05 19:14:48 INFO  : transcricoes/20260720_142433_Clip_15.txt: Copied (new)
2026/08/05 19:14:48 INFO  : transcricoes/20260720_142929_Clip_17.txt: Copied (new)
2026/08/05 19:14:49 INFO  : transcricoes/20260720_143357_Clip_19.txt: Copied (new)
2026/08/05 19:14:49 INFO  : transcricoes/20260720_170549_Clip_20.txt: Copied (new)
2026/08/05 19:14:49 INFO  : transcricoes/20260720_183843_Clip_22.txt: Copied (new)
2026/08/05 19:14:49 INFO  : transcricoes/20260720_142551_Clip_16.txt: Copied (new)
2026/08/05 19:14:49 INFO  : transcricoes/20260720_143252_Clip_18.txt: Copied (new)
2026/08/05 19:14:49 INFO  : transcricoes/20260721_082430_Clip_23.txt: Copied (new)
2026/08/05 19:14:49 INFO  : transcricoes/20260721_082513_Clip_24.txt: Copied (new)
2026/08/05 19:14:50 INFO  : transcricoes/20260721_083325_Clip_25.txt: Copied (new)
2026/08/05 19:14:50 INFO  : transcricoes/20260721_083524_Clip_26.txt: Copied (new)
2026/08/05 19:14:50 INFO  : transcricoes/20260721_083611_Clip_27.txt: Copied (new)
2026/08/05 19:14:51 INFO  : transcricoes/20260721_083923_Clip_28.txt: Copied (new)
2026/08/05 19:14:51 INFO  : transcricoes/20260721_084431_Clip_29.txt: Copied (new)
2026/08/05 19:14:51 INFO  : transcricoes/20260721_084547_Clip_30.txt: Copied (new)
2026/08/05 19:14:51 INFO  : transcricoes/20260721_084752_Clip_31.txt: Copied (new)
2026/08/05 19:14:52 INFO  : transcricoes/20260721_085110_Clip_33.txt: Copied (new)
2026/08/05 19:14:52 INFO  : transcricoes/20260721_085159_Clip_34.txt: Copied (new)
2026/08/05 19:14:52 INFO  : transcricoes/20260721_085326_Clip_35.txt: Copied (new)
2026/08/05 19:14:52 INFO  : transcricoes/20260721_085646_Clip_37.txt: Copied (new)
2026/08/05 19:14:52 INFO  : transcricoes/20260721_085513_Clip_36.txt: Copied (new)
2026/08/05 19:14:53 INFO  : transcricoes/20260721_090339_Clip_39.txt: Copied (new)
2026/08/05 19:14:53 INFO  : transcricoes/20260721_085845_Clip_38.txt: Copied (new)
2026/08/05 19:14:53 INFO  : transcricoes/20260721_085008_Clip_32.txt: Copied (new)
2026/08/05 19:14:53 INFO  : transcricoes/20260721_090726_Clip_40.txt: Copied (new)
2026/08/05 19:14:53 INFO  : transcricoes/20260721_091835_Clip_41.txt: Copied (new)
2026/08/05 19:14:54 INFO  : transcricoes/20260721_092005_Clip_42.txt: Copied (new)
2026/08/05 19:14:54 INFO  : transcricoes/20260721_102650_Clip_43.txt: Copied (new)
2026/08/05 19:14:54 INFO  : transcricoes/20260721_103807_Clip_22.txt: Copied (new)
2026/08/05 19:14:54 INFO  : transcricoes/20260721_104556_Clip_24.txt: Copied (new)
2026/08/05 19:14:54 INFO  : transcricoes/20260721_110757_Clip_25.txt: Copied (new)
2026/08/05 19:14:55 INFO  : transcricoes/20260721_111412_Clip_27.txt: Copied (new)
2026/08/05 19:14:55 INFO  : transcricoes/20260721_122200_Clip_22.txt: Copied (new)
2026/08/05 19:14:55 INFO  : transcricoes/20260721_111157_Clip_26.txt: Copied (new)
2026/08/05 19:14:56 INFO  : transcricoes/20260721_122814_Clip_24.txt: Copied (new)
2026/08/05 19:14:56 INFO  : transcricoes/20260721_122706_Clip_23.txt: Copied (new)
2026/08/05 19:14:56 INFO  : transcricoes/20260721_124408_Clip_25.txt: Copied (new)
2026/08/05 19:14:56 INFO  : transcricoes/20260721_132955_Clip_26.txt: Copied (new)
2026/08/05 19:14:56 INFO  : transcricoes/20260721_104457_Clip_23.txt: Copied (new)
2026/08/05 19:14:57 INFO  : transcricoes/20260721_150030_Clip_22.txt: Copied (new)
2026/08/05 19:14:57 INFO  : transcricoes/20260721_151558_Clip_23.txt: Copied (new)
2026/08/05 19:14:57 INFO  : transcricoes/20260721_151913_Clip_24.txt: Copied (new)
2026/08/05 19:14:57 INFO  : transcricoes/20260721_152215_Clip_26.txt: Copied (new)
2026/08/05 19:14:57 INFO  : transcricoes/20260721_152012_Clip_25.txt: Copied (new)
2026/08/05 19:14:57 INFO  : transcricoes/20260721_155212_Clip_28.txt: Copied (new)
2026/08/05 19:14:58 INFO  : transcricoes/20260721_160549_Clip_29.txt: Copied (new)
2026/08/05 19:14:58 INFO  : transcricoes/20260721_152309_Clip_27.txt: Copied (new)
2026/08/05 19:14:58 INFO  : transcricoes/20260721_161005_Clip_30.txt: Copied (new)
2026/08/05 19:14:58 INFO  : transcricoes/20260721_161327_Clip_31.txt: Copied (new)
2026/08/05 19:14:59 INFO  : transcricoes/20260721_162708_Clip_32.txt: Copied (new)
2026/08/05 19:14:59 INFO  : transcricoes/20260721_165203_Clip_34.txt: Copied (new)
2026/08/05 19:14:59 INFO  : transcricoes/20260721_162946_Clip_33.txt: Copied (new)
2026/08/05 19:14:59 INFO  : transcricoes/20260721_165519_Clip_36.txt: Copied (new)
2026/08/05 19:14:59 INFO  : transcricoes/20260721_165443_Clip_35.txt: Copied (new)
2026/08/05 19:14:59 INFO  : transcricoes/20260721_170404_Clip_37.txt: Copied (new)
2026/08/05 19:15:00 INFO  : transcricoes/20260721_170556_Clip_38.txt: Copied (new)
2026/08/05 19:15:00 INFO  : transcricoes/20260721_170757_Clip_39.txt: Copied (new)
2026/08/05 19:15:00 INFO  : transcricoes/20260721_171111_Clip_40.txt: Copied (new)
2026/08/05 19:15:00 INFO  : transcricoes/20260721_171158_Clip_41.txt: Copied (new)
2026/08/05 19:15:01 INFO  : transcricoes/20260721_180803_Clip_44.txt: Copied (new)
2026/08/05 19:15:01 INFO  : transcricoes/20260721_180125_Clip_42.txt: Copied (new)
2026/08/05 19:15:01 INFO  : transcricoes/20260721_180151_Clip_43.txt: Copied (new)
2026/08/05 19:15:01 INFO  : transcricoes/20260721_181006_Clip_22.txt: Copied (new)
2026/08/05 19:15:01 INFO  : transcricoes/20260721_223340_Clip_2.txt: Copied (new)
2026/08/05 19:15:02 INFO  : transcricoes/20260721_222951_Clip_1.txt: Copied (new)
2026/08/05 19:15:09 INFO  :   347.243 KiB / 8.531 MiB, 4%, 2.352 KiB/s, ETA 59m26s (xfr#337/940)
2026/08/05 19:15:17 INFO  : transcricoes/20260721_231509_Clip_3.txt: Copied (new)
2026/08/05 19:15:39 INFO  : transcricoes/20260722_000630_Clip_4.txt: Copied (new)
2026/08/05 19:15:40 INFO  : transcricoes/20260722_114232_Clip_4.txt: Copied (new)
2026/08/05 19:15:41 INFO  : transcricoes/20260722_114142_Clip_3.txt: Copied (new)
2026/08/05 19:15:41 INFO  : transcricoes/20260722_000938_Clip_5.txt: Copied (new)
2026/08/05 19:15:41 INFO  : transcricoes/20260722_002224_Clip_6.txt: Copied (new)
2026/08/05 19:15:41 INFO  : transcricoes/20260722_114107_Clip_2.txt: Copied (new)
2026/08/05 19:15:41 INFO  : transcricoes/20260722_044112_Clip_9.txt: Copied (new)
2026/08/05 19:15:43 INFO  : transcricoes/20260722_011358_Clip_7.txt: Copied (new)
2026/08/05 19:15:43 INFO  : transcricoes/20260722_122521_Clip_7.txt: Copied (new)
2026/08/05 19:15:43 INFO  : transcricoes/20260722_122106_Clip_6.txt: Copied (new)
2026/08/05 19:15:43 INFO  : transcricoes/20260722_122637_Clip_8.txt: Copied (new)
2026/08/05 19:15:43 INFO  : transcricoes/20260722_122716_Clip_9.txt: Copied (new)
2026/08/05 19:15:43 INFO  : transcricoes/20260722_121803_Clip_5.txt: Copied (new)
2026/08/05 19:15:44 INFO  : transcricoes/20260722_114039_Clip_1.txt: Copied (new)
2026/08/05 19:15:44 INFO  : transcricoes/20260722_124317_Clip_13.txt: Copied (new)
2026/08/05 19:15:45 INFO  : transcricoes/20260722_124528_Clip_14.txt: Copied (new)
2026/08/05 19:15:45 INFO  : transcricoes/20260722_130621_Clip_16.txt: Copied (new)
2026/08/05 19:15:45 INFO  : transcricoes/20260722_124039_Clip_12.txt: Copied (new)
2026/08/05 19:15:45 INFO  : transcricoes/20260722_125033_Clip_15.txt: Copied (new)
2026/08/05 19:15:45 INFO  : transcricoes/20260722_123319_Clip_10.txt: Copied (new)
2026/08/05 19:15:45 INFO  : transcricoes/20260722_123847_Clip_11.txt: Copied (new)
2026/08/05 19:15:45 INFO  : transcricoes/20260722_130905_Clip_17.txt: Copied (new)
2026/08/05 19:15:46 INFO  : transcricoes/20260722_131110_Clip_18.txt: Copied (new)
2026/08/05 19:15:46 INFO  : transcricoes/20260722_131913_Clip_21.txt: Copied (new)
2026/08/05 19:15:46 INFO  : transcricoes/20260722_131415_Clip_19.txt: Copied (new)
2026/08/05 19:15:46 INFO  : transcricoes/20260722_132148_Clip_22.txt: Copied (new)
2026/08/05 19:15:46 INFO  : transcricoes/20260722_131813_Clip_20.txt: Copied (new)
2026/08/05 19:15:47 INFO  : transcricoes/20260722_132349_Clip_23.txt: Copied (new)
2026/08/05 19:15:47 INFO  : transcricoes/20260722_133027_Clip_25.txt: Copied (new)
2026/08/05 19:15:48 INFO  : transcricoes/20260722_133436_Clip_26.txt: Copied (new)
2026/08/05 19:15:48 INFO  : transcricoes/20260722_134007_Clip_27.txt: Copied (new)
2026/08/05 19:15:48 INFO  : transcricoes/20260722_135119_Clip_28.txt: Copied (new)
2026/08/05 19:15:48 INFO  : transcricoes/20260722_135252_Clip_1.txt: Copied (new)
2026/08/05 19:15:48 INFO  : transcricoes/20260722_135730_Clip_3.txt: Copied (new)
2026/08/05 19:15:48 INFO  : transcricoes/20260722_135951_Clip_4.txt: Copied (new)
2026/08/05 19:15:49 INFO  : transcricoes/20260722_140303_Clip_5.txt: Copied (new)
2026/08/05 19:15:49 INFO  : transcricoes/20260722_140557_Clip_6.txt: Copied (new)
2026/08/05 19:15:49 INFO  : transcricoes/20260722_153156_Clip_4.txt: Copied (new)
2026/08/05 19:15:49 INFO  : transcricoes/20260722_132933_Clip_24.txt: Copied (new)
2026/08/05 19:15:50 INFO  : transcricoes/20260722_153053_Clip_3.txt: Copied (new)
2026/08/05 19:15:50 INFO  : transcricoes/20260722_153704_Clip_5.txt: Copied (new)
2026/08/05 19:15:50 INFO  : transcricoes/20260722_153834_Clip_6.txt: Copied (new)
2026/08/05 19:15:50 INFO  : transcricoes/20260722_154054_Clip_7.txt: Copied (new)
2026/08/05 19:15:50 INFO  : transcricoes/20260722_154339_Clip_8.txt: Copied (new)
2026/08/05 19:15:51 INFO  : transcricoes/20260722_155026_Clip_10.txt: Copied (new)
2026/08/05 19:15:51 INFO  : transcricoes/20260722_154924_Clip_9.txt: Copied (new)
2026/08/05 19:15:51 INFO  : transcricoes/20260722_161230_Clip_11.txt: Copied (new)
2026/08/05 19:15:51 INFO  : transcricoes/20260722_163213_Clip_3.txt: Copied (new)
2026/08/05 19:15:51 INFO  : transcricoes/20260722_163249_Clip_4.txt: Copied (new)
2026/08/05 19:15:52 INFO  : transcricoes/20260722_171225_Clip_3.txt: Copied (new)
2026/08/05 19:15:52 INFO  : transcricoes/20260722_164649_Clip_5.txt: Copied (new)
2026/08/05 19:15:52 INFO  : transcricoes/20260722_171306_Clip_4.txt: Copied (new)
2026/08/05 19:15:53 INFO  : transcricoes/20260722_171539_Clip_4.txt: Copied (new)
2026/08/05 19:15:53 INFO  : transcricoes/20260722_173334_Clip_6.txt: Copied (new)
2026/08/05 19:15:53 INFO  : transcricoes/20260722_171428_Clip_3.txt: Copied (new)
2026/08/05 19:15:53 INFO  : transcricoes/20260722_171938_Clip_5.txt: Copied (new)
2026/08/05 19:15:53 INFO  : transcricoes/20260722_173627_Clip_8.txt: Copied (new)
2026/08/05 19:15:54 INFO  : transcricoes/20260722_180123_Clip_9.txt: Copied (new)
2026/08/05 19:15:54 INFO  : transcricoes/20260722_173347_Clip_7.txt: Copied (new)
2026/08/05 19:15:54 INFO  : transcricoes/20260722_180347_Clip_10.txt: Copied (new)
2026/08/05 19:15:54 INFO  : transcricoes/20260722_181006_Clip_12.txt: Copied (new)
2026/08/05 19:15:55 INFO  : transcricoes/20260722_181748_Clip_14.txt: Copied (new)
2026/08/05 19:15:55 INFO  : transcricoes/20260722_180755_Clip_11.txt: Copied (new)
2026/08/05 19:15:55 INFO  : transcricoes/20260722_181101_Clip_13.txt: Copied (new)
2026/08/05 19:15:55 INFO  : transcricoes/20260722_184821_Clip_15.txt: Copied (new)
2026/08/05 19:15:55 INFO  : transcricoes/20260722_184857_Clip_16.txt: Copied (new)
2026/08/05 19:15:56 INFO  : transcricoes/20260722_185606_Clip_18.txt: Copied (new)
2026/08/05 19:15:56 INFO  : transcricoes/20260722_185426_Clip_17.txt: Copied (new)
2026/08/05 19:15:56 INFO  : transcricoes/20260722_190009_Clip_19.txt: Copied (new)
2026/08/05 19:15:56 INFO  : transcricoes/20260722_191016_Clip_21.txt: Copied (new)
2026/08/05 19:15:56 INFO  : transcricoes/20260722_190556_Clip_20.txt: Copied (new)
2026/08/05 19:15:56 INFO  : transcricoes/20260722_191312_Clip_22.txt: Copied (new)
2026/08/05 19:15:57 INFO  : transcricoes/20260722_191458_Clip_23.txt: Copied (new)
2026/08/05 19:15:57 INFO  : transcricoes/20260722_191625_Clip_24.txt: Copied (new)
2026/08/05 19:15:57 INFO  : transcricoes/20260722_191641_Clip_25.txt: Copied (new)
2026/08/05 19:15:57 INFO  : transcricoes/20260722_191910_Clip_26.txt: Copied (new)
2026/08/05 19:15:58 INFO  : transcricoes/20260722_192047_Clip_27.txt: Copied (new)
2026/08/05 19:15:58 INFO  : transcricoes/20260722_192218_Clip_28.txt: Copied (new)
2026/08/05 19:15:58 INFO  : transcricoes/20260722_192425_Clip_29.txt: Copied (new)
2026/08/05 19:15:58 INFO  : transcricoes/20260722_192935_Clip_30.txt: Copied (new)
2026/08/05 19:15:59 INFO  : transcricoes/20260722_194706_Clip_31.txt: Copied (new)
2026/08/05 19:15:59 INFO  : transcricoes/20260722_194725_Clip_32.txt: Copied (new)
2026/08/05 19:15:59 INFO  : transcricoes/20260722_195318_Clip_33.txt: Copied (new)
2026/08/05 19:15:59 INFO  : transcricoes/20260722_195416_Clip_34.txt: Copied (new)
2026/08/05 19:15:59 INFO  : transcricoes/20260722_222336_Clip_35.txt: Copied (new)
2026/08/05 19:16:00 INFO  : transcricoes/20260722_222901_Clip_36.txt: Copied (new)
2026/08/05 19:16:00 INFO  : transcricoes/20260722_230835_Clip_37.txt: Copied (new)
2026/08/05 19:16:00 INFO  : transcricoes/20260722_231432_Clip_38.txt: Copied (new)
2026/08/05 19:16:00 INFO  : transcricoes/20260722_231759_Clip_39.txt: Copied (new)
2026/08/05 19:16:00 INFO  : transcricoes/20260722_232732_Clip_42.txt: Copied (new)
2026/08/05 19:16:01 INFO  : transcricoes/20260722_232641_Clip_41.txt: Copied (new)
2026/08/05 19:16:09 INFO  :   440.624 KiB / 8.548 MiB, 5%, 1.913 KiB/s, ETA 1h12m22s (xfr#429/940)
2026/08/05 19:16:26 INFO  : transcricoes/20260722_234844_Clip_45.txt: Copied (new)
2026/08/05 19:16:27 INFO  : transcricoes/20260723_020316_Clip_7.txt: Copied (new)
2026/08/05 19:16:29 INFO  : transcricoes/20260722_235042_Clip_3.txt: Copied (new)
2026/08/05 19:16:29 INFO  : transcricoes/20260723_000809_Clip_5.txt: Copied (new)
2026/08/05 19:16:29 INFO  : transcricoes/20260723_020133_Clip_6.txt: Copied (new)
2026/08/05 19:16:29 INFO  : transcricoes/20260722_232058_Clip_40.txt: Copied (new)
2026/08/05 19:16:29 INFO  : transcricoes/20260722_233653_Clip_43.txt: Copied (new)
2026/08/05 19:16:29 INFO  : transcricoes/20260723_000641_Clip_4.txt: Copied (new)
2026/08/05 19:16:30 INFO  : transcricoes/20260723_021501_Clip_9.txt: Copied (new)
2026/08/05 19:16:30 INFO  : transcricoes/20260723_030244_Clip_12.txt: Copied (new)
2026/08/05 19:16:30 INFO  : transcricoes/20260723_021606_Clip_10.txt: Copied (new)
2026/08/05 19:16:31 INFO  : transcricoes/20260723_030535_Clip_14.txt: Copied (new)
2026/08/05 19:16:31 INFO  : transcricoes/20260723_020510_Clip_8.txt: Copied (new)
2026/08/05 19:16:31 INFO  : transcricoes/20260723_030354_Clip_13.txt: Copied (new)
2026/08/05 19:16:31 INFO  : transcricoes/20260723_023626_Clip_11.txt: Copied (new)
2026/08/05 19:16:32 INFO  : transcricoes/20260723_030619_Clip_15.txt: Copied (new)
2026/08/05 19:16:32 INFO  : transcricoes/20260723_030733_Clip_16.txt: Copied (new)
2026/08/05 19:16:32 INFO  : transcricoes/20260722_233717_Clip_44.txt: Copied (new)
2026/08/05 19:16:32 INFO  : transcricoes/20260723_033414_Clip_18.txt: Copied (new)
2026/08/05 19:16:32 INFO  : transcricoes/20260723_031028_Clip_17.txt: Copied (new)
2026/08/05 19:16:32 INFO  : transcricoes/20260723_033950_Clip_20.txt: Copied (new)
2026/08/05 19:16:33 INFO  : transcricoes/20260723_033517_Clip_19.txt: Copied (new)
2026/08/05 19:16:34 INFO  : transcricoes/20260723_035124_Clip_22.txt: Copied (new)
2026/08/05 19:16:34 INFO  : transcricoes/20260723_035458_Clip_25.txt: Copied (new)
2026/08/05 19:16:34 INFO  : transcricoes/20260723_085418_Clip_27.txt: Copied (new)
2026/08/05 19:16:34 INFO  : transcricoes/20260723_035246_Clip_23.txt: Copied (new)
2026/08/05 19:16:34 INFO  : transcricoes/20260723_035626_Clip_26.txt: Copied (new)
2026/08/05 19:16:34 INFO  : transcricoes/20260723_034559_Clip_21.txt: Copied (new)
2026/08/05 19:16:34 INFO  : transcricoes/20260723_035346_Clip_24.txt: Copied (new)
2026/08/05 19:16:34 INFO  : transcricoes/20260723_092636_Clip_28.txt: Copied (new)
2026/08/05 19:16:35 INFO  : transcricoes/20260723_093144_Clip_29.txt: Copied (new)
2026/08/05 19:16:36 INFO  : transcricoes/20260723_094134_Clip_30.txt: Copied (new)
2026/08/05 19:16:36 INFO  : transcricoes/20260723_095321_Clip_32.txt: Copied (new)
2026/08/05 19:16:36 INFO  : transcricoes/20260723_095528_Clip_33.txt: Copied (new)
2026/08/05 19:16:36 INFO  : transcricoes/20260723_095645_Clip_34.txt: Copied (new)
2026/08/05 19:16:36 INFO  : transcricoes/20260723_100318_Clip_36.txt: Copied (new)
2026/08/05 19:16:36 INFO  : transcricoes/20260723_094916_Clip_31.txt: Copied (new)
2026/08/05 19:16:36 INFO  : transcricoes/20260723_100234_Clip_35.txt: Copied (new)
2026/08/05 19:16:37 INFO  : transcricoes/20260723_113234_Clip_3.txt: Copied (new)
2026/08/05 19:16:37 INFO  : transcricoes/20260723_115545_Clip_5.txt: Copied (new)
2026/08/05 19:16:37 INFO  : transcricoes/20260723_115511_Clip_4.txt: Copied (new)
2026/08/05 19:16:37 INFO  : transcricoes/20260723_115641_Clip_7.txt: Copied (new)
2026/08/05 19:16:38 INFO  : transcricoes/20260723_115604_Clip_6.txt: Copied (new)
2026/08/05 19:16:38 INFO  : transcricoes/20260723_115756_Clip_8.txt: Copied (new)
2026/08/05 19:16:38 INFO  : transcricoes/20260723_115836_Clip_9.txt: Copied (new)
2026/08/05 19:16:38 INFO  : transcricoes/20260723_120150_Clip_10.txt: Copied (new)
2026/08/05 19:16:39 INFO  : transcricoes/20260723_121843_Clip_11.txt: Copied (new)
2026/08/05 19:16:39 INFO  : transcricoes/20260723_123703_Clip_13.txt: Copied (new)
2026/08/05 19:16:39 INFO  : transcricoes/20260723_122442_Clip_12.txt: Copied (new)
2026/08/05 19:16:39 INFO  : transcricoes/20260723_123804_Clip_14.txt: Copied (new)
2026/08/05 19:16:39 INFO  : transcricoes/20260723_123839_Clip_15.txt: Copied (new)
2026/08/05 19:16:39 INFO  : transcricoes/20260723_124846_Clip_16.txt: Copied (new)
2026/08/05 19:16:40 INFO  : transcricoes/20260723_125020_Clip_17.txt: Copied (new)
2026/08/05 19:16:40 INFO  : transcricoes/20260723_125643_Clip_18.txt: Copied (new)
2026/08/05 19:16:40 INFO  : transcricoes/20260723_134758_Clip_21.txt: Copied (new)
2026/08/05 19:16:40 INFO  : transcricoes/20260723_132804_Clip_20.txt: Copied (new)
2026/08/05 19:16:41 INFO  : transcricoes/20260723_131236_Clip_19.txt: Copied (new)
2026/08/05 19:16:41 INFO  : transcricoes/20260723_150956_Clip_22.txt: Copied (new)
2026/08/05 19:16:41 INFO  : transcricoes/20260723_162108_Clip_24.txt: Copied (new)
2026/08/05 19:16:41 INFO  : transcricoes/20260723_161936_Clip_23.txt: Copied (new)
2026/08/05 19:16:42 INFO  : transcricoes/20260723_163033_Clip_25.txt: Copied (new)
2026/08/05 19:16:42 INFO  : transcricoes/20260723_165606_Clip_26.txt: Copied (new)
2026/08/05 19:16:42 INFO  : transcricoes/20260723_171344_Clip_29.txt: Copied (new)
2026/08/05 19:16:42 INFO  : transcricoes/20260723_165935_Clip_27.txt: Copied (new)
2026/08/05 19:16:42 INFO  : transcricoes/20260723_170910_Clip_28.txt: Copied (new)
2026/08/05 19:16:43 INFO  : transcricoes/20260723_172219_Clip_31.txt: Copied (new)
2026/08/05 19:16:43 INFO  : transcricoes/20260723_172557_Clip_32.txt: Copied (new)
2026/08/05 19:16:43 INFO  : transcricoes/20260723_173304_Clip_33.txt: Copied (new)
2026/08/05 19:16:43 INFO  : transcricoes/20260723_173328_Clip_34.txt: Copied (new)
2026/08/05 19:16:44 INFO  : transcricoes/20260723_173817_Clip_35.txt: Copied (new)
2026/08/05 19:16:44 INFO  : transcricoes/20260723_222312_Clip_2.txt: Copied (new)
2026/08/05 19:16:44 INFO  : transcricoes/20260723_222049_Clip_1.txt: Copied (new)
2026/08/05 19:16:44 INFO  : transcricoes/20260723_222632_Clip_3.txt: Copied (new)
2026/08/05 19:16:44 INFO  : transcricoes/20260723_222813_Clip_4.txt: Copied (new)
2026/08/05 19:16:44 INFO  : transcricoes/20260723_171505_Clip_30.txt: Copied (new)
2026/08/05 19:16:45 INFO  : transcricoes/20260723_224119_Clip_6.txt: Copied (new)
2026/08/05 19:16:45 INFO  : transcricoes/20260723_225214_Clip_7.txt: Copied (new)
2026/08/05 19:16:45 INFO  : transcricoes/20260723_223749_Clip_5.txt: Copied (new)
2026/08/05 19:16:46 INFO  : transcricoes/20260723_225539_Clip_8.txt: Copied (new)
2026/08/05 19:16:46 INFO  : transcricoes/20260723_231302_Clip_10.txt: Copied (new)
2026/08/05 19:16:46 INFO  : transcricoes/20260723_230100_Clip_9.txt: Copied (new)
2026/08/05 19:16:46 INFO  : transcricoes/20260724_003310_Clip_12.txt: Copied (new)
2026/08/05 19:16:46 INFO  : transcricoes/20260723_232157_Clip_11.txt: Copied (new)
2026/08/05 19:16:47 INFO  : transcricoes/20260724_013151_Clip_15.txt: Copied (new)
2026/08/05 19:16:47 INFO  : transcricoes/20260724_013046_Clip_14.txt: Copied (new)
2026/08/05 19:16:47 INFO  : transcricoes/20260724_104619_Clip_17.txt: Copied (new)
2026/08/05 19:16:47 INFO  : transcricoes/20260724_114419_Clip_18.txt: Copied (new)
2026/08/05 19:16:47 INFO  : transcricoes/20260724_010208_Clip_13.txt: Copied (new)
2026/08/05 19:16:48 INFO  : transcricoes/20260724_115335_Clip_19.txt: Copied (new)
2026/08/05 19:16:48 INFO  : transcricoes/20260724_141814_Clip_17.txt: Copied (new)
2026/08/05 19:16:48 INFO  : transcricoes/20260724_141859_Clip_18.txt: Copied (new)
2026/08/05 19:16:49 INFO  : transcricoes/20260724_142047_Clip_19.txt: Copied (new)
2026/08/05 19:16:49 INFO  : transcricoes/20260724_142233_Clip_20.txt: Copied (new)
2026/08/05 19:16:49 INFO  : transcricoes/20260724_142843_Clip_21.txt: Copied (new)
2026/08/05 19:16:49 INFO  : transcricoes/20260724_143000_Clip_22.txt: Copied (new)
2026/08/05 19:16:49 INFO  : transcricoes/20260724_143112_Clip_23.txt: Copied (new)
2026/08/05 19:16:49 INFO  : transcricoes/20260724_143414_Clip_24.txt: Copied (new)
2026/08/05 19:16:49 INFO  : transcricoes/20260725_110956_Clip_18.txt: Copied (new)
2026/08/05 19:16:50 INFO  : transcricoes/20260725_111311_Clip_19.txt: Copied (new)
2026/08/05 19:16:50 INFO  : transcricoes/20260725_112320_Clip_20.txt: Copied (new)
2026/08/05 19:16:51 INFO  : transcricoes/20260725_113744_Clip_22.txt: Copied (new)
2026/08/05 19:16:51 INFO  : transcricoes/20260725_112636_Clip_21.txt: Copied (new)
2026/08/05 19:16:51 INFO  : transcricoes/20260725_120747_Clip_23.txt: Copied (new)
2026/08/05 19:16:51 INFO  : transcricoes/20260725_121553_Clip_25.txt: Copied (new)
2026/08/05 19:16:51 INFO  : transcricoes/20260725_122814_Clip_27.txt: Copied (new)
2026/08/05 19:16:51 INFO  : transcricoes/20260725_122946_Clip_28.txt: Copied (new)
2026/08/05 19:16:52 INFO  : transcricoes/20260725_122149_Clip_26.txt: Copied (new)
2026/08/05 19:16:52 INFO  : transcricoes/20260725_123224_Clip_29.txt: Copied (new)
2026/08/05 19:16:52 INFO  : transcricoes/20260725_125231_Clip_30.txt: Copied (new)
2026/08/05 19:16:52 INFO  : transcricoes/20260725_130436_Clip_33.txt: Copied (new)
2026/08/05 19:16:52 INFO  : transcricoes/20260725_125532_Clip_31.txt: Copied (new)
2026/08/05 19:16:53 INFO  : transcricoes/20260725_130118_Clip_32.txt: Copied (new)
2026/08/05 19:16:53 INFO  : transcricoes/20260725_132124_Clip_34.txt: Copied (new)
2026/08/05 19:16:53 INFO  : transcricoes/20260725_134233_Clip_35.txt: Copied (new)
2026/08/05 19:16:53 INFO  : transcricoes/20260725_134319_Clip_36.txt: Copied (new)
2026/08/05 19:16:54 INFO  : transcricoes/20260725_135934_Clip_38.txt: Copied (new)
2026/08/05 19:16:54 INFO  : transcricoes/20260725_134405_Clip_37.txt: Copied (new)
2026/08/05 19:16:54 INFO  : transcricoes/20260725_140014_Clip_39.txt: Copied (new)
2026/08/05 19:16:54 INFO  : transcricoes/20260725_141320_Clip_40.txt: Copied (new)
2026/08/05 19:16:54 INFO  : transcricoes/20260725_171458_Clip_41.txt: Copied (new)
2026/08/05 19:16:54 INFO  : transcricoes/20260725_174540_Clip_42.txt: Copied (new)
2026/08/05 19:16:55 INFO  : transcricoes/20260725_180004_Clip_44.txt: Copied (new)
2026/08/05 19:16:55 INFO  : transcricoes/20260725_175146_Clip_43.txt: Copied (new)
2026/08/05 19:16:55 INFO  : transcricoes/20260725_180529_Clip_45.txt: Copied (new)
2026/08/05 19:16:55 INFO  : transcricoes/20260725_182407_Clip_46.txt: Copied (new)
2026/08/05 19:16:56 INFO  : transcricoes/20260725_182448_Clip_47.txt: Copied (new)
2026/08/05 19:16:56 INFO  : transcricoes/20260725_182940_Clip_48.txt: Copied (new)
2026/08/05 19:16:56 INFO  : transcricoes/20260725_183032_Clip_49.txt: Copied (new)
2026/08/05 19:16:56 INFO  : transcricoes/20260725_183819_Clip_50.txt: Copied (new)
2026/08/05 19:16:57 INFO  : transcricoes/20260725_185031_Clip_51.txt: Copied (new)
2026/08/05 19:16:57 INFO  : transcricoes/20260725_191718_Clip_52.txt: Copied (new)
2026/08/05 19:16:57 INFO  : transcricoes/20260725_192411_Clip_54.txt: Copied (new)
2026/08/05 19:16:57 INFO  : transcricoes/20260725_191828_Clip_53.txt: Copied (new)
2026/08/05 19:16:57 INFO  : transcricoes/20260725_194826_Clip_57.txt: Copied (new)
2026/08/05 19:16:57 INFO  : transcricoes/20260725_192523_Clip_55.txt: Copied (new)
2026/08/05 19:16:58 INFO  : transcricoes/20260725_194445_Clip_56.txt: Copied (new)
2026/08/05 19:16:58 INFO  : transcricoes/20260725_195205_Clip_58.txt: Copied (new)
2026/08/05 19:16:58 INFO  : transcricoes/20260725_200112_Clip_59.txt: Copied (new)
2026/08/05 19:16:58 INFO  : transcricoes/20260725_200246_Clip_60.txt: Copied (new)
2026/08/05 19:16:59 INFO  : transcricoes/20260725_200717_Clip_61.txt: Copied (new)
2026/08/05 19:16:59 INFO  : transcricoes/20260725_204149_Clip_62.txt: Copied (new)
2026/08/05 19:16:59 INFO  : transcricoes/20260725_204723_Clip_63.txt: Copied (new)
2026/08/05 19:16:59 INFO  : transcricoes/20260725_211951_Clip_65.txt: Copied (new)
2026/08/05 19:16:59 INFO  : transcricoes/20260725_211737_Clip_64.txt: Copied (new)
2026/08/05 19:17:00 INFO  : transcricoes/20260725_212636_Clip_66.txt: Copied (new)
2026/08/05 19:17:00 INFO  : transcricoes/20260725_221740_Clip_67.txt: Copied (new)
2026/08/05 19:17:00 INFO  : transcricoes/20260725_222601_Clip_68.txt: Copied (new)
2026/08/05 19:17:01 INFO  : transcricoes/20260725_222702_Clip_69.txt: Copied (new)
2026/08/05 19:17:01 INFO  : transcricoes/20260726_021757_Clip_3.txt: Copied (new)
2026/08/05 19:17:01 INFO  : transcricoes/20260726_005238_Clip_1.txt: Copied (new)
2026/08/05 19:17:01 INFO  : transcricoes/20260726_015629_Clip_2.txt: Copied (new)
2026/08/05 19:17:02 INFO  : transcricoes/20260726_125246_Clip_9.txt: Copied (new)
2026/08/05 19:17:09 INFO  :   601.099 KiB / 8.569 MiB, 7%, 2.783 KiB/s, ETA 48m56s (xfr#581/940)
2026/08/05 19:17:27 INFO  : transcricoes/20260726_122722_Clip_5.txt: Copied (new)
2026/08/05 19:17:28 INFO  : transcricoes/20260726_130852_Clip_11.txt: Copied (new)
2026/08/05 19:17:28 INFO  : transcricoes/20260726_124209_Clip_6.txt: Copied (new)
2026/08/05 19:17:28 INFO  : transcricoes/20260726_121258_Clip_4.txt: Copied (new)
2026/08/05 19:17:28 INFO  : transcricoes/20260726_125018_Clip_8.txt: Copied (new)
2026/08/05 19:17:28 INFO  : transcricoes/20260726_131646_Clip_12.txt: Copied (new)
2026/08/05 19:17:28 INFO  : transcricoes/20260726_132016_Clip_13.txt: Copied (new)
2026/08/05 19:17:29 INFO  : transcricoes/20260726_124828_Clip_7.txt: Copied (new)
2026/08/05 19:17:29 INFO  : transcricoes/20260726_130601_Clip_10.txt: Copied (new)
2026/08/05 19:17:30 INFO  : transcricoes/20260726_134604_Clip_1.txt: Copied (new)
2026/08/05 19:17:30 INFO  : transcricoes/20260726_133514_Clip_15.txt: Copied (new)
2026/08/05 19:17:30 INFO  : transcricoes/20260726_133730_Clip_17.txt: Copied (new)
2026/08/05 19:17:30 INFO  : transcricoes/20260726_132839_Clip_14.txt: Copied (new)
2026/08/05 19:17:30 INFO  : transcricoes/20260726_133552_Clip_16.txt: Copied (new)
2026/08/05 19:17:30 INFO  : transcricoes/20260726_133931_Clip_18.txt: Copied (new)
2026/08/05 19:17:30 INFO  : transcricoes/20260726_140047_Clip_2.txt: Copied (new)
2026/08/05 19:17:31 INFO  : transcricoes/20260726_141621_Clip_3.txt: Copied (new)
2026/08/05 19:17:32 INFO  : transcricoes/20260726_142834_Clip_7.txt: Copied (new)
2026/08/05 19:17:32 INFO  : transcricoes/20260726_142100_Clip_4.txt: Copied (new)
2026/08/05 19:17:32 INFO  : transcricoes/20260726_142246_Clip_5.txt: Copied (new)
2026/08/05 19:17:32 INFO  : transcricoes/20260726_142752_Clip_6.txt: Copied (new)
2026/08/05 19:17:32 INFO  : transcricoes/20260726_144120_Clip_8.txt: Copied (new)
2026/08/05 19:17:32 INFO  : transcricoes/20260726_144227_Clip_9.txt: Copied (new)
2026/08/05 19:17:32 INFO  : transcricoes/20260726_145149_Clip_10.txt: Copied (new)
2026/08/05 19:17:32 INFO  : transcricoes/20260726_150934_Clip_11.txt: Copied (new)
2026/08/05 19:17:33 INFO  : transcricoes/20260726_151619_Clip_1.txt: Copied (new)
2026/08/05 19:17:33 INFO  : transcricoes/20260726_151456_Clip_12.txt: Copied (new)
2026/08/05 19:17:33 INFO  : transcricoes/20260726_152604_Clip_3.txt: Copied (new)
2026/08/05 19:17:33 INFO  : transcricoes/20260726_152759_Clip_4.txt: Copied (new)
2026/08/05 19:17:34 INFO  : transcricoes/20260726_153619_Clip_5.txt: Copied (new)
2026/08/05 19:17:34 INFO  : transcricoes/20260726_154035_Clip_6.txt: Copied (new)
2026/08/05 19:17:34 INFO  : transcricoes/20260726_154425_Clip_7.txt: Copied (new)
2026/08/05 19:17:35 INFO  : transcricoes/20260726_155113_Clip_9.txt: Copied (new)
2026/08/05 19:17:35 INFO  : transcricoes/20260726_154545_Clip_8.txt: Copied (new)
2026/08/05 19:17:35 INFO  : transcricoes/20260726_185036_Clip_10.txt: Copied (new)
2026/08/05 19:17:35 INFO  : transcricoes/20260726_152313_Clip_2.txt: Copied (new)
2026/08/05 19:17:35 INFO  : transcricoes/20260726_191213_Clip_11.txt: Copied (new)
2026/08/05 19:17:35 INFO  : transcricoes/20260726_232622_Clip_13.txt: Copied (new)
2026/08/05 19:17:35 INFO  : transcricoes/20260726_191704_Clip_12.txt: Copied (new)
2026/08/05 19:17:36 INFO  : transcricoes/20260727_002921_Clip_14.txt: Copied (new)
2026/08/05 19:17:36 INFO  : transcricoes/20260727_003139_Clip_15.txt: Copied (new)
2026/08/05 19:17:36 INFO  : transcricoes/20260727_004648_Clip_16.txt: Copied (new)
2026/08/05 19:17:37 INFO  : transcricoes/20260727_005530_Clip_17.txt: Copied (new)
2026/08/05 19:17:37 INFO  : transcricoes/20260727_005958_Clip_19.txt: Copied (new)
2026/08/05 19:17:37 INFO  : transcricoes/20260727_021221_Clip_20.txt: Copied (new)
2026/08/05 19:17:37 INFO  : transcricoes/20260727_021539_Clip_21.txt: Copied (new)
2026/08/05 19:17:37 INFO  : transcricoes/20260727_005728_Clip_18.txt: Copied (new)
2026/08/05 19:17:37 INFO  : transcricoes/20260727_021706_Clip_22.txt: Copied (new)
2026/08/05 19:17:38 INFO  : transcricoes/20260727_023230_Clip_25.txt: Copied (new)
2026/08/05 19:17:38 INFO  : transcricoes/20260727_023124_Clip_24.txt: Copied (new)
2026/08/05 19:17:38 INFO  : transcricoes/20260727_024210_Clip_26.txt: Copied (new)
2026/08/05 19:17:39 INFO  : transcricoes/20260727_024411_Clip_27.txt: Copied (new)
2026/08/05 19:17:39 INFO  : transcricoes/20260727_024614_Clip_28.txt: Copied (new)
2026/08/05 19:17:39 INFO  : transcricoes/20260727_030134_Clip_29.txt: Copied (new)
2026/08/05 19:17:39 INFO  : transcricoes/20260727_022508_Clip_23.txt: Copied (new)
2026/08/05 19:17:39 INFO  : transcricoes/20260727_033039_Clip_30.txt: Copied (new)
2026/08/05 19:17:40 INFO  : transcricoes/20260727_045001_Clip_31.txt: Copied (new)
2026/08/05 19:17:40 INFO  : transcricoes/20260727_045357_Clip_32.txt: Copied (new)
2026/08/05 19:17:40 INFO  : transcricoes/20260727_050547_Clip_34.txt: Copied (new)
2026/08/05 19:17:40 INFO  : transcricoes/20260727_051521_Clip_35.txt: Copied (new)
2026/08/05 19:17:40 INFO  : transcricoes/20260727_045533_Clip_33.txt: Copied (new)
2026/08/05 19:17:40 INFO  : transcricoes/20260727_052105_Clip_36.txt: Copied (new)
2026/08/05 19:17:41 INFO  : transcricoes/20260727_052246_Clip_37.txt: Copied (new)
2026/08/05 19:17:41 INFO  : transcricoes/20260727_053035_Clip_38.txt: Copied (new)
2026/08/05 19:17:41 INFO  : transcricoes/20260727_053903_Clip_40.txt: Copied (new)
2026/08/05 19:17:42 INFO  : transcricoes/20260727_054630_Clip_42.txt: Copied (new)
2026/08/05 19:17:42 INFO  : transcricoes/20260727_053814_Clip_39.txt: Copied (new)
2026/08/05 19:17:42 INFO  : transcricoes/20260727_054706_Clip_43.txt: Copied (new)
2026/08/05 19:17:42 INFO  : transcricoes/20260727_060353_Clip_44.txt: Copied (new)
2026/08/05 19:17:42 INFO  : transcricoes/20260727_060539_Clip_45.txt: Copied (new)
2026/08/05 19:17:43 INFO  : transcricoes/20260727_062718_Clip_46.txt: Copied (new)
2026/08/05 19:17:43 INFO  : transcricoes/20260727_054016_Clip_41.txt: Copied (new)
2026/08/05 19:17:43 INFO  : transcricoes/20260727_070147_Clip_47.txt: Copied (new)
2026/08/05 19:17:43 INFO  : transcricoes/20260727_071152_Clip_48.txt: Copied (new)
2026/08/05 19:17:44 INFO  : transcricoes/20260727_072310_Clip_49.txt: Copied (new)
2026/08/05 19:17:44 INFO  : transcricoes/20260727_073744_Clip_50.txt: Copied (new)
2026/08/05 19:17:44 INFO  : transcricoes/20260727_073849_Clip_51.txt: Copied (new)
2026/08/05 19:17:44 INFO  : transcricoes/20260727_073939_Clip_52.txt: Copied (new)
2026/08/05 19:17:44 INFO  : transcricoes/20260727_074921_Clip_53.txt: Copied (new)
2026/08/05 19:17:45 INFO  : transcricoes/20260727_075400_Clip_54.txt: Copied (new)
2026/08/05 19:17:45 INFO  : transcricoes/20260727_075535_Clip_55.txt: Copied (new)
2026/08/05 19:17:45 INFO  : transcricoes/20260727_075635_Clip_56.txt: Copied (new)
2026/08/05 19:17:45 INFO  : transcricoes/20260727_084430_Clip_57.txt: Copied (new)
2026/08/05 19:17:45 INFO  : transcricoes/20260727_090217_Clip_59.txt: Copied (new)
2026/08/05 19:17:45 INFO  : transcricoes/20260727_085743_Clip_58.txt: Copied (new)
2026/08/05 19:17:46 INFO  : transcricoes/20260727_095103_Clip_61.txt: Copied (new)
2026/08/05 19:17:46 INFO  : transcricoes/20260727_090613_Clip_60.txt: Copied (new)
2026/08/05 19:17:46 INFO  : transcricoes/20260727_113328_Clip_1.txt: Copied (new)
2026/08/05 19:17:46 INFO  : transcricoes/20260727_124006_Clip_2.txt: Copied (new)
2026/08/05 19:17:47 INFO  : transcricoes/20260727_140942_Clip_5.txt: Copied (new)
2026/08/05 19:17:47 INFO  : transcricoes/20260727_133958_Clip_4.txt: Copied (new)
2026/08/05 19:17:47 INFO  : transcricoes/20260727_130517_Clip_3.txt: Copied (new)
2026/08/05 19:17:47 INFO  : transcricoes/20260727_143424_Clip_6.txt: Copied (new)
2026/08/05 19:17:47 INFO  : transcricoes/20260727_144316_Clip_7.txt: Copied (new)
2026/08/05 19:17:48 INFO  : transcricoes/20260727_151751_Clip_9.txt: Copied (new)
2026/08/05 19:17:48 INFO  : transcricoes/20260727_152132_Clip_10.txt: Copied (new)
2026/08/05 19:17:48 INFO  : transcricoes/20260727_152627_Clip_12.txt: Copied (new)
2026/08/05 19:17:49 INFO  : transcricoes/20260727_152930_Clip_13.txt: Copied (new)
2026/08/05 19:17:49 INFO  : transcricoes/20260727_151528_Clip_8.txt: Copied (new)
2026/08/05 19:17:49 INFO  : transcricoes/20260727_153305_Clip_14.txt: Copied (new)
2026/08/05 19:17:49 INFO  : transcricoes/20260727_153514_Clip_15.txt: Copied (new)
2026/08/05 19:17:50 INFO  : transcricoes/20260727_153616_Clip_16.txt: Copied (new)
2026/08/05 19:17:50 INFO  : transcricoes/20260727_153958_Clip_17.txt: Copied (new)
2026/08/05 19:17:50 INFO  : transcricoes/20260727_152444_Clip_11.txt: Copied (new)
2026/08/05 19:17:50 INFO  : transcricoes/20260727_154345_Clip_18.txt: Copied (new)
2026/08/05 19:17:50 INFO  : transcricoes/20260727_154503_Clip_19.txt: Copied (new)
2026/08/05 19:17:51 INFO  : transcricoes/20260727_155238_Clip_21.txt: Copied (new)
2026/08/05 19:17:51 INFO  : transcricoes/20260727_154910_Clip_20.txt: Copied (new)
2026/08/05 19:17:51 INFO  : transcricoes/20260727_160857_Clip_22.txt: Copied (new)
2026/08/05 19:17:51 INFO  : transcricoes/20260727_161512_Clip_23.txt: Copied (new)
2026/08/05 19:17:51 INFO  : transcricoes/20260727_161805_Clip_24.txt: Copied (new)
2026/08/05 19:17:52 INFO  : transcricoes/20260727_165649_Clip_26.txt: Copied (new)
2026/08/05 19:17:52 INFO  : transcricoes/20260727_171134_Clip_27.txt: Copied (new)
2026/08/05 19:17:52 INFO  : transcricoes/20260727_171240_Clip_28.txt: Copied (new)
2026/08/05 19:17:52 INFO  : transcricoes/20260728_002924_Clip_30.txt: Copied (new)
2026/08/05 19:17:52 INFO  : transcricoes/20260727_162359_Clip_25.txt: Copied (new)
2026/08/05 19:17:52 INFO  : transcricoes/20260727_234100_Clip_29.txt: Copied (new)
2026/08/05 19:17:53 INFO  : transcricoes/20260728_101403_Clip_31.txt: Copied (new)
2026/08/05 19:17:53 INFO  : transcricoes/20260728_101442_Clip_32.txt: Copied (new)
2026/08/05 19:17:54 INFO  : transcricoes/20260728_102537_Clip_33.txt: Copied (new)
2026/08/05 19:17:54 INFO  : transcricoes/20260728_103519_Clip_35.txt: Copied (new)
2026/08/05 19:17:54 INFO  : transcricoes/20260728_102740_Clip_34.txt: Copied (new)
2026/08/05 19:17:54 INFO  : transcricoes/20260728_104846_Clip_2.txt: Copied (new)
2026/08/05 19:17:54 INFO  : transcricoes/20260728_103925_Clip_36.txt: Copied (new)
2026/08/05 19:17:54 INFO  : transcricoes/20260728_104127_Clip_1.txt: Copied (new)
2026/08/05 19:17:55 INFO  : transcricoes/20260728_105327_Clip_4.txt: Copied (new)
2026/08/05 19:17:55 INFO  : transcricoes/20260728_105032_Clip_3.txt: Copied (new)
2026/08/05 19:17:55 INFO  : transcricoes/20260728_110358_Clip_6.txt: Copied (new)
2026/08/05 19:17:55 INFO  : transcricoes/20260728_112431_Clip_7.txt: Copied (new)
2026/08/05 19:17:55 INFO  : transcricoes/20260728_114021_Clip_9.txt: Copied (new)
2026/08/05 19:17:55 INFO  : transcricoes/20260728_113806_Clip_8.txt: Copied (new)
2026/08/05 19:17:56 INFO  : transcricoes/20260728_114350_Clip_10.txt: Copied (new)
2026/08/05 19:17:56 INFO  : transcricoes/20260728_132148_Clip_12.txt: Copied (new)
2026/08/05 19:17:56 INFO  : transcricoes/20260728_131600_Clip_11.txt: Copied (new)
2026/08/05 19:17:57 INFO  : transcricoes/20260728_105609_Clip_5.txt: Copied (new)
2026/08/05 19:17:57 INFO  : transcricoes/20260728_132742_Clip_13.txt: Copied (new)
2026/08/05 19:17:57 INFO  : transcricoes/20260728_132828_Clip_14.txt: Copied (new)
2026/08/05 19:17:57 INFO  : transcricoes/20260728_134224_Clip_16.txt: Copied (new)
2026/08/05 19:17:57 INFO  : transcricoes/20260728_133746_Clip_15.txt: Copied (new)
2026/08/05 19:17:57 INFO  : transcricoes/20260728_134440_Clip_17.txt: Copied (new)
2026/08/05 19:17:58 INFO  : transcricoes/20260728_134556_Clip_18.txt: Copied (new)
2026/08/05 19:17:58 INFO  : transcricoes/20260728_135317_Clip_19.txt: Copied (new)
2026/08/05 19:17:58 INFO  : transcricoes/20260728_135435_Clip_20.txt: Copied (new)
2026/08/05 19:17:59 INFO  : transcricoes/20260728_135539_Clip_21.txt: Copied (new)
2026/08/05 19:17:59 INFO  : transcricoes/20260728_135805_Clip_22.txt: Copied (new)
2026/08/05 19:17:59 INFO  : transcricoes/20260728_141313_Clip_24.txt: Copied (new)
2026/08/05 19:17:59 INFO  : transcricoes/20260728_140347_Clip_23.txt: Copied (new)
2026/08/05 19:17:59 INFO  : transcricoes/20260728_141353_Clip_25.txt: Copied (new)
2026/08/05 19:18:00 INFO  : transcricoes/20260728_141500_Clip_26.txt: Copied (new)
2026/08/05 19:18:00 INFO  : transcricoes/20260728_142132_Clip_27.txt: Copied (new)
2026/08/05 19:18:00 INFO  : transcricoes/20260728_142928_Clip_28.txt: Copied (new)
2026/08/05 19:18:00 INFO  : transcricoes/20260728_143246_Clip_29.txt: Copied (new)
2026/08/05 19:18:00 INFO  : transcricoes/20260728_143758_Clip_30.txt: Copied (new)
2026/08/05 19:18:00 INFO  : transcricoes/20260728_144257_Clip_31.txt: Copied (new)
2026/08/05 19:18:01 INFO  : transcricoes/20260728_144722_Clip_32.txt: Copied (new)
2026/08/05 19:18:01 INFO  : transcricoes/20260728_144823_Clip_33.txt: Copied (new)
2026/08/05 19:18:02 INFO  : transcricoes/20260728_145321_Clip_34.txt: Copied (new)
2026/08/05 19:18:02 INFO  : transcricoes/20260728_150058_Clip_36.txt: Copied (new)
2026/08/05 19:18:02 INFO  : transcricoes/20260728_151203_Clip_37.txt: Copied (new)
2026/08/05 19:18:02 INFO  : transcricoes/20260728_154204_Clip_41.txt: Copied (new)
2026/08/05 19:18:09 INFO  :   768.211 KiB / 8.590 MiB, 9%, 2.813 KiB/s, ETA 47m32s (xfr#741/940)
2026/08/05 19:18:29 INFO  : transcricoes/20260728_154002_Clip_40.txt: Copied (new)
2026/08/05 19:18:30 INFO  : transcricoes/20260728_162106_Clip_43.txt: Copied (new)
2026/08/05 19:18:30 INFO  : transcricoes/20260728_153541_Clip_39.txt: Copied (new)
2026/08/05 19:18:30 INFO  : transcricoes/20260728_164735_Clip_47.txt: Copied (new)
2026/08/05 19:18:30 INFO  : transcricoes/20260728_145724_Clip_35.txt: Copied (new)
2026/08/05 19:18:30 INFO  : transcricoes/20260728_152304_Clip_38.txt: Copied (new)
2026/08/05 19:18:30 INFO  : transcricoes/20260728_162127_Clip_44.txt: Copied (new)
2026/08/05 19:18:30 INFO  : transcricoes/20260728_164229_Clip_45.txt: Copied (new)
2026/08/05 19:18:32 INFO  : transcricoes/20260728_165405_Clip_48.txt: Copied (new)
2026/08/05 19:18:32 INFO  : transcricoes/20260728_170308_Clip_50.txt: Copied (new)
2026/08/05 19:18:32 INFO  : transcricoes/20260728_170901_Clip_51.txt: Copied (new)
2026/08/05 19:18:32 INFO  : transcricoes/20260728_171105_Clip_52.txt: Copied (new)
2026/08/05 19:18:32 INFO  : transcricoes/20260728_161702_Clip_42.txt: Copied (new)
2026/08/05 19:18:32 INFO  : transcricoes/20260728_171413_Clip_53.txt: Copied (new)
2026/08/05 19:18:33 INFO  : transcricoes/20260728_171443_Clip_54.txt: Copied (new)
2026/08/05 19:18:34 INFO  : transcricoes/20260728_171614_Clip_55.txt: Copied (new)
2026/08/05 19:18:34 INFO  : transcricoes/20260728_165846_Clip_49.txt: Copied (new)
2026/08/05 19:18:34 INFO  : transcricoes/20260728_172409_Clip_57.txt: Copied (new)
2026/08/05 19:18:34 INFO  : transcricoes/20260728_171751_Clip_56.txt: Copied (new)
2026/08/05 19:18:34 INFO  : transcricoes/20260728_173639_Clip_58.txt: Copied (new)
2026/08/05 19:18:34 INFO  : transcricoes/20260728_183149_Clip_60.txt: Copied (new)
2026/08/05 19:18:34 INFO  : transcricoes/20260728_174004_Clip_59.txt: Copied (new)
2026/08/05 19:18:35 INFO  : transcricoes/20260728_184839_Clip_61.txt: Copied (new)
2026/08/05 19:18:35 INFO  : transcricoes/20260728_222312_Clip_1.txt: Copied (new)
2026/08/05 19:18:35 INFO  : transcricoes/20260728_231209_Clip_3.txt: Copied (new)
2026/08/05 19:18:35 INFO  : transcricoes/20260728_222507_Clip_2.txt: Copied (new)
2026/08/05 19:18:35 INFO  : transcricoes/20260728_231516_Clip_5.txt: Copied (new)
2026/08/05 19:18:36 INFO  : transcricoes/20260728_231431_Clip_4.txt: Copied (new)
2026/08/05 19:18:36 INFO  : transcricoes/20260729_033813_Clip_1.txt: Copied (new)
2026/08/05 19:18:36 INFO  : transcricoes/20260729_091806_Clip_3.txt: Copied (new)
2026/08/05 19:18:36 INFO  : transcricoes/20260729_091650_Clip_2.txt: Copied (new)
2026/08/05 19:18:37 INFO  : transcricoes/20260729_104434_Clip_5.txt: Copied (new)
2026/08/05 19:18:37 INFO  : transcricoes/20260729_110019_Clip_1.txt: Copied (new)
2026/08/05 19:18:37 INFO  : transcricoes/20260729_110110_Clip_2.txt: Copied (new)
2026/08/05 19:18:37 INFO  : transcricoes/20260729_110626_Clip_3.txt: Copied (new)
2026/08/05 19:18:38 INFO  : transcricoes/20260729_103841_Clip_4.txt: Copied (new)
2026/08/05 19:18:38 INFO  : transcricoes/20260729_111410_Clip_4.txt: Copied (new)
2026/08/05 19:18:38 INFO  : transcricoes/20260729_115504_Clip_6.txt: Copied (new)
2026/08/05 19:18:38 INFO  : transcricoes/20260729_111524_Clip_5.txt: Copied (new)
2026/08/05 19:18:39 INFO  : transcricoes/20260729_120853_Clip_7.txt: Copied (new)
2026/08/05 19:18:39 INFO  : transcricoes/20260729_121035_Clip_8.txt: Copied (new)
2026/08/05 19:18:39 INFO  : transcricoes/20260729_123740_Clip_9.txt: Copied (new)
2026/08/05 19:18:39 INFO  : transcricoes/20260729_152145_Clip_1.txt: Copied (new)
2026/08/05 19:18:39 INFO  : transcricoes/20260729_152148_Clip_3.txt: Copied (new)
2026/08/05 19:18:39 INFO  : transcricoes/20260730_104834_Clip_1.txt: Copied (new)
2026/08/05 19:18:39 INFO  : transcricoes/20260730_110456_Clip_2.txt: Copied (new)
2026/08/05 19:18:40 INFO  : transcricoes/20260730_111052_Clip_3.txt: Copied (new)
2026/08/05 19:18:41 INFO  : transcricoes/20260730_111425_Clip_4.txt: Copied (new)
2026/08/05 19:18:41 INFO  : transcricoes/20260730_112332_Clip_6.txt: Copied (new)
2026/08/05 19:18:41 INFO  : transcricoes/20260729_152148_Clip_2.txt: Copied (new)
2026/08/05 19:18:41 INFO  : transcricoes/20260730_112418_Clip_7.txt: Copied (new)
2026/08/05 19:18:41 INFO  : transcricoes/20260730_112847_Clip_8.txt: Copied (new)
2026/08/05 19:18:41 INFO  : transcricoes/20260730_114416_Clip_9.txt: Copied (new)
2026/08/05 19:18:41 INFO  : transcricoes/20260730_112120_Clip_5.txt: Copied (new)
2026/08/05 19:18:42 INFO  : transcricoes/20260730_121656_Clip_10.txt: Copied (new)
2026/08/05 19:18:42 INFO  : transcricoes/20260730_161444_Clip_14.txt: Copied (new)
2026/08/05 19:18:42 INFO  : transcricoes/20260730_153540_Clip_12.txt: Copied (new)
2026/08/05 19:18:43 INFO  : transcricoes/20260730_124136_Clip_11.txt: Copied (new)
2026/08/05 19:18:43 INFO  : transcricoes/20260730_161421_Clip_13.txt: Copied (new)
2026/08/05 19:18:43 INFO  : transcricoes/20260730_161608_Clip_15.txt: Copied (new)
2026/08/05 19:18:43 INFO  : transcricoes/20260730_161745_Clip_16.txt: Copied (new)
2026/08/05 19:18:43 INFO  : transcricoes/20260730_173729_Clip_17.txt: Copied (new)
2026/08/05 19:18:44 INFO  : transcricoes/20260730_174252_Clip_18.txt: Copied (new)
2026/08/05 19:18:44 INFO  : transcricoes/20260730_181600_Clip_20.txt: Copied (new)
2026/08/05 19:18:44 INFO  : transcricoes/20260730_181326_Clip_19.txt: Copied (new)
2026/08/05 19:18:44 INFO  : transcricoes/20260730_190353_Clip_22.txt: Copied (new)
2026/08/05 19:18:44 INFO  : transcricoes/20260730_185054_Clip_21.txt: Copied (new)
2026/08/05 19:18:44 INFO  : transcricoes/20260730_200527_Clip_1.txt: Copied (new)
2026/08/05 19:18:44 INFO  : transcricoes/20260731_105359_Clip_1.txt: Copied (new)
2026/08/05 19:18:45 INFO  : transcricoes/20260731_113647_Clip_2.txt: Copied (new)
2026/08/05 19:18:45 INFO  : transcricoes/20260731_114626_Clip_3.txt: Copied (new)
2026/08/05 19:18:46 INFO  : transcricoes/20260731_115433_Clip_4.txt: Copied (new)
2026/08/05 19:18:46 INFO  : transcricoes/20260731_115521_Clip_5.txt: Copied (new)
2026/08/05 19:18:46 INFO  : transcricoes/20260801_103812_Clip_3.txt: Copied (new)
2026/08/05 19:18:46 INFO  : transcricoes/20260801_103634_Clip_2.txt: Copied (new)
2026/08/05 19:18:46 INFO  : transcricoes/20260731_115746_Clip_6.txt: Copied (new)
2026/08/05 19:18:46 INFO  : transcricoes/20260801_104451_Clip_4.txt: Copied (new)
2026/08/05 19:18:46 INFO  : transcricoes/20260801_104536_Clip_5.txt: Copied (new)
2026/08/05 19:18:47 INFO  : transcricoes/20260801_105811_Clip_6.txt: Copied (new)
2026/08/05 19:18:47 INFO  : transcricoes/20260801_110835_Clip_7.txt: Copied (new)
2026/08/05 19:18:47 INFO  : transcricoes/20260801_114641_Clip_8.txt: Copied (new)
2026/08/05 19:18:47 INFO  : transcricoes/20260801_115624_Clip_10.txt: Copied (new)
2026/08/05 19:18:48 INFO  : transcricoes/20260801_115025_Clip_9.txt: Copied (new)
2026/08/05 19:18:48 INFO  : transcricoes/20260801_120725_Clip_11.txt: Copied (new)
2026/08/05 19:18:48 INFO  : transcricoes/20260801_121237_Clip_13.txt: Copied (new)
2026/08/05 19:18:48 INFO  : transcricoes/20260801_120852_Clip_12.txt: Copied (new)
2026/08/05 19:18:49 INFO  : transcricoes/20260801_123113_Clip_2.txt: Copied (new)
2026/08/05 19:18:49 INFO  : transcricoes/20260801_140253_Clip_3.txt: Copied (new)
2026/08/05 19:18:49 INFO  : transcricoes/20260801_140446_Clip_4.txt: Copied (new)
2026/08/05 19:18:49 INFO  : transcricoes/20260801_142120_Clip_1.txt: Copied (new)
2026/08/05 19:18:49 INFO  : transcricoes/20260801_231624_Clip_1.txt: Copied (new)
2026/08/05 19:18:50 INFO  : transcricoes/20260802_094031_Clip_2.txt: Copied (new)
2026/08/05 19:18:50 INFO  : transcricoes/20260802_095414_Clip_3.txt: Copied (new)
2026/08/05 19:18:50 INFO  : transcricoes/20260802_095914_Clip_4.txt: Copied (new)
2026/08/05 19:18:50 INFO  : transcricoes/20260803_054933_Clip_1.txt: Copied (new)
2026/08/05 19:18:51 INFO  : transcricoes/20260803_065549_Clip_2.txt: Copied (new)
2026/08/05 19:18:51 INFO  : transcricoes/20260803_075448_Clip_3.txt: Copied (new)
2026/08/05 19:18:51 INFO  : transcricoes/20260803_082531_Clip_4.txt: Copied (new)
2026/08/05 19:18:51 INFO  : transcricoes/20260803_084601_Clip_5.txt: Copied (new)
2026/08/05 19:18:51 INFO  : transcricoes/20260803_085252_Clip_6.txt: Copied (new)
2026/08/05 19:18:51 INFO  : transcricoes/20260803_144202_Clip_7.txt: Copied (new)
2026/08/05 19:18:52 INFO  : transcricoes/20260803_144319_Clip_8.txt: Copied (new)
2026/08/05 19:18:52 INFO  : transcricoes/20260803_160021_Clip_9.txt: Copied (new)
2026/08/05 19:18:52 INFO  : transcricoes/20260803_160124_Clip_10.txt: Copied (new)
2026/08/05 19:18:52 INFO  : transcricoes/20260803_161144_Clip_12.txt: Copied (new)
2026/08/05 19:18:53 INFO  : transcricoes/20260803_161421_Clip_13.txt: Copied (new)
2026/08/05 19:18:53 INFO  : transcricoes/20260803_160148_Clip_11.txt: Copied (new)
2026/08/05 19:18:53 INFO  : transcricoes/20260803_161624_Clip_14.txt: Copied (new)
2026/08/05 19:18:53 INFO  : transcricoes/20260803_170341_Clip_15.txt: Copied (new)
2026/08/05 19:18:53 INFO  : transcricoes/20260803_171212_Clip_16.txt: Copied (new)
2026/08/05 19:18:54 INFO  : transcricoes/20260803_172157_Clip_17.txt: Copied (new)
2026/08/05 19:18:54 INFO  : transcricoes/20260803_172225_Clip_18.txt: Copied (new)
2026/08/05 19:18:54 INFO  : transcricoes/20260804_104056_Clip_1.txt: Copied (new)
2026/08/05 19:18:54 INFO  : transcricoes/20260804_123139_Clip_3.txt: Copied (new)
2026/08/05 19:18:54 INFO  : transcricoes/20260804_113855_Clip_2.txt: Copied (new)
2026/08/05 19:18:55 INFO  : transcricoes/20260804_124854_Clip_4.txt: Copied (new)
2026/08/05 19:18:55 INFO  : transcricoes/20260804_140615_Clip_5.txt: Copied (new)
2026/08/05 19:18:55 INFO  : transcricoes/20260804_140718_Clip_6.txt: Copied (new)
2026/08/05 19:18:55 INFO  : transcricoes/20260804_143000_Clip_7.txt: Copied (new)
2026/08/05 19:18:56 INFO  : transcricoes/20260804_143435_Clip_9.txt: Copied (new)
2026/08/05 19:18:56 INFO  : transcricoes/20260804_143334_Clip_8.txt: Copied (new)
2026/08/05 19:18:56 INFO  : transcricoes/20260804_150128_Clip_11.txt: Copied (new)
2026/08/05 19:18:56 INFO  : transcricoes/20260804_144821_Clip_10.txt: Copied (new)
2026/08/05 19:18:56 INFO  : transcricoes/20260804_150511_Clip_12.txt: Copied (new)
2026/08/05 19:18:56 INFO  : transcricoes/20260804_151448_Clip_13.txt: Copied (new)
2026/08/05 19:18:57 INFO  : transcricoes/20260804_151827_Clip_14.txt: Copied (new)
2026/08/05 19:18:57 INFO  : transcricoes/20260804_223344_Clip_1.txt: Copied (new)
2026/08/05 19:18:57 INFO  : transcricoes/20260804_231227_Clip_3.txt: Copied (new)
2026/08/05 19:18:57 INFO  : transcricoes/20260804_231403_Clip_4.txt: Copied (new)
2026/08/05 19:18:57 INFO  : transcricoes/20260804_224653_Clip_2.txt: Copied (new)
2026/08/05 19:18:58 INFO  : transcricoes/20260804_232757_Clip_5.txt: Copied (new)
2026/08/05 19:18:58 INFO  : transcricoes/20260804_233446_Clip_6.txt: Copied (new)
2026/08/05 19:18:58 INFO  : transcricoes/20260804_235836_Clip_7.txt: Copied (new)
2026/08/05 19:18:58 INFO  : transcricoes/20260805_000159_Clip_8.txt: Copied (new)
2026/08/05 19:18:59 INFO  : transcricoes/20260805_000914_Clip_10.txt: Copied (new)
2026/08/05 19:18:59 INFO  : transcricoes/20260805_000314_Clip_9.txt: Copied (new)
2026/08/05 19:18:59 INFO  : transcricoes/20260805_005155_Clip_11.txt: Copied (new)
2026/08/05 19:18:59 INFO  : transcricoes/20260805_005248_Clip_12.txt: Copied (new)
2026/08/05 19:18:59 INFO  : transcricoes/20260805_005349_Clip_13.txt: Copied (new)
2026/08/05 19:18:59 INFO  : transcricoes/20260805_010044_Clip_14.txt: Copied (new)
2026/08/05 19:19:00 INFO  : transcricoes/20260805_010447_Clip_15.txt: Copied (new)
2026/08/05 19:19:00 INFO  : transcricoes/20260805_010557_Clip_16.txt: Copied (new)
2026/08/05 19:19:00 INFO  : transcricoes/20260805_010809_Clip_17.txt: Copied (new)
2026/08/05 19:19:01 INFO  : transcricoes/20260805_010932_Clip_18.txt: Copied (new)
2026/08/05 19:19:01 INFO  : transcricoes/20260805_011053_Clip_19.txt: Copied (new)
2026/08/05 19:19:01 INFO  : transcricoes/20260805_012318_Clip_20.txt: Copied (new)
2026/08/05 19:19:01 INFO  : transcricoes/20260805_095818_Clip_2.txt: Copied (new)
2026/08/05 19:19:02 INFO  : transcricoes/20260805_104145_Clip_4.txt: Copied (new)
2026/08/05 19:19:03 INFO  : transcricoes/20260805_104506_Clip_7.txt: Copied (new)
2026/08/05 19:19:09 INFO  :   931.258 KiB / 8.609 MiB, 11%, 2.638 KiB/s, ETA 49m48s (xfr#890/940)
2026/08/05 19:19:12 INFO  : transcricoes/20260805_105753_Clip_9.txt: Copied (new)
2026/08/05 19:19:30 INFO  : transcricoes/20260805_104326_Clip_6.txt: Copied (new)
2026/08/05 19:19:31 INFO  : transcricoes/20260805_123830_Clip_12.txt: Copied (new)
2026/08/05 19:19:32 INFO  : transcricoes/20260805_105215_Clip_8.txt: Copied (new)
2026/08/05 19:19:32 INFO  : transcricoes/20260805_103510_Clip_3.txt: Copied (new)
2026/08/05 19:19:32 INFO  : transcricoes/20260805_020023_Clip_21.txt: Copied (new)
2026/08/05 19:19:32 INFO  : transcricoes/20260805_104311_Clip_5.txt: Copied (new)
2026/08/05 19:19:32 INFO  : transcricoes/20260805_020146_Clip_1.txt: Copied (new)
2026/08/05 19:19:32 INFO  : transcricoes/20260805_111044_Clip_10.txt: Copied (new)
2026/08/05 19:19:32 INFO  : transcricoes/20260805_111144_Clip_11.txt: Copied (new)
2026/08/05 19:19:33 INFO  : transcricoes/20260805_132738_Clip_16.txt: Copied (new)
2026/08/05 19:19:33 INFO  : transcricoes/20260805_124229_Clip_14.txt: Copied (new)
2026/08/05 19:19:33 INFO  : transcricoes/20260805_133035_Clip_17.txt: Copied (new)
2026/08/05 19:19:33 INFO  : transcricoes/20260805_132540_Clip_15.txt: Copied (new)
2026/08/05 19:19:33 INFO  : transcricoes/20260805_133532_Clip_19.txt: Copied (new)
2026/08/05 19:19:34 INFO  : transcricoes/20260805_124010_Clip_13.txt: Copied (new)
2026/08/05 19:19:34 INFO  : transcricoes/20260805_134017_Clip_20.txt: Copied (new)
2026/08/05 19:19:35 INFO  : transcricoes/20260805_134703_Clip_21.txt: Copied (new)
2026/08/05 19:19:35 INFO  : transcricoes/20260805_135246_Clip_23.txt: Copied (new)
2026/08/05 19:19:35 INFO  : transcricoes/20260805_133452_Clip_18.txt: Copied (new)
2026/08/05 19:19:35 INFO  : transcricoes/20260805_141800_Clip_25.txt: Copied (new)
2026/08/05 19:19:35 INFO  : transcricoes/20260805_143338_Clip_27.txt: Copied (new)
2026/08/05 19:19:36 INFO  : transcricoes/20260805_142226_Clip_26.txt: Copied (new)
2026/08/05 19:19:36 INFO  : transcricoes/20260805_135118_Clip_22.txt: Copied (new)
2026/08/05 19:19:36 INFO  : transcricoes/20260805_143528_Clip_28.txt: Copied (new)
2026/08/05 19:19:36 INFO  : transcricoes/20260805_143613_Clip_29.txt: Copied (new)
2026/08/05 19:19:37 INFO  : transcricoes/20260805_135447_Clip_24.txt: Copied (new)
2026/08/05 19:19:37 INFO  : transcricoes/20260805_175612_Clip_30.txt: Copied (new)
2026/08/05 19:19:37 INFO  : transcricoes/20260805_182446_Clip_31.txt: Copied (new)
2026/08/05 19:19:37 INFO  : transcricoes/20260805_182857_Clip_1.txt: Copied (new)
2026/08/05 19:19:37 INFO  : transcricoes/20260805_182525_Clip_32.txt: Copied (new)
2026/08/05 19:19:38 INFO  : transcricoes/20260805_182919_Clip_2.txt: Copied (new)
2026/08/05 19:19:38 INFO  : transcricoes/20260805_190151_Clip_4.txt: Copied (new)
2026/08/05 19:19:38 INFO  : transcricoes/index.jsonl: Copied (new)
2026/08/05 19:19:39 INFO  : audios_processados/Clip 9_20260726_144227: Copied (new)
2026/08/05 19:19:39 INFO  : transcricoes/20260805_190056_Clip_3.txt: Copied (new)
2026/08/05 19:19:39 INFO  : audios_processados/Clip 9_20260727_151751: Copied (new)
2026/08/05 19:19:39 INFO  : audios_processados/Clip 9_20260726_125246: Copied (new)
2026/08/05 19:19:39 INFO  : audios_processados/Clip 9_20260726_155113: Copied (new)
2026/08/05 19:19:40 INFO  : audios_processados/Clip 9_20260728_114021: Copied (new)
2026/08/05 19:19:40 INFO  : audios_processados/Clip 9_20260729_123740: Copied (new)
2026/08/05 19:19:40 INFO  : audios_processados/Clip 9_20260730_114416: Copied (new)
2026/08/05 19:19:40 INFO  : audios_processados/Clip 9_20260801_115025: Copied (new)
2026/08/05 19:19:41 INFO  : audios_processados/Clip 9_20260803_160021: Copied (new)
2026/08/05 19:19:41 INFO  : audios_processados/Clip 9_20260805_000314: Copied (new)
2026/08/05 19:19:41 INFO  : audios_processados/Clip 9_20260804_143435: Copied (new)
2026/08/05 19:19:42 INFO  : audios_processados/Clip 9_20260805_105753: Copied (new)
2026/08/05 19:19:42 INFO  : audios_processados/Gravacao_Codex_20260628_114616_corrupt_header.wav: Copied (new)
2026/08/05 19:19:42 INFO  : audios_processados/Gravacao_Codex_20260628_114616_fixed.wav: Copied (new)
2026/08/05 19:19:42 INFO  : audios_processados/Gravacao_Codex_20260628_114802.wav: Copied (new)
2026/08/05 19:19:42 INFO  : audios_processados: Set directory modification time (using SetModTime)
2026/08/05 19:19:43 INFO  : transcricoes: Set directory modification time (using DirSetModTime)
2026/08/05 19:19:43 INFO  :     8.619 MiB / 8.619 MiB, 100%, 428.341 KiB/s, ETA 0s
