2026/08/08 09:23:33 INFO  : add_download_button.py: Copied (new)
2026/08/08 09:23:33 INFO  : agendar_programacao_noite.py: Copied (new)
2026/08/08 09:23:33 INFO  : add_thematic_crons.py: Copied (new)
2026/08/08 09:23:33 INFO  : aggregate_historical_solar.py: Copied (new)
2026/08/08 09:23:33 INFO  : RESUMO_SESSAO_GRAVADO.md: Copied (new)
2026/08/08 09:23:34 INFO  : alckmin_audio.mp3: Copied (new)
2026/08/08 09:23:34 INFO  : alcides_fernandes_cropped.jpg: Copied (new)
2026/08/08 09:23:34 INFO  : alckmin_featured.jpg: Copied (new)
2026/08/08 09:23:35 INFO  : alckmin_tweet_info.txt: Copied (new)
2026/08/08 09:23:35 INFO  : alckmin_wp_info.txt: Copied (new)
2026/08/08 09:23:35 INFO  : analisa_mic.py: Copied (new)
2026/08/08 09:23:35 INFO  : alexandre_kalil_2009.jpg: Copied (new)
2026/08/08 09:23:35 INFO  : alexandre_kalil.png: Copied (new)
2026/08/08 09:23:36 INFO  : analisa_mic2.py: Copied (new)
2026/08/08 09:23:36 INFO  : analisar_votos_lula_2022.py: Copied (new)
2026/08/08 09:23:36 INFO  : alexandre_kalil_cropped.png: Copied (new)
2026/08/08 09:23:37 INFO  : analise_comexstat_julho_2026.md: Copied (new)
2026/08/08 09:23:37 INFO  : analise_detalhada_rj_2022.py: Copied (new)
2026/08/08 09:23:37 INFO  : analyze_argentina_trade_50m.py: Copied (new)
2026/08/08 09:23:37 INFO  : analyze_all_comex.py: Copied (new)
2026/08/08 09:23:37 INFO  : analyze_gsn_posts.py: Copied (new)
2026/08/08 09:23:37 INFO  : analyze_post_261555.py: Copied (new)
2026/08/08 09:23:37 INFO  : analyze_korea_data.py: Copied (new)
2026/08/08 09:23:37 INFO  : analyze_post_261555_sentences.py: Copied (new)
2026/08/08 09:23:38 INFO  : analyze_post_368706_content.py: Copied (new)
2026/08/08 09:23:38 INFO  : analyze_products_detail.py: Copied (new)
2026/08/08 09:23:39 INFO  : analyze_sentences.py: Copied (new)
2026/08/08 09:23:39 INFO  : apply_exact_user_model_names.py: Copied (new)
2026/08/08 09:23:39 INFO  : apply_second_fixes.py: Copied (new)
2026/08/08 09:23:39 INFO  : argentina_trade_50m_analysis.json: Copied (new)
2026/08/08 09:23:39 INFO  : apply_user_updates.py: Copied (new)
2026/08/08 09:23:39 INFO  : artigo_petroleo_cafezinho_sem_markdown_tags.md: Copied (new)
2026/08/08 09:23:40 INFO  : artigo_petroleo_completo.md: Copied (new)
2026/08/08 09:23:40 INFO  : artigo_petroleo_definitivo.md: Copied (new)
2026/08/08 09:23:40 INFO  : atualizar_agricultura_familiar.py: Copied (new)
2026/08/08 09:23:41 INFO  : atualizar_conteudo_sprint.py: Copied (new)
2026/08/08 09:23:41 INFO  : atualizar_grafico_dual.py: Copied (new)
2026/08/08 09:23:41 INFO  : atualizar_materia_milei_wp.py: Copied (new)
2026/08/08 09:23:41 INFO  : atualizar_rascunho_expandido.py: Copied (new)
2026/08/08 09:23:41 INFO  : atualizar_post_milei.py: Copied (new)
2026/08/08 09:23:42 INFO  : audit_nohome_scores_20260721.py: Copied (new)
2026/08/08 09:23:42 INFO  : audit_results.json: Copied (new)
2026/08/08 09:23:42 INFO  : audit_results_complete.json: Copied (new)
2026/08/08 09:23:42 INFO  : audit_thematic_sites.py: Copied (new)
2026/08/08 09:23:42 INFO  : backup_livro_diario.py: Copied (new)
2026/08/08 09:23:42 INFO  : backup_reforma_local.log: Copied (new)
2026/08/08 09:23:42 INFO  : backup_reforma_local.sh: Copied (new)
2026/08/08 09:23:43 INFO  : baixar_imagem.py: Copied (new)
2026/08/08 09:23:44 INFO  : baleia_azul_20260715.html: Copied (new)
2026/08/08 09:23:44 INFO  : beef_chart_final.json: Copied (new)
2026/08/08 09:23:44 INFO  : beef_china_20years.json: Copied (new)
2026/08/08 09:23:44 INFO  : beef_china_chart_data.json: Copied (new)
2026/08/08 09:23:44 INFO  : beef_exports_china_20years.json: Copied (new)
2026/08/08 09:23:44 INFO  : br_arg_usa_monthly.csv: Copied (new)
2026/08/08 09:23:44 INFO  : brazil_12m_clean.json: Copied (new)
2026/08/08 09:23:44 INFO  : brazil_12m_comex_summary.json: Copied (new)
2026/08/08 09:23:45 INFO  : buscar_midia.py: Copied (new)
2026/08/08 09:23:45 INFO  : build_comex_full_report.py: Copied (new)
2026/08/08 09:23:45 INFO  : cafezinho_post_261490.json: Copied (new)
2026/08/08 09:23:46 INFO  : calc_12m_trade.py: Copied (new)
2026/08/08 09:23:46 INFO  : cand_brazil_01.jpg: Copied (new)
2026/08/08 09:23:46 INFO  : cand_brazil_02.jpg: Copied (new)
2026/08/08 09:23:47 INFO  : cand_brazil_03.jpg: Copied (new)
2026/08/08 09:23:47 INFO  : cand_brazil_04.jpg: Copied (new)
2026/08/08 09:23:48 INFO  : cand_brazil_06.jpg: Copied (new)
2026/08/08 09:23:48 INFO  : cand_brazil_05.jpg: Copied (new)
2026/08/08 09:23:48 INFO  : cand_brazil_07.jpg: Copied (new)
2026/08/08 09:23:48 INFO  : cand_brazil_08.jpg: Copied (new)
2026/08/08 09:23:48 INFO  : carmen_lucia_info.json: Copied (new)
2026/08/08 09:23:48 INFO  : carmen_lucia_transcript.txt: Copied (new)
2026/08/08 09:23:49 INFO  : carmen_lucia_yt.pt.vtt: Copied (new)
2026/08/08 09:23:49 INFO  : carmen_lucia_dec2024.jpg: Copied (new)
2026/08/08 09:23:49 INFO  : ceara_fev26.txt: Copied (new)
2026/08/08 09:23:50 INFO  : ceara_fev26_4.txt: Copied (new)
2026/08/08 09:23:50 INFO  : check_comex_qty.py: Copied (new)
2026/08/08 09:23:50 INFO  : check_cafezinho_post_261490.py: Copied (new)
2026/08/08 09:23:50 INFO  : carnes_ibge_featured.png: Copied (new)
2026/08/08 09:23:50 INFO  : check_current_wp_post.py: Copied (new)
2026/08/08 09:23:50 INFO  : check_final_link.py.bak_pre_sanitize_forum_20260721: Copied (new)
2026/08/08 09:23:51 INFO  : check_final_link.py: Copied (new)
2026/08/08 09:23:51 INFO  : check_forum_ajax_368706.py.bak_pre_sanitize_forum_20260721: Copied (new)
2026/08/08 09:23:51 INFO  : check_forum_ajax_368706.py: Copied (new)
2026/08/08 09:23:51 INFO  : check_forum_post.py: Copied (new)
2026/08/08 09:23:52 INFO  : check_forum_post_368704.py.bak_pre_sanitize_forum_20260721: Copied (new)
2026/08/08 09:23:52 INFO  : check_forum_post.py.bak_pre_sanitize_forum_20260721: Copied (new)
2026/08/08 09:23:52 INFO  : check_forum_post_368704.py: Copied (new)
2026/08/08 09:23:52 INFO  : check_images.py: Copied (new)
2026/08/08 09:23:52 INFO  : check_inline_images.py: Copied (new)
2026/08/08 09:23:53 INFO  : check_latest_months.py: Copied (new)
2026/08/08 09:23:53 INFO  : check_nohome_cleaner_remote_20260721.py: Copied (new)
2026/08/08 09:23:53 INFO  : check_post_link.py: Copied (new)
2026/08/08 09:23:53 INFO  : check_sites_status.py: Copied (new)
2026/08/08 09:23:53 INFO  : check_status_of_sprint.py: Copied (new)
2026/08/08 09:23:53 INFO  : check_wp_cats.py: Copied (new)
2026/08/08 09:23:54 INFO  : check_traore_images.py: Copied (new)
2026/08/08 09:23:54 INFO  : check_wp_cats_tags.py: Copied (new)
2026/08/08 09:23:54 INFO  : check_wp_post_details.py: Copied (new)
2026/08/08 09:23:55 INFO  : clean_and_update_forum_post_368706.py.bak_pre_sanitize_forum_20260721: Copied (new)
2026/08/08 09:23:55 INFO  : clean_and_update_forum_post_368706.py: Copied (new)
2026/08/08 09:23:55 INFO  : clean_regex.py: Copied (new)
2026/08/08 09:23:55 INFO  : clean_post_content_exact.py: Copied (new)
2026/08/08 09:23:55 INFO  : coletar_audiencia_baleia.py.bak_pre_humanizacao_20260806: Copied (new)
2026/08/08 09:23:55 INFO  : coletar_audiencia_baleia.py: Copied (new)
2026/08/08 09:23:56 INFO  : coletar_auditor_titulos_baleia.py: Copied (new)
2026/08/08 09:23:56 INFO  : coletar_disco_tematicos_baleia.py: Copied (new)
2026/08/08 09:23:56 INFO  : coletar_saude_baleia_azul.py.bak_pre_proporcao_20260719_1600: Copied (new)
2026/08/08 09:23:56 INFO  : coletar_saude_baleia_azul.py.bak_pre_humanizacao_20260806: Copied (new)
2026/08/08 09:23:57 INFO  : coletar_saude_baleia_azul.py: Copied (new)
2026/08/08 09:23:57 INFO  : coletar_sinal_google_baleia.py.bak_pre_humanizacao_20260806: Copied (new)
2026/08/08 09:23:57 INFO  : coletar_sinal_google_baleia.py: Copied (new)
2026/08/08 09:23:57 INFO  : coletar_tse_lula_rj_2022.py: Copied (new)
2026/08/08 09:23:57 INFO  : collect_oil_data.py: Copied (new)
2026/08/08 09:23:58 INFO  : comex_12m_consolidated.json: Copied (new)
2026/08/08 09:23:58 INFO  : comex_exports_country_raw.json: Copied (new)
2026/08/08 09:23:59 INFO  : comex_sectors_raw.json: Copied (new)
2026/08/08 09:23:59 INFO  : comex_exp_country_all.json: Copied (new)
2026/08/08 09:24:00 INFO  : comex_imp_country_all.json: Copied (new)
2026/08/08 09:24:00 INFO  : comex_tariffed_ncms_raw.json: Copied (new)
2026/08/08 09:24:00 INFO  : comex_tariffed_products_raw.json: Copied (new)
2026/08/08 09:24:01 INFO  : convert_link_to_html.py.bak_pre_sanitize_forum_20260721: Copied (new)
2026/08/08 09:24:01 INFO  : compute_12m_accumulated.py: Copied (new)
2026/08/08 09:24:03 INFO  : create_axel_wp_draft.py: Copied (new)
2026/08/08 09:24:30 INFO  :   120.270 MiB / 487.879 MiB, 25%, 2.230 MiB/s, ETA 2m44s (xfr#122/1210)
2026/08/08 09:24:31 INFO  : corrigir_post_260987.py: Copied (new)
2026/08/08 09:24:33 INFO  : criar_novo_post_dois_graficos.py: Copied (new)
2026/08/08 09:24:35 INFO  : crontab_backup_pre_vigilia_20260807.txt: Copied (new)
2026/08/08 09:24:36 INFO  : corpo_materia_gasolina_trump.html: Copied (new)
2026/08/08 09:24:36 INFO  : convert_link_to_html.py: Copied (new)
2026/08/08 09:24:36 INFO  : created_post_info.json: Copied (new)
2026/08/08 09:24:38 INFO  : debug_comex.py: Copied (new)
2026/08/08 09:24:38 INFO  : current_post_content.html: Copied (new)
2026/08/08 09:24:38 INFO  : current_post_263725.json: Copied (new)
2026/08/08 09:24:39 INFO  : crop_kalil.py: Copied (new)
2026/08/08 09:24:40 INFO  : deploy_gold_standard_368706.py.bak_pre_sanitize_forum_20260721: Copied (new)
2026/08/08 09:24:41 INFO  : deploy_editorial_tarifas.py: Copied (new)
2026/08/08 09:24:41 INFO  : create_cid_gomes_draft.py: Copied (new)
2026/08/08 09:24:42 INFO  : deploy_kimi3_sputnik_draft.py: Copied (new)
2026/08/08 09:24:42 INFO  : deploy_gold_standard_368706.py: Copied (new)
2026/08/08 09:24:43 INFO  : deploy_korea_editorial_draft.py: Copied (new)
2026/08/08 09:24:43 INFO  : deploy_lula_milei_draft.py: Copied (new)
2026/08/08 09:24:44 INFO  : deploy_trump_canada_afta_draft.py: Copied (new)
2026/08/08 09:24:45 INFO  : download_alcides.py: Copied (new)
2026/08/08 09:24:45 INFO  : destacada_lula_flavio_alfa.jpg: Copied (new)
2026/08/08 09:24:45 INFO  : download_and_process_ember.py: Copied (new)
2026/08/08 09:24:46 INFO  : download_kalil.py: Copied (new)
2026/08/08 09:24:47 INFO  : download_kalil_2009.py: Copied (new)
2026/08/08 09:24:48 INFO  : download_kalil_cropped.py: Copied (new)
2026/08/08 09:24:48 INFO  : download_reports.py: Copied (new)
2026/08/08 09:24:48 INFO  : destacada_lula_flavio_flickr.jpg: Copied (new)
2026/08/08 09:24:49 INFO  : editorial_xi_jinping_novo.md: Copied (new)
2026/08/08 09:24:50 INFO  : eia_energy_matrix_data.json: Copied (new)
2026/08/08 09:24:50 INFO  : editorializar_sprint.py: Copied (new)
2026/08/08 09:24:51 INFO  : enviar_baleia_azul_v2.sh.bak_pre_destinatarios_gabriel_20260806: Copied (new)
2026/08/08 09:24:52 INFO  : enviar_baleia_azul_v2.sh.bak_pre_disco_tematicos_20260807: Copied (new)
2026/08/08 09:24:52 INFO  : enviar_baleia_azul_v2.sh.bak_pre_kimi_editor_20260807: Copied (new)
2026/08/08 09:24:52 INFO  : enviar_baleia_azul_v2.sh.bak_pre_humanizacao_20260806: Copied (new)
2026/08/08 09:24:53 INFO  : enviar_baleia_azul_v2.sh.bak_pre_melhorias_20260806: Copied (new)
2026/08/08 09:24:54 INFO  : enviar_baleia_azul_v2.sh.bak_pre_nyc_20260710_190740: Copied (new)
2026/08/08 09:24:55 INFO  : enviar_baleia_azul_v2.sh.bak_pre_scp_fix_20260719_1540: Copied (new)
2026/08/08 09:24:55 INFO  : enviar_baleia_azul_v2.sh: Copied (new)
2026/08/08 09:24:56 INFO  : enxugar_draft_ceara.py: Copied (new)
2026/08/08 09:24:57 INFO  : enviar_boletim_custos.sh: Copied (new)
2026/08/08 09:24:57 INFO  : exact_meat_comex_summary.json: Copied (new)
2026/08/08 09:24:58 INFO  : exact_video_transcript.txt: Copied (new)
2026/08/08 09:24:59 INFO  : executar_agendamento_noite.py: Copied (new)
2026/08/08 09:24:59 INFO  : execute_mg_editorial_pipeline.py: Copied (new)
2026/08/08 09:24:59 INFO  : execute_editorial_pipeline.py: Copied (new)
2026/08/08 09:25:01 INFO  : elmano.jpg: Copied (new)
2026/08/08 09:25:01 INFO  : explore_ncms.py: Copied (new)
2026/08/08 09:25:02 INFO  : export_full_table.py: Copied (new)
2026/08/08 09:25:02 INFO  : exp_mensual.csv: Copied (new)
2026/08/08 09:25:28 INFO  : extract_user_request.py: Copied (new)
2026/08/08 09:25:29 INFO  : fetch_10year_comex_solar.py: Copied (new)
2026/08/08 09:25:30 INFO  : fast_macro_fetch.py: Copied (new)
2026/08/08 09:25:30 INFO  : extract_all_3_polls.py: Copied (new)
2026/08/08 09:25:30 INFO  :   124.500 MiB / 488.738 MiB, 25%, 100.065 KiB/s, ETA 1h2m7s (xfr#174/1210)
2026/08/08 09:25:30 INFO  : fetch_all_beef_china_periods.py: Copied (new)
2026/08/08 09:25:32 INFO  : fetch_all_solar_imports.py: Copied (new)
2026/08/08 09:25:32 INFO  : fetch_all_korea_trade_fast.py: Copied (new)
2026/08/08 09:25:32 INFO  : fetch_and_analyze_comex_full.py: Copied (new)
2026/08/08 09:25:33 INFO  : fetch_and_update_milei_post.py: Copied (new)
2026/08/08 09:25:34 INFO  : fetch_argentina_ckan.py: Copied (new)
2026/08/08 09:25:35 INFO  : exp_paises.csv: Copied (new)
2026/08/08 09:25:35 INFO  : fetch_beef_china_chart.py: Copied (new)
2026/08/08 09:25:35 INFO  : fetch_br_arg_products.py: Copied (new)
2026/08/08 09:25:36 INFO  : fetch_beef_ncm.py: Copied (new)
2026/08/08 09:25:37 INFO  : fetch_brazil_12m_by_month.py: Copied (new)
2026/08/08 09:25:37 INFO  : fetch_brazil_12m.py: Copied (new)
2026/08/08 09:25:37 INFO  : fetch_brazil_12m_fixed.py: Copied (new)
2026/08/08 09:25:37 INFO  : fetch_brazil_12m_clean.py: Copied (new)
2026/08/08 09:25:38 INFO  : fetch_brazil_12m_fixed2.py: Copied (new)
2026/08/08 09:25:39 INFO  : fetch_cafezinho_post_261490.py: Copied (new)
2026/08/08 09:25:39 INFO  : fetch_calendar_years.py: Copied (new)
2026/08/08 09:25:39 INFO  : fetch_cafezinho_link.py: Copied (new)
2026/08/08 09:25:40 INFO  : fetch_comex_brazil_argentina.py: Copied (new)
2026/08/08 09:25:41 INFO  : fetch_comex_exact_years.py: Copied (new)
2026/08/08 09:25:41 INFO  : fetch_comex_fast.py: Copied (new)
2026/08/08 09:25:41 INFO  : fetch_current_post.py: Copied (new)
2026/08/08 09:25:41 INFO  : fetch_comex_master.py: Copied (new)
2026/08/08 09:25:42 INFO  : fetch_eia_global_matrix.py: Copied (new)
2026/08/08 09:25:44 INFO  : fetch_historical_brazil_solar.py: Copied (new)
2026/08/08 09:25:44 INFO  : fetch_full_comex.py: Copied (new)
2026/08/08 09:25:44 INFO  : fetch_full_meat_analysis.py: Copied (new)
2026/08/08 09:25:44 INFO  : fetch_korea_brazil_data.py: Copied (new)
2026/08/08 09:25:44 INFO  : fetch_exact_meat_comex.py: Copied (new)
2026/08/08 09:25:46 INFO  : fetch_korea_products.py: Copied (new)
2026/08/08 09:25:46 INFO  : fetch_meat_data.py: Copied (new)
2026/08/08 09:25:46 INFO  : fetch_missing_2024.py: Copied (new)
2026/08/08 09:25:46 INFO  : fetch_original_post.py: Copied (new)
2026/08/08 09:25:46 INFO  : fetch_sector_data.py: Copied (new)
2026/08/08 09:25:48 INFO  : fetch_tariffed_clean.py: Copied (new)
2026/08/08 09:25:48 INFO  : fetch_tariffed_ncms.py: Copied (new)
2026/08/08 09:25:48 INFO  : fetch_tariffed_products_data.py: Copied (new)
2026/08/08 09:25:50 INFO  : fetch_transcripts.py: Copied (new)
2026/08/08 09:25:51 INFO  : fetch_tariffed_robust.py: Copied (new)
2026/08/08 09:25:51 INFO  : find_alcides_image.py: Copied (new)
2026/08/08 09:25:52 INFO  : find_alcides_img_tags.py: Copied (new)
2026/08/08 09:25:52 INFO  : find_alckmin_image.py: Copied (new)
2026/08/08 09:25:54 INFO  : find_keywords_in_original_post_261451.py: Copied (new)
2026/08/08 09:25:54 INFO  : find_full_newsletter_block.py: Copied (new)
2026/08/08 09:25:55 INFO  : find_media_kalil.py: Copied (new)
2026/08/08 09:25:55 INFO  : find_monthly_ica.py: Copied (new)
2026/08/08 09:25:57 INFO  : find_post.py: Copied (new)
2026/08/08 09:25:57 INFO  : find_categories_tags.py: Copied (new)
2026/08/08 09:25:58 INFO  : find_published_originally.py: Copied (new)
2026/08/08 09:25:58 INFO  : find_post_id_by_slug.py: Copied (new)
2026/08/08 09:25:58 INFO  : find_source_pautas.py: Copied (new)
2026/08/08 09:25:59 INFO  : fio_twitter_xi_jinping.txt: Copied (new)
2026/08/08 09:26:00 INFO  : fix_asterisks_and_add_price_comparison.py: Copied (new)
2026/08/08 09:26:00 INFO  : fix_brazilian_titling.py: Copied (new)
2026/08/08 09:26:00 INFO  : fix_capitalization.py: Copied (new)
2026/08/08 09:26:00 INFO  : fix_brizola_tags.py: Copied (new)
2026/08/08 09:26:02 INFO  : fix_controle_link.py.bak_pre_sanitize_forum_20260721: Copied (new)
2026/08/08 09:26:30 INFO  :   124.649 MiB / 488.776 MiB, 26%, 2.975 KiB/s, ETA 1d10h49m (xfr#231/1210)
2026/08/08 09:26:43 INFO  : fix_controle_link.py: Copied (new)
2026/08/08 09:26:45 INFO  : fix_js_syntax_error.py: Copied (new)
2026/08/08 09:26:47 INFO  : fix_lulista_16.py: Copied (new)
2026/08/08 09:26:48 INFO  : fix_personagem_meta.py: Copied (new)
2026/08/08 09:27:00 INFO  : fix_engine_name_bug.py: Copied (new)
2026/08/08 09:27:01 INFO  : fix_post19_photo.py: Copied (new)
2026/08/08 09:27:01 INFO  : fix_crontab_baleia.py: Copied (new)
2026/08/08 09:27:01 INFO  : fix_featured_media_and_content.py: Copied (new)
2026/08/08 09:27:01 INFO  : fix_dropdown_and_rendering.py: Copied (new)
2026/08/08 09:27:03 INFO  : fix_regex_escaping.py: Copied (new)
2026/08/08 09:27:30 INFO  :   124.990 MiB / 489.084 MiB, 26%, 4.146 KiB/s, ETA 1d58m51s (xfr#241/1210)
2026/08/08 09:27:56 INFO  : flavio_sat_55419348707.jpg: Copied (new)
2026/08/08 09:27:58 INFO  : flavio_sat_55419348917.jpg: Copied (new)
2026/08/08 09:28:00 INFO  : flavio_sat_55420315721.jpg: Copied (new)
2026/08/08 09:28:03 INFO  : flavio_sat_55420315786.jpg: Copied (new)
2026/08/08 09:28:30 INFO  :   126.190 MiB / 489.320 MiB, 26%, 10.813 KiB/s, ETA 9h33m5s (xfr#245/1210)
2026/08/08 09:28:43 INFO  : fix_studio_clean.py: Copied (new)
2026/08/08 09:28:46 INFO  : flavio_sat_55420496504.jpg: Copied (new)
2026/08/08 09:28:48 INFO  : flavio_sat_55420496729.jpg: Copied (new)
2026/08/08 09:28:50 INFO  : flavio_sat_55420715340.jpg: Copied (new)
2026/08/08 09:28:52 INFO  : forum_deployment_metadata.json: Copied (new)
2026/08/08 09:28:54 INFO  : forum_post_368706.json: Copied (new)
2026/08/08 09:28:55 INFO  : forum_post_368706_content.html: Copied (new)
2026/08/08 09:28:58 INFO  : frame_brazil_01.jpg: Copied (new)
2026/08/08 09:28:59 INFO  : fix_titling.py: Copied (new)
2026/08/08 09:28:59 INFO  : fix_root_and_routing.py: Copied (new)
2026/08/08 09:28:59 INFO  : fix_post_images.py: Copied (new)
2026/08/08 09:29:00 INFO  : flavio_sat_55420315976.jpg: Copied (new)
2026/08/08 09:29:00 INFO  : frame_brazil_02.jpg: Copied (new)
2026/08/08 09:29:02 INFO  : frame_brazil_05.jpg: Copied (new)
2026/08/08 09:29:02 INFO  : frame_brazil_04.jpg: Copied (new)
2026/08/08 09:29:30 INFO  :   128.970 MiB / 490.649 MiB, 26%, 27.736 KiB/s, ETA 3h42m32s (xfr#260/1210)
2026/08/08 09:29:44 INFO  : frame_brazil_03.jpg: Copied (new)
2026/08/08 09:29:46 INFO  : frame_brazil_07.jpg: Copied (new)
2026/08/08 09:29:46 INFO  : frame_brazil_06.jpg: Copied (new)
2026/08/08 09:29:46 INFO  : frame_brazil_08.jpg: Copied (new)
2026/08/08 09:29:47 INFO  : frame_brazil_10.jpg: Copied (new)
2026/08/08 09:29:47 INFO  : frame_brazil_09.jpg: Copied (new)
2026/08/08 09:29:49 INFO  : frame_brazil_11.jpg: Copied (new)
2026/08/08 09:29:49 INFO  : frame_brazil_12.jpg: Copied (new)
2026/08/08 09:29:50 INFO  : frame_brazil_14.jpg: Copied (new)
2026/08/08 09:29:51 INFO  : frame_brazil_15.jpg: Copied (new)
2026/08/08 09:29:51 INFO  : frame_brazil_13.jpg: Copied (new)
2026/08/08 09:29:53 INFO  : frame_brazil_16.jpg: Copied (new)
2026/08/08 09:29:53 INFO  : frame_brazil_17.jpg: Copied (new)
2026/08/08 09:29:54 INFO  : frame_brazil_19.jpg: Copied (new)
2026/08/08 09:29:54 INFO  : frame_brazil_18.jpg: Copied (new)
2026/08/08 09:29:55 INFO  : frame_brazil_20.jpg: Copied (new)
2026/08/08 09:29:56 INFO  : frame_brazil_21.jpg: Copied (new)
2026/08/08 09:29:57 INFO  : frame_brazil_22.jpg: Copied (new)
2026/08/08 09:29:58 INFO  : frame_brazil_23.jpg: Copied (new)
2026/08/08 09:29:59 INFO  : frame_brazil_25.jpg: Copied (new)
2026/08/08 09:29:59 INFO  : frame_brazil_26.jpg: Copied (new)
2026/08/08 09:29:59 INFO  : frame_brazil_24.jpg: Copied (new)
2026/08/08 09:30:00 INFO  : frame_brazil_27.jpg: Copied (new)
2026/08/08 09:30:01 INFO  : frame_brazil_28.jpg: Copied (new)
2026/08/08 09:30:01 INFO  : full_meat_analysis.json: Copied (new)
2026/08/08 09:30:02 INFO  : frame_brazil_29.jpg: Copied (new)
2026/08/08 09:30:03 INFO  : frame_brazil_30.jpg: Copied (new)
2026/08/08 09:30:30 INFO  :   131.305 MiB / 518.734 MiB, 25%, 13.683 KiB/s, ETA 8h3m13s (xfr#287/1210)
2026/08/08 09:30:41 INFO  : generate_fixed_chart.py: Copied (new)
2026/08/08 09:30:43 INFO  : generate_korea_charts.py: Copied (new)
2026/08/08 09:30:43 INFO  : generate_4_oil_charts.py: Copied (new)
2026/08/08 09:30:43 INFO  : generate_corrente_chart.py: Copied (new)
2026/08/08 09:30:43 INFO  : generate_all_6_charts.py: Copied (new)
2026/08/08 09:30:43 INFO  : generate_full_site.py: Copied (new)
2026/08/08 09:30:45 INFO  : generate_mg_chart.py: Copied (new)
2026/08/08 09:30:45 INFO  : generate_milei_trade_chart.py: Copied (new)
2026/08/08 09:30:45 INFO  : generate_oil_infographics.py: Copied (new)
2026/08/08 09:30:45 INFO  : generate_v7_site.py: Copied (new)
2026/08/08 09:30:46 INFO  : generate_v8_site.py: Copied (new)
2026/08/08 09:30:47 INFO  : gerar_card_instagram_elmano.py: Copied (new)
2026/08/08 09:30:47 INFO  : gerar_grafico_inflacao_carnes.py: Copied (new)
2026/08/08 09:30:47 INFO  : gerar_dois_graficos_solares.py: Copied (new)
2026/08/08 09:30:47 INFO  : gerar_grafico_solar_24meses_china_brasil.py: Copied (new)
2026/08/08 09:30:48 INFO  : gerar_graficos_acumulados_10anos.py: Copied (new)
2026/08/08 09:30:49 INFO  : gerar_graficos_carrossel_v2.py: Copied (new)
2026/08/08 09:30:49 INFO  : gerar_graficos_editoriais.py: Copied (new)
2026/08/08 09:30:49 INFO  : gerar_graficos_historicos.py: Copied (new)
2026/08/08 09:30:49 INFO  : gerar_graficos_ceara.py: Copied (new)
2026/08/08 09:30:50 INFO  : gerar_report_sprint.py: Copied (new)
2026/08/08 09:30:51 INFO  : get_and_upload_images.py: Copied (new)
2026/08/08 09:30:51 INFO  : gerar_report_sprint_v2.py: Copied (new)
2026/08/08 09:30:51 INFO  : get_or_create_tags.py: Copied (new)
2026/08/08 09:30:51 INFO  : get_media.py: Copied (new)
2026/08/08 09:30:52 INFO  : get_post.py: Copied (new)
2026/08/08 09:30:53 INFO  : get_related_links.py: Copied (new)
2026/08/08 09:30:55 INFO  : grafico1_historico_saldo_brasil.png: Copied (new)
2026/08/08 09:30:55 INFO  : grafico2_gasolina_ibge.png: Copied (new)
2026/08/08 09:30:55 INFO  : grafico3_eua_vs_brasil_choque.png: Copied (new)
2026/08/08 09:30:56 INFO  : grafico4_matriz_eia_2050.png: Copied (new)
2026/08/08 09:30:57 INFO  : grafico_1_corrente_brasil_coreia.png: Copied (new)
2026/08/08 09:30:58 INFO  : grafico_2_indicador_100_coreia_vs_eua.png: Copied (new)
2026/08/08 09:30:59 INFO  : grafico_3_produtos_exportados_coreia.png: Copied (new)
2026/08/08 09:31:00 INFO  : grafico_alimentacao_historico.png: Copied (new)
2026/08/08 09:31:00 INFO  : grafico_aprovacao_lula_milei_atlas.png: Copied (new)
2026/08/08 09:31:00 INFO  : grafico_banco_master_alfa.png: Copied (new)
2026/08/08 09:31:25 INFO  : grafico_comparativo_brasil_argentina.png: Copied (new)
2026/08/08 09:31:27 INFO  : grafico_faixa_etaria_alfa.png: Copied (new)
2026/08/08 09:31:30 INFO  :   163.424 MiB / 558.772 MiB, 29%, 269.861 KiB/s, ETA 25m (xfr#326/1210)
2026/08/08 09:31:33 INFO  : grafico_divida_variacao.png: Copied (new)
2026/08/08 09:31:34 INFO  : grafico_corrente_comercio_argentina_brasil_eua.png: Copied (new)
2026/08/08 09:31:35 INFO  : grafico_exportacoes_argentina_brasil_eua.png: Copied (new)
2026/08/08 09:31:35 INFO  : grafico_governo_ceara.png: Copied (new)
2026/08/08 09:31:35 INFO  : grafico_energia.png: Copied (new)
2026/08/08 09:31:36 INFO  : grafico_inflacao_comparativo.png: Copied (new)
2026/08/08 09:31:37 INFO  : grafico_inflacao_dual.png: Copied (new)
2026/08/08 09:31:37 INFO  : grafico_inflacao_geral.png: Copied (new)
2026/08/08 09:31:37 INFO  : grafico_lula_bolsonaro_cnn.jpg: Copied (new)
2026/08/08 09:31:38 INFO  : grafico_pib_comparativo.png: Copied (new)
2026/08/08 09:31:39 INFO  : grafico_picanha_historico.png: Copied (new)
2026/08/08 09:31:40 INFO  : grafico_presidente_ceara.png: Copied (new)
2026/08/08 09:31:40 INFO  : grafico_rejeicao_mg.png: Copied (new)
2026/08/08 09:31:41 INFO  : grafico_proteinas.png: Copied (new)
2026/08/08 09:31:42 INFO  : ig_card_ceara.jpg: Copied (new)
2026/08/08 09:31:44 INFO  : imp_mensual.csv: Copied (new)
2026/08/08 09:31:45 INFO  : guerra_ia_kimi_3.png: Copied (new)
2026/08/08 09:31:45 INFO  : ig_card_mayra.jpg: Copied (new)
2026/08/08 09:31:46 INFO  : imp_paises.csv: Copied (new)
2026/08/08 09:31:46 INFO  : ig_card_elmano_57.jpg: Copied (new)
2026/08/08 09:31:47 INFO  : implement_url_routing.py: Copied (new)
2026/08/08 09:31:48 INFO  : inspect_argentina_csvs.py: Copied (new)
2026/08/08 09:31:48 INFO  : inflacao_carnes_12meses.png: Copied (new)
2026/08/08 09:31:49 INFO  : infografico_balanca_brasil.png: Copied (new)
2026/08/08 09:31:49 INFO  : infografico_producao_consumo.png: Copied (new)
2026/08/08 09:31:50 INFO  : inspect_ceara_draft.py: Copied (new)
2026/08/08 09:31:50 INFO  : inspect_comex_raw.py: Copied (new)
2026/08/08 09:31:51 INFO  : inspect_original_post_261451.py: Copied (new)
2026/08/08 09:31:51 INFO  : inspect_paises_cols.py: Copied (new)
2026/08/08 09:31:51 INFO  : inspect_post.py: Copied (new)
2026/08/08 09:31:52 INFO  : inspect_post_261555.py: Copied (new)
2026/08/08 09:31:53 INFO  : inspect_traore_tag.py: Copied (new)
2026/08/08 09:31:55 INFO  : inspect_rendered.py: Copied (new)
2026/08/08 09:31:56 INFO  : korea_analysis_results.json: Copied (new)
2026/08/08 09:31:56 INFO  : kimi3_sputnik_moment.png: Copied (new)
2026/08/08 09:31:58 INFO  : kimi3_exact_video.en.vtt: Copied (new)
2026/08/08 09:31:58 INFO  : korea_sh4_clean.json: Copied (new)
2026/08/08 09:31:59 INFO  : korea_full_data.json: Copied (new)
2026/08/08 09:32:00 INFO  : korea_sh4_correct.json: Copied (new)
2026/08/08 09:32:28 INFO  : ler_materia.py: Copied (new)
2026/08/08 09:32:30 INFO  : korea_ncm_products.json: Copied (new)
2026/08/08 09:32:30 INFO  :   218.300 MiB / 601.710 MiB, 36%, 681.473 KiB/s, ETA 9m36s (xfr#367/1210)
2026/08/08 09:32:30 INFO  : lejeune_vermelho.jpg: Copied (new)
2026/08/08 09:32:30 INFO  : ler_post.py: Copied (new)
2026/08/08 09:32:30 INFO  : lejeune_sul21.jpg: Copied (new)
2026/08/08 09:32:31 INFO  : kimi3_transcript.en.vtt: Copied (new)
2026/08/08 09:32:32 INFO  : limpa_diario.sh: Copied (new)
2026/08/08 09:32:32 INFO  : list_hidden_files.py: Copied (new)
2026/08/08 09:32:32 INFO  : lowercase_tarifaco.py: Copied (new)
2026/08/08 09:32:32 INFO  : marca-grande-reforma.zip: Copied (new)
2026/08/08 09:32:34 INFO  : materia_trump_tarifas.html: Copied (new)
2026/08/08 09:32:34 INFO  : meat_export_summary.json: Copied (new)
2026/08/08 09:32:34 INFO  : mg_eleitorado_tse_2022_vs_2026.csv: Copied (new)
2026/08/08 09:32:34 INFO  : mg_quaest_dados_presidencial.csv: Copied (new)
2026/08/08 09:32:34 INFO  : mg_quaest_dados_governo_senado.csv: Copied (new)
2026/08/08 09:32:36 INFO  : mg_quaest_posicionamento_politico.csv: Copied (new)
2026/08/08 09:32:36 INFO  : migrar_forum_r2_cofre.py: Copied (new)
2026/08/08 09:32:37 INFO  : mg_quaest_rejeicao_independentes.csv: Copied (new)
2026/08/08 09:32:37 INFO  : migrate_assets_and_deploy_post.py.bak_pre_sanitize_forum_20260721: Copied (new)
2026/08/08 09:32:37 INFO  : migrate_assets_and_deploy_post.py: Copied (new)
2026/08/08 09:32:39 INFO  : ocr_result_parana.json: Copied (new)
2026/08/08 09:32:39 INFO  : ocr_result_para.json: Copied (new)
2026/08/08 09:32:40 INFO  : milei_flavio_55419562604.jpg: Copied (new)
2026/08/08 09:32:42 INFO  : ocr_result_rj.json: Copied (new)
2026/08/08 09:32:42 INFO  : oil_data_collected.json: Copied (new)
2026/08/08 09:32:42 INFO  : original_post_261451.json: Copied (new)
2026/08/08 09:32:43 INFO  : milei_flavio_55419782705.jpg: Copied (new)
2026/08/08 09:32:45 INFO  : original_post_261555.json: Copied (new)
2026/08/08 09:32:45 INFO  : p178_graph.png: Copied (new)
2026/08/08 09:32:46 INFO  : p178_highres.png: Copied (new)
2026/08/08 09:32:46 INFO  : nayib_bukele.png: Copied (new)
2026/08/08 09:32:46 INFO  : page_178_full.png: Copied (new)
2026/08/08 09:32:47 INFO  : parana_pdf.txt: Copied (new)
2026/08/08 09:32:47 INFO  : para_pdf.txt: Copied (new)
2026/08/08 09:32:48 INFO  : parse_comex_solar.py: Copied (new)
2026/08/08 09:32:48 INFO  : parse_comex_solar_all.py: Copied (new)
2026/08/08 09:32:49 INFO  : patch_remote_confronta_trump.py: Copied (new)
2026/08/08 09:32:49 INFO  : parsed_transcript_34_40.txt: Copied (new)
2026/08/08 09:32:49 INFO  : patch_v3_confronto_titulos.py: Copied (new)
2026/08/08 09:32:50 INFO  : patrus_ananias.jpg: Copied (new)
2026/08/08 09:32:52 INFO  : patrus_ananias_wikimedia.jpg: Copied (new)
2026/08/08 09:32:53 INFO  : patrus_ananias_senado.jpg: Copied (new)
2026/08/08 09:32:56 INFO  : pdf_page_23.png: Copied (new)
2026/08/08 09:32:57 INFO  : pdf_page_18.png: Copied (new)
2026/08/08 09:32:58 INFO  : pdf_page_29.png: Copied (new)
2026/08/08 09:32:59 INFO  : pdf_page_22.png: Copied (new)
2026/08/08 09:33:00 INFO  : pdf_page_19.png: Copied (new)
2026/08/08 09:33:00 INFO  : pdf_page_30.png: Copied (new)
2026/08/08 09:33:02 INFO  : pdf_page_37.png: Copied (new)
2026/08/08 09:33:26 INFO  : pdf_page_34.png: Copied (new)
2026/08/08 09:33:27 INFO  : plot_china_solar_vs_demand.py: Copied (new)
2026/08/08 09:33:27 INFO  : pipeline_results.json: Copied (new)
2026/08/08 09:33:29 INFO  : post_261184.txt: Copied (new)
2026/08/08 09:33:29 INFO  : pdf_page_8.png: Copied (new)
2026/08/08 09:33:29 INFO  : post_260821_backup.json: Copied (new)
2026/08/08 09:33:30 INFO  :   265.968 MiB / 605.288 MiB, 44%, 491.210 KiB/s, ETA 11m47s (xfr#420/1210)
2026/08/08 09:33:31 INFO  : pdf_page_8_hd.png: Copied (new)
2026/08/08 09:33:32 INFO  : post_instagram_elmano_final.txt: Copied (new)
2026/08/08 09:33:32 INFO  : post_262768_content.txt: Copied (new)
2026/08/08 09:33:32 INFO  : post_content_to_check.html: Copied (new)
2026/08/08 09:33:33 INFO  : post_x_xi_jinping.py: Copied (new)
2026/08/08 09:33:33 INFO  : plot_monthly_solar_generation.py: Copied (new)
2026/08/08 09:33:34 INFO  : preparar_post_instagram_elmano.py: Copied (new)
2026/08/08 09:33:34 INFO  : print_content.py: Copied (new)
2026/08/08 09:33:34 INFO  : print_final_post_368706.py.bak_pre_sanitize_forum_20260721: Copied (new)
2026/08/08 09:33:35 INFO  : print_final_post_368706.py: Copied (new)
2026/08/08 09:33:36 INFO  : process_all_metrics.py: Copied (new)
2026/08/08 09:33:36 INFO  : process_country_metrics.py: Copied (new)
2026/08/08 09:33:37 INFO  : process_mapario_videos.py: Copied (new)
2026/08/08 09:33:38 INFO  : process_comex_tables.py: Copied (new)
2026/08/08 09:33:38 INFO  : process_usa_solar.py: Copied (new)
2026/08/08 09:33:38 INFO  : processar_imagem_ceara.py: Copied (new)
2026/08/08 09:33:39 INFO  : processed_country_metrics.json: Copied (new)
2026/08/08 09:33:39 INFO  : process_mg_quaest_csv.py: Copied (new)
2026/08/08 09:33:40 INFO  : publicar_agressoes_milei_draft.py: Copied (new)
2026/08/08 09:33:41 INFO  : publicar_alcides_completo.py: Copied (new)
2026/08/08 09:33:41 INFO  : publicar_amnesty_rubio.py: Copied (new)
2026/08/08 09:33:42 INFO  : publicar_bukele_corruption.py: Copied (new)
2026/08/08 09:33:42 INFO  : publicar_bukele_desenvolvido.py: Copied (new)
2026/08/08 09:33:44 INFO  : publicar_carrossel_instagram.py: Copied (new)
2026/08/08 09:33:44 INFO  : publicar_ceara_digital.py: Copied (new)
2026/08/08 09:33:44 INFO  : publicar_copia_forum_260926.py.bak_pre_sanitize_forum_20260721: Copied (new)
2026/08/08 09:33:45 INFO  : publicar_copia_forum_260926.py: Copied (new)
2026/08/08 09:33:45 INFO  : publicar_carmen_lucia.py: Copied (new)
2026/08/08 09:33:46 INFO  : publicar_draft_ceara.py: Copied (new)
2026/08/08 09:33:47 INFO  : publicar_editorial_ajustado.py: Copied (new)
2026/08/08 09:33:47 INFO  : publicar_editorial_brizola.py: Copied (new)
2026/08/08 09:33:47 INFO  : publicar_editorial_completo.py: Copied (new)
2026/08/08 09:33:48 INFO  : publicar_editorial_final.py: Copied (new)
2026/08/08 09:33:49 INFO  : publicar_editorial_final_user.py: Copied (new)
2026/08/08 09:33:49 INFO  : publicar_editorial_lavareda.py: Copied (new)
2026/08/08 09:33:49 INFO  : publicar_editorial_refactor.py: Copied (new)
2026/08/08 09:33:50 INFO  : publicar_editorial_retorica_tarifas.py: Copied (new)
2026/08/08 09:33:50 INFO  : publicar_eduardo_vacina.py: Copied (new)
2026/08/08 09:33:51 INFO  : publicar_encontro_vorcaro.py: Copied (new)
2026/08/08 09:33:52 INFO  : publicar_gayer.py: Copied (new)
2026/08/08 09:33:52 INFO  : publicar_futuro_brasil.py: Copied (new)
2026/08/08 09:33:52 INFO  : publicar_guerra_ira.py: Copied (new)
2026/08/08 09:33:53 INFO  : publicar_kalil_datatempo.py: Copied (new)
2026/08/08 09:33:54 INFO  : publicar_kimi3_editorial.py: Copied (new)
2026/08/08 09:33:54 INFO  : publicar_materia.py: Copied (new)
2026/08/08 09:33:54 INFO  : publicar_kimi_k3.py: Copied (new)
2026/08/08 09:33:55 INFO  : publicar_materia_milei_wp.py: Copied (new)
2026/08/08 09:33:55 INFO  : publicar_milei_dobra_aposta_draft.py: Copied (new)
2026/08/08 09:33:56 INFO  : publicar_novo_editorial.py: Copied (new)
2026/08/08 09:33:57 INFO  : publicar_pauta_13.py: Copied (new)
2026/08/08 09:33:57 INFO  : publicar_paulo_nogueira.py: Copied (new)
2026/08/08 09:33:58 INFO  : publicar_pesquisa_cristofascismo.py: Copied (new)
2026/08/08 09:33:59 INFO  : publicar_rascunho_china_economia.py: Copied (new)
2026/08/08 09:33:59 INFO  : publicar_pesquisa_ceara.py: Copied (new)
2026/08/08 09:33:59 INFO  : publicar_resposta_rubio.py: Copied (new)
2026/08/08 09:33:59 INFO  : publicar_pesquisa_minas.py: Copied (new)
2026/08/08 09:34:00 INFO  : publicar_sprint_geopolitica.py: Copied (new)
2026/08/08 09:34:02 INFO  : publish_261750_to_forum.py.bak_pre_sanitize_forum_20260721: Copied (new)
2026/08/08 09:34:02 INFO  : publicar_xi_jinping_waic_2026.py: Copied (new)
2026/08/08 09:34:29 INFO  : publish_alckmin_wp.py: Copied (new)
2026/08/08 09:34:30 INFO  :   266.589 MiB / 605.385 MiB, 44%, 14.787 KiB/s, ETA 6h31m (xfr#480/1210)
2026/08/08 09:34:31 INFO  : publish_article_to_wordpress.py: Copied (new)
2026/08/08 09:34:31 INFO  : publish_alckmin_twitter.py: Copied (new)
2026/08/08 09:34:31 INFO  : publish_261750_to_forum.py: Copied (new)
2026/08/08 09:34:31 INFO  : publicar_terrorista_dark_horse.py: Copied (new)
2026/08/08 09:34:32 INFO  : publicar_venezuela_terremoto.py: Copied (new)
2026/08/08 09:34:33 INFO  : publish_bullrich_lula_milei.py: Copied (new)
2026/08/08 09:34:33 INFO  : publish_dossier_to_forum.py: Copied (new)
2026/08/08 09:34:33 INFO  : publish_datafolha_editorial.py: Copied (new)
2026/08/08 09:34:34 INFO  : publish_dossier_to_forum.py.bak_pre_sanitize_forum_20260721: Copied (new)
2026/08/08 09:34:34 INFO  : publish_entire_to_forum.py.bak_pre_sanitize_forum_20260721: Copied (new)
2026/08/08 09:34:35 INFO  : publish_entire_to_forum.py: Copied (new)
2026/08/08 09:34:35 INFO  : publish_final_solar_editorial.py: Copied (new)
2026/08/08 09:34:35 INFO  : publish_final_solar_editorial_v2.py: Copied (new)
2026/08/08 09:34:36 INFO  : publish_final_solar_editorial_v3.py: Copied (new)
2026/08/08 09:34:36 INFO  : publish_final_solar_editorial_v4.py: Copied (new)
2026/08/08 09:34:37 INFO  : publish_focinheira_to_forum.py.bak_pre_sanitize_forum_20260721: Copied (new)
2026/08/08 09:34:37 INFO  : publish_focinheira_to_forum.py: Copied (new)
2026/08/08 09:34:37 INFO  : publish_heloisa_post.py: Copied (new)
2026/08/08 09:34:38 INFO  : publish_instagram_elmano_card.py: Copied (new)
2026/08/08 09:34:38 INFO  : publish_ibge_alimentos_draft.py: Copied (new)
2026/08/08 09:34:39 INFO  : publish_ipec_elmano_draft.py: Copied (new)
2026/08/08 09:34:39 INFO  : publish_lula_wapo_article.py: Copied (new)
2026/08/08 09:34:40 INFO  : publish_meat_article.py: Copied (new)
2026/08/08 09:34:40 INFO  : publish_milei_comex_article.py: Copied (new)
2026/08/08 09:34:40 INFO  : publish_milei_trade_post.py: Copied (new)
2026/08/08 09:34:42 INFO  : publish_petrobras_refino_draft.py: Copied (new)
2026/08/08 09:34:42 INFO  : publish_post_263030.py: Copied (new)
2026/08/08 09:34:43 INFO  : publish_parte4_comex.py: Copied (new)
2026/08/08 09:34:43 INFO  : publish_serie_index_post.py: Copied (new)
2026/08/08 09:34:43 INFO  : publish_nexus_post.py: Copied (new)
2026/08/08 09:34:45 INFO  : publish_tarifacio_p3_draft.py: Copied (new)
2026/08/08 09:34:45 INFO  : publish_trump_brasil_draft.py: Copied (new)
2026/08/08 09:34:45 INFO  : publish_twitter_elmano_card.py: Copied (new)
2026/08/08 09:34:45 INFO  : published_post_link.txt: Copied (new)
2026/08/08 09:34:46 INFO  : query_db.py: Copied (new)
2026/08/08 09:34:47 INFO  : r2_checker.py: Copied (new)
2026/08/08 09:34:48 INFO  : real_audit.py: Copied (new)
2026/08/08 09:34:48 INFO  : remove_cover_properly.py: Copied (new)
2026/08/08 09:34:48 INFO  : refine_tariff_nuance.py: Copied (new)
2026/08/08 09:34:48 INFO  : reformat_clean_article.py: Copied (new)
2026/08/08 09:34:49 INFO  : remove_duplicate_cover_photo.py: Copied (new)
2026/08/08 09:34:50 INFO  : remove_embedded_images.py: Copied (new)
2026/08/08 09:34:50 INFO  : remove_newsletter_from_post.py: Copied (new)
2026/08/08 09:34:50 INFO  : restaurar_post_xi_jinping.py: Copied (new)
2026/08/08 09:34:50 INFO  : rewrite_mg_posts_journalistic.py: Copied (new)
2026/08/08 09:34:52 INFO  : rj_pdf.txt: Copied (new)
2026/08/08 09:34:53 INFO  : sanitize_and_generate_dossier.py: Copied (new)
2026/08/08 09:34:53 INFO  : sanitize_gsn_posts.py: Copied (new)
2026/08/08 09:34:54 INFO  : sanitizar_forum_pass.py: Copied (new)
2026/08/08 09:34:54 INFO  : sanitized_post_261555.json: Copied (new)
2026/08/08 09:34:55 INFO  : save_post_368706.py.bak_pre_sanitize_forum_20260721: Copied (new)
2026/08/08 09:34:55 INFO  : save_post_368706.py: Copied (new)
2026/08/08 09:34:56 INFO  : schedule_all_remaining_posts.py: Copied (new)
2026/08/08 09:34:56 INFO  : rubio_human_rights_dismantling.png: Copied (new)
2026/08/08 09:34:56 INFO  : search_argentina_series.py: Copied (new)
2026/08/08 09:34:57 INFO  : search_bukele_media.py: Copied (new)
2026/08/08 09:34:57 INFO  : search_ceara_posts.py: Copied (new)
2026/08/08 09:34:58 INFO  : search_ckan_packages.py: Copied (new)
2026/08/08 09:34:58 INFO  : search_flavio_only.py: Copied (new)
2026/08/08 09:34:59 INFO  : search_flickr.py: Copied (new)
2026/08/08 09:34:59 INFO  : search_flickr_queries.py: Copied (new)
2026/08/08 09:34:59 INFO  : search_flickr_official.py: Copied (new)
2026/08/08 09:35:00 INFO  : search_forum_valdemar.py.bak_pre_sanitize_forum_20260721: Copied (new)
2026/08/08 09:35:00 INFO  : search_forum_valdemar.py: Copied (new)
2026/08/08 09:35:01 INFO  : search_gayer.py: Copied (new)
2026/08/08 09:35:01 INFO  : search_ica_series.py: Copied (new)
2026/08/08 09:35:01 INFO  : search_media_db_for_sprint.py: Copied (new)
2026/08/08 09:35:02 INFO  : search_media_venezuela.py: Copied (new)
2026/08/08 09:35:30 INFO  : search_rubio_draft.py: Copied (new)
2026/08/08 09:35:30 INFO  :   295.564 MiB / 633.229 MiB, 47%, 411.297 KiB/s, ETA 14m (xfr#549/1210)
2026/08/08 09:35:31 INFO  : search_planalto.py: Copied (new)
2026/08/08 09:35:31 INFO  : search_rubio_trump.py: Copied (new)
2026/08/08 09:35:31 INFO  : search_newsletter_text.py: Copied (new)
2026/08/08 09:35:32 INFO  : search_traore_fuzzy.py: Copied (new)
2026/08/08 09:35:33 INFO  : search_wp_media.py: Copied (new)
2026/08/08 09:35:33 INFO  : search_wp_trump.py: Copied (new)
2026/08/08 09:35:33 INFO  : search_posts_wp.py: Copied (new)
2026/08/08 09:35:33 INFO  : search_workspace_images.py: Copied (new)
2026/08/08 09:35:34 INFO  : social_mobility_education_square.jpg: Copied (new)
2026/08/08 09:35:35 INFO  : step0_full.txt: Copied (new)
2026/08/08 09:35:35 INFO  : surgical_lowercase_media_movel.py: Copied (new)
2026/08/08 09:35:35 INFO  : swap_post_photos.py: Copied (new)
2026/08/08 09:35:36 INFO  : table_50_months.md: Copied (new)
2026/08/08 09:35:37 INFO  : test_apis.py: Copied (new)
2026/08/08 09:35:37 INFO  : tarifaco_fixed.png: Copied (new)
2026/08/08 09:35:37 INFO  : test_argentina_trade.py: Copied (new)
2026/08/08 09:35:38 INFO  : test_biblioteca.py: Copied (new)
2026/08/08 09:35:39 INFO  : test_filter_syntax.py: Copied (new)
2026/08/08 09:35:39 INFO  : test_comex_months.py: Copied (new)
2026/08/08 09:35:39 INFO  : test_comex_filters.py: Copied (new)
2026/08/08 09:35:40 INFO  : test_export_series.py: Copied (new)
2026/08/08 09:35:40 INFO  : test_forum_api.py.bak_pre_sanitize_forum_20260721: Copied (new)
2026/08/08 09:35:41 INFO  : test_forum_api.py: Copied (new)
2026/08/08 09:35:41 INFO  : test_links.py: Copied (new)
2026/08/08 09:35:41 INFO  : test_month_detail.py: Copied (new)
2026/08/08 09:35:42 INFO  : test_ncm_filter.py: Copied (new)
2026/08/08 09:35:42 INFO  : test_old_solar.py: Copied (new)
2026/08/08 09:35:43 INFO  : test_period_format.py: Copied (new)
2026/08/08 09:35:43 INFO  : test_public_links.py: Copied (new)
2026/08/08 09:35:44 INFO  : test_solar_comex.py: Copied (new)
2026/08/08 09:35:44 INFO  : test_sh4_filter.py: Copied (new)
2026/08/08 09:35:45 INFO  : test_split_range.py: Copied (new)
2026/08/08 09:35:45 INFO  : test_wp_auth.py: Copied (new)
2026/08/08 09:35:45 INFO  : test_wp_connection.py: Copied (new)
2026/08/08 09:35:47 INFO  : testar_modelo_v2_7.py: Copied (new)
2026/08/08 09:35:47 INFO  : test_wp_james2017.py: Copied (new)
2026/08/08 09:35:48 INFO  : teste_login_v4_media_response.json: Copied (new)
2026/08/08 09:35:48 INFO  : teste_login_v4_20260724.jpg: Copied (new)
2026/08/08 09:35:48 INFO  : teste_login_v4_post_response.json: Copied (new)
2026/08/08 09:35:49 INFO  : teste_login_v4_unpublish_response.json: Copied (new)
2026/08/08 09:35:49 INFO  : transcribe_alckmin.py: Copied (new)
2026/08/08 09:35:50 INFO  : transcribe_current_audio.py: Copied (new)
2026/08/08 09:35:50 INFO  : transcribe_iran.py: Copied (new)
2026/08/08 09:35:50 INFO  : transcribe_trump.py: Copied (new)
2026/08/08 09:35:51 INFO  : transcribe_uploaded_audio.py: Copied (new)
2026/08/08 09:35:51 INFO  : transcricao_alckmin.txt: Copied (new)
2026/08/08 09:35:52 INFO  : transcricao_guerra_iran.txt: Copied (new)
2026/08/08 09:35:52 INFO  : transcricao_uploaded_audio.txt: Copied (new)
2026/08/08 09:35:52 INFO  : transcricao_trump_tariffs.txt: Copied (new)
2026/08/08 09:35:53 INFO  : transcricao_venezuela.txt: Copied (new)
2026/08/08 09:35:54 INFO  : transicao_bahia_draft.py: Copied (new)
2026/08/08 09:35:54 INFO  : transition_to_publish.py: Copied (new)
2026/08/08 09:35:56 INFO  : trump_flickr.jpg: Copied (new)
2026/08/08 09:35:56 INFO  : try_rewriting.py: Copied (new)
2026/08/08 09:35:57 INFO  : trump_carney_meeting.png: Copied (new)
2026/08/08 09:35:58 INFO  : update_5_parts_tarifaco.py: Copied (new)
2026/08/08 09:35:59 INFO  : update_agressoes_milei_draft.py: Copied (new)
2026/08/08 09:35:59 INFO  : update_all_tarifaco_parts_navigation.py: Copied (new)
2026/08/08 09:36:00 INFO  : update_article_with_audio_directives.py: Copied (new)
2026/08/08 09:36:30 INFO  :   356.954 MiB / 633.300 MiB, 56%, 2.085 MiB/s, ETA 2m12s (xfr#608/1210)
2026/08/08 09:36:39 INFO  : update_chart_post_261468.py: Copied (new)
2026/08/08 09:36:39 INFO  : update_charts_p3_draft.py: Copied (new)
2026/08/08 09:36:41 INFO  : update_bahia_parallel.py: Copied (new)
2026/08/08 09:36:41 INFO  : update_datafolha_post.py: Copied (new)
2026/08/08 09:36:42 INFO  : update_draft_ceara.py: Copied (new)
2026/08/08 09:36:43 INFO  : update_electorate_paragraph.py: Copied (new)
2026/08/08 09:36:44 INFO  : update_featured_image_getulio.py: Copied (new)
2026/08/08 09:36:45 INFO  : update_forum_post_368706.py.bak_pre_sanitize_forum_20260721: Copied (new)
2026/08/08 09:36:46 INFO  : update_forum_post_content.py.bak_pre_sanitize_forum_20260721: Copied (new)
2026/08/08 09:36:47 INFO  : update_forum_post_368706.py: Copied (new)
2026/08/08 09:36:48 INFO  : update_forum_post_content.py: Copied (new)
2026/08/08 09:36:48 INFO  : update_forum_post_phrasing.py.bak_pre_sanitize_forum_20260721: Copied (new)
2026/08/08 09:36:49 INFO  : update_forum_post_phrasing.py: Copied (new)
2026/08/08 09:36:50 INFO  : update_forum_title_368706.py.bak_pre_sanitize_forum_20260721: Copied (new)
2026/08/08 09:36:50 INFO  : update_forum_title_368706.py: Copied (new)
2026/08/08 09:36:53 INFO  : update_heloisa_fantastico_link.py: Copied (new)
2026/08/08 09:36:53 INFO  : update_ibge_alimentos_draft.py: Copied (new)
2026/08/08 09:36:53 INFO  : update_gemini_pro_v3.py: Copied (new)
2026/08/08 09:36:55 INFO  : update_milei_post_cayan.py: Copied (new)
2026/08/08 09:36:55 INFO  : update_lula_wapo_post.py: Copied (new)
2026/08/08 09:36:57 INFO  : update_no_dashes_no_colons.py: Copied (new)
2026/08/08 09:36:58 INFO  : update_post_263030.py: Copied (new)
2026/08/08 09:36:58 INFO  : update_petrobras_refino_draft.py: Copied (new)
2026/08/08 09:37:00 INFO  : update_post_all_charts.py: Copied (new)
2026/08/08 09:37:01 INFO  : update_post_title.py: Copied (new)
2026/08/08 09:37:01 INFO  : update_post_content.py: Copied (new)
2026/08/08 09:37:30 INFO  :   465.550 MiB / 633.357 MiB, 74%, 2.506 MiB/s, ETA 1m6s (xfr#634/1210)
2026/08/08 09:37:31 INFO  : update_post_tse_comparison.py: Copied (new)
2026/08/08 09:37:31 INFO  : update_post_with_10years.py: Copied (new)
2026/08/08 09:37:32 INFO  : update_post_video_top.py: Copied (new)
2026/08/08 09:37:33 INFO  : update_site_cache.py: Copied (new)
2026/08/08 09:37:33 INFO  : update_tarifaco_p3_draft.py: Copied (new)
2026/08/08 09:37:34 INFO  : update_trump_polissilicio_post.py: Copied (new)
2026/08/08 09:37:36 INFO  : update_user_edited_post.py: Copied (new)
2026/08/08 09:37:36 INFO  : upgrade_all_ai_models.py: Copied (new)
2026/08/08 09:37:37 INFO  : upgrade_gemini_model.py: Copied (new)
2026/08/08 09:37:38 INFO  : upload_chart2.py: Copied (new)
2026/08/08 09:37:38 INFO  : upload_and_update_solar_post.py: Copied (new)
2026/08/08 09:37:39 INFO  : upload_china_vs_demand_chart.py: Copied (new)
2026/08/08 09:37:40 INFO  : upload_flickr_media_and_update_posts.py: Copied (new)
2026/08/08 09:37:41 INFO  : upload_kimi3_youtube.py: Copied (new)
2026/08/08 09:37:41 INFO  : upload_media_and_chart.py: Copied (new)
2026/08/08 09:37:43 INFO  : upload_monthly_solar_chart.py: Copied (new)
2026/08/08 09:37:43 INFO  : upload_usa_chart.py: Copied (new)
2026/08/08 09:37:44 INFO  : upload_nexus_media.py: Copied (new)
2026/08/08 09:37:45 INFO  : upload_xi_jinping_youtube.py: Copied (new)
2026/08/08 09:37:46 INFO  : uploaded_charts.json: Copied (new)
2026/08/08 09:37:47 INFO  : verify_and_save_final.py: Copied (new)
2026/08/08 09:37:47 INFO  : validated_post_261555.json: Copied (new)
2026/08/08 09:37:48 INFO  : verify_clean_up.py.bak_pre_sanitize_forum_20260721: Copied (new)
2026/08/08 09:37:49 INFO  : verify_clean_up.py: Copied (new)
2026/08/08 09:37:50 INFO  : verify_media.py: Copied (new)
2026/08/08 09:37:50 INFO  : verify_nexus_post.py: Copied (new)
2026/08/08 09:37:51 INFO  : verify_no_duplicate.py: Copied (new)
2026/08/08 09:37:51 INFO  : verify_sanitized.py: Copied (new)
2026/08/08 09:37:52 INFO  : verify_nohome_policy_remote_20260721.py: Copied (new)
2026/08/08 09:37:54 INFO  : view_post_260952.py: Copied (new)
2026/08/08 09:37:54 INFO  : view_post_260926.py: Copied (new)
2026/08/08 09:37:54 INFO  : trump_video.mp4: Copied (new)
2026/08/08 09:37:54 INFO  : view_post_261014.py: Copied (new)
2026/08/08 09:37:56 INFO  : view_post_details.py: Copied (new)
2026/08/08 09:37:56 INFO  : wp_draft_korea_result.json: Copied (new)
2026/08/08 09:37:56 INFO  : wp_publish_trump_tariffs.py: Copied (new)
2026/08/08 09:37:56 INFO  : wp_update_brazil_graphic.py: Copied (new)
2026/08/08 09:38:00 INFO  : auth025b11/lideres_politicos.json.orig: Copied (new)
2026/08/08 09:38:05 INFO  : Kimi-k3/setup_kimi3.py: Copied (new)
2026/08/08 09:38:30 INFO  :   485.585 MiB / 642.868 MiB, 76%, 113.420 KiB/s, ETA 23m40s (xfr#673/1210)
2026/08/08 09:38:42 INFO  : Kimi-k3/hf_model_metadata.json: Copied (new)
2026/08/08 09:38:46 INFO  : attachments/corpo_vorcaro_flavio_eduardo_20260723.html: Copied (new)
2026/08/08 09:38:47 INFO  : auditor_titulos_ajuste_20260719/agente_auditor_titulos_gpt.py: Copied (new)
2026/08/08 09:38:47 INFO  : autocura_v4_fix/agente_autocura_v4.py.orig: Copied (new)
2026/08/08 09:38:49 INFO  : attachments/mayra_goulart_tarifaco_cafezinho_20260722.html: Copied (new)
2026/08/08 09:38:49 INFO  : attachments/materia_flavio_escandalos_compilado.html: Copied (new)
2026/08/08 09:38:49 INFO  : Kimi-k3/README.md: Copied (new)
2026/08/08 09:38:50 INFO  : attachments/flavio-bolsonaro-flickr-oficial.jpg: Copied (new)
2026/08/08 09:38:51 INFO  : attachments/mayra_goulart_tarifaco_forum_20260722.html: Copied (new)
2026/08/08 09:38:52 INFO  : attachments/mayra_goulart_tarifaco_publish_result_20260722.json: Copied (new)
2026/08/08 09:38:52 INFO  : attachments/vorcaro_2024_wikimedia_cc0.jpg: Copied (new)
2026/08/08 09:38:54 INFO  : backup_posts_series_20260721/post_261262_raw.json: Copied (new)
2026/08/08 09:38:57 INFO  : backup_posts_series_20260721/post_261262_updated_preview.html: Copied (new)
2026/08/08 09:38:57 INFO  : auth029/legado_motor_publicador.py.orig: Copied (new)
2026/08/08 09:38:57 INFO  : auth029/reforma_auditor_texto.py.orig: Copied (new)
2026/08/08 09:38:58 INFO  : backup_posts_series_20260721/post_261308_raw.json: Copied (new)
2026/08/08 09:38:59 INFO  : backup_posts_series_20260721/post_261308_updated_preview.html: Copied (new)
2026/08/08 09:38:59 INFO  : backup_posts_series_20260721/post_261451_raw.json: Copied (new)
2026/08/08 09:39:01 INFO  : backup_posts_series_20260721/post_261451_updated_preview.html: Copied (new)
2026/08/08 09:39:02 INFO  : trump_tariffs.mp3: Copied (new)
2026/08/08 09:39:04 INFO  : backup_posts_series_20260721/post_261555_raw.json: Copied (new)
2026/08/08 09:39:30 INFO  : backup_posts_series_20260721/post_261555_updated_preview.html: Copied (new)
2026/08/08 09:39:30 INFO  :   535.375 MiB / 722.396 MiB, 74%, 822.796 KiB/s, ETA 3m52s (xfr#695/1210)
2026/08/08 09:39:39 INFO  : charts_p3/grafico_4_produtos_tarifados_indice.png: Copied (new)
2026/08/08 09:39:41 INFO  : charts_p3/grafico_3_participacao_eua_total.png: Copied (new)
2026/08/08 09:39:41 INFO  : charts_p3/grafico_2_indice_exportacoes_totais.png: Copied (new)
2026/08/08 09:39:41 INFO  : charts_p3/grafico_5_produtos_tarifados_bilhoes.png: Copied (new)
2026/08/08 09:39:41 INFO  : charts_p3/grafico_1_exportacoes_totais_bilhoes.png: Copied (new)
2026/08/08 09:39:43 INFO  : charts_p3/grafico_6_produtos_tarifados_participacao_eua.png: Copied (new)
2026/08/08 09:39:46 INFO  : kibir_tribunal_20260722/v4_vertical_draft_worker.py.prod_20260722: Copied (new)
2026/08/08 09:39:51 INFO  : flickr_lula/lula_12.jpg: Copied (new)
2026/08/08 09:39:52 INFO  : flickr_lula/lula_1.jpg: Copied (new)
2026/08/08 09:39:52 INFO  : flickr_lula/lula_10.jpg: Copied (new)
2026/08/08 09:39:53 INFO  : flickr_lula/lula_11.jpg: Copied (new)
2026/08/08 09:39:56 INFO  : flickr_lula/lula_2.jpg: Copied (new)
2026/08/08 09:39:56 INFO  : flickr_lula/lula_14.jpg: Copied (new)
2026/08/08 09:39:57 INFO  : flickr_lula/lula_15.jpg: Copied (new)
2026/08/08 09:39:57 INFO  : flickr_lula/lula_13.jpg: Copied (new)
2026/08/08 09:39:57 INFO  : flickr_lula/lula_3.jpg: Copied (new)
2026/08/08 09:40:00 INFO  : flickr_lula/lula_4.jpg: Copied (new)
2026/08/08 09:40:00 INFO  : flickr_lula/lula_6.jpg: Copied (new)
2026/08/08 09:40:00 INFO  : flickr_lula/lula_7.jpg: Copied (new)
2026/08/08 09:40:01 INFO  : flickr_lula/lula_8.jpg: Copied (new)
2026/08/08 09:40:01 INFO  : flickr_lula/lula_5.jpg: Copied (new)
2026/08/08 09:40:30 INFO  :   578.750 MiB / 722.882 MiB, 80%, 335.166 KiB/s, ETA 7m20s (xfr#716/1210)
2026/08/08 09:41:30 INFO  :   578.750 MiB / 750.700 MiB, 77%, 6.975 KiB/s, ETA 7h44s (xfr#716/1210)
2026/08/08 09:42:30 INFO  :   578.750 MiB / 750.700 MiB, 77%, 158 B/s, ETA 1w6d3h (xfr#716/1210)
2026/08/08 09:43:02 INFO  : flickr_lula/lula_flickr_1.jpg: Copied (new)
2026/08/08 09:43:30 INFO  :   582.837 MiB / 751.051 MiB, 78%, 222.661 KiB/s, ETA 12m53s (xfr#717/1210)
2026/08/08 09:43:30 INFO  : flickr_lula/lula_9.jpg: Copied (new)
2026/08/08 09:43:31 INFO  : auth032a/nacional/diretriz_nacional.json.orig: Copied (new)
2026/08/08 09:43:31 INFO  : auth032a/ia/diretriz_ia.json.orig: Copied (new)
2026/08/08 09:43:32 INFO  : flickr_lula_portraits/portrait_1.jpg: Copied (new)
2026/08/08 09:43:32 INFO  : flickr_lula_portraits/portrait_10.jpg: Copied (new)
2026/08/08 09:43:33 INFO  : flickr_lula_portraits/portrait_11.jpg: Copied (new)
2026/08/08 09:43:34 INFO  : flickr_lula_portraits/portrait_12.jpg: Copied (new)
2026/08/08 09:43:34 INFO  : flickr_lula_portraits/portrait_13.jpg: Copied (new)
2026/08/08 09:43:36 INFO  : flickr_lula_portraits/portrait_14.jpg: Copied (new)
2026/08/08 09:43:36 INFO  : flickr_lula_portraits/portrait_15.jpg: Copied (new)
2026/08/08 09:43:38 INFO  : flickr_lula_portraits/portrait_16.jpg: Copied (new)
2026/08/08 09:43:39 INFO  : flickr_lula_portraits/portrait_18.jpg: Copied (new)
2026/08/08 09:43:39 INFO  : flickr_lula_portraits/portrait_17.jpg: Copied (new)
2026/08/08 09:43:40 INFO  : flickr_lula_portraits/portrait_2.jpg: Copied (new)
2026/08/08 09:43:41 INFO  : flickr_lula_portraits/portrait_19.jpg: Copied (new)
2026/08/08 09:43:42 INFO  : flickr_lula_portraits/portrait_20.jpg: Copied (new)
2026/08/08 09:43:43 INFO  : flickr_lula_portraits/portrait_3.jpg: Copied (new)
2026/08/08 09:43:43 INFO  : flickr_lula_portraits/portrait_4.jpg: Copied (new)
2026/08/08 09:43:43 INFO  : flickr_lula_portraits/portrait_5.jpg: Copied (new)
2026/08/08 09:43:44 INFO  : flickr_lula_portraits/portrait_6.jpg: Copied (new)
2026/08/08 09:43:45 INFO  : flickr_lula_portraits/portrait_7.jpg: Copied (new)
2026/08/08 09:43:47 INFO  : auth032a/sheinbaum/diretriz_sheinbaum.json.orig: Copied (new)
2026/08/08 09:43:48 INFO  : flickr_lula_portraits/portrait_9.jpg: Copied (new)
2026/08/08 09:43:48 INFO  : flickr_lula_portraits/portrait_8.jpg: Copied (new)
2026/08/08 09:43:51 INFO  : mg_slides/page_123.png: Copied (new)
2026/08/08 09:43:51 INFO  : mg_slides/page_11.png: Copied (new)
2026/08/08 09:43:52 INFO  : mg_slides/page_148.png: Copied (new)
2026/08/08 09:43:52 INFO  : mg_slides/page_146.png: Copied (new)
2026/08/08 09:43:53 INFO  : mg_slides/page_142.png: Copied (new)
2026/08/08 09:43:54 INFO  : mg_slides/page_153.png: Copied (new)
2026/08/08 09:43:54 INFO  : mg_slides/page_155.png: Copied (new)
2026/08/08 09:43:55 INFO  : mg_slides/page_156.png: Copied (new)
2026/08/08 09:43:55 INFO  : comex_exp_heading_us_all.json: Copied (new)
2026/08/08 09:43:55 INFO  : mg_slides/page_158.png: Copied (new)
2026/08/08 09:43:56 INFO  : mg_slides/page_162.png: Copied (new)
2026/08/08 09:43:57 INFO  : mg_slides/page_178.png: Copied (new)
2026/08/08 09:43:58 INFO  : mg_slides/page_87.png: Copied (new)
2026/08/08 09:44:00 INFO  : flickr_stuckert_solo/stuckert_1.jpg: Copied (new)
2026/08/08 09:44:00 INFO  : mg_slides/page_88.png: Copied (new)
2026/08/08 09:44:00 INFO  : flickr_stuckert_solo/stuckert_11.jpg: Copied (new)
2026/08/08 09:44:01 INFO  : flickr_stuckert_solo/stuckert_10.jpg: Copied (new)
2026/08/08 09:44:01 INFO  : flickr_stuckert_solo/stuckert_12.jpg: Copied (new)
2026/08/08 09:44:03 INFO  : flickr_stuckert_solo/stuckert_15.jpg: Copied (new)
2026/08/08 09:44:04 INFO  : flickr_stuckert_solo/stuckert_16.jpg: Copied (new)
2026/08/08 09:44:29 INFO  : flickr_stuckert_solo/stuckert_13.jpg: Copied (new)
2026/08/08 09:44:30 INFO  :   615.403 MiB / 752.407 MiB, 82%, 132.144 KiB/s, ETA 17m41s (xfr#762/1210)
2026/08/08 09:44:32 INFO  : flickr_stuckert_solo/stuckert_20.jpg: Copied (new)
2026/08/08 09:44:34 INFO  : flickr_stuckert_solo/stuckert_21.jpg: Copied (new)
2026/08/08 09:44:46 INFO  : flickr_stuckert_solo/stuckert_2.jpg: Copied (new)
2026/08/08 09:44:48 INFO  : flickr_stuckert_solo/stuckert_19.jpg: Copied (new)
2026/08/08 09:44:48 INFO  : flickr_stuckert_solo/stuckert_22.jpg: Copied (new)
2026/08/08 09:44:48 INFO  : flickr_stuckert_solo/stuckert_17.jpg: Copied (new)
2026/08/08 09:44:48 INFO  : flickr_stuckert_solo/stuckert_18.jpg: Copied (new)
2026/08/08 09:44:49 INFO  : flickr_stuckert_solo/stuckert_14.jpg: Copied (new)
2026/08/08 09:44:50 INFO  : flickr_stuckert_solo/stuckert_23.jpg: Copied (new)
2026/08/08 09:44:52 INFO  : flickr_stuckert_solo/stuckert_4.jpg: Copied (new)
2026/08/08 09:44:52 INFO  : flickr_stuckert_solo/stuckert_3.jpg: Copied (new)
2026/08/08 09:44:52 INFO  : flickr_stuckert_solo/stuckert_5.jpg: Copied (new)
2026/08/08 09:44:52 INFO  : flickr_stuckert_solo/stuckert_24.jpg: Copied (new)
2026/08/08 09:44:54 INFO  : flickr_stuckert_solo/stuckert_7.jpg: Copied (new)
2026/08/08 09:44:55 INFO  : flickr_stuckert_solo/stuckert_6.jpg: Copied (new)
2026/08/08 09:44:57 INFO  : repetidor_nohome_20260721/agente_repetidor_estatal.py: Copied (new)
2026/08/08 09:44:58 INFO  : flickr_stuckert_solo/stuckert_9.jpg: Copied (new)
2026/08/08 09:44:59 INFO  : flickr_stuckert_solo/stuckert_8.jpg: Copied (new)
2026/08/08 09:45:01 INFO  : flickr_download/flavio_0.jpg: Copied (new)
2026/08/08 09:45:01 INFO  : flickr_download/flavio_10.jpg: Copied (new)
2026/08/08 09:45:02 INFO  : flickr_download/flavio_11.jpg: Copied (new)
2026/08/08 09:45:30 INFO  :   620.403 MiB / 754.334 MiB, 82%, 38.175 KiB/s, ETA 59m52s (xfr#783/1210)
2026/08/08 09:45:36 INFO  : flickr_download/flavio_13.jpg: Copied (new)
2026/08/08 09:45:39 INFO  : flickr_download/flavio_17.jpg: Copied (new)
2026/08/08 09:45:41 INFO  : flickr_download/flavio_18.jpg: Copied (new)
2026/08/08 09:45:43 INFO  : flickr_download/flavio_19.jpg: Copied (new)
2026/08/08 09:45:46 INFO  : flickr_download/flavio_2.jpg: Copied (new)
2026/08/08 09:45:48 INFO  : flickr_download/flavio_3.jpg: Copied (new)
2026/08/08 09:45:51 INFO  : flickr_download/flavio_4.jpg: Copied (new)
2026/08/08 09:45:53 INFO  : flickr_download/flavio_14.jpg: Copied (new)
2026/08/08 09:45:53 INFO  : flickr_download/flavio_1.jpg: Copied (new)
2026/08/08 09:45:53 INFO  : flickr_download/flavio_15.jpg: Copied (new)
2026/08/08 09:45:53 INFO  : flickr_download/flavio_16.jpg: Copied (new)
2026/08/08 09:45:53 INFO  : flickr_download/flavio_12.jpg: Copied (new)
2026/08/08 09:45:53 INFO  : flickr_download/flavio_5.jpg: Copied (new)
2026/08/08 09:45:55 INFO  : flickr_download/flavio_6.jpg: Copied (new)
2026/08/08 09:45:55 INFO  : flickr_download/flavio_7.jpg: Copied (new)
2026/08/08 09:45:55 INFO  : flickr_download/flavio_9.jpg: Copied (new)
2026/08/08 09:45:55 INFO  : flickr_download/flavio_8.jpg: Copied (new)
2026/08/08 09:45:55 INFO  : flickr_download/lula_0.jpg: Copied (new)
2026/08/08 09:45:56 INFO  : flickr_download/lula_1.jpg: Copied (new)
2026/08/08 09:45:58 INFO  : flickr_download/lula_10.jpg: Copied (new)
2026/08/08 09:45:58 INFO  : flickr_download/lula_11.jpg: Copied (new)
2026/08/08 09:45:58 INFO  : flickr_download/lula_12.jpg: Copied (new)
2026/08/08 09:45:58 INFO  : flickr_download/lula_13.jpg: Copied (new)
2026/08/08 09:45:58 INFO  : flickr_download/lula_14.jpg: Copied (new)
2026/08/08 09:46:00 INFO  : flickr_download/lula_15.jpg: Copied (new)
2026/08/08 09:46:01 INFO  : flickr_download/lula_16.jpg: Copied (new)
2026/08/08 09:46:01 INFO  : flickr_download/lula_17.jpg: Copied (new)
2026/08/08 09:46:01 INFO  : flickr_download/lula_18.jpg: Copied (new)
2026/08/08 09:46:01 INFO  : flickr_download/lula_19.jpg: Copied (new)
2026/08/08 09:46:01 INFO  : flickr_download/lula_2.jpg: Copied (new)
2026/08/08 09:46:30 INFO  :   627.164 MiB / 794.208 MiB, 79%, 46.832 KiB/s, ETA 1h52s (xfr#813/1210)
2026/08/08 09:46:36 INFO  : flickr_download/lula_8.jpg: Copied (new)
2026/08/08 09:46:38 INFO  : flickr_download/lula_9.jpg: Copied (new)
2026/08/08 09:46:53 INFO  : flickr_download/lula_3.jpg: Copied (new)
2026/08/08 09:46:53 INFO  : flickr_download/lula_7.jpg: Copied (new)
2026/08/08 09:46:53 INFO  : flickr_download/lula_5.jpg: Copied (new)
2026/08/08 09:46:53 INFO  : flickr_download/lula_4.jpg: Copied (new)
2026/08/08 09:46:53 INFO  : flickr_download/lula_6.jpg: Copied (new)
2026/08/08 09:46:55 INFO  : twitter_video/audio.tsv: Copied (new)
2026/08/08 09:46:55 INFO  : twitter_video/audio.srt: Copied (new)
2026/08/08 09:46:56 INFO  : twitter_video/audio.json: Copied (new)
2026/08/08 09:46:56 INFO  : twitter_video/audio.txt: Copied (new)
2026/08/08 09:46:59 INFO  : twitter_video/audio.vtt: Copied (new)
2026/08/08 09:46:59 INFO  : cerebro_miguel/.env.example: Copied (new)
2026/08/08 09:46:59 INFO  : twitter_video/2085837701576622081.mp4: Copied (new)
2026/08/08 09:47:01 INFO  : twitter_video/audio.mp3: Copied (new)
2026/08/08 09:47:01 INFO  : v4_reactivate_20260721/coletor.py: Copied (new)
2026/08/08 09:47:03 INFO  : v4_reactivate_20260721/gerador_imagem_editorial.py: Copied (new)
2026/08/08 09:47:30 INFO  :   720.879 MiB / 834.060 MiB, 86%, 715.210 KiB/s, ETA 2m42s (xfr#830/1210)
2026/08/08 09:47:56 INFO  : v4_science_geopolitics_20260721/v4_vertical_intake.py: Copied (new)
2026/08/08 09:47:56 INFO  : v4_science_geopolitics_20260721/coletor.py: Copied (new)
2026/08/08 09:47:56 INFO  : v4_science_geopolitics_20260721/config_editorial.py: Copied (new)
2026/08/08 09:47:56 INFO  : v4_reactivate_20260721/v4_vertical_draft_worker.py: Copied (new)
2026/08/08 09:47:56 INFO  : lulaoficial_allpages/lula_1.jpg: Copied (new)
2026/08/08 09:47:56 INFO  : v4_science_geopolitics_20260721/v4_vertical_draft_worker.py: Copied (new)
2026/08/08 09:47:58 INFO  : lulaoficial_allpages/lula_10.jpg: Copied (new)
2026/08/08 09:47:58 INFO  : lulaoficial_allpages/lula_14.jpg: Copied (new)
2026/08/08 09:47:58 INFO  : lulaoficial_allpages/lula_11.jpg: Copied (new)
2026/08/08 09:47:58 INFO  : lulaoficial_allpages/lula_12.jpg: Copied (new)
2026/08/08 09:47:58 INFO  : lulaoficial_allpages/lula_13.jpg: Copied (new)
2026/08/08 09:47:58 INFO  : lulaoficial_allpages/lula_15.jpg: Copied (new)
2026/08/08 09:48:00 INFO  : lulaoficial_allpages/lula_16.jpg: Copied (new)
2026/08/08 09:48:00 INFO  : lulaoficial_allpages/lula_17.jpg: Copied (new)
2026/08/08 09:48:00 INFO  : lulaoficial_allpages/lula_18.jpg: Copied (new)
2026/08/08 09:48:00 INFO  : lulaoficial_allpages/lula_19.jpg: Copied (new)
2026/08/08 09:48:00 INFO  : lulaoficial_allpages/lula_20.jpg: Copied (new)
2026/08/08 09:48:00 INFO  : lulaoficial_allpages/lula_2.jpg: Copied (new)
2026/08/08 09:48:02 INFO  : lulaoficial_allpages/lula_21.jpg: Copied (new)
2026/08/08 09:48:02 INFO  : lulaoficial_allpages/lula_22.jpg: Copied (new)
2026/08/08 09:48:02 INFO  : lulaoficial_allpages/lula_26.jpg: Copied (new)
2026/08/08 09:48:30 NOTICE: root/agent_data/banco_midia/banco_imagens_reais.db: Can't follow symlink without -L/--copy-links
2026/08/08 09:48:35 INFO  : publicadas_riocarta.jsonl: Copied (new)
2026/08/08 09:48:36 INFO  : Tutoriais/Guia_Colaborador_Rio_Carta.pdf.bak_pre_link_fix_20260514_064038: Copied (new)
2026/08/08 09:48:36 INFO  : Tutoriais/Guia_Colaborador_Rio_Carta.pdf: Copied (new)
2026/08/08 09:48:36 INFO  : Foruns/forum_riocarta_novo.md.bak_pre_votacao_chineses_20260512_2305: Copied (new)
2026/08/08 09:48:37 INFO  : FIX_RLS_COMENTARIOS_20260728.sql: Copied (new)
2026/08/08 09:48:37 INFO  : Foruns/credenciais.md: Copied (new)
2026/08/08 09:48:37 INFO  : Foruns/forum_riocarta_rls_supabase_20260728.md: Copied (new)
2026/08/08 09:48:37 INFO  : Foruns/memoria_tecnica_rls_supabase_20260728.md: Copied (new)
2026/08/08 09:48:38 INFO  : root/chaves_riocarta.env.bak_dsk_20260803_1614: Copied (new)
2026/08/08 09:48:38 INFO  : root/chaves_riocarta.env: Copied (new)
2026/08/08 09:48:38 INFO  : root/chaves_riocarta.env.bak_qwen_20260521_20260521_151147_codex: Copied (new)
2026/08/08 09:48:38 INFO  : root/riocarta_admin.env: Copied (new)
2026/08/08 09:48:38 INFO  : root/riocarta_agente_comentarista.py.bak_pre_supabase_20260519: Copied (new)
2026/08/08 09:48:38 INFO  : root/chaves_riocarta.env.bak_qwen_20260517_20260517_093647: Copied (new)
2026/08/08 09:48:38 INFO  : root/riocarta_cron_rotativo.sh: Copied (new)
2026/08/08 09:48:39 INFO  : root/riocarta_agente_roteador_llm.py.bak_pre_qwen_vision_20260515_1226: Copied (new)
2026/08/08 09:48:40 INFO  : root/riocarta_gerenciador_tokens.py.bak_pre_qwen_image_20260515_1159: Copied (new)
2026/08/08 09:48:40 INFO  : root/riocarta_gerenciador_imagens.py.bak_pre_qwen_vision_20260515_1226: Copied (new)
2026/08/08 09:48:40 INFO  : root/riocarta_indexador_google.py.bak_pre_indexing_split_20260607: Copied (new)
2026/08/08 09:48:40 INFO  : root/riocarta_gerenciador_imagens.py.bak_pre_media_db_path_20260515_1221: Copied (new)
2026/08/08 09:48:40 INFO  : root/riocarta_gerador_imagem_editorial.py.bak_pre_qwen_20260515_1159: Copied (new)
2026/08/08 09:48:40 INFO  : root/riocarta_smoke_markdown.py.bak_pre_fase1_kimi_20260521_1222: Copied (new)
2026/08/08 09:48:40 INFO  : root/riocarta_smoke_markdown.py.bak_pre_image_fallback_20260515_1221: Copied (new)
2026/08/08 09:48:41 INFO  : root/riocarta_robo_coleta.py.bak: Copied (new)
2026/08/08 09:48:43 INFO  : root/logs/riocarta_coleta_all.log: Copied (new)
2026/08/08 09:48:44 INFO  : root/logs/riocarta_coleta_capital.log: Copied (new)
2026/08/08 09:48:45 INFO  : root/config/riocarta_cascatas_llm.json.bak_pre_china_mistral_20260515_1226: Copied (new)
2026/08/08 09:48:46 INFO  : Backups/CEREBRO_INDEX_RIOCARTA.md.bak_pre_git_autocura_20260515_201731_codex: Copied (new)
2026/08/08 09:48:46 INFO  : Backups/CEREBRO_INDEX_RIOCARTA.md.bak_pre_hero_fallback_20260515_121937_codex: Copied (new)
2026/08/08 09:48:46 INFO  : Backups/CEREBRO_INDEX_RIOCARTA.md.bak_pre_riocarta_lab_pause_20260514_0048: Copied (new)
2026/08/08 09:48:46 INFO  : Backups/CEREBRO_INDEX_RIOCARTA.md.bak_pre_ag_categorias_audit_20260514_1239_codex_ag_categorias: Copied (new)
2026/08/08 09:48:46 INFO  : Backups/CEREBRO_INDEX_RIOCARTA.md.bak_pre_autocura_20260515_2250_codex: Copied (new)
2026/08/08 09:48:46 INFO  : Backups/CEREBRO_INDEX_RIOCARTA.md.bak_pre_social_agents_20260516_0145_codex: Copied (new)
2026/08/08 09:48:47 INFO  : Backups/CEREBRO_INDEX_RIOCARTA.md.bak_pre_tick_1834_site_live_20260515_183430_codex: Copied (new)
2026/08/08 09:48:47 INFO  : Backups/CEREBRO_INDEX_RIOCARTA.md.bak_pre_tick_1833_riocarta_20260515_183317_codex: Copied (new)
2026/08/08 09:48:48 INFO  : Backups/CEREBRO_INDEX_RIOCARTA.md.bak_pre_vereadores_menu_20260515_192400_codex: Copied (new)
2026/08/08 09:48:48 INFO  : Backups/content.config.ts.bak_pre_destaque_20260515_131325_codex: Copied (new)
2026/08/08 09:48:48 INFO  : Backups/HeaderTesteMacro.astro.bak_pre_public_test_header_20260516_134648_codex: Copied (new)
2026/08/08 09:48:48 INFO  : Backups/blog_index.astro.bak_pre_destaque_20260515_131325_codex: Copied (new)
2026/08/08 09:48:48 INFO  : Backups/forum_riocarta_autocura_erros_20260515.md.bak_pre_confirm_fix_20260515_2305_codex: Copied (new)
2026/08/08 09:48:48 INFO  : Backups/forum_riocarta.md.bak_pre_hero_fallback_20260515_121937_codex: Copied (new)
2026/08/08 09:48:49 INFO  : Backups/index.astro.bak_pre_destaque_20260515_131325_codex: Copied (new)
2026/08/08 09:48:49 INFO  : Backups/package.json.bak_pre_safe_audit_script_20260514_0054: Copied (new)
2026/08/08 09:48:49 INFO  : Backups/riocarta_agente_master.py.bak_pre_ag_capitalizacao_quarantine_20260514_171853_codex: Copied (new)
2026/08/08 09:48:49 INFO  : Backups/publicador_web.py.bak_pre_destaque_20260515_131325_codex: Copied (new)
2026/08/08 09:48:50 INFO  : Backups/riocarta_agente_master.py.bak_pre_anti_anthropic_20260514_082544_codex: Copied (new)
2026/08/08 09:48:50 INFO  : Backups/riocarta_agente_master.py.bak_pre_ag_categorias_quarantine_20260514_1239_codex_ag_categorias: Copied (new)
2026/08/08 09:48:50 INFO  : Backups/riocarta_agente_roteador_llm.py.bak_pre_anti_anthropic_20260514_082544_codex: Copied (new)
2026/08/08 09:48:50 INFO  : Backups/riocarta_agente_roteador_llm.py.bak_pre_deepseek_v4_codex_20260515_1548: Copied (new)
2026/08/08 09:48:50 INFO  : Backups/riocarta_cascatas_llm.json.bak_pre_anti_anthropic_20260514_082544_codex: Copied (new)
2026/08/08 09:48:51 INFO  : Backups/riocarta_cascatas_llm.json.bak_pre_deepseek_v4_codex_20260515_1548: Copied (new)
2026/08/08 09:48:51 INFO  : Backups/riocarta_cascatas_llm.json.bak_pre_social_agents_20260516_014338_codex: Copied (new)
2026/08/08 09:48:51 INFO  : Backups/riocarta_cascatas_llm.json.bak_pre_social_chinese_only_20260516_014631_codex: Copied (new)
2026/08/08 09:48:51 INFO  : Backups/riocarta_confirm_published.py.bak_pre_autocura_20260515_2250_codex: Copied (new)
2026/08/08 09:48:52 INFO  : Backups/riocarta_cron_env.sh.bak_pre_remote_publish_20260515_134758_codex: Copied (new)
2026/08/08 09:48:52 INFO  : Backups/riocarta_cron_env.sh.bak_pre_10h_20260515_124234_codex: Copied (new)
2026/08/08 09:48:52 INFO  : Backups/riocarta_hourly_cron.sh.bak_pre_destaque_20260515_131325_codex: Copied (new)
2026/08/08 09:48:52 INFO  : Backups/riocarta_hourly_cron.sh.bak_pre_pause_guard_20260514_0048: Copied (new)
2026/08/08 09:48:53 INFO  : Backups/riocarta_publicador_tematicos.py.snapshot_suspect_mtime_20260514_151848_codex: Copied (new)
2026/08/08 09:48:53 INFO  : Backups/riocarta_publish_hourly_batch.mjs.bak_pre_10h_diversidade_20260515_124234_codex: Copied (new)
2026/08/08 09:48:53 INFO  : Backups/riocarta_publish_hourly_batch.mjs.bak_pre_deepseek_v4_codex_20260515_1548: Copied (new)
2026/08/08 09:48:53 INFO  : Backups/riocarta_social_common.py.bak_pre_social_chinese_only_20260516_014631_codex: Copied (new)
2026/08/08 09:48:53 INFO  : Backups/riocarta_publish_hourly_batch.mjs.bak_pre_safe_audit_script_20260514_0054: Copied (new)
2026/08/08 09:48:53 INFO  : Backups/riocarta_publish_hourly_batch.mjs.bak_pre_pause_guard_20260514_0048: Copied (new)
2026/08/08 09:48:54 INFO  : Backups/tags_tag.astro.bak_pre_destaque_20260515_131325_codex: Copied (new)
2026/08/08 09:48:54 INFO  : Backups/teste-header-novo.astro.bak_pre_public_test_header_20260516_134648_codex: Copied (new)
2026/08/08 09:48:56 INFO  : Backups/auditoria_publicador_20260515_1706/riocarta_publish_hourly_batch.mjs.local.bak: Copied (new)
2026/08/08 09:48:56 INFO  : Backups/vereadores_rj.json.bak_pre_tse_20260515_191616_codex: Copied (new)
2026/08/08 09:48:58 INFO  : Backups/admin_miguel_20260519_codex/update_env_miguel.py: Copied (new)
2026/08/08 09:48:58 INFO  : Backups/admin_miguel_20260519_codex/riocarta_admin.py.post: Copied (new)
2026/08/08 09:48:59 INFO  : Backups/og_image_20260515_164901/BaseHead.astro.HEAD: Copied (new)
2026/08/08 09:48:59 INFO  : Backups/og_image_20260515_164901/BlogPost.astro.HEAD: Copied (new)
2026/08/08 09:49:00 INFO  : root/agent_data/banco_custos_2026-07.jsonl: Copied (new)
2026/08/08 09:49:00 INFO  : root/agent_data/banco_custos_2026-05.jsonl: Copied (new)
2026/08/08 09:49:00 INFO  : root/agent_data/comentarios_diarios.log: Copied (new)
2026/08/08 09:49:00 INFO  : root/agent_data/banco_reserva_top.json: Copied (new)
2026/08/08 09:49:01 INFO  : root/agent_data/indexing_key.json: Copied (new)
2026/08/08 09:49:01 INFO  : root/agent_data/foco_pauta.json: Copied (new)
2026/08/08 09:49:01 INFO  : root/agent_data/riocarta_autocura_licoes.json: Copied (new)
2026/08/08 09:49:01 INFO  : root/agent_data/riocarta_autocura_pendente_cerebro.md: Copied (new)
2026/08/08 09:49:02 INFO  : root/agent_data/riocarta_banco_artigos_brutos.json: Copied (new)
2026/08/08 09:49:02 INFO  : root/agent_data/riocarta_banco_bairros.json: Copied (new)
2026/08/08 09:49:02 INFO  : root/agent_data/riocarta_hero_blocklist.json: Copied (new)
2026/08/08 09:49:02 INFO  : root/agent_data/riocarta_historico_autocura.jsonl: Copied (new)
2026/08/08 09:49:02 INFO  : root/agent_data/riocarta_hero_rejected.jsonl: Copied (new)
2026/08/08 09:49:03 INFO  : root/agent_data/riocarta_licoes_recentes_autocura.json: Copied (new)
2026/08/08 09:49:03 INFO  : root/agent_data/riocarta_personas_comentarios.json: Copied (new)
2026/08/08 09:49:04 INFO  : root/agent_data/riocarta_smoke_202605122332.json: Copied (new)
2026/08/08 09:49:28 INFO  : root/agent_data/riocarta_smoke_202605130405.json: Copied (new)
2026/08/08 09:49:30 INFO  :    15.705 MiB / 237.485 MiB, 7%, 156.812 KiB/s, ETA 24m8s (xfr#89/201)
2026/08/08 09:49:30 INFO  : root/agent_data/riocarta_smoke_202605130505.json: Copied (new)
2026/08/08 09:49:32 INFO  : root/agent_data/riocarta_smoke_202605130605.json: Copied (new)
2026/08/08 09:49:32 INFO  : root/agent_data/riocarta_smoke_202605122309.json: Copied (new)
2026/08/08 09:49:32 INFO  : root/agent_data/riocarta_smoke_202605130205.json: Copied (new)
2026/08/08 09:49:32 INFO  : root/agent_data/riocarta_smoke_202605130030.json: Copied (new)
2026/08/08 09:49:33 INFO  : root/agent_data/riocarta_smoke_202605130105.json: Copied (new)
2026/08/08 09:49:34 INFO  : root/agent_data/riocarta_smoke_202605130705.json: Copied (new)
2026/08/08 09:49:34 INFO  : root/agent_data/riocarta_smoke_202605130305.json: Copied (new)
2026/08/08 09:49:34 INFO  : root/agent_data/riocarta_smoke_202605122308.json: Copied (new)
2026/08/08 09:49:34 INFO  : root/agent_data/riocarta_smoke_202605130905.json: Copied (new)
2026/08/08 09:49:34 INFO  : root/agent_data/riocarta_smoke_202605130805.json: Copied (new)
2026/08/08 09:49:34 INFO  : root/agent_data/riocarta_smoke_202605131022.json: Copied (new)
2026/08/08 09:49:35 INFO  : root/agent_data/riocarta_smoke_202605131026.json: Copied (new)
2026/08/08 09:49:35 INFO  : root/agent_data/riocarta_inbox.db: Copied (new)
2026/08/08 09:49:35 INFO  : root/agent_data/riocarta_smoke_202605131105.json: Copied (new)
2026/08/08 09:49:36 INFO  : root/agent_data/riocarta_smoke_202605131305.json: Copied (new)
2026/08/08 09:49:36 INFO  : root/agent_data/riocarta_smoke_202605131205.json: Copied (new)
2026/08/08 09:49:36 INFO  : root/agent_data/riocarta_smoke_202605131405.json: Copied (new)
2026/08/08 09:49:36 INFO  : root/agent_data/riocarta_smoke_202605131505.json: Copied (new)
2026/08/08 09:49:36 INFO  : root/agent_data/riocarta_smoke_202605131605.json: Copied (new)
2026/08/08 09:49:36 INFO  : root/agent_data/riocarta_smoke_202605131705.json: Copied (new)
2026/08/08 09:49:37 INFO  : root/agent_data/riocarta_smoke_202605131805.json: Copied (new)
2026/08/08 09:49:37 INFO  : root/agent_data/riocarta_smoke_202605131905.json: Copied (new)
2026/08/08 09:49:37 INFO  : root/agent_data/riocarta_smoke_202605132005.json: Copied (new)
2026/08/08 09:49:37 INFO  : root/agent_data/riocarta_smoke_202605132205.json: Copied (new)
2026/08/08 09:49:37 INFO  : root/agent_data/riocarta_smoke_202605132105.json: Copied (new)
2026/08/08 09:49:38 INFO  : root/agent_data/riocarta_smoke_202605132305.json: Copied (new)
2026/08/08 09:49:38 INFO  : root/agent_data/riocarta_smoke_202605150001.json: Copied (new)
2026/08/08 09:49:38 INFO  : root/agent_data/riocarta_smoke_202605150005.json: Copied (new)
2026/08/08 09:49:39 INFO  : root/agent_data/riocarta_smoke_202605150105.json: Copied (new)
2026/08/08 09:49:39 INFO  : root/agent_data/riocarta_smoke_202605150205.json: Copied (new)
2026/08/08 09:49:39 INFO  : root/agent_data/riocarta_smoke_202605150405.json: Copied (new)
2026/08/08 09:49:39 INFO  : root/agent_data/riocarta_smoke_202605150305.json: Copied (new)
2026/08/08 09:49:39 INFO  : root/agent_data/riocarta_smoke_202605150505.json: Copied (new)
2026/08/08 09:49:40 INFO  : root/agent_data/riocarta_smoke_202605150605.json: Copied (new)
2026/08/08 09:49:40 INFO  : root/agent_data/riocarta_smoke_202605150705.json: Copied (new)
2026/08/08 09:49:40 INFO  : root/agent_data/riocarta_smoke_202605150805.json: Copied (new)
2026/08/08 09:49:40 INFO  : root/agent_data/riocarta_smoke_202605150905.json: Copied (new)
2026/08/08 09:49:40 INFO  : root/agent_data/riocarta_smoke_202605151005.json: Copied (new)
2026/08/08 09:49:40 INFO  : root/agent_data/riocarta_smoke_202605151105.json: Copied (new)
2026/08/08 09:49:41 INFO  : root/agent_data/riocarta_smoke_202605151218.json: Copied (new)
2026/08/08 09:49:41 INFO  : root/agent_data/riocarta_smoke_202605151205.json: Copied (new)
2026/08/08 09:49:41 INFO  : root/agent_data/riocarta_smoke_202605151224.json: Copied (new)
2026/08/08 09:49:41 INFO  : root/agent_data/riocarta_smoke_202605151223.json: Copied (new)
2026/08/08 09:49:42 INFO  : root/agent_data/riocarta_smoke_202605151305.json: Copied (new)
2026/08/08 09:49:42 INFO  : root/agent_data/riocarta_smoke_202605151405.json: Copied (new)
2026/08/08 09:49:42 INFO  : root/agent_data/riocarta_smoke_202605211245.json: Copied (new)
2026/08/08 09:49:42 INFO  : root/agent_data/riocarta_smoke_202605151805.json: Copied (new)
2026/08/08 09:49:43 INFO  : root/agent_data/riocarta_smoke_202605211248.json: Copied (new)
2026/08/08 09:49:43 INFO  : root/agent_data/riocarta_smoke_202605211305.json: Copied (new)
2026/08/08 09:49:43 INFO  : root/agent_data/riocarta_smoke_202605211306.json: Copied (new)
2026/08/08 09:49:43 INFO  : root/agent_data/riocarta_smoke_202605311627.json: Copied (new)
2026/08/08 09:49:43 INFO  : root/agent_data/riocarta_smoke_202605311628.json: Copied (new)
2026/08/08 09:49:44 INFO  : root/agent_data/riocarta_smoke_202605311736.json: Copied (new)
2026/08/08 09:49:44 INFO  : root/agent_data/riocarta_smoke_202607060900.json: Copied (new)
2026/08/08 09:49:44 INFO  : root/agent_data/riocarta_smoke_202607070900.json: Copied (new)
2026/08/08 09:49:44 INFO  : root/agent_data/riocarta_smoke_202607070947.json: Copied (new)
2026/08/08 09:49:44 INFO  : root/agent_data/riocarta_smoke_202607040900.json: Copied (new)
2026/08/08 09:49:45 INFO  : root/agent_data/riocarta_smoke_202607070950.json: Copied (new)
2026/08/08 09:49:45 INFO  : root/agent_data/riocarta_smoke_202607070953.json: Copied (new)
2026/08/08 09:49:45 INFO  : root/agent_data/riocarta_smoke_202607071753.json: Copied (new)
2026/08/08 09:49:45 INFO  : root/agent_data/riocarta_smoke_202607090900.json: Copied (new)
2026/08/08 09:49:45 INFO  : root/agent_data/riocarta_smoke_202607080900.json: Copied (new)
2026/08/08 09:49:46 INFO  : root/agent_data/riocarta_smoke_202607100900.json: Copied (new)
2026/08/08 09:49:46 INFO  : root/agent_data/riocarta_smoke_202607120900.json: Copied (new)
2026/08/08 09:49:46 INFO  : root/agent_data/riocarta_smoke_202607110900.json: Copied (new)
2026/08/08 09:49:46 INFO  : root/agent_data/riocarta_smoke_202607130900.json: Copied (new)
2026/08/08 09:49:46 INFO  : root/agent_data/riocarta_smoke_202607131448.json: Copied (new)
2026/08/08 09:49:47 INFO  : root/agent_data/riocarta_smoke_202607140900.json: Copied (new)
2026/08/08 09:49:47 INFO  : root/agent_data/riocarta_smoke_202607150900.json: Copied (new)
2026/08/08 09:49:47 INFO  : root/agent_data/riocarta_smoke_202607170900.json: Copied (new)
2026/08/08 09:49:48 INFO  : root/agent_data/riocarta_smoke_202607180900.json: Copied (new)
2026/08/08 09:49:48 INFO  : root/agent_data/riocarta_smoke_202607190900.json: Copied (new)
2026/08/08 09:49:49 INFO  : root/agent_data/riocarta_smoke_202607200900.json: Copied (new)
2026/08/08 09:49:49 INFO  : root/agent_data/riocarta_social_queue.json: Copied (new)
2026/08/08 09:49:52 INFO  : Backups/riocarta_rebaixamento_20260514_0100/smoke-202605130030-mprj-denuncia-mais-11-policiais-que-recebiam-propina-de-comerciantes-por-servico-de-seguranca-du.md: Copied (new)
2026/08/08 09:49:52 INFO  : Backups/riocarta_rebaixamento_20260514_0100/smoke-202605130030-inea-sob-suspeita-auditoria-analisa-contrato-milionario-de-dragagem-em-nova-iguacu.md: Copied (new)
2026/08/08 09:49:52 INFO  : Backups/riocarta_rebaixamento_20260514_0100/rebaixados.txt: Copied (new)
2026/08/08 09:49:52 INFO  : Backups/riocarta_rebaixamento_20260514_0100/smoke-202605130030-comissao-da-alerj-acionara-mp-para-investigar-contrato-bilionario-de-radares-do-der-rj.md: Copied (new)
2026/08/08 09:49:52 INFO  : Backups/riocarta_rebaixamento_20260514_0100/smoke-202605130030-caso-paloma-denuncia-sobre-ossada-leva-policia-civil-a-realizar-operacao-em-busca-de-estudante-d.md: Copied (new)
2026/08/08 09:49:52 INFO  : Backups/riocarta_rebaixamento_20260514_0100/smoke-202605130030-pf-aponta-aumento-de-665-no-patrimonio-de-marcelo-queiroz.md: Copied (new)
2026/08/08 09:49:52 INFO  : Backups/riocarta_rebaixamento_20260514_0100/smoke-202605130030-plano-niteroi-que-queremos-2050-traca-transicao-economica-da-cidade.md: Copied (new)
2026/08/08 09:49:54 INFO  : Backups/riocarta_rebaixamento_20260514_0100/smoke-202605130105-alerj-exonera-todos-os-assessores-de-thiago-rangel.md: Copied (new)
2026/08/08 09:49:54 INFO  : Backups/riocarta_rebaixamento_20260514_0100/smoke-202605130030-policia-prende-acusado-de-estupro-coletivo-em-uma-menina-de-13-anos-em-sao-joao-de-meriti-na-bai.md: Copied (new)
2026/08/08 09:49:54 INFO  : Backups/riocarta_rebaixamento_20260514_0100/smoke-202605130105-fabrica-de-suplementos-falsificados-usava-amido-de-milho-para-enganar-consumidores-no-rio.md: Copied (new)
2026/08/08 09:49:54 INFO  : Backups/riocarta_rebaixamento_20260514_0100/smoke-202605130105-justica-suspende-trecho-de-decreto-de-claudio-castro-que-ampliava-seguranca-para-familiares-de-e.md: Copied (new)
2026/08/08 09:49:54 INFO  : Backups/riocarta_rebaixamento_20260514_0100/smoke-202605130105-caso-thamires-comissao-da-alerj-cobra-rigor.md: Copied (new)
2026/08/08 09:49:54 INFO  : Backups/riocarta_rebaixamento_20260514_0100/smoke-202605130105-marica-segue-com-recadastramento-da-renda-basica-de-cidadania-para-mais-de-70-mil-beneficiarios.md: Copied (new)
2026/08/08 09:49:54 INFO  : Backups/riocarta_rebaixamento_20260514_0100/smoke-202605130105-ministro-dos-transportes-confirma-obras-de-duplicacao-da-br-101-entre-rio-das-ostras-e-macae.md: Copied (new)
2026/08/08 09:49:58 INFO  : Backups/riocarta_rebaixamento_20260514_0100/smoke-202605130105-tce-rj-investiga-suspeita-de-cartel-em-licitacao-de-r-230-milhoes-para-radares-em-rodovias-estad.md: Copied (new)
2026/08/08 09:49:58 INFO  : Backups/riocarta_rebaixamento_20260514_0100/smoke-202605130105-stf-mantem-prisao-de-thiago-rangel-e-alerj-afasta-deputado.md: Copied (new)
2026/08/08 09:49:58 INFO  : Backups/riocarta_rebaixamento_20260514_0100/smoke-202605130205-palacio-tiradentes-pode-virar-patrimonio-historico-e-cultural-imaterial-do-rio.md: Copied (new)
2026/08/08 09:49:58 INFO  : Backups/riocarta_rebaixamento_20260514_0100/smoke-202605130105-pt-do-rio-racha-apos-intervencao-da-direcao-nacional-na-chapa-de-benedita-ao-senado.md: Copied (new)
2026/08/08 09:49:58 INFO  : Backups/riocarta_rebaixamento_20260514_0100/smoke-202605130105-onibus-do-rio-deixarao-de-aceitar-dinheiro-a-partir-de-30-de-maio.md: Copied (new)
2026/08/08 09:49:58 INFO  : root/agent_data/riocarta_pipeline_shadow/shadow_202605211245_menina-de-12-anos-denuncia-estupro-coletivo-por-8-adolescentes-na-zona-oeste-do-rio-de-janeiro.json: Copied (new)
2026/08/08 09:49:58 INFO  : root/agent_data/riocarta_pipeline_shadow/shadow_202605211245_teste-llm.json: Copied (new)
2026/08/08 09:50:00 INFO  : root/agent_data/riocarta_pipeline_shadow/shadow_202605211248_alexandre-de-moraes-vota-para-tornar-reus-ex-integrantes-da-policia-civil-no-caso-marielle.json: Copied (new)
2026/08/08 09:50:00 INFO  : root/agent_data/riocarta_pipeline_shadow/shadow_202605211248_teste-llm-longo.json: Copied (new)
2026/08/08 09:50:00 INFO  : root/agent_data/riocarta_pipeline_shadow/shadow_202605211248_claudio-castro-tem-celular-e-tablet-apreendidos-pela-pf-em-investigacao-da-refit-ele-diz-ter-sid.json: Copied (new)
2026/08/08 09:50:00 INFO  : root/agent_data/riocarta_pipeline_shadow/shadow_202605211305_operacao-sem-refino-investigados-usavam-celulares-em-nome-de-mortos.json: Copied (new)
2026/08/08 09:50:00 INFO  : root/agent_data/riocarta_pipeline_shadow/shadow_202605211248_pf-aponta-repasse-de-r-1-3-mi-da-refit-a-no2-de-ciro-nogueira.json: Copied (new)
2026/08/08 09:50:00 INFO  : root/agent_data/riocarta_pipeline_shadow/shadow_202605211248_carros-de-luxo-e-r-1-1-milhao-em-moedas-estrangeiras-sao-apreendidos-pela-pf-no-rio.json: Copied (new)
2026/08/08 09:50:00 INFO  : root/agent_data/riocarta_pipeline_shadow/shadow_202605211305_pf-rastreia-elo-da-refit-com-ex-secretario-da-casa-civil-de-bolsonaro.json: Copied (new)
2026/08/08 09:50:02 INFO  : root/agent_data/riocarta_pipeline_shadow/shadow_202605211306_mensagens-indicam-influencia-de-suposto-lobista-da-refit-na-fazenda-do-rio.json: Copied (new)
2026/08/08 09:50:02 INFO  : root/agent_data/riocarta_pipeline_shadow/shadow_202605311627_vik-muniz-inaugura-retrospectiva-no-ccbb-com-pterossauro-gigante-na-rotunda.json: Copied (new)
2026/08/08 09:50:02 INFO  : root/agent_data/riocarta_pipeline_shadow/shadow_202605211306_pl-ja-discute-tirar-claudio-castro-do-palanque-apos-operacao-da-pf.json: Copied (new)
2026/08/08 09:50:02 INFO  : root/agent_data/riocarta_pipeline_shadow/shadow_202605311736_mais-um-bairro-marcelo-diniz-quer-transformar-rio-das-pedras-em-bairro-oficial-do-rio.json: Copied (new)
2026/08/08 09:50:27 INFO  : root/agent_data/riocarta_pipeline_shadow/shadow_202605311628_carlos-lacerda-tera-nova-biografia-escrita-por-mario-magalhaes.json: Copied (new)
2026/08/08 09:50:30 INFO  :   196.306 MiB / 242.807 MiB, 81%, 3.785 MiB/s, ETA 12s
2026/08/08 09:50:35 INFO  : root/agent_data/riocarta_pipeline_shadow/shadow_202607071753_santa-teresa-tera-2a-edicao-do-sao-joao-com-arraial-no-parque-gloria-maria.json: Copied (new)
2026/08/08 09:50:35 INFO  : root/agent_data/riocarta_pipeline_shadow/shadow_202607071753_o-que-o-relogio-da-mesbla-foi-fazer-em-paqueta.json: Copied (new)
2026/08/08 09:50:36 INFO  : root/agent_data/riocarta_pipeline_shadow/shadow_202607071753_rio-das-ostras-jazz-blues-festival-divulga-programacao-completa-com-novidades.json: Copied (new)
2026/08/08 09:50:44 INFO  : root/agent_data/banco_midia/Legacy_banco_imagens_reais.db: Copied (new)
2026/08/08 09:50:44 INFO  : root/agent_data/banco_midia: Set directory modification time (using DirSetModTime)
2026/08/08 09:50:44 INFO  : root/agent_data/riocarta_pipeline_shadow: Set directory modification time (using DirSetModTime)
2026/08/08 09:50:45 INFO  : root/logs: Set directory modification time (using DirSetModTime)
2026/08/08 09:50:45 INFO  : root/config: Set directory modification time (using DirSetModTime)
2026/08/08 09:50:45 INFO  : root/agent_data: Set directory modification time (using DirSetModTime)
2026/08/08 09:50:45 INFO  : Backups/auditoria_publicador_20260515_1706: Set directory modification time (using DirSetModTime)
2026/08/08 09:50:45 INFO  : Backups/admin_miguel_20260519_codex: Set directory modification time (using DirSetModTime)
2026/08/08 09:50:45 INFO  : Backups/riocarta_rebaixamento_20260514_0100: Set directory modification time (using DirSetModTime)
2026/08/08 09:50:45 INFO  : Backups/og_image_20260515_164901: Set directory modification time (using DirSetModTime)
2026/08/08 09:50:46 INFO  : Foruns: Set directory modification time (using DirSetModTime)
2026/08/08 09:50:46 INFO  : Backups: Set directory modification time (using DirSetModTime)
2026/08/08 09:50:46 INFO  : root: Set directory modification time (using DirSetModTime)
2026/08/08 09:50:46 INFO  : Tutoriais: Set directory modification time (using DirSetModTime)
2026/08/08 09:50:46 INFO  :   242.807 MiB / 242.807 MiB, 100%, 3.586 MiB/s, ETA 0s
2026/08/08 09:50:50 INFO  : gsn_inbox.db: Copied (new)
2026/08/08 09:50:53 INFO  : publicadas_gsn.jsonl: Copied (new)
2026/08/08 09:50:53 INFO  : Tutoriais/Guia_Colaborador_GSN.pdf.bak_pre_link_fix_20260514_064038: Copied (new)
2026/08/08 09:50:54 INFO  : root/chaves_gsn.env.bak_dsk_20260803_1614: Copied (new)
2026/08/08 09:50:54 INFO  : root/chaves_gsn.env.bak_qwen_20260517_20260517_093647: Copied (new)
2026/08/08 09:50:54 INFO  : root/chaves_gsn.env.bak_pre_kimi_moonshotai_20260723_085848: Copied (new)
2026/08/08 09:50:54 INFO  : root/chaves_gsn.env.bak_pre_kimi_vision_20260723_084247: Copied (new)
2026/08/08 09:50:54 INFO  : Tutoriais/Guia_Colaborador_GSN.pdf: Copied (new)
2026/08/08 09:50:54 INFO  : root/chaves_gsn.env.bak_qwen_20260521_20260521_151147_codex: Copied (new)
2026/08/08 09:50:54 INFO  : root/chaves_gsn.env: Copied (new)
2026/08/08 09:50:55 INFO  : root/gsn_agente_youtube_publicador.py.bak_pre_antimetalinguagem_20260521_kimi: Copied (new)
2026/08/08 09:50:57 INFO  : root/indexador_google.py.bak_pre_indexing_split_20260607: Copied (new)
2026/08/08 09:50:57 INFO  : root/gsn_smoke_markdown.py.bak_pre_antimetalinguagem_20260521_kimi: Copied (new)
2026/08/08 09:50:57 INFO  : root/logs/gsn_coleta_capital.log: Copied (new)
2026/08/08 09:50:57 INFO  : root/logs/gsn_youtube_coleta_20260601.log: Copied (new)
2026/08/08 09:50:57 INFO  : root/logs/gsn_publicador_local_20260604.log: Copied (new)
2026/08/08 09:50:57 INFO  : root/publish_paulo.py: Copied (new)
2026/08/08 09:50:57 INFO  : root/logs/gsn_coleta_all.log: Copied (new)
2026/08/08 09:50:58 INFO  : root/logs/gsn_youtube_publicador_20260602.log: Copied (new)
2026/08/08 09:50:58 INFO  : root/logs/gsn_youtube_coleta_20260604.log: Copied (new)
2026/08/08 09:50:58 INFO  : root/logs/gsn_youtube_coleta_20260602.log: Copied (new)
2026/08/08 09:50:58 INFO  : root/logs/gsn_youtube_publicador_20260603.log: Copied (new)
2026/08/08 09:50:59 INFO  : root/logs/gsn_youtube_publicador_20260604.log: Copied (new)
2026/08/08 09:50:59 INFO  : root/logs/gsn_youtube_publicador_20260605.log: Copied (new)
2026/08/08 09:50:59 INFO  : root/logs/gsn_youtube_coleta_20260603.log: Copied (new)
2026/08/08 09:50:59 INFO  : root/logs/gsn_publicador_local_20260605.log: Copied (new)
2026/08/08 09:51:01 INFO  : Backups/CEREBRO_INDEX_GSN.md.bak_pre_ag_categorias_audit_20260514_1239_codex_ag_categorias: Copied (new)
2026/08/08 09:51:01 INFO  : Backups/CEREBRO_INDEX_GSN.md.bak_pre_tick_1834_site_live_20260515_183430_codex: Copied (new)
2026/08/08 09:51:01 INFO  : Backups/CEREBRO_INDEX_GSN.md.bak_pre_tick_1833_gsn_20260515_183317_codex: Copied (new)
2026/08/08 09:51:02 INFO  : Backups/CEREBRO_INDEX_GSN.md.bak_pre_social_agents_20260516_0145_codex: Copied (new)
2026/08/08 09:51:29 INFO  : Backups/forum_gsn.md.bak_pre_hero_fallback_20260515_121937_codex: Copied (new)
2026/08/08 09:51:31 INFO  : Backups/blog_index.astro.bak_pre_destaque_20260515_131325_codex: Copied (new)
2026/08/08 09:51:31 INFO  : Backups/content.config.ts.bak_pre_destaque_20260515_131325_codex: Copied (new)
2026/08/08 09:51:31 INFO  : Backups/forum_gsn_autocura_erros_20260515.md.bak_pre_confirm_fix_20260515_2305_codex: Copied (new)
2026/08/08 09:51:31 INFO  : Backups/CEREBRO_INDEX_GSN.md.bak_pre_git_autocura_20260515_201731_codex: Copied (new)
2026/08/08 09:51:31 INFO  : Backups/CEREBRO_INDEX_GSN.md.bak_pre_gsn_lab_pause_20260514_0048: Copied (new)
2026/08/08 09:51:31 INFO  : Backups/CEREBRO_INDEX_GSN.md.bak_pre_hero_fallback_20260515_121937_codex: Copied (new)
2026/08/08 09:51:31 INFO  : Backups/CEREBRO_INDEX_GSN.md.bak_pre_autocura_20260515_2250_codex: Copied (new)
2026/08/08 09:51:31 INFO  : Backups/CEREBRO_INDEX_GSN.md.bak_pre_vereadores_menu_20260515_192400_codex: Copied (new)
2026/08/08 09:51:32 INFO  : Backups/gsn_agente_master.py.bak_pre_ag_capitalizacao_quarantine_20260514_171853_codex: Copied (new)
2026/08/08 09:51:33 INFO  : Backups/gsn_agente_master.py.bak_pre_ag_categorias_quarantine_20260514_1239_codex_ag_categorias: Copied (new)
2026/08/08 09:51:33 INFO  : Backups/gsn_agente_roteador_llm.py.bak_pre_deepseek_v4_codex_20260515_1548: Copied (new)
2026/08/08 09:51:33 INFO  : Backups/gsn_cascatas_llm.json.bak_pre_anti_anthropic_20260514_082544_codex: Copied (new)
2026/08/08 09:51:33 INFO  : Backups/gsn_cascatas_llm.json.bak_pre_deepseek_v4_codex_20260515_1548: Copied (new)
2026/08/08 09:51:33 INFO  : Backups/gsn_agente_master.py.bak_pre_anti_anthropic_20260514_082544_codex: Copied (new)
2026/08/08 09:51:33 INFO  : Backups/gsn_agente_roteador_llm.py.bak_pre_anti_anthropic_20260514_082544_codex: Copied (new)
2026/08/08 09:51:34 INFO  : Backups/gsn_cascatas_llm.json.bak_pre_social_chinese_only_20260516_014631_codex: Copied (new)
2026/08/08 09:51:34 INFO  : Backups/gsn_cron_env.sh.bak_pre_remote_publish_20260515_134758_codex: Copied (new)
2026/08/08 09:51:34 INFO  : Backups/gsn_confirm_published.py.bak_pre_autocura_20260515_2250_codex: Copied (new)
2026/08/08 09:51:34 INFO  : Backups/gsn_cron_env.sh.bak_pre_10h_20260515_124234_codex: Copied (new)
2026/08/08 09:51:35 INFO  : Backups/gsn_hourly_cron.sh.bak_pre_pause_guard_20260514_0048: Copied (new)
2026/08/08 09:51:35 INFO  : Backups/gsn_publicador_tematicos.py.snapshot_suspect_mtime_20260514_151848_codex: Copied (new)
2026/08/08 09:51:35 INFO  : Backups/gsn_hourly_cron.sh.bak_pre_destaque_20260515_131325_codex: Copied (new)
2026/08/08 09:51:35 INFO  : Backups/gsn_cascatas_llm.json.bak_pre_social_agents_20260516_014338_codex: Copied (new)
2026/08/08 09:51:36 INFO  : Backups/gsn_publish_hourly_batch.mjs.bak_pre_10h_diversidade_20260515_124234_codex: Copied (new)
2026/08/08 09:51:36 INFO  : Backups/gsn_publish_hourly_batch.mjs.bak_pre_deepseek_v4_codex_20260515_1548: Copied (new)
2026/08/08 09:51:36 INFO  : Backups/gsn_publish_hourly_batch.mjs.bak_pre_pause_guard_20260514_0048: Copied (new)
2026/08/08 09:51:36 INFO  : Backups/gsn_publish_hourly_batch.mjs.bak_pre_safe_audit_script_20260514_0054: Copied (new)
2026/08/08 09:51:36 INFO  : Backups/gsn_social_common.py.bak_pre_social_chinese_only_20260516_014631_codex: Copied (new)
2026/08/08 09:51:37 INFO  : Backups/index.astro.bak_pre_destaque_20260515_131325_codex: Copied (new)
2026/08/08 09:51:37 INFO  : Backups/package.json.bak_pre_safe_audit_script_20260514_0054: Copied (new)
2026/08/08 09:51:37 INFO  : Backups/publicador_web.py.bak_pre_destaque_20260515_131325_codex: Copied (new)
2026/08/08 09:51:39 INFO  : Backups/tags_tag.astro.bak_pre_destaque_20260515_131325_codex: Copied (new)
2026/08/08 09:51:39 INFO  : Backups/vereadores_rj.json.bak_pre_tse_20260515_191616_codex: Copied (new)
2026/08/08 09:51:41 INFO  : Backups/og_image_20260515_164901/BaseHead.astro.HEAD: Copied (new)
2026/08/08 09:51:41 INFO  : Backups/og_image_20260515_164901/BlogPost.astro.HEAD: Copied (new)
2026/08/08 09:51:42 INFO  : root/agent_data/banco_custos_2026-05.jsonl: Copied (new)
2026/08/08 09:51:42 INFO  : Backups/auditoria_publicador_20260515_1706/gsn_publish_hourly_batch.mjs.local.bak: Copied (new)
2026/08/08 09:51:42 INFO  : root/agent_data/banco_custos_2026-06.jsonl: Copied (new)
2026/08/08 09:51:42 INFO  : root/agent_data/banco_reserva_top.json: Copied (new)
2026/08/08 09:51:42 INFO  : root/agent_data/diagnostico_youtube_20260601.md: Copied (new)
2026/08/08 09:51:42 INFO  : root/agent_data/canais_youtube.json: Copied (new)
2026/08/08 09:51:43 INFO  : root/agent_data/foco_pauta.json: Copied (new)
2026/08/08 09:51:43 INFO  : root/agent_data/gsn_autocura.jsonl: Copied (new)
2026/08/08 09:51:44 INFO  : root/agent_data/gsn_autocura_licoes.json: Copied (new)
2026/08/08 09:51:44 INFO  : root/agent_data/gsn_autocura_pendente_cerebro.md: Copied (new)
2026/08/08 09:51:44 INFO  : root/agent_data/gsn_banco_bairros.json: Copied (new)
2026/08/08 09:51:44 INFO  : root/agent_data/gsn_banco_artigos_brutos.json: Copied (new)
2026/08/08 09:51:44 INFO  : root/agent_data/gsn_historico_autocura.jsonl: Copied (new)
2026/08/08 09:51:44 INFO  : root/agent_data/gsn_licoes_recentes_autocura.json: Copied (new)
2026/08/08 09:51:45 INFO  : root/agent_data/gsn_personas_comentarios.json: Copied (new)
2026/08/08 09:51:45 INFO  : root/agent_data/gsn_inbox.db: Copied (new)
2026/08/08 09:51:45 INFO  : root/agent_data/gsn_smoke_202605122309.json: Copied (new)
2026/08/08 09:51:45 INFO  : root/agent_data/gsn_smoke_202605122308.json: Copied (new)
2026/08/08 09:51:46 INFO  : root/agent_data/gsn_smoke_202605130030.json: Copied (new)
2026/08/08 09:51:46 INFO  : root/agent_data/gsn_smoke_202605122332.json: Copied (new)
2026/08/08 09:51:46 INFO  : root/agent_data/gsn_smoke_202605130105.json: Copied (new)
2026/08/08 09:51:46 INFO  : root/agent_data/gsn_smoke_202605130305.json: Copied (new)
2026/08/08 09:51:47 INFO  : root/agent_data/gsn_smoke_202605130205.json: Copied (new)
2026/08/08 09:51:47 INFO  : root/agent_data/gsn_smoke_202605130405.json: Copied (new)
2026/08/08 09:51:47 INFO  : root/agent_data/gsn_smoke_202605130605.json: Copied (new)
2026/08/08 09:51:47 INFO  :    10.213 MiB / 230.095 MiB, 4%, 324.870 KiB/s, ETA 11m33s (xfr#91/185)
2026/08/08 09:51:47 INFO  : root/agent_data/gsn_smoke_202605130505.json: Copied (new)
2026/08/08 09:51:47 INFO  : root/agent_data/gsn_smoke_202605130805.json: Copied (new)
2026/08/08 09:51:47 INFO  : root/agent_data/gsn_smoke_202605130705.json: Copied (new)
2026/08/08 09:51:47 INFO  : root/agent_data/gsn_smoke_202605130905.json: Copied (new)
2026/08/08 09:51:48 INFO  : root/agent_data/gsn_smoke_202605131022.json: Copied (new)
2026/08/08 09:51:48 INFO  : root/agent_data/gsn_smoke_202605131026.json: Copied (new)
2026/08/08 09:51:49 INFO  : root/agent_data/gsn_smoke_202605131105.json: Copied (new)
2026/08/08 09:51:49 INFO  : root/agent_data/gsn_smoke_202605131205.json: Copied (new)
2026/08/08 09:51:49 INFO  : root/agent_data/gsn_smoke_202605131405.json: Copied (new)
2026/08/08 09:51:49 INFO  : root/agent_data/gsn_smoke_202605131305.json: Copied (new)
2026/08/08 09:51:49 INFO  : root/agent_data/gsn_smoke_202605131505.json: Copied (new)
2026/08/08 09:51:49 INFO  : root/agent_data/gsn_smoke_202605131605.json: Copied (new)
2026/08/08 09:51:50 INFO  : root/agent_data/gsn_smoke_202605131705.json: Copied (new)
2026/08/08 09:51:50 INFO  : root/agent_data/gsn_smoke_202605131905.json: Copied (new)
2026/08/08 09:51:50 INFO  : root/agent_data/gsn_smoke_202605132005.json: Copied (new)
2026/08/08 09:51:50 INFO  : root/agent_data/gsn_smoke_202605132205.json: Copied (new)
2026/08/08 09:51:51 INFO  : root/agent_data/gsn_smoke_202605132105.json: Copied (new)
2026/08/08 09:51:51 INFO  : root/agent_data/gsn_smoke_202605132305.json: Copied (new)
2026/08/08 09:51:51 INFO  : root/agent_data/gsn_smoke_202605150001.json: Copied (new)
2026/08/08 09:51:52 INFO  : root/agent_data/gsn_smoke_202605131805.json: Copied (new)
2026/08/08 09:51:52 INFO  : root/agent_data/gsn_smoke_202605150105.json: Copied (new)
2026/08/08 09:51:52 INFO  : root/agent_data/gsn_smoke_202605150005.json: Copied (new)
2026/08/08 09:51:52 INFO  : root/agent_data/gsn_smoke_202605150205.json: Copied (new)
2026/08/08 09:51:52 INFO  : root/agent_data/gsn_smoke_202605150305.json: Copied (new)
2026/08/08 09:51:52 INFO  : root/agent_data/gsn_smoke_202605150405.json: Copied (new)
2026/08/08 09:51:53 INFO  : root/agent_data/gsn_smoke_202605150605.json: Copied (new)
2026/08/08 09:51:54 INFO  : root/agent_data/gsn_smoke_202605150805.json: Copied (new)
2026/08/08 09:51:54 INFO  : root/agent_data/gsn_smoke_202605150905.json: Copied (new)
2026/08/08 09:51:54 INFO  : root/agent_data/gsn_smoke_202605150705.json: Copied (new)
2026/08/08 09:51:54 INFO  : root/agent_data/gsn_smoke_202605151005.json: Copied (new)
2026/08/08 09:51:54 INFO  : root/agent_data/gsn_smoke_202605151105.json: Copied (new)
2026/08/08 09:51:54 INFO  : root/agent_data/gsn_smoke_202605151205.json: Copied (new)
2026/08/08 09:51:54 INFO  : root/agent_data/gsn_smoke_202605151218.json: Copied (new)
2026/08/08 09:51:55 INFO  : root/agent_data/gsn_smoke_202605150505.json: Copied (new)
2026/08/08 09:51:55 INFO  : root/agent_data/gsn_smoke_202605151305.json: Copied (new)
2026/08/08 09:51:55 INFO  : root/agent_data/gsn_smoke_202605151224.json: Copied (new)
2026/08/08 09:51:55 INFO  : root/agent_data/gsn_smoke_202605151223.json: Copied (new)
2026/08/08 09:51:55 INFO  : root/agent_data/gsn_smoke_202605190513.json: Copied (new)
2026/08/08 09:51:56 INFO  : root/agent_data/gsn_smoke_202605151405.json: Copied (new)
2026/08/08 09:51:56 INFO  : root/agent_data/gsn_smoke_202605151805.json: Copied (new)
2026/08/08 09:51:56 INFO  : root/agent_data/gsn_smoke_202605190514.json: Copied (new)
2026/08/08 09:51:56 INFO  : root/agent_data/gsn_smoke_202606041404.json: Copied (new)
2026/08/08 09:51:57 INFO  : root/agent_data/gsn_smoke_202606050600.json: Copied (new)
2026/08/08 09:51:57 INFO  : root/agent_data/gsn_social_queue.json: Copied (new)
2026/08/08 09:51:57 INFO  : root/agent_data/gsn_smoke_202606051200.json: Copied (new)
2026/08/08 09:51:57 INFO  : root/agent_data/gsn_youtube_inbox.jsonl: Copied (new)
2026/08/08 09:51:57 INFO  : root/agent_data/gsn_smoke_202606050900.json: Copied (new)
2026/08/08 09:51:58 INFO  : root/agent_data/gsn_smoke_202606291806.json: Copied (new)
2026/08/08 09:51:58 INFO  : root/agent_data/gsn_youtube_outbox_2026-05.jsonl: Copied (new)
2026/08/08 09:51:58 INFO  : root/agent_data/gsn_youtube_outbox_2026-06.jsonl: Copied (new)
2026/08/08 09:51:59 INFO  : root/agent_data/indexing_key.json: Copied (new)
2026/08/08 09:51:59 INFO  : root/agent_data/memoria_smoke.jsonl: Copied (new)
2026/08/08 09:51:59 INFO  : root/agent_data/gsn_youtube_vistos.json: Copied (new)
2026/08/08 09:51:59 INFO  : root/agent_data/modelos_vivos.json: Copied (new)
2026/08/08 09:52:01 INFO  : root/agent_data/memoria_youtube.jsonl: Copied (new)
2026/08/08 09:52:15 INFO  : Backups/Foruns_old_backup/forum_arquitetura_coletores_gsn.md: Copied (new)
2026/08/08 09:52:38 INFO  : Backups/Foruns_old_backup/crontab_madrugada_hiperlocal_gsn.txt: Copied (new)
2026/08/08 09:52:38 INFO  : Backups/Foruns_old_backup/crontab_backup_antes_madrugada_hiperlocal_20260512.txt: Copied (new)
2026/08/08 09:52:38 INFO  : Backups/Foruns_old_backup/forum_caca_noticias_rio.md: Copied (new)
2026/08/08 09:52:38 INFO  : Backups/Foruns_old_backup/forum_arquitetura_v1_gsn.md: Copied (new)
2026/08/08 09:52:38 INFO  : Backups/Foruns_old_backup/forum_gsn_anti_anthropic_20260514.md: Copied (new)
2026/08/08 09:52:38 INFO  : Backups/Foruns_old_backup/forum_descasamento_de_imagens.md: Copied (new)
2026/08/08 09:52:39 INFO  : Backups/Foruns_old_backup/credenciais.md: Copied (new)
2026/08/08 09:52:40 INFO  : Backups/Foruns_old_backup/forum_gsn_autocura_erros_20260515.md: Copied (new)
2026/08/08 09:52:40 INFO  : Backups/Foruns_old_backup/forum_gsn_novo.md.bak_pre_votacao_chineses_20260512_2305: Copied (new)
2026/08/08 09:52:40 INFO  : Backups/Foruns_old_backup/forum_gsn_ssh_droplet_20260515.md: Copied (new)
2026/08/08 09:52:40 INFO  : Backups/Foruns_old_backup/forum_gsn_migracao.md: Copied (new)
2026/08/08 09:52:40 INFO  : Backups/Foruns_old_backup/forum_gsn_novo.md: Copied (new)
2026/08/08 09:52:41 INFO  : Backups/Foruns_old_backup/forum_investigacao_erros_cron_gsn_20260513.md: Copied (new)
2026/08/08 09:52:42 INFO  : Backups/Foruns_old_backup/forum_laboratorio_auditoria_gsn_20260514.md: Copied (new)
2026/08/08 09:52:44 INFO  : Backups/gsn_rebaixamento_20260514_0100/rebaixados.txt: Copied (new)
2026/08/08 09:52:44 INFO  : Backups/Foruns_old_backup/forum_gsn_diretrizes_internacionais.md: Copied (new)
2026/08/08 09:52:44 INFO  : Backups/Foruns_old_backup/forum_lancamento_gsn.md: Copied (new)
2026/08/08 09:52:45 INFO  : Backups/gsn_rebaixamento_20260514_0100/smoke-202605130030-caso-paloma-denuncia-sobre-ossada-leva-policia-civil-a-realizar-operacao-em-busca-de-estudante-d.md: Copied (new)
2026/08/08 09:52:46 INFO  : Backups/gsn_rebaixamento_20260514_0100/smoke-202605130030-mprj-denuncia-mais-11-policiais-que-recebiam-propina-de-comerciantes-por-servico-de-seguranca-du.md: Copied (new)
2026/08/08 09:52:46 INFO  : Backups/gsn_rebaixamento_20260514_0100/smoke-202605130030-inea-sob-suspeita-auditoria-analisa-contrato-milionario-de-dragagem-em-nova-iguacu.md: Copied (new)
2026/08/08 09:52:46 INFO  : Backups/gsn_rebaixamento_20260514_0100/smoke-202605130030-pf-aponta-aumento-de-665-no-patrimonio-de-marcelo-queiroz.md: Copied (new)
2026/08/08 09:52:46 INFO  : Backups/Foruns_old_backup/forum_monitoramento_noite_gsn_20260513.md: Copied (new)
2026/08/08 09:52:47 INFO  : Backups/gsn_rebaixamento_20260514_0100/smoke-202605130030-plano-niteroi-que-queremos-2050-traca-transicao-economica-da-cidade.md: Copied (new)
2026/08/08 09:52:47 INFO  : Backups/gsn_rebaixamento_20260514_0100/smoke-202605130030-comissao-da-alerj-acionara-mp-para-investigar-contrato-bilionario-de-radares-do-der-rj.md: Copied (new)
2026/08/08 09:52:47 INFO  :   200.303 MiB / 230.390 MiB, 87%, 3.777 MiB/s, ETA 7s (xfr#171/185)
2026/08/08 09:52:48 INFO  : Backups/gsn_rebaixamento_20260514_0100/smoke-202605130030-policia-prende-acusado-de-estupro-coletivo-em-uma-menina-de-13-anos-em-sao-joao-de-meriti-na-bai.md: Copied (new)
2026/08/08 09:52:48 INFO  : Backups/gsn_rebaixamento_20260514_0100/smoke-202605130105-alerj-exonera-todos-os-assessores-de-thiago-rangel.md: Copied (new)
2026/08/08 09:52:48 INFO  : Backups/gsn_rebaixamento_20260514_0100/smoke-202605130105-fabrica-de-suplementos-falsificados-usava-amido-de-milho-para-enganar-consumidores-no-rio.md: Copied (new)
2026/08/08 09:52:49 INFO  : Backups/gsn_rebaixamento_20260514_0100/smoke-202605130105-caso-thamires-comissao-da-alerj-cobra-rigor.md: Copied (new)
2026/08/08 09:52:49 INFO  : Backups/gsn_rebaixamento_20260514_0100/smoke-202605130105-justica-suspende-trecho-de-decreto-de-claudio-castro-que-ampliava-seguranca-para-familiares-de-e.md: Copied (new)
2026/08/08 09:52:49 INFO  : Backups/gsn_rebaixamento_20260514_0100/smoke-202605130105-marica-segue-com-recadastramento-da-renda-basica-de-cidadania-para-mais-de-70-mil-beneficiarios.md: Copied (new)
2026/08/08 09:52:50 INFO  : Backups/gsn_rebaixamento_20260514_0100/smoke-202605130105-ministro-dos-transportes-confirma-obras-de-duplicacao-da-br-101-entre-rio-das-ostras-e-macae.md: Copied (new)
2026/08/08 09:52:50 INFO  : Backups/gsn_rebaixamento_20260514_0100/smoke-202605130105-onibus-do-rio-deixarao-de-aceitar-dinheiro-a-partir-de-30-de-maio.md: Copied (new)
2026/08/08 09:52:50 INFO  : Backups/Foruns_old_backup/gsn_relatorio_diagnostico_midias_wp.json: Copied (new)
2026/08/08 09:52:50 INFO  : Backups/gsn_rebaixamento_20260514_0100/smoke-202605130105-pt-do-rio-racha-apos-intervencao-da-direcao-nacional-na-chapa-de-benedita-ao-senado.md: Copied (new)
2026/08/08 09:52:51 INFO  : Backups/gsn_rebaixamento_20260514_0100/smoke-202605130105-stf-mantem-prisao-de-thiago-rangel-e-alerj-afasta-deputado.md: Copied (new)
2026/08/08 09:52:51 INFO  : Backups/gsn_rebaixamento_20260514_0100/smoke-202605130105-tce-rj-investiga-suspeita-de-cartel-em-licitacao-de-r-230-milhoes-para-radares-em-rodovias-estad.md: Copied (new)
2026/08/08 09:52:52 INFO  : Backups/gsn_rebaixamento_20260514_0100/smoke-202605130205-palacio-tiradentes-pode-virar-patrimonio-historico-e-cultural-imaterial-do-rio.md: Copied (new)
2026/08/08 09:52:56 INFO  : root/agent_data/banco_midia/Legacy_banco_imagens_reais.db: Copied (new)
2026/08/08 09:52:57 INFO  : root/agent_data/banco_midia: Set directory modification time (using DirSetModTime)
2026/08/08 09:52:58 INFO  : root/logs: Set directory modification time (using DirSetModTime)
2026/08/08 09:52:58 INFO  : root/agent_data: Set directory modification time (using DirSetModTime)
2026/08/08 09:52:58 INFO  : Backups/gsn_rebaixamento_20260514_0100: Set directory modification time (using DirSetModTime)
2026/08/08 09:52:58 INFO  : Backups/og_image_20260515_164901: Set directory modification time (using DirSetModTime)
2026/08/08 09:52:58 INFO  : Backups/auditoria_publicador_20260515_1706: Set directory modification time (using DirSetModTime)
2026/08/08 09:52:58 INFO  : Backups/Foruns_old_backup: Set directory modification time (using DirSetModTime)
2026/08/08 09:52:58 INFO  : root: Set directory modification time (using DirSetModTime)
2026/08/08 09:52:58 INFO  : Tutoriais: Set directory modification time (using DirSetModTime)
2026/08/08 09:52:58 INFO  : Backups: Set directory modification time (using DirSetModTime)
2026/08/08 09:52:58 INFO  :   230.393 MiB / 230.393 MiB, 100%, 3.502 MiB/s, ETA 0s
2026/08/08 09:53:28 INFO  : ARQUITETURA_V3.md: Copied (new)
2026/08/08 09:53:30 INFO  : BANCO_DE_LINKS.md: Copied (new)
2026/08/08 09:53:30 INFO  : ARQUITETURA_VOL2_O_MALANDRO.md: Copied (new)
2026/08/08 09:53:30 INFO  : AP2782_andamentos_STF.md: Copied (new)
2026/08/08 09:53:30 INFO  : Anatomia_de_um_Cla_Vol_1_O_Foragido_Terceira_Onda.md: Copied (new)
2026/08/08 09:53:30 INFO  : Anatomia_de_um_Cla_Vol_1_O_Foragido_Segunda_Onda.md: Copied (new)
2026/08/08 09:53:30 INFO  : Acordao_AP2782_STF_1Turma_16062026.txt: Copied (new)
2026/08/08 09:53:30 INFO  : Anatomia_de_um_Cla_Vol_1_O_Foragido_Primeira_Onda.md: Copied (new)
2026/08/08 09:53:31 INFO  : Acordao_AP2782_STF_1Turma_16062026.pdf: Copied (new)
2026/08/08 09:53:32 INFO  : IDEIAS_E_REFLEXOES.md: Copied (new)
2026/08/08 09:53:32 INFO  : CATALOGO_TRANSCRICOES.md: Copied (new)
2026/08/08 09:53:32 INFO  : Decisao_Julgamento_AP2782_16062026.rtf: Copied (new)
2026/08/08 09:53:32 INFO  : INDICE_ONDA1_V2.md: Copied (new)
2026/08/08 09:53:32 INFO  : Kimi_v4.6_Cap01_20260726_1253.md: Copied (new)
2026/08/08 09:53:32 INFO  : LEAD_COMERCIAL.md: Copied (new)
2026/08/08 09:53:32 INFO  : MANIFESTO.md: Copied (new)
2026/08/08 09:53:33 INFO  : MANUAL_DE_ESTILO.md: Copied (new)
2026/08/08 09:53:33 INFO  : NOTAS.md: Copied (new)
2026/08/08 09:53:33 INFO  : MAPA_ENTREVISTAS.md: Copied (new)
2026/08/08 09:53:33 INFO  : PLANO_DE_TRABALHO.md: Copied (new)
2026/08/08 09:53:34 INFO  : REFERENCIA_LITERARIA.md: Copied (new)
2026/08/08 09:53:34 INFO  : TESE_CENTRAL.md: Copied (new)
2026/08/08 09:53:34 INFO  : ONDA2_FICHAS.md: Copied (new)
2026/08/08 09:53:34 INFO  : TESTE_PONTE_cap03_NOTAS.md: Copied (new)
2026/08/08 09:53:35 INFO  : PLANO_TRANSCRICOES_E_INDEXACAO.md: Copied (new)
2026/08/08 09:53:35 INFO  : VOL1_O_FORAGIDO_ESQUELETO.md: Copied (new)
2026/08/08 09:53:35 INFO  : TESTE_PONTE_cap03_washington_e_aqui.md: Copied (new)
2026/08/08 09:53:35 INFO  : cap01_estarei_vingado.md: Copied (new)
2026/08/08 09:53:35 INFO  : cap01_experimental_antigravity.md: Copied (new)
2026/08/08 09:53:35 INFO  : cap01_experimental_claude.md: Copied (new)
2026/08/08 09:53:36 INFO  : cap01_experimental_gpt.md: Copied (new)
2026/08/08 09:53:36 INFO  : cap02_quatro_a_zero.md: Copied (new)
2026/08/08 09:53:38 INFO  : versoes/MANUAL_DE_ESTILO_v1.0_20260724_0122.md: Copied (new)
2026/08/08 09:53:38 INFO  : verifica_estilo.py: Copied (new)
2026/08/08 09:53:38 INFO  : versoes/MANUAL_DE_ESTILO_v1.1_20260724_0136.md: Copied (new)
2026/08/08 09:53:38 INFO  : versoes/NOTAS_v1.0_20260724_0122.md: Copied (new)
2026/08/08 09:53:38 INFO  : versoes/cap01_v4.1_20260724_0122.md: Copied (new)
2026/08/08 09:53:38 INFO  : versoes/MAPA_ENTREVISTAS_pre-sinopse_20260726_1339.md: Copied (new)
2026/08/08 09:53:38 INFO  : versoes/cap01_v4.3_20260724_0946.md: Copied (new)
2026/08/08 09:53:38 INFO  : versoes/cap01_v4.2_20260724_0136.md: Copied (new)
2026/08/08 09:53:39 INFO  : versoes/cap01_v4.4_20260724_1002.md: Copied (new)
2026/08/08 09:53:39 INFO  : versoes/cap01_v4.5_20260725_1528.md: Copied (new)
2026/08/08 09:53:39 INFO  : versoes/verifica_estilo_v1.0_20260724_0946.py: Copied (new)
2026/08/08 09:53:39 INFO  : versoes/cap02_v1.0_20260724_0122.md: Copied (new)
2026/08/08 09:53:39 INFO  : versoes/cap03_v1.0_pre-parecer_20260727_0009.md: Copied (new)
2026/08/08 09:53:40 INFO  : versoes/cap01_v5.0_CANONICA_20260726_1450.md: Copied (new)
2026/08/08 09:53:41 INFO  : versoes/cap01_v4.6_20260726_1253.md: Copied (new)
2026/08/08 09:53:41 INFO  : transcrições/BAHREIN_eduardo_figueiredo_18052026_TRANSCRICAO.md: Copied (new)
2026/08/08 09:53:41 INFO  : transcrições/CPAC_HUNGRIA_21032026_TRANSCRICAO.md: Copied (new)
2026/08/08 09:53:41 INFO  : transcrições/CNN_18072025_entrevista_completa_TRANSCRICAO.md: Copied (new)
2026/08/08 09:53:41 INFO  : transcrições/EPOCH_CPAC_21022025_TRANSCRICAO.md: Copied (new)
2026/08/08 09:53:41 INFO  : transcrições/CNN_Arena_18072025_TRANSCRICAO.md: Copied (new)
2026/08/08 09:53:41 INFO  : transcrições/DOBBS_FOX_01122018_TRANSCRICAO.md: Copied (new)
2026/08/08 09:53:42 INFO  : transcrições/CPAC_EUA_2025_TRANSCRICAO.md: Copied (new)
2026/08/08 09:53:43 INFO  : transcrições/EPOCH_esforcos_01072025_TRANSCRICAO.md: Copied (new)
2026/08/08 09:53:43 INFO  : transcrições/EPOCH_perseguicao_27022025_TRANSCRICAO.md: Copied (new)
2026/08/08 09:53:43 INFO  : transcrições/EPOCH_purging_19032019_TRANSCRICAO.md: Copied (new)
2026/08/08 09:53:43 INFO  : transcrições/PBS_NewsHour_2019_TRANSCRICAO.md: Copied (new)
2026/08/08 09:53:43 INFO  : transcrições/LEDA_AI5_CONTEXTO_TRANSCRICAO.md: Copied (new)
2026/08/08 09:53:43 INFO  : transcrições/LEDA_NAGLE_21052021_TRANSCRICAO.md: Copied (new)
2026/08/08 09:53:43 INFO  : transcrições/JOVEMPAN_16062026_TRANSCRICAO.md: Copied (new)
2026/08/08 09:53:44 INFO  : transcrições/TUCKER_01072022_TRANSCRICAO.md: Copied (new)
2026/08/08 09:53:44 INFO  : transcrições/TUCKER_22092021_TRANSCRICAO.md: Copied (new)
2026/08/08 09:53:46 INFO  : transcrições/TUCKER_TCN_01032024_TRANSCRICAO.md: Copied (new)
2026/08/08 09:53:46 INFO  : transcrições/WarRoom_30042025_TRANSCRICAO.md: Copied (new)
2026/08/08 09:53:46 INFO  : manuscrito/00_frontmatter.md: Copied (new)
2026/08/08 09:53:46 INFO  : manuscrito/02_tarifa_moraes.md: Copied (new)
2026/08/08 09:53:46 INFO  : manuscrito/04_quatro_a_zero.md: Copied (new)
2026/08/08 09:53:46 INFO  : manuscrito/03_pena_de_morte_financeira.md: Copied (new)
2026/08/08 09:53:46 INFO  : manuscrito/01_estarei_vingado.md: Copied (new)
2026/08/08 09:53:46 INFO  : manuscrito/05_nove_condutas.md: Copied (new)
2026/08/08 09:53:47 INFO  : manuscrito/08_o_lobista.md: Copied (new)
2026/08/08 09:53:47 INFO  : manuscrito/07_o_neto_do_ditador.md: Copied (new)
2026/08/08 09:53:47 INFO  : manuscrito/06_washington_e_aqui.md: Copied (new)
2026/08/08 09:53:47 INFO  : manuscrito/12_aqui_estou_livre.md: Copied (new)
2026/08/08 09:53:48 INFO  : manuscrito/09_a_internacional_fascista.md: Copied (new)
2026/08/08 09:53:48 INFO  : manuscrito/11_o_laboratorio_do_texas.md: Copied (new)
2026/08/08 09:53:48 INFO  : manuscrito/10_dark_horse.md: Copied (new)
2026/08/08 09:53:48 INFO  : manuscrito/13_a_campanha_de_pressao.md: Copied (new)
2026/08/08 09:53:49 INFO  : manuscrito/15_o_chanceler_informal.md: Copied (new)
2026/08/08 09:53:49 INFO  : manuscrito/17_olavo_armas_e_a_fabricacao_do_guerreiro.md: Copied (new)
2026/08/08 09:53:49 INFO  : manuscrito/16_a_campanha_de_2018_e_o_recorde.md: Copied (new)
2026/08/08 09:53:49 INFO  : manuscrito/14_2022_a_eleicao_contestada.md: Copied (new)
2026/08/08 09:53:49 INFO  : manuscrito/18_o_cla_como_sistema.md: Copied (new)
2026/08/08 09:53:49 INFO  : manuscrito/19_o_filho_03.md: Copied (new)
2026/08/08 09:53:49 INFO  : manuscrito/20_o_espelho_de_2026.md: Copied (new)
2026/08/08 09:53:50 INFO  : manuscrito/21_o_que_falta_julgar.md: Copied (new)
2026/08/08 09:53:51 INFO  : manuscrito/99_aparatos_finais.md: Copied (new)
2026/08/08 09:53:52 INFO  : manuscrito/22_anatomia_de_uma_escolha.md: Copied (new)
2026/08/08 09:53:52 INFO  : manuscrito/23_a_campainha_de_southlake.md: Copied (new)
2026/08/08 09:53:52 INFO  : fontes_baixadas/_MASTER_TEXTO_COMPLETO.md: Copied (new)
2026/08/08 09:53:52 INFO  : fontes_baixadas/cap17_metropoles_tarifaco_vigor_22072026.md: Copied (new)
2026/08/08 09:53:52 INFO  : fontes_baixadas/cap1_EO14323_Brasil_30072025.txt: Copied (new)
2026/08/08 09:53:52 INFO  : fontes_baixadas/cap17_metropoles_tarifaco_vigor_22072026.html: Copied (new)
2026/08/08 09:53:53 INFO  : fontes_baixadas/cap1_EO14323_Brasil_30072025.pdf: Copied (new)
2026/08/08 09:53:53 INFO  : fontes_baixadas/cap1_aosfatos_nota_conjunta.html: Copied (new)
2026/08/08 09:53:53 INFO  : fontes_baixadas/cap1_aosfatos_nota_conjunta.md: Copied (new)
2026/08/08 09:53:53 INFO  : fontes_baixadas/cap1_apublica_agu_vazamento_21072025.md: Copied (new)
2026/08/08 09:53:53 INFO  : fontes_baixadas/cap1_apublica_agu_vazamento_21072025.html: Copied (new)
2026/08/08 09:53:53 INFO  : fontes_baixadas/cap1_bdf_magnitsky_30072025.md: Copied (new)
2026/08/08 09:53:54 INFO  : fontes_baixadas/cap1_bdf_magnitsky_30072025.html: Copied (new)
2026/08/08 09:53:54 INFO  : fontes_baixadas/cap1_extraclasse_figueiredo_fraude_06082025.html: Copied (new)
2026/08/08 09:53:54 INFO  : fontes_baixadas/cap1_extraclasse_figueiredo_fraude_06082025.md: Copied (new)
2026/08/08 09:53:55 INFO  : fontes_baixadas/cap1_forum_terra_arrasada.html: Copied (new)
2026/08/08 09:53:55 INFO  : fontes_baixadas/cap1_forum_terra_arrasada.md: Copied (new)
2026/08/08 09:53:55 INFO  : fontes_baixadas/cap1_gazeta_03062026.html: Copied (new)
2026/08/08 09:53:55 INFO  : fontes_baixadas/cap1_gazeta_15072025.md: Copied (new)
2026/08/08 09:53:56 INFO  : fontes_baixadas/cap1_gazeta_03062026.md: Copied (new)
2026/08/08 09:53:56 INFO  : fontes_baixadas/cap1_leiasemprebrasil_cnn_frase_20072025.html: Copied (new)
2026/08/08 09:53:56 INFO  : fontes_baixadas/cap1_gazeta_15072025.html: Copied (new)
2026/08/08 09:53:56 INFO  : fontes_baixadas/cap1_leiasemprebrasil_cnn_frase_20072025.md: Copied (new)
2026/08/08 09:53:57 INFO  : fontes_baixadas/cap1_migalhas_ofac_30072025.html: Copied (new)
2026/08/08 09:53:57 INFO  : fontes_baixadas/cap1_migalhas_ofac_30072025.md: Copied (new)
2026/08/08 09:53:57 INFO  : fontes_baixadas/cap2_bbc_entrevista_13082025.html: Copied (new)
2026/08/08 09:53:57 INFO  : fontes_baixadas/cap2_bbc_entrevista_13082025.md: Copied (new)
2026/08/08 09:53:57 INFO  : fontes_baixadas/cap4_forum_figueiredo_ustr.md: Copied (new)
2026/08/08 09:53:58 INFO  : fontes_baixadas/cap4_forum_figueiredo_ustr.html: Copied (new)
2026/08/08 09:53:58 INFO  : fontes_baixadas/din_bdf_master_eduardo.md: Copied (new)
2026/08/08 09:53:58 INFO  : fontes_baixadas/din_bdf_master_eduardo.html: Copied (new)
2026/08/08 09:53:58 INFO  : fontes_baixadas/din_cnn_verba_filme.md: Copied (new)
2026/08/08 09:53:59 INFO  : fontes_baixadas/din_intercept_southlake_27052026.html: Copied (new)
2026/08/08 09:53:59 INFO  : fontes_baixadas/din_cnn_verba_filme.html: Copied (new)
2026/08/08 09:53:59 INFO  : fontes_baixadas/din_intercept_southlake_27052026.md: Copied (new)
2026/08/08 09:53:59 INFO  : fontes_baixadas/din_metropoles_pf_vorcaro.html: Copied (new)
2026/08/08 09:53:59 INFO  : fontes_baixadas/din_metropoles_pf_vorcaro.md: Copied (new)
2026/08/08 09:53:59 INFO  : fontes_baixadas/din_time_como_brasil_condenou.md: Copied (new)
2026/08/08 09:54:00 INFO  : fontes_baixadas/din_time_como_brasil_condenou.html: Copied (new)
2026/08/08 09:54:00 INFO  :    16.077 MiB / 18.542 MiB, 87%, 499.949 KiB/s, ETA 5s (xfr#127/166)
2026/08/08 09:54:00 INFO  : fontes_baixadas/futuro_boscardin_eb1a_green_card.md: Copied (new)
2026/08/08 09:54:00 INFO  : fontes_baixadas/jur_brasil247_embargos_dpu_07072026.md: Copied (new)
2026/08/08 09:54:00 INFO  : fontes_baixadas/jur_brasil247_embargos_dpu_07072026.html: Copied (new)
2026/08/08 09:54:01 INFO  : fontes_baixadas/jur_camara_cassacao_18122025.md: Copied (new)
2026/08/08 09:54:01 INFO  : fontes_baixadas/jur_camara_cassacao_18122025.html: Copied (new)
2026/08/08 09:54:01 INFO  : fontes_baixadas/jur_conjur_alegacoes_finais_12052026.md: Copied (new)
2026/08/08 09:54:01 INFO  : fontes_baixadas/jur_conjur_alegacoes_finais_12052026.html: Copied (new)
2026/08/08 09:54:02 INFO  : fontes_baixadas/jur_conjur_condenacao_16062026.html: Copied (new)
2026/08/08 09:54:02 INFO  : fontes_baixadas/jur_conjur_condenacao_16062026.md: Copied (new)
2026/08/08 09:54:02 INFO  : fontes_baixadas/jur_conjur_denuncia_22092025.html: Copied (new)
2026/08/08 09:54:03 INFO  : fontes_baixadas/jur_conjur_dino_emendas_04122025.html: Copied (new)
2026/08/08 09:54:03 INFO  : fontes_baixadas/jur_conjur_dino_emendas_04122025.md: Copied (new)
2026/08/08 09:54:03 INFO  : fontes_baixadas/jur_conjur_dpu_intimada_16102025.html: Copied (new)
2026/08/08 09:54:24 INFO  : fontes_baixadas/jur_conjur_pf_retorno_02012026.html: Copied (new)
2026/08/08 09:54:26 INFO  : fontes_baixadas/jur_conjur_dpu_intimada_16102025.md: Copied (new)
2026/08/08 09:54:26 INFO  : fontes_baixadas/jur_conjur_pf_retorno_02012026.md: Copied (new)
2026/08/08 09:54:26 INFO  : fontes_baixadas/jur_conjur_reu_14112025.html: Copied (new)
2026/08/08 09:54:26 INFO  : fontes_baixadas/jur_jota_passaporte_18032025.md: Copied (new)
2026/08/08 09:54:28 INFO  : fontes_baixadas/jur_conjur_reu_14112025.md: Copied (new)
2026/08/08 09:54:28 INFO  : fontes_baixadas/jur_poder360_proximos_passos.md: Copied (new)
2026/08/08 09:54:28 INFO  : fontes_baixadas/ofac_pr_sb0211.html: Copied (new)
2026/08/08 09:54:28 INFO  : fontes_baixadas/ofac_pr_sb0257.html: Copied (new)
2026/08/08 09:54:29 INFO  : fontes_baixadas/ofac_pr_sb0257.md: Copied (new)
2026/08/08 09:54:30 INFO  : fontes_baixadas/ofac_recent_20250730.md: Copied (new)
2026/08/08 09:54:30 INFO  : fontes_baixadas/ofac_recent_20250730.html: Copied (new)
2026/08/08 09:54:30 INFO  : fontes_baixadas/ofac_recent_20250922.html: Copied (new)
2026/08/08 09:54:31 INFO  : fontes_baixadas/ofac_recent_20250922.md: Copied (new)
2026/08/08 09:54:31 INFO  : fontes_baixadas/ofac_recent_20251211.html: Copied (new)
2026/08/08 09:54:32 INFO  : fontes_baixadas/ofac_recent_20251211.md: Copied (new)
2026/08/08 09:54:32 INFO  : fontes_baixadas/ofac_recent_20251212.html: Copied (new)
2026/08/08 09:54:33 INFO  : fontes_baixadas/tar_infomoney_thankyou_09072025.md: Copied (new)
2026/08/08 09:54:33 INFO  : fontes_baixadas/tar_infomoney_thankyou_09072025.html: Copied (new)
2026/08/08 09:54:34 INFO  : fontes_baixadas/tar_responsiblestatecraft_tiro_culatra_13082025.html: Copied (new)
2026/08/08 09:54:35 INFO  : fontes_baixadas/tar_responsiblestatecraft_tiro_culatra_13082025.md: Copied (new)
2026/08/08 09:54:36 INFO  : fontes_baixadas/jur_conjur_denuncia_22092025.md: Copied (new)
2026/08/08 09:54:36 INFO  : fontes_baixadas/ofac_pr_sb0211.md: Copied (new)
2026/08/08 09:54:36 INFO  : fontes_baixadas/ofac_recent_20251212.md: Copied (new)
2026/08/08 09:54:36 INFO  : fontes_baixadas/jur_jota_passaporte_18032025.html: Copied (new)
2026/08/08 09:54:36 INFO  : fontes_baixadas/jur_poder360_proximos_passos.html: Copied (new)
2026/08/08 09:54:37 INFO  : fontes_baixadas: Set directory modification time (using DirSetModTime)
2026/08/08 09:54:37 INFO  : transcrições: Set directory modification time (using DirSetModTime)
2026/08/08 09:54:37 INFO  : versoes: Set directory modification time (using DirSetModTime)
2026/08/08 09:54:37 INFO  : manuscrito: Set directory modification time (using DirSetModTime)
2026/08/08 09:54:37 INFO  :    19.325 MiB / 19.325 MiB, 100%, 148.320 KiB/s, ETA 0s
2026/08/08 09:54:44 INFO  : Variados/twitter/2_condenacao_destaque.jpg: Copied (new)
2026/08/08 09:54:45 INFO  : Variados/twitter/1_assinaturas_destaque.jpg: Copied (new)
2026/08/08 09:54:45 INFO  : Variados/twitter/4_affidavit_p16_destaque.jpg: Copied (new)
2026/08/08 09:54:47 INFO  : Pesquisa IA/gpt/Anatomia_de_um_Cla_Vol_1_O_Foragido_Primeira_Onda.docx: Copied (new)
2026/08/08 09:54:47 INFO  : Pesquisa IA/gpt/Anatomia_de_um_Cla_Vol_1_O_Foragido_Terceira_Onda.docx: Copied (new)
2026/08/08 09:54:47 INFO  : Pesquisa IA/gpt/Catalogo_Eduardo_Bolsonaro_A_Republica_das_Milicias.md: Copied (new)
2026/08/08 09:54:47 INFO  : Pesquisa IA/gpt/Anatomia_de_um_Cla_Vol_1_O_Foragido_Segunda_Onda.docx: Copied (new)
2026/08/08 09:54:48 INFO  : Variados/twitter/3_pesquisa_engavetada_destaque.jpg: Copied (new)
2026/08/08 09:54:48 INFO  : Pesquisa IA/gpt/Catalogo_Eduardo_Bolsonaro_O_Negocio_do_Jair.md: Copied (new)
2026/08/08 09:54:48 INFO  : Reportagens/DOSSI__do_PASSADO_de_FL_VIO_BOLSONARO___Juliana_dal_piva.mp3.docx: Copied (new)
2026/08/08 09:54:50 INFO  : Pesquisa IA/claude/ONDA_1_Eduardo_Bolsonaro_O_Foragido.md: Copied (new)
2026/08/08 09:54:50 INFO  : Pesquisa IA/claude/ONDA_3_Eduardo_Bolsonaro_O_Foragido.md: Copied (new)
2026/08/08 09:54:50 INFO  : Pesquisa IA/claude/ONDA_2_Eduardo_Bolsonaro_O_Foragido.md: Copied (new)
2026/08/08 09:54:50 INFO  : Reportagens/O Herdeiro - V2.docx: Copied (new)
2026/08/08 09:54:50 INFO  : Reportagens/Dossiê Os Picaretas.docx: Copied (new)
2026/08/08 09:54:50 INFO  : Reportagens/ICL_ Quem é Flávio Bolsonaro.docx: Copied (new)
2026/08/08 09:54:50 INFO  : Reportagens/O-Metodo-do-Primogenito_Dossie-Flavio-Bolsonaro.docx: Copied (new)
2026/08/08 09:54:50 INFO  : Reportagens/série os picaretas.docx: Copied (new)
2026/08/08 09:54:52 INFO  : Variados/Docs/04_Cronologia_Operacoes_Vorcaro_Bolsonaro.md: Copied (new)
2026/08/08 09:54:52 INFO  : Variados/Docs/investigação havengate 3.txt: Copied (new)
2026/08/08 09:54:52 INFO  : Variados/Docs/investigação havengate 2.txt: Copied (new)
2026/08/08 09:54:52 INFO  : Variados/Docs/dossie_guo_gettr_miller_figueiredo.md: Copied (new)
2026/08/08 09:54:53 INFO  : Variados/Docs/06_Anotacoes_Salarly_CredCesta.txt: Copied (new)
2026/08/08 09:54:53 INFO  : Variados/Docs/Dossiê Os Picaretas.docx: Copied (new)
2026/08/08 09:54:53 INFO  : Variados/Docs/This_scandal_says_everything_about_the_West_s_hypocrisy_.mp3.txt: Copied (new)
2026/08/08 09:54:53 INFO  : Variados/Docs/investigação havengate 1.txt: Copied (new)
2026/08/08 09:54:56 INFO  : Variados/Docs/investigação havengate 4.txt: Copied (new)
2026/08/08 09:54:56 INFO  : Variados/Docs/investigação havengate 5.txt: Copied (new)
2026/08/08 09:54:56 INFO  : Variados/Docs/investigação havengate 6.txt: Copied (new)
2026/08/08 09:54:57 INFO  : PDFs/HAVENGATE EDUARDO PDFs/1559349110002.PDF: Copied (new)
2026/08/08 09:54:57 INFO  : PDFs/HAVENGATE EDUARDO PDFs/17563470_164398260_docimage_actual.pdf: Copied (new)
2026/08/08 09:54:57 INFO  : PDFs/HAVENGATE EDUARDO PDFs/BrokerCheck_ESFinancial_BrickellGlobalMarkets_CRD104316.pdf: Copied (new)
2026/08/08 09:54:57 INFO  : PDFs/HAVENGATE EDUARDO PDFs/17552170_286210350_docimage_actual.pdf: Copied (new)
2026/08/08 09:54:57 INFO  : PDFs/HAVENGATE EDUARDO PDFs/17563795_164398256_docimage_actual.pdf: Copied (new)
2026/08/08 09:54:58 INFO  : PDFs/HAVENGATE EDUARDO PDFs/BrokerCheck_Michel_Kulcsar_CRD5580777.pdf: Copied (new)
2026/08/08 09:54:58 INFO  : PDFs/HAVENGATE EDUARDO PDFs/Dossie_FINAL_Havengate_Cafezinho.pdf: Copied (new)
2026/08/08 09:54:58 INFO  : PDFs/HAVENGATE EDUARDO PDFs/Dossie_Havengate_registros_Texas (1).pdf: Copied (new)
2026/08/08 09:54:58 INFO  : PDFs/HAVENGATE EDUARDO PDFs/ConvertTiffToPDF 1.pdf: Copied (new)
2026/08/08 09:54:58 INFO  : PDFs/HAVENGATE EDUARDO PDFs/Dossie_Havengate_registros_Texas.pdf: Copied (new)
2026/08/08 09:54:58 INFO  : PDFs/HAVENGATE EDUARDO PDFs/Dossie_Havengate_registros_Texas (2).pdf: Copied (new)
2026/08/08 09:54:59 INFO  : PDFs/HAVENGATE EDUARDO PDFs/FormADV_BrickellGlobalAdvisory_exEspiritoSanto_CRD156643.pdf: Copied (new)
2026/08/08 09:54:59 INFO  : PDFs/HAVENGATE EDUARDO PDFs/FormADV_Calixsan_ex-SouthernCross_CRD282702_mar2021.pdf: Copied (new)
2026/08/08 09:55:00 INFO  : PDFs/HAVENGATE EDUARDO PDFs/GetDocument 2.pdf: Copied (new)
2026/08/08 09:55:00 INFO  : PDFs/HAVENGATE EDUARDO PDFs/GetDocument 4.pdf: Copied (new)
2026/08/08 09:55:00 INFO  : PDFs/HAVENGATE EDUARDO PDFs/GetDocument 3.pdf: Copied (new)
2026/08/08 09:55:00 INFO  : PDFs/HAVENGATE EDUARDO PDFs/GetDocument 1.pdf: Copied (new)
2026/08/08 09:55:00 INFO  : PDFs/HAVENGATE EDUARDO PDFs/GetDocument 5.pdf: Copied (new)
2026/08/08 09:55:00 INFO  : PDFs/HAVENGATE EDUARDO PDFs/GetDocument6.pdf: Copied (new)
2026/08/08 09:55:00 INFO  : PDFs/HAVENGATE EDUARDO PDFs/IAPD_Michel_Kulcsar_CRD5580777.pdf: Copied (new)
2026/08/08 09:55:01 INFO  : PDFs/HAVENGATE EDUARDO PDFs/Registros_Texas_Havengate_Calixsan_MCC4.pdf: Copied (new)
2026/08/08 09:55:01 INFO  : PDFs/HAVENGATE EDUARDO PDFs/RetrievePDF.aspx 3.pdf: Copied (new)
2026/08/08 09:55:02 INFO  : PDFs/HAVENGATE EDUARDO PDFs/RetrievePDF.aspx 4.pdf: Copied (new)
2026/08/08 09:55:02 INFO  : PDFs/HAVENGATE EDUARDO PDFs/RetrievePDF.aspx 6.pdf: Copied (new)
2026/08/08 09:55:02 INFO  : PDFs/HAVENGATE EDUARDO PDFs/RetrievePDF.aspx.pdf: Copied (new)
2026/08/08 09:55:02 INFO  : PDFs/HAVENGATE EDUARDO PDFs/RetrievePDF.aspx10.pdf: Copied (new)
2026/08/08 09:55:28 INFO  : PDFs/HAVENGATE EDUARDO PDFs/RetrievePDF.aspx8.pdf: Copied (new)
2026/08/08 09:55:30 INFO  : PDFs/Paulo/01_BrokerCheck_Brickell_Global_Markets.pdf: Copied (new)
2026/08/08 09:55:30 INFO  : PDFs/HAVENGATE EDUARDO PDFs/RetrievePDF.aspx11.pdf: Copied (new)
2026/08/08 09:55:31 INFO  : PDFs/HAVENGATE EDUARDO PDFs/RetrievePDF.aspx 5.pdf: Copied (new)
2026/08/08 09:55:31 INFO  : PDFs/HAVENGATE EDUARDO PDFs/property-42805005-2026-07-01.pdf: Copied (new)
2026/08/08 09:55:31 INFO  : PDFs/HAVENGATE EDUARDO PDFs/RetrievePDF.aspx5.pdf: Copied (new)
2026/08/08 09:55:31 INFO  : PDFs/HAVENGATE EDUARDO PDFs/RetrievePDF.aspx 2.pdf: Copied (new)
2026/08/08 09:55:31 INFO  : PDFs/HAVENGATE EDUARDO PDFs/RetrievePDF.aspx9.pdf: Copied (new)
2026/08/08 09:55:31 INFO  : PDFs/HAVENGATE EDUARDO PDFs/RetrievePDF.aspx copia.pdf: Copied (new)
2026/08/08 09:55:32 INFO  : PDFs/Paulo/01_Calixsan_Capital_Management_Annual_Report_2022_Paulo_Calixto.pdf: Copied (new)
2026/08/08 09:55:32 INFO  : PDFs/Paulo/01_Dossie_Final_Havengate_Eduardo_Bolsonaro.pdf: Copied (new)
2026/08/08 09:55:32 INFO  : PDFs/Paulo/01_Havengate_Development_Fund_LP_Certificate_Formation_Paulo_Calixto.pdf: Copied (new)
2026/08/08 09:55:32 INFO  : PDFs/Paulo/01_Documento_Florida_Nao_Identificado.pdf: Copied (new)
2026/08/08 09:55:32 INFO  : PDFs/Paulo/02_Calixsan_Capital_Management_Annual_Report_2023_Paulo_Calixto.pdf: Copied (new)
2026/08/08 09:55:32 INFO  : PDFs/Paulo/01_Registro_Imovel_Arlington_Texas_Mercury_Legacy_Trust.pdf: Copied (new)
2026/08/08 09:55:33 INFO  : PDFs/Paulo/02_Dossie_Registros_Texas_Havengate_Calixsan.pdf: Copied (new)
2026/08/08 09:55:33 INFO  : PDFs/Paulo/02_BrokerCheck_Michel_Kulcsar.pdf: Copied (new)
2026/08/08 09:55:34 INFO  : PDFs/Paulo/02_Havengate_Development_Fund_GP_LLC_Certificate_Formation.pdf: Copied (new)
2026/08/08 09:55:34 INFO  : PDFs/Paulo/03_Calixsan_Capital_Management_Annual_Report_2024_Paulo_Calixto.pdf: Copied (new)
2026/08/08 09:55:34 INFO  : PDFs/Paulo/03_MCC4_Equity_Fund_LP_Certificate_Formation_Altieris_Santana.pdf: Copied (new)
2026/08/08 09:55:34 INFO  : PDFs/Paulo/02_Imagem_Escaneada_Nao_Identificada.pdf: Copied (new)
2026/08/08 09:55:34 INFO  : PDFs/Paulo/03_IAPD_Report_Michel_Kulcsar.pdf: Copied (new)
2026/08/08 09:55:35 INFO  : PDFs/Paulo/04_Calixsan_Capital_Management_Annual_Report_2025_Paulo_Calixto.pdf: Copied (new)
2026/08/08 09:55:35 INFO  : PDFs/Paulo/04_Braz_Global_Holding_Certificate_Formation_Eduardo_Bolsonaro_Paulo_Generoso.pdf: Copied (new)
2026/08/08 09:55:36 INFO  : PDFs/Paulo/03_Registros_Estatais_Texas_Havengate_Calixsan_MCC4.pdf: Copied (new)
2026/08/08 09:55:36 INFO  : PDFs/Paulo/05_Braz_Global_Liber_Group_Fechamento_Paulo_Generoso.pdf: Copied (new)
2026/08/08 09:55:36 INFO  : PDFs/Paulo/05_Calixsan_Capital_Management_Annual_Report_2026_Paulo_Calixto.pdf: Copied (new)
2026/08/08 09:55:36 INFO  : PDFs/Paulo/04_FormADV_Brickell_Global_Advisory.pdf: Copied (new)
2026/08/08 09:55:36 INFO  : PDFs/Paulo/05_FormADV_Calixsan_Capital_Management.pdf: Copied (new)
2026/08/08 09:55:36 INFO  : PDFs/Paulo/05_Dossie_FINAL_Havengate_Cafezinho.pdf: Copied (new)
2026/08/08 09:55:36 INFO  : PDFs/Paulo/06_Havengate_LP_Public_Info_Report_2021.pdf: Copied (new)
2026/08/08 09:55:36 INFO  : PDFs/Paulo/06_Salarly_CredCesta_Document_1.pdf: Copied (new)
2026/08/08 09:55:37 INFO  : PDFs/Paulo/07_Havengate_LP_Public_Info_Report_2024.pdf: Copied (new)
2026/08/08 09:55:37 INFO  : PDFs/Paulo/07_Salarly_CredCesta_Document_2.pdf: Copied (new)
2026/08/08 09:55:38 INFO  : PDFs/Paulo/08_Salarly_CredCesta_Document_3.pdf: Copied (new)
2026/08/08 09:55:38 INFO  : PDFs/Paulo/08_Documento_Societario_Texas_1213167790005.pdf: Copied (new)
2026/08/08 09:55:38 INFO  : PDFs/Paulo/09_Salarly_CredCesta_Document_4.pdf: Copied (new)
2026/08/08 09:55:38 INFO  : PDFs/Paulo/09_Documento_Societario_Texas_1431684100002.pdf: Copied (new)
2026/08/08 09:55:38 INFO  : PDFs/Paulo/10_Documento_Societario_Texas_1356339820002.pdf: Copied (new)
2026/08/08 09:55:38 INFO  :    20.086 MiB / 56.446 MiB, 36%, 478.172 KiB/s, ETA 1m17s (xfr#94/134)
2026/08/08 09:55:39 INFO  : PDFs/Paulo/11_Documento_Societario_Texas_1378894970001.pdf: Copied (new)
2026/08/08 09:55:39 INFO  : PDFs/Paulo/13_Documento_Societario_Texas_17563795.pdf: Copied (new)
2026/08/08 09:55:39 INFO  : PDFs/Paulo/12_Documento_Societario_Texas_17563470.pdf: Copied (new)
2026/08/08 09:55:39 INFO  : PDFs/Paulo/16_Documento_Societario_Texas_17567563.pdf: Copied (new)
2026/08/08 09:55:39 INFO  : PDFs/Paulo/15_Documento_Societario_Texas_17567480.pdf: Copied (new)
2026/08/08 09:55:40 INFO  : PDFs/Paulo/14_Documento_Societario_Texas_17566774.pdf: Copied (new)
2026/08/08 09:55:40 INFO  : PDFs/Paulo/22_50073-with bookmarks_MEMOandO-D_Mots to Dismiss-DIP_Mots to Dismiss-OIP_Objection.pdf: Copied (new)
2026/08/08 09:55:40 INFO  : PDFs/Paulo/Despins_Luc_A_Chapter_11_Trustee_v_Gettr_USA_Inc__ctbke-24-05252__0020.0.pdf: Copied (new)
2026/08/08 09:55:41 INFO  : PDFs/Paulo/Despins_Luc_A_Chapter_11_Trustee_v_Gettr_USA_Inc__ctbke-24-05252__0034.1.pdf: Copied (new)
2026/08/08 09:55:41 INFO  : PDFs/Paulo/Despins_Luc_A_Chapter_11_Trustee_v_Gettr_USA_Inc__ctbke-24-05252__0038.0.pdf: Copied (new)
2026/08/08 09:55:41 INFO  : PDFs/Paulo/Despins_Luc_A_Chapter_11_Trustee_v_Gettr_USA_Inc__ctbke-24-05252__0039.0.pdf: Copied (new)
2026/08/08 09:55:41 INFO  : PDFs/Paulo/Despins_v_International_Treasure_Group_LLC__ctbke-24-05119__0037.0.pdf: Copied (new)
2026/08/08 09:55:41 INFO  : PDFs/Paulo/Despins_v_International_Treasure_Group_LLC__ctbke-24-05119__0038.0.pdf: Copied (new)
2026/08/08 09:55:42 INFO  : PDFs/Paulo/Despins_v_International_Treasure_Group_LLC__ctbke-24-05119__0044.1.pdf: Copied (new)
2026/08/08 09:55:42 INFO  : PDFs/Paulo/Despins_v_International_Treasure_Group_LLC__ctbke-24-05119__0044.0.pdf: Copied (new)
2026/08/08 09:55:42 INFO  : PDFs/Paulo/Despins_Luc_A_Chapter_11_Trustee_v_Gettr_USA_Inc__ctbke-24-05252__0034.2.pdf: Copied (new)
2026/08/08 09:55:43 INFO  : PDFs/Paulo/Despins_v_International_Treasure_Group_LLC__ctbke-24-05119__0044.10.pdf: Copied (new)
2026/08/08 09:55:43 INFO  : PDFs/Paulo/Despins_v_International_Treasure_Group_LLC__ctbke-24-05119__0044.11.pdf: Copied (new)
2026/08/08 09:55:43 INFO  : PDFs/Paulo/Despins_v_International_Treasure_Group_LLC__ctbke-24-05119__0044.2.pdf: Copied (new)
2026/08/08 09:55:44 INFO  : PDFs/Paulo/Despins_v_International_Treasure_Group_LLC__ctbke-24-05119__0044.12.pdf: Copied (new)
2026/08/08 09:55:44 INFO  : PDFs/Paulo/Despins_v_International_Treasure_Group_LLC__ctbke-24-05119__0044.6.pdf: Copied (new)
2026/08/08 09:55:44 INFO  : PDFs/Paulo/Despins_v_International_Treasure_Group_LLC__ctbke-24-05119__0044.4.pdf: Copied (new)
2026/08/08 09:55:44 INFO  : PDFs/Paulo/Despins_v_International_Treasure_Group_LLC__ctbke-24-05119__0044.5.pdf: Copied (new)
2026/08/08 09:55:45 INFO  : PDFs/Paulo/Despins_v_International_Treasure_Group_LLC__ctbke-24-05119__0044.3.pdf: Copied (new)
2026/08/08 09:55:45 INFO  : PDFs/Paulo/Despins_v_International_Treasure_Group_LLC__ctbke-24-05119__0044.7.pdf: Copied (new)
2026/08/08 09:55:45 INFO  : PDFs/Paulo/Despins_v_International_Treasure_Group_LLC__ctbke-24-05119__0044.9.pdf: Copied (new)
2026/08/08 09:55:46 INFO  : PDFs/Paulo/Despins_v_Miller__ctbke-24-05219__0001.0.pdf: Copied (new)
2026/08/08 09:55:46 INFO  : PDFs/Paulo/Despins_v_Miller__ctbke-24-05219__0040.0.pdf: Copied (new)
2026/08/08 09:55:46 INFO  : PDFs/Paulo/Despins_v_International_Treasure_Group_LLC__ctbke-24-05119__0046.0.pdf: Copied (new)
2026/08/08 09:55:46 INFO  : PDFs/Paulo/Despins_v_Miller__ctbke-24-05219__0042.0.pdf: Copied (new)
2026/08/08 09:55:47 INFO  : PDFs/Paulo/Despins_v_Miller__ctbke-24-05219__0056.1.pdf: Copied (new)
2026/08/08 09:55:47 INFO  : PDFs/Paulo/Gettr_complaint.pdf: Copied (new)
2026/08/08 09:55:47 INFO  : PDFs/Paulo/Miller_complaint.pdf: Copied (new)
2026/08/08 09:55:48 INFO  : PDFs/Paulo/USA_v_GUO__nysdce-23-00118__0803.0.pdf: Copied (new)
2026/08/08 09:55:49 INFO  : PDFs/Paulo/USA_v_GUO__nysdce-23-00118__0859.0.pdf: Copied (new)
2026/08/08 09:55:49 INFO  : PDFs/Paulo/USA_v_GUO__nysdce-23-00118__0804.0.pdf: Copied (new)
2026/08/08 09:55:49 INFO  : PDFs/Paulo/Despins_v_International_Treasure_Group_LLC__ctbke-24-05119__0044.8.pdf: Copied (new)
2026/08/08 09:55:49 INFO  : PDFs/Paulo/USA_v_GUO__nysdce-23-00118__0860.0.pdf: Copied (new)
2026/08/08 09:55:49 INFO  : PDFs/Paulo/USA_v_GUO__nysdce-23-00118__0858.0.pdf: Copied (new)
2026/08/08 09:55:50 INFO  : PDFs/Paulo/USCOURTS-ctb-5_22-bk-50073-4.pdf: Copied (new)
2026/08/08 09:55:50 INFO  : PDFs/Paulo: Set directory modification time (using DirSetModTime)
2026/08/08 09:55:50 INFO  : Pesquisa IA/claude: Set directory modification time (using DirSetModTime)
2026/08/08 09:55:50 INFO  : Variados/Docs: Set directory modification time (using DirSetModTime)
2026/08/08 09:55:50 INFO  : PDFs/HAVENGATE EDUARDO PDFs: Set directory modification time (using DirSetModTime)
2026/08/08 09:55:50 INFO  : Pesquisa IA/gpt: Set directory modification time (using DirSetModTime)
2026/08/08 09:55:50 INFO  : Variados/twitter: Set directory modification time (using DirSetModTime)
2026/08/08 09:55:51 INFO  : PDFs: Set directory modification time (using DirSetModTime)
2026/08/08 09:55:51 INFO  : Pesquisa IA: Set directory modification time (using DirSetModTime)
2026/08/08 09:55:51 INFO  : Reportagens: Set directory modification time (using DirSetModTime)
2026/08/08 09:55:51 INFO  : Variados: Set directory modification time (using DirSetModTime)
2026/08/08 09:55:51 INFO  :    56.446 MiB / 56.446 MiB, 100%, 1.923 MiB/s, ETA 0s
2026/08/08 09:55:55 INFO  : agente_mundotrilhos.lock: Copied (new)
2026/08/08 09:55:55 INFO  : heroes_hash_usadas.json: Copied (new)
2026/08/08 09:55:55 INFO  : indexing_fila_pendentes.jsonl: Copied (new)
2026/08/08 09:55:55 INFO  : agente_railpost.lock: Copied (new)
2026/08/08 09:55:56 INFO  : canais_cafezinho_youtube.json: Copied (new)
2026/08/08 09:55:56 INFO  : hero_blocklist.txt: Copied (new)
2026/08/08 09:55:56 INFO  : curadoria_cafezinho_youtube.json: Copied (new)
2026/08/08 09:55:56 INFO  : indexing_calls.jsonl: Copied (new)
2026/08/08 09:55:57 INFO  : modelos_vivos.json: Copied (new)
2026/08/08 09:55:58 INFO  : publicador_alerta_throttle.json: Copied (new)
2026/08/08 09:55:58 INFO  : youtube_transcript_stats.jsonl: Copied (new)
2026/08/08 09:55:58 INFO  : visao_alerta_throttle.json: Copied (new)
2026/08/08 09:55:58 INFO  : v4_cafezinho_youtube/historico.jsonl: Copied (new)
2026/08/08 09:55:59 INFO  : v4_cafezinho_youtube/cron.log: Copied (new)
2026/08/08 09:55:59 INFO  : v4_cafezinho_youtube/telemetria_proxy.jsonl: Copied (new)
2026/08/08 09:55:59 INFO  : v4_cafezinho_youtube/teste_pPvnFsuAR00.json: Copied (new)
2026/08/08 09:55:59 INFO  : v4_cafezinho_youtube/teste_JdItb_sayEk.json: Copied (new)
2026/08/08 09:56:01 INFO  : v4_cafezinho_youtube/vistos.json: Copied (new)
2026/08/08 09:56:01 INFO  : kimi_busca_imagem/cron.log: Copied (new)
2026/08/08 09:56:28 ERROR : v4/ceara_youtube_cron.log: Failed to copy: Post "https://www.googleapis.com/upload/drive/v3/files?alt=json&fields=id%2Cname%2Csize%2Cmd5Checksum%2Csha1Checksum%2Csha256Checksum%2Ctrashed%2CexplicitlyTrashed%2CmodifiedTime%2CcreatedTime%2CmimeType%2Cparents%2CwebViewLink%2CshortcutDetails%2CexportLinks%2CresourceKey&keepRevisionForever=false&prettyPrint=false&supportsAllDrives=true&uploadType=multipart": googleapi: Copy failed: can't copy - source file is being updated (size changed from 305459 to 305659)
2026/08/08 09:56:28 INFO  : v4/painel_destaques.log: Copied (new)
2026/08/08 09:56:29 INFO  : kimi_busca_imagem/estado.json: Copied (new)
2026/08/08 09:56:29 INFO  : v4/ga4_destaques.log: Copied (new)
2026/08/08 09:56:30 INFO  : kimi_busca_imagem/rounds.log: Copied (new)
2026/08/08 09:56:30 INFO  : v4/cron_v4.log: Copied (new)
2026/08/08 09:56:30 INFO  : v4/cron_v4_youtube.log: Copied (new)
2026/08/08 09:56:30 INFO  : v4/painel_destaques_cctv_key.txt: Copied (new)
2026/08/08 09:56:30 INFO  : kimi_busca_imagem/faltas_nyc.jsonl: Copied (new)
2026/08/08 09:56:31 INFO  : threads_twitter/fio_260762.txt: Copied (new)
2026/08/08 09:56:32 INFO  : configs/aiatolah.json: Copied (new)
2026/08/08 09:56:32 INFO  : threads_twitter/fio_260782.txt: Copied (new)
2026/08/08 09:56:32 INFO  : configs/ceara.json: Copied (new)
2026/08/08 09:56:32 INFO  : configs/ceara.json.bak_pre_foco_local_20260805: Copied (new)
2026/08/08 09:56:32 INFO  : configs/ceara.json.bak_pre_kimi_feeds_estagnados_20260726_1328: Copied (new)
2026/08/08 09:56:33 INFO  : configs/ceara.json.bak_pre_youtube_20260805: Copied (new)
2026/08/08 09:56:33 INFO  : configs/discoverbrazil.json.bak_pre_foco_turismo_20260805: Copied (new)
2026/08/08 09:56:33 INFO  : configs/ceara.json.bak_zcode_20260721: Copied (new)
2026/08/08 09:56:34 INFO  : configs/globalsouth.json.bak_pre_pautas_20260805: Copied (new)
2026/08/08 09:56:34 INFO  : configs/globalsouth.json: Copied (new)
2026/08/08 09:56:34 INFO  : configs/globalsouth.json.bak_pre_gsn_en_publicador_gate_20260805: Copied (new)
2026/08/08 09:56:34 INFO  : configs/mapario.json: Copied (new)
2026/08/08 09:56:34 INFO  : configs/mundotrilhos.json: Copied (new)
2026/08/08 09:56:34 INFO  : configs/globalsouth.json.bak_pre_gsn_en_gate_20260729: Copied (new)
2026/08/08 09:56:35 INFO  : configs/railpost.json: Copied (new)
2026/08/08 09:56:35 INFO  : configs/discoverbrazil.json: Copied (new)
2026/08/08 09:56:37 INFO  : v4/globalsouth/auditado.jsonl: Copied (new)
2026/08/08 09:56:37 INFO  : configs/riocarta.json.bak_pre_foco_local_20260805: Copied (new)
2026/08/08 09:56:37 INFO  : configs/riocarta.json.bak_zcode_20260721: Copied (new)
2026/08/08 09:56:37 INFO  : configs/riocarta.json: Copied (new)
2026/08/08 09:56:38 INFO  : v4/mapario/auditado.jsonl.congelado_20260720: Copied (new)
2026/08/08 09:56:39 INFO  : v4/globalsouth/youtube_vistos.json: Copied (new)
2026/08/08 09:56:39 INFO  : v4/banco_midia/index.json: Copied (new)
2026/08/08 09:56:40 INFO  : v4/mapario/auditado.jsonl: Copied (new)
2026/08/08 09:56:40 INFO  : v4/mapario/youtube_vistos.json: Copied (new)
2026/08/08 09:56:40 INFO  : v4/mapario/bruto.jsonl.congelado_20260720: Copied (new)
2026/08/08 09:56:40 INFO  : v4/mapario/bruto.jsonl: Copied (new)
2026/08/08 09:56:40 INFO  : v4/globalsouth/bruto.jsonl: Copied (new)
2026/08/08 09:56:41 INFO  : v4/ceara/auditado.jsonl: Copied (new)
2026/08/08 09:56:42 INFO  : v4/mundotrilhos/auditado.jsonl: Copied (new)
2026/08/08 09:56:43 INFO  : v4/mundotrilhos/youtube_vistos.json: Copied (new)
2026/08/08 09:56:43 INFO  : v4/ceara/youtube_vistos.json: Copied (new)
2026/08/08 09:56:43 INFO  : v4/mundotrilhos/bruto.jsonl: Copied (new)
2026/08/08 09:56:43 INFO  : v4/ceara/bruto.jsonl: Copied (new)
2026/08/08 09:56:44 INFO  : v4/discoverbrazil/auditado.jsonl.congelado_20260720: Copied (new)
2026/08/08 09:56:44 INFO  : v4/discoverbrazil/bruto.jsonl.congelado_20260720: Copied (new)
2026/08/08 09:56:44 INFO  : v4/discoverbrazil/auditado.jsonl: Copied (new)
2026/08/08 09:56:46 INFO  : v4/discoverbrazil/youtube_vistos.json: Copied (new)
2026/08/08 09:56:46 INFO  : v4/railpost/auditado.jsonl: Copied (new)
2026/08/08 09:56:46 INFO  : v4/discoverbrazil/bruto.jsonl: Copied (new)
2026/08/08 09:56:47 INFO  : v4/railpost/youtube_vistos.json: Copied (new)
2026/08/08 09:56:47 INFO  : v4/railpost/bruto.jsonl: Copied (new)
2026/08/08 09:56:48 INFO  : v4/riocarta/bruto.jsonl: Copied (new)
2026/08/08 09:56:48 INFO  : v4/riocarta/youtube_vistos.json: Copied (new)
2026/08/08 09:56:48 INFO  : v4/riocarta/auditado.jsonl: Copied (new)
2026/08/08 09:56:50 INFO  : v4/aiatolah/auditado.jsonl: Copied (new)
2026/08/08 09:56:50 INFO  : v4/aiatolah/bruto.jsonl: Copied (new)
2026/08/08 09:56:50 INFO  : v4/aiatolah/youtube_vistos.json: Copied (new)
2026/08/08 09:56:52 INFO  : contratos/ceara.md.bak_zcode_20260721: Copied (new)
2026/08/08 09:56:52 INFO  : contratos/aiatolah.md: Copied (new)
2026/08/08 09:56:52 INFO  : contratos/aiatolah.md.bak_pre_legenda_obrigatoria_20260806: Copied (new)
2026/08/08 09:56:52 INFO  : contratos/ceara.md: Copied (new)
2026/08/08 09:56:52 INFO  : contratos/ceara.md.bak_pre_legenda_obrigatoria_20260806: Copied (new)
2026/08/08 09:56:52 INFO  : contratos/globalsouth.md.bak_pre_legenda_obrigatoria_20260806: Copied (new)
2026/08/08 09:56:52 INFO  : contratos/discoverbrazil.md.bak_pre_legenda_obrigatoria_20260806: Copied (new)
2026/08/08 09:56:52 INFO  : contratos/discoverbrazil.md: Copied (new)
2026/08/08 09:56:52 INFO  :    18.822 MiB / 1.910 GiB, 1%, 619.753 KiB/s, ETA 53m19s (xfr#84/1045)
2026/08/08 09:56:53 INFO  : contratos/mapario.md.bak_pre_legenda_obrigatoria_20260806: Copied (new)
2026/08/08 09:56:53 INFO  : contratos/mapario.md: Copied (new)
2026/08/08 09:56:53 INFO  : contratos/globalsouth.md: Copied (new)
2026/08/08 09:56:54 INFO  : contratos/mundotrilhos.md: Copied (new)
2026/08/08 09:56:54 INFO  : contratos/railpost.md: Copied (new)
2026/08/08 09:56:54 INFO  : contratos/railpost.md.bak_pre_legenda_obrigatoria_20260806: Copied (new)
2026/08/08 09:56:54 INFO  : contratos/riocarta.md.bak_pre_legenda_obrigatoria_20260806: Copied (new)
2026/08/08 09:56:54 INFO  : contratos/mundotrilhos.md.bak_pre_legenda_obrigatoria_20260806: Copied (new)
2026/08/08 09:56:56 INFO  : youtube_transcript_cache/autonomo_en_-vUB0qK6pPI.lock: Copied (new)
2026/08/08 09:56:56 INFO  : contratos/riocarta.md: Copied (new)
2026/08/08 09:56:56 INFO  : youtube_transcript_cache/autonomo_en_Gk52GD8iyLA.lock: Copied (new)
2026/08/08 09:56:56 INFO  : contratos/riocarta.md.bak_zcode_20260721: Copied (new)
2026/08/08 09:56:56 INFO  : youtube_transcript_cache/autonomo_en_89UQZmemCZo.lock: Copied (new)
2026/08/08 09:56:56 INFO  : youtube_transcript_cache/autonomo_en_0UIwfnAzPS0.lock: Copied (new)
2026/08/08 09:56:56 INFO  : youtube_transcript_cache/autonomo_en_A7x2TJ-UM8c.lock: Copied (new)
2026/08/08 09:56:56 INFO  : youtube_transcript_cache/autonomo_en_Hcwc9fMvqa4.lock: Copied (new)
2026/08/08 09:56:57 INFO  : youtube_transcript_cache/autonomo_en_K3qRy3GuCXc.lock: Copied (new)
2026/08/08 09:56:57 INFO  : youtube_transcript_cache/autonomo_en_JZ1fSHgV1uI.lock: Copied (new)
2026/08/08 09:56:58 INFO  : youtube_transcript_cache/autonomo_en__NeMI-K03aE.lock: Copied (new)
2026/08/08 09:56:58 INFO  : youtube_transcript_cache/autonomo_en_Y2YhNrbKpN0.lock: Copied (new)
2026/08/08 09:56:58 INFO  : youtube_transcript_cache/autonomo_en__2zW5TPPeqw.lock: Copied (new)
2026/08/08 09:56:58 INFO  : youtube_transcript_cache/autonomo_en_apI1_oHYBJY.lock: Copied (new)
2026/08/08 09:56:58 INFO  : youtube_transcript_cache/autonomo_en_RX8yVmylJMc.lock: Copied (new)
2026/08/08 09:56:58 INFO  : youtube_transcript_cache/autonomo_en_bS6wFz9nZ_s.lock: Copied (new)
2026/08/08 09:56:59 INFO  : youtube_transcript_cache/autonomo_en_j-QV44esWAc.lock: Copied (new)
2026/08/08 09:56:59 INFO  : youtube_transcript_cache/autonomo_en_bo6qOgglr4I.lock: Copied (new)
2026/08/08 09:56:59 INFO  : youtube_transcript_cache/autonomo_en_j2vVyNDXM7Y.lock: Copied (new)
2026/08/08 09:56:59 INFO  : youtube_transcript_cache/autonomo_en_jPbN5m2iQ_M.lock: Copied (new)
2026/08/08 09:56:59 INFO  : youtube_transcript_cache/autonomo_en_jPbN5m2iQ_M.json: Copied (new)
2026/08/08 09:56:59 INFO  : youtube_transcript_cache/autonomo_en_lxygDNrT7N0.lock: Copied (new)
2026/08/08 09:56:59 INFO  : youtube_transcript_cache/autonomo_en_q5sSOf9tY40.lock: Copied (new)
2026/08/08 09:57:00 INFO  : youtube_transcript_cache/autonomo_en_q5sSOf9tY40.json: Copied (new)
2026/08/08 09:57:00 INFO  : youtube_transcript_cache/autonomo_en_qZFH5uD0-Zg.lock: Copied (new)
2026/08/08 09:57:01 INFO  : youtube_transcript_cache/autonomo_pt-BR_-52xsIzXUuI.lock: Copied (new)
2026/08/08 09:57:01 INFO  : youtube_transcript_cache/autonomo_pt-BR_-cdMfBlf_jI.lock: Copied (new)
2026/08/08 09:57:01 INFO  : youtube_transcript_cache/autonomo_pt-BR_-Qpno585WdI.lock: Copied (new)
2026/08/08 09:57:01 INFO  : youtube_transcript_cache/autonomo_pt-BR_0mpsMioAzPY.lock: Copied (new)
2026/08/08 09:57:01 INFO  : youtube_transcript_cache/autonomo_pt-BR_-tgcedR52Bw.lock: Copied (new)
2026/08/08 09:57:01 INFO  : youtube_transcript_cache/autonomo_pt-BR_4aMyHM2JUmw.lock: Copied (new)
2026/08/08 09:57:01 INFO  : youtube_transcript_cache/autonomo_pt-BR_1i_q0v85DXg.lock: Copied (new)
2026/08/08 09:57:02 INFO  : youtube_transcript_cache/autonomo_pt-BR_5YUyJ6GzmvE.json: Copied (new)
2026/08/08 09:57:02 INFO  : youtube_transcript_cache/autonomo_pt-BR_5sZW1Tx5rIs.lock: Copied (new)
2026/08/08 09:57:03 INFO  : youtube_transcript_cache/autonomo_pt-BR_6XQF8DmB5SU.lock: Copied (new)
2026/08/08 09:57:26 INFO  : youtube_transcript_cache/autonomo_pt-BR_4muJo1zc-HI.json: Copied (new)
2026/08/08 09:57:29 INFO  : youtube_transcript_cache/autonomo_pt-BR_7TSO1LDiv-U.lock: Copied (new)
2026/08/08 09:57:30 INFO  : youtube_transcript_cache/autonomo_pt-BR_5no7LD53JQ0.lock: Copied (new)
2026/08/08 09:57:30 INFO  : youtube_transcript_cache/autonomo_pt-BR_6IwkqKpm6GQ.lock: Copied (new)
2026/08/08 09:57:30 INFO  : youtube_transcript_cache/autonomo_pt-BR_4muJo1zc-HI.lock: Copied (new)
2026/08/08 09:57:31 INFO  : youtube_transcript_cache/autonomo_pt-BR_5YUyJ6GzmvE.lock: Copied (new)
2026/08/08 09:57:31 INFO  : youtube_transcript_cache/autonomo_pt-BR_7BO5bDRVucg.lock: Copied (new)
2026/08/08 09:57:31 INFO  : youtube_transcript_cache/autonomo_pt-BR_7jWMja8I9oc.lock: Copied (new)
2026/08/08 09:57:31 INFO  : youtube_transcript_cache/autonomo_pt-BR_6b7CDebw2Zc.lock: Copied (new)
2026/08/08 09:57:31 INFO  : youtube_transcript_cache/autonomo_pt-BR_7jWMja8I9oc.json: Copied (new)
2026/08/08 09:57:32 INFO  : youtube_transcript_cache/autonomo_pt-BR_7otB1KNrHrQ.lock: Copied (new)
2026/08/08 09:57:32 INFO  : youtube_transcript_cache/autonomo_pt-BR_8vevaF8fiVo.json: Copied (new)
2026/08/08 09:57:32 INFO  : youtube_transcript_cache/autonomo_pt-BR_8vevaF8fiVo.lock: Copied (new)
2026/08/08 09:57:32 INFO  : youtube_transcript_cache/autonomo_pt-BR_AVljbLZWYO0.lock: Copied (new)
2026/08/08 09:57:32 INFO  : youtube_transcript_cache/autonomo_pt-BR_9dpKfNC1Yjs.lock: Copied (new)
2026/08/08 09:57:32 INFO  : youtube_transcript_cache/autonomo_pt-BR_AA59-V6VNWs.lock: Copied (new)
2026/08/08 09:57:32 INFO  : youtube_transcript_cache/autonomo_pt-BR_AVnzCd_WvYc.lock: Copied (new)
2026/08/08 09:57:33 INFO  : youtube_transcript_cache/autonomo_pt-BR_8unP40E8N54.lock: Copied (new)
2026/08/08 09:57:33 INFO  : youtube_transcript_cache/autonomo_pt-BR_BFjDIEsj2UE.lock: Copied (new)
2026/08/08 09:57:34 INFO  : youtube_transcript_cache/autonomo_pt-BR_BTekh2mZIk0.json: Copied (new)
2026/08/08 09:57:34 INFO  : youtube_transcript_cache/autonomo_pt-BR_BTekh2mZIk0.lock: Copied (new)
2026/08/08 09:57:34 INFO  : youtube_transcript_cache/autonomo_pt-BR_C7Zj0hxuhSc.lock: Copied (new)
2026/08/08 09:57:34 INFO  : youtube_transcript_cache/autonomo_pt-BR_D6HMuOCiR5g.lock: Copied (new)
2026/08/08 09:57:34 INFO  : youtube_transcript_cache/autonomo_pt-BR_D6HMuOCiR5g.json: Copied (new)
2026/08/08 09:57:34 INFO  : youtube_transcript_cache/autonomo_pt-BR_C7Zj0hxuhSc.json: Copied (new)
2026/08/08 09:57:35 INFO  : youtube_transcript_cache/autonomo_pt-BR_EFvsoaijdBk.lock: Copied (new)
2026/08/08 09:57:35 INFO  : youtube_transcript_cache/autonomo_pt-BR_F-SHMtFBsCQ.lock: Copied (new)
2026/08/08 09:57:35 INFO  : youtube_transcript_cache/autonomo_pt-BR_EnDIwoTciA0.lock: Copied (new)
2026/08/08 09:57:35 INFO  : youtube_transcript_cache/autonomo_pt-BR_FYBCH7vgAFQ.lock: Copied (new)
2026/08/08 09:57:35 INFO  : youtube_transcript_cache/autonomo_pt-BR_FmhI9Xvmsck.lock: Copied (new)
2026/08/08 09:57:35 INFO  : youtube_transcript_cache/autonomo_pt-BR_EnDIwoTciA0.json: Copied (new)
2026/08/08 09:57:36 INFO  : youtube_transcript_cache/autonomo_pt-BR_FrOTcXCBTTA.json: Copied (new)
2026/08/08 09:57:36 INFO  : youtube_transcript_cache/autonomo_pt-BR_DiDxreBeY9o.lock: Copied (new)
2026/08/08 09:57:37 INFO  : youtube_transcript_cache/autonomo_pt-BR_FrOTcXCBTTA.lock: Copied (new)
2026/08/08 09:57:37 INFO  : youtube_transcript_cache/autonomo_pt-BR_Fzjd63OZbEw.lock: Copied (new)
2026/08/08 09:57:37 INFO  : youtube_transcript_cache/autonomo_pt-BR_Fzjd63OZbEw.json: Copied (new)
2026/08/08 09:57:37 INFO  : youtube_transcript_cache/autonomo_pt-BR_GQA7YtDvAc0.lock: Copied (new)
2026/08/08 09:57:37 INFO  : youtube_transcript_cache/autonomo_pt-BR_GQA7YtDvAc0.json: Copied (new)
2026/08/08 09:57:37 INFO  : youtube_transcript_cache/autonomo_pt-BR_I5YgYFswV9k.lock: Copied (new)
2026/08/08 09:57:37 INFO  : youtube_transcript_cache/autonomo_pt-BR_HI9FpOgPLZs.lock: Copied (new)
2026/08/08 09:57:38 INFO  : youtube_transcript_cache/autonomo_pt-BR_JFAAdH1VyfY.lock: Copied (new)
2026/08/08 09:57:38 INFO  : youtube_transcript_cache/autonomo_pt-BR_JJT3YPbewx8.lock: Copied (new)
2026/08/08 09:57:38 INFO  : youtube_transcript_cache/autonomo_pt-BR_JJT3YPbewx8.json: Copied (new)
2026/08/08 09:57:39 INFO  : youtube_transcript_cache/autonomo_pt-BR_JdItb_sayEk.lock: Copied (new)
2026/08/08 09:57:39 INFO  : youtube_transcript_cache/autonomo_pt-BR_JdItb_sayEk.json: Copied (new)
2026/08/08 09:57:39 INFO  : youtube_transcript_cache/autonomo_pt-BR_Jh3nVG_7898.lock: Copied (new)
2026/08/08 09:57:39 INFO  : youtube_transcript_cache/autonomo_pt-BR_JGT_B1Gfkwk.lock: Copied (new)
2026/08/08 09:57:39 INFO  : youtube_transcript_cache/autonomo_pt-BR_KPbO9AfF2LU.json: Copied (new)
2026/08/08 09:57:39 INFO  : youtube_transcript_cache/autonomo_pt-BR_KPbO9AfF2LU.lock: Copied (new)
2026/08/08 09:57:40 INFO  : youtube_transcript_cache/autonomo_pt-BR_LW5_XkBWvVQ.lock: Copied (new)
2026/08/08 09:57:40 INFO  : youtube_transcript_cache/autonomo_pt-BR_MejEtZCp2K8.lock: Copied (new)
2026/08/08 09:57:40 INFO  : youtube_transcript_cache/autonomo_pt-BR_NTUtQjZ01ro.lock: Copied (new)
2026/08/08 09:57:40 INFO  : youtube_transcript_cache/autonomo_pt-BR_N5gBcRbsFW8.lock: Copied (new)
2026/08/08 09:57:41 INFO  : youtube_transcript_cache/autonomo_pt-BR_NshQJcHUXL8.lock: Copied (new)
2026/08/08 09:57:41 INFO  : youtube_transcript_cache/autonomo_pt-BR_PRjWC630mP0.lock: Copied (new)
2026/08/08 09:57:41 INFO  : youtube_transcript_cache/autonomo_pt-BR_ODbjq0LeEwA.lock: Copied (new)
2026/08/08 09:57:41 INFO  : youtube_transcript_cache/autonomo_pt-BR_NshQJcHUXL8.json: Copied (new)
2026/08/08 09:57:41 INFO  : youtube_transcript_cache/autonomo_pt-BR_PqBrwNlajHk.lock: Copied (new)
2026/08/08 09:57:42 INFO  : youtube_transcript_cache/autonomo_pt-BR_PqBrwNlajHk.json: Copied (new)
2026/08/08 09:57:42 INFO  : youtube_transcript_cache/autonomo_pt-BR_Ri-C7MDPrT8.json: Copied (new)
2026/08/08 09:57:42 INFO  : youtube_transcript_cache/autonomo_pt-BR_Ri-C7MDPrT8.lock: Copied (new)
2026/08/08 09:57:42 INFO  : youtube_transcript_cache/autonomo_pt-BR_UWTJQJ7HU1k.lock: Copied (new)
2026/08/08 09:57:42 INFO  : youtube_transcript_cache/autonomo_pt-BR_Uo_jbCUy3Vk.lock: Copied (new)
2026/08/08 09:57:43 INFO  : youtube_transcript_cache/autonomo_pt-BR_VhSDbR9_gno.json: Copied (new)
2026/08/08 09:57:43 INFO  : youtube_transcript_cache/autonomo_pt-BR_VhSDbR9_gno.lock: Copied (new)
2026/08/08 09:57:43 INFO  : youtube_transcript_cache/autonomo_pt-BR_WgiridWLVm4.json: Copied (new)
2026/08/08 09:57:43 INFO  : youtube_transcript_cache/autonomo_pt-BR_WgiridWLVm4.lock: Copied (new)
2026/08/08 09:57:44 INFO  : youtube_transcript_cache/autonomo_pt-BR_Y5hFlhFqHPQ.lock: Copied (new)
2026/08/08 09:57:44 INFO  : youtube_transcript_cache/autonomo_pt-BR_YcRxQeS0MHY.lock: Copied (new)
2026/08/08 09:57:44 INFO  : youtube_transcript_cache/autonomo_pt-BR_YhGVVkfswAc.lock: Copied (new)
2026/08/08 09:57:44 INFO  : youtube_transcript_cache/autonomo_pt-BR__6gjm3oeasI.lock: Copied (new)
2026/08/08 09:57:44 INFO  : youtube_transcript_cache/autonomo_pt-BR_YPowzUgx9ms.lock: Copied (new)
2026/08/08 09:57:45 INFO  : youtube_transcript_cache/autonomo_pt-BR__dG8NsREfb4.lock: Copied (new)
2026/08/08 09:57:45 INFO  : youtube_transcript_cache/autonomo_pt-BR__6gjm3oeasI.json: Copied (new)
2026/08/08 09:57:45 INFO  : youtube_transcript_cache/autonomo_pt-BR__dG8NsREfb4.json: Copied (new)
2026/08/08 09:57:45 INFO  : youtube_transcript_cache/autonomo_pt-BR__lUpz1G4LnU.lock: Copied (new)
2026/08/08 09:57:46 INFO  : youtube_transcript_cache/autonomo_pt-BR__lUpz1G4LnU.json: Copied (new)
2026/08/08 09:57:46 INFO  : youtube_transcript_cache/autonomo_pt-BR_a-5lIvLZEno.lock: Copied (new)
2026/08/08 09:57:46 INFO  : youtube_transcript_cache/autonomo_pt-BR_aINwOME2sPc.lock: Copied (new)
2026/08/08 09:57:46 INFO  : youtube_transcript_cache/autonomo_pt-BR_aINwOME2sPc.json: Copied (new)
2026/08/08 09:57:46 INFO  : youtube_transcript_cache/autonomo_pt-BR_b0dVETiv9Fs.lock: Copied (new)
2026/08/08 09:57:47 INFO  : youtube_transcript_cache/autonomo_pt-BR_bM7a36_pJQg.json: Copied (new)
2026/08/08 09:57:47 INFO  : youtube_transcript_cache/autonomo_pt-BR_bM7a36_pJQg.lock: Copied (new)
2026/08/08 09:57:47 INFO  : youtube_transcript_cache/autonomo_pt-BR_cA0_Q5mR1YA.lock: Copied (new)
2026/08/08 09:57:47 INFO  : youtube_transcript_cache/autonomo_pt-BR_cAnXt2Jn2xM.lock: Copied (new)
2026/08/08 09:57:47 INFO  : youtube_transcript_cache/autonomo_pt-BR_dzCteTO9d00.lock: Copied (new)
2026/08/08 09:57:48 INFO  : youtube_transcript_cache/autonomo_pt-BR_eNVt6ysnkkk.lock: Copied (new)
2026/08/08 09:57:48 INFO  : youtube_transcript_cache/autonomo_pt-BR_fmPIRgeisQY.lock: Copied (new)
2026/08/08 09:57:48 INFO  : youtube_transcript_cache/autonomo_pt-BR_eaTJHW_528M.lock: Copied (new)
2026/08/08 09:57:48 INFO  : youtube_transcript_cache/autonomo_pt-BR_h1DiuGX9qBU.lock: Copied (new)
2026/08/08 09:57:48 INFO  : youtube_transcript_cache/autonomo_pt-BR_h1DiuGX9qBU.json: Copied (new)
2026/08/08 09:57:49 INFO  : youtube_transcript_cache/autonomo_pt-BR_h4mMn5ZkIJc.lock: Copied (new)
2026/08/08 09:57:49 INFO  : youtube_transcript_cache/autonomo_pt-BR_h_Yw5kfVbSM.lock: Copied (new)
2026/08/08 09:57:49 INFO  : youtube_transcript_cache/autonomo_pt-BR_h_Yw5kfVbSM.json: Copied (new)
2026/08/08 09:57:49 INFO  : youtube_transcript_cache/autonomo_pt-BR_hfJDV_BAt8I.lock: Copied (new)
2026/08/08 09:57:50 INFO  : youtube_transcript_cache/autonomo_pt-BR_iILiivXt7rA.json: Copied (new)
2026/08/08 09:57:50 INFO  : youtube_transcript_cache/autonomo_pt-BR_iILiivXt7rA.lock: Copied (new)
2026/08/08 09:57:50 INFO  : youtube_transcript_cache/autonomo_pt-BR_j6iJVLQ6CTQ.lock: Copied (new)
2026/08/08 09:57:50 INFO  : youtube_transcript_cache/autonomo_pt-BR_jcXacNQyATE.lock: Copied (new)
2026/08/08 09:57:50 INFO  : youtube_transcript_cache/autonomo_pt-BR_jkQsrVZ-x_w.lock: Copied (new)
2026/08/08 09:57:50 INFO  : youtube_transcript_cache/autonomo_pt-BR_kC5s_AfQER4.lock: Copied (new)
2026/08/08 09:57:51 INFO  : youtube_transcript_cache/autonomo_pt-BR_kC5s_AfQER4.json: Copied (new)
2026/08/08 09:57:51 INFO  : youtube_transcript_cache/autonomo_pt-BR_l86oQAFVFps.lock: Copied (new)
2026/08/08 09:57:51 INFO  : youtube_transcript_cache/autonomo_pt-BR_lEfIDpd5_LY.lock: Copied (new)
2026/08/08 09:57:51 INFO  : youtube_transcript_cache/autonomo_pt-BR_mYx8EKmE5Bk.lock: Copied (new)
2026/08/08 09:57:51 INFO  : youtube_transcript_cache/autonomo_pt-BR_ld9xM2myNvo.lock: Copied (new)
2026/08/08 09:57:52 INFO  : youtube_transcript_cache/autonomo_pt-BR_n9gQBDBYNYI.lock: Copied (new)
2026/08/08 09:57:52 INFO  : youtube_transcript_cache/autonomo_pt-BR_ld9xM2myNvo.json: Copied (new)
2026/08/08 09:57:52 INFO  : youtube_transcript_cache/autonomo_pt-BR_pJslCrJQQxg.lock: Copied (new)
2026/08/08 09:57:52 INFO  :    20.556 MiB / 1.910 GiB, 1%, 58.622 KiB/s, ETA 9h23m19s (xfr#236/1045)
2026/08/08 09:57:52 INFO  : youtube_transcript_cache/autonomo_pt-BR_pPvnFsuAR00.json: Copied (new)
2026/08/08 09:57:52 INFO  : youtube_transcript_cache/autonomo_pt-BR_pPvnFsuAR00.lock: Copied (new)
2026/08/08 09:57:53 INFO  : youtube_transcript_cache/autonomo_pt-BR_pUj6_Y0cIPM.lock: Copied (new)
2026/08/08 09:57:53 INFO  : youtube_transcript_cache/autonomo_pt-BR_qcU5JEvjYjw.lock: Copied (new)
2026/08/08 09:57:53 INFO  : youtube_transcript_cache/autonomo_pt-BR_qe-DSuFikl4.lock: Copied (new)
2026/08/08 09:57:53 INFO  : youtube_transcript_cache/autonomo_pt-BR_qiMWDtv6fbE.lock: Copied (new)
2026/08/08 09:57:53 INFO  : youtube_transcript_cache/autonomo_pt-BR_qiMWDtv6fbE.json: Copied (new)
2026/08/08 09:57:54 INFO  : youtube_transcript_cache/autonomo_pt-BR_rhtxMVIQ0pI.json: Copied (new)
2026/08/08 09:57:54 INFO  : youtube_transcript_cache/autonomo_pt-BR_rhtxMVIQ0pI.lock: Copied (new)
2026/08/08 09:57:54 INFO  : youtube_transcript_cache/autonomo_pt-BR_sN0mEnTh-cg.json: Copied (new)
2026/08/08 09:57:54 INFO  : youtube_transcript_cache/autonomo_pt-BR_st_a3H-5N_4.lock: Copied (new)
2026/08/08 09:57:54 INFO  : youtube_transcript_cache/autonomo_pt-BR_sN0mEnTh-cg.lock: Copied (new)
2026/08/08 09:57:55 INFO  : youtube_transcript_cache/autonomo_pt-BR_t4tfJiPCxXo.json: Copied (new)
2026/08/08 09:57:55 INFO  : youtube_transcript_cache/autonomo_pt-BR_t4tfJiPCxXo.lock: Copied (new)
2026/08/08 09:57:55 INFO  : youtube_transcript_cache/autonomo_pt-BR_vOqcnnI0KYw.json: Copied (new)
2026/08/08 09:57:55 INFO  : youtube_transcript_cache/autonomo_pt-BR_vOqcnnI0KYw.lock: Copied (new)
2026/08/08 09:57:56 INFO  : youtube_transcript_cache/autonomo_pt-BR_vWn8NK_v9yY.lock: Copied (new)
2026/08/08 09:57:56 INFO  : youtube_transcript_cache/autonomo_pt-BR_w254FNQiBbc.lock: Copied (new)
2026/08/08 09:57:56 INFO  : youtube_transcript_cache/autonomo_pt-BR_wJSEX7s04G8.lock: Copied (new)
2026/08/08 09:57:56 INFO  : youtube_transcript_cache/autonomo_pt-BR_wmAFsAjJhVA.lock: Copied (new)
2026/08/08 09:57:56 INFO  : youtube_transcript_cache/autonomo_pt-BR_xZSM01E52jg.lock: Copied (new)
2026/08/08 09:57:57 INFO  : youtube_transcript_cache/autonomo_pt-BR_xhmDuV4ABdA.json: Copied (new)
2026/08/08 09:57:57 INFO  : youtube_transcript_cache/autonomo_pt-BR_xhmDuV4ABdA.lock: Copied (new)
2026/08/08 09:57:57 INFO  : youtube_transcript_cache/autonomo_pt-BR_yZVmPjPq28I.lock: Copied (new)
2026/08/08 09:57:57 INFO  : youtube_transcript_cache/autonomo_pt-BR_ysdiULc7i7k.lock: Copied (new)
2026/08/08 09:57:58 INFO  : youtube_transcript_cache/autonomo_pt-BR_zvMmOzzwa1s.lock: Copied (new)
2026/08/08 09:57:59 INFO  : v4/banco_midia/img/acervo_0382218e-8500-52.jpg: Copied (new)
2026/08/08 09:57:59 INFO  : v4/banco_midia/img/acervo_c214793f-17c4-59.jpg: Copied (new)
2026/08/08 09:58:00 INFO  : v4/banco_midia/img/acervo_534baa68-a6c9-54.jpg: Copied (new)
2026/08/08 09:58:00 INFO  : v4/banco_midia/img/acervo_9fb021a4-60e0-52.jpg: Copied (new)
2026/08/08 09:58:01 INFO  : v4/banco_midia/img/ouro_00603c339dbc9b94.jpg: Copied (new)
2026/08/08 09:58:02 INFO  : v4/banco_midia/img/acervo_26ae70b5-ec44-5a.jpg: Copied (new)
2026/08/08 09:58:02 INFO  : v4/banco_midia/img/ouro_014c264895132d8d.jpg: Copied (new)
2026/08/08 09:58:02 INFO  : v4/banco_midia/img/acervo_f2049b95-6a37-5a.jpg: Copied (new)
2026/08/08 09:58:03 INFO  : v4/banco_midia/img/ouro_016ce29ef3da0d6e.jpg: Copied (new)
2026/08/08 09:58:03 INFO  : v4/banco_midia/img/ouro_01c83aa64b5d6a2e.jpg: Copied (new)
2026/08/08 09:58:04 INFO  : v4/banco_midia/img/ouro_009d3ee48a6408ed.jpg: Copied (new)
2026/08/08 09:58:23 INFO  : v4/banco_midia/img/ouro_0347df9373be97e8.jpg: Copied (new)
2026/08/08 09:58:26 INFO  : v4/banco_midia/img/ouro_02c84360e8a785fd.jpg: Copied (new)
2026/08/08 09:58:28 INFO  : v4/banco_midia/img/ouro_005e721a929c5037.jpg: Copied (new)
2026/08/08 09:58:28 INFO  : v4/banco_midia/img/ouro_04068dd2233731ab.jpg: Copied (new)
2026/08/08 09:58:29 INFO  : v4/banco_midia/img/ouro_01e30578637fd33b.jpg: Copied (new)
2026/08/08 09:58:32 INFO  : v4/banco_midia/img/ouro_060b08fa630e4a59.jpg: Copied (new)
2026/08/08 09:58:33 INFO  : v4/banco_midia/img/ouro_020e291b8f1ba9ed.jpg: Copied (new)
2026/08/08 09:58:34 INFO  : v4/banco_midia/img/ouro_053b10ab322ff603.jpg: Copied (new)
2026/08/08 09:58:34 INFO  : v4/banco_midia/img/ouro_0481c572aae9e64a.jpg: Copied (new)
2026/08/08 09:58:36 INFO  : v4/banco_midia/img/ouro_04b526875ae84b11.jpg: Copied (new)
2026/08/08 09:58:36 INFO  : v4/banco_midia/img/ouro_054990765339b9ba.jpg: Copied (new)
2026/08/08 09:58:39 INFO  : v4/banco_midia/img/ouro_035524a6317f7b5f.jpg: Copied (new)
2026/08/08 09:58:39 INFO  : v4/banco_midia/img/ouro_074062f2eb5c16bd.jpg: Copied (new)
2026/08/08 09:58:40 INFO  : v4/banco_midia/img/ouro_0787900de44ec537.jpg: Copied (new)
2026/08/08 09:58:41 INFO  : v4/banco_midia/img/ouro_0532d84a1acdbce5.jpg: Copied (new)
2026/08/08 09:58:42 INFO  : v4/banco_midia/img/ouro_075a61c21d3d119f.jpg: Copied (new)
2026/08/08 09:58:45 INFO  : v4/banco_midia/img/ouro_07bbdfa4ea4f644c.jpg: Copied (new)
2026/08/08 09:58:46 INFO  : v4/banco_midia/img/ouro_07c6038581a1c69d.jpg: Copied (new)
2026/08/08 09:58:48 INFO  : v4/banco_midia/img/ouro_08f060e8c32a2fa7.jpg: Copied (new)
2026/08/08 09:58:48 INFO  : v4/banco_midia/img/ouro_07bdfe3aceede532.jpg: Copied (new)
2026/08/08 09:58:48 INFO  : v4/banco_midia/img/ouro_09e101093bcf065e.jpg: Copied (new)
2026/08/08 09:58:48 INFO  : v4/banco_midia/img/ouro_072ebb1e3d58ed8c.jpg: Copied (new)
2026/08/08 09:58:50 INFO  : v4/banco_midia/img/ouro_0ab166a2e2854723.jpg: Copied (new)
2026/08/08 09:58:51 INFO  : v4/banco_midia/img/ouro_076e19ab6bae0e52.jpg: Copied (new)
2026/08/08 09:58:51 INFO  : v4/banco_midia/img/ouro_0829767827800691.jpg: Copied (new)
2026/08/08 09:58:52 INFO  :   184.070 MiB / 1.960 GiB, 9%, 3.466 MiB/s, ETA 8m46s (xfr#298/1045)
2026/08/08 09:58:53 INFO  : v4/banco_midia/img/ouro_0b1901d689a4af1f.jpg: Copied (new)
2026/08/08 09:58:54 INFO  : v4/banco_midia/img/ouro_0b4d5b3d4b2dac72.jpg: Copied (new)
2026/08/08 09:58:54 INFO  : v4/banco_midia/img/ouro_0b2c2badd0229c59.jpg: Copied (new)
2026/08/08 09:58:55 INFO  : v4/banco_midia/img/ouro_0c7eaeb304105f0b.jpg: Copied (new)
2026/08/08 09:58:56 INFO  : v4/banco_midia/img/ouro_06302f26806982a7.jpg: Copied (new)
2026/08/08 09:58:57 INFO  : v4/banco_midia/img/ouro_0cfa38e6e43cd7ef.jpg: Copied (new)
2026/08/08 09:58:57 INFO  : v4/banco_midia/img/ouro_0d9b60af8ec43d1f.jpg: Copied (new)
2026/08/08 09:58:57 INFO  : v4/banco_midia/img/ouro_0dbdfcfe8c67e35c.jpg: Copied (new)
2026/08/08 09:58:58 INFO  : v4/banco_midia/img/ouro_0c70e4bef5e2b6a3.jpg: Copied (new)
2026/08/08 09:58:58 INFO  : v4/banco_midia/img/ouro_0dda4f6eae650beb.jpg: Copied (new)
2026/08/08 09:58:58 INFO  : v4/banco_midia/img/ouro_0e64547cc2841752.jpg: Copied (new)
2026/08/08 09:58:59 INFO  : v4/banco_midia/img/ouro_0b82152de764a9a8.jpg: Copied (new)
2026/08/08 09:58:59 INFO  : v4/banco_midia/img/ouro_0e88a7456bfdea32.jpg: Copied (new)
2026/08/08 09:59:00 INFO  : v4/banco_midia/img/ouro_0d4dd636013ea88c.jpg: Copied (new)
2026/08/08 09:59:00 INFO  : v4/banco_midia/img/ouro_0eb41f05cbd1b91e.jpg: Copied (new)
2026/08/08 09:59:02 INFO  : v4/banco_midia/img/ouro_0f6b8f09e1387988.jpg: Copied (new)
2026/08/08 09:59:26 INFO  : v4/banco_midia/img/ouro_10f5c03e4d081221.jpg: Copied (new)
2026/08/08 09:59:30 INFO  : v4/banco_midia/img/ouro_10c971d4ad1ccc90.jpg: Copied (new)
2026/08/08 09:59:32 INFO  : v4/banco_midia/img/ouro_1224bb0c59b21260.jpg: Copied (new)
2026/08/08 09:59:32 INFO  : v4/banco_midia/img/ouro_0f952b3c1ba3c933.jpg: Copied (new)
2026/08/08 09:59:33 INFO  : v4/banco_midia/img/ouro_122d16042f11e8fb.jpg: Copied (new)
2026/08/08 09:59:34 INFO  : v4/banco_midia/img/ouro_119d22f91ab18b87.jpg: Copied (new)
2026/08/08 09:59:35 INFO  : v4/banco_midia/img/ouro_0fed7d399f18c38e.jpg: Copied (new)
2026/08/08 09:59:35 INFO  : v4/banco_midia/img/ouro_127dc745e97999e6.jpg: Copied (new)
2026/08/08 09:59:36 INFO  : v4/banco_midia/img/ouro_1244b5c1f1ee8f70.jpg: Copied (new)
2026/08/08 09:59:36 INFO  : v4/banco_midia/img/ouro_11d4bd95c8a79bc6.jpg: Copied (new)
2026/08/08 09:59:37 INFO  : v4/banco_midia/img/ouro_1188fe447a47639e.jpg: Copied (new)
2026/08/08 09:59:37 INFO  : v4/banco_midia/img/ouro_12913d9e74484280.jpg: Copied (new)
2026/08/08 09:59:38 INFO  : v4/banco_midia/img/ouro_127f0790b3524908.jpg: Copied (new)
2026/08/08 09:59:38 INFO  : v4/banco_midia/img/ouro_0fa625596d79829d.jpg: Copied (new)
2026/08/08 09:59:40 INFO  : v4/banco_midia/img/ouro_12e54d46f847227a.jpg: Copied (new)
2026/08/08 09:59:40 INFO  : v4/banco_midia/img/ouro_14ab9ffaa6d21cce.jpg: Copied (new)
2026/08/08 09:59:41 INFO  : v4/banco_midia/img/ouro_13c9f2b2bbef1eba.jpg: Copied (new)
2026/08/08 09:59:41 INFO  : v4/banco_midia/img/ouro_12b15c4376767dae.jpg: Copied (new)
2026/08/08 09:59:41 INFO  : v4/banco_midia/img/ouro_154e4fdd54f18f83.jpg: Copied (new)
2026/08/08 09:59:42 INFO  : v4/banco_midia/img/ouro_14ad35534da3bef4.jpg: Copied (new)
2026/08/08 09:59:43 INFO  : v4/banco_midia/img/ouro_148262faa84cce43.jpg: Copied (new)
2026/08/08 09:59:43 INFO  : v4/banco_midia/img/ouro_15dee2708a357dac.jpg: Copied (new)
2026/08/08 09:59:44 INFO  : v4/banco_midia/img/ouro_165c98f8cdb0ae5d.jpg: Copied (new)
2026/08/08 09:59:45 INFO  : v4/banco_midia/img/ouro_15e55ef151de4ad9.jpg: Copied (new)
2026/08/08 09:59:46 INFO  : v4/banco_midia/img/ouro_16c449cd87490eae.jpg: Copied (new)
2026/08/08 09:59:47 INFO  : v4/banco_midia/img/ouro_16db1d0770549b6d.jpg: Copied (new)
2026/08/08 09:59:47 INFO  : v4/banco_midia/img/ouro_177447ced941d5eb.jpg: Copied (new)
2026/08/08 09:59:48 INFO  : v4/banco_midia/img/ouro_13c1f49401770eea.jpg: Copied (new)
2026/08/08 09:59:49 INFO  : v4/banco_midia/img/ouro_1708adfc40b28bfb.jpg: Copied (new)
2026/08/08 09:59:51 INFO  : v4/banco_midia/img/ouro_1838f4dc7456a4bb.jpg: Copied (new)
2026/08/08 09:59:51 INFO  : v4/banco_midia/img/ouro_170ad4771f5fffcd.jpg: Copied (new)
2026/08/08 09:59:52 INFO  :   345.731 MiB / 2.006 GiB, 17%, 3.249 MiB/s, ETA 8m46s (xfr#345/1045)
2026/08/08 09:59:52 INFO  : v4/banco_midia/img/ouro_1821be7ec2d4109a.jpg: Copied (new)
2026/08/08 09:59:53 INFO  : v4/banco_midia/img/ouro_1adfb04a7170657d.jpg: Copied (new)
2026/08/08 09:59:53 INFO  : v4/banco_midia/img/ouro_18392edd695fd0d3.jpg: Copied (new)
2026/08/08 09:59:53 INFO  : v4/banco_midia/img/ouro_155c84f137dc32fb.jpg: Copied (new)
2026/08/08 09:59:53 INFO  : v4/banco_midia/img/ouro_187a73c64bddcfbe.jpg: Copied (new)
2026/08/08 09:59:53 INFO  : v4/banco_midia/img/ouro_1b3b4a82e65b6bf1.jpg: Copied (new)
2026/08/08 09:59:54 INFO  : v4/banco_midia/img/ouro_1b66883105d1a480.jpg: Copied (new)
2026/08/08 09:59:54 INFO  : v4/banco_midia/img/ouro_1a75435bcb74dab8.jpg: Copied (new)
2026/08/08 09:59:55 INFO  : v4/banco_midia/img/ouro_1c11ffdda110c483.jpg: Copied (new)
2026/08/08 09:59:55 INFO  : v4/banco_midia/img/ouro_1b9a9a0901bc0162.jpg: Copied (new)
2026/08/08 09:59:56 INFO  : v4/banco_midia/img/ouro_1ce275d4467e00e6.jpg: Copied (new)
2026/08/08 09:59:56 INFO  : v4/banco_midia/img/ouro_1d8749b5743d770f.jpg: Copied (new)
2026/08/08 09:59:57 INFO  : v4/banco_midia/img/ouro_1d7a8a32c85030a5.jpg: Copied (new)
2026/08/08 09:59:58 INFO  : v4/banco_midia/img/ouro_1e014a7f512aa778.jpg: Copied (new)
2026/08/08 09:59:58 INFO  : v4/banco_midia/img/ouro_2088a06ee069e219.jpg: Copied (new)
2026/08/08 09:59:59 INFO  : v4/banco_midia/img/ouro_20a3e77647c19960.jpg: Copied (new)
2026/08/08 09:59:59 INFO  : v4/banco_midia/img/ouro_1da6aa499c3ee37d.jpg: Copied (new)
2026/08/08 09:59:59 INFO  : v4/banco_midia/img/ouro_20ebf34f0d8e0dcd.jpg: Copied (new)
2026/08/08 09:59:59 INFO  : v4/banco_midia/img/ouro_1d347b7961594bd4.jpg: Copied (new)
2026/08/08 10:00:01 INFO  : v4/banco_midia/img/ouro_2222f43bdb7a04f8.jpg: Copied (new)
2026/08/08 10:00:01 INFO  : v4/banco_midia/img/ouro_220299da3f023cf4.jpg: Copied (new)
2026/08/08 10:00:01 INFO  : v4/banco_midia/img/ouro_227d1f7e08f0b27f.jpg: Copied (new)
2026/08/08 10:00:02 INFO  : v4/banco_midia/img/ouro_2345983acf9ad726.jpg: Copied (new)
2026/08/08 10:00:02 INFO  : v4/banco_midia/img/ouro_1c1d039b962f3dc9.jpg: Copied (new)
2026/08/08 10:00:03 INFO  : v4/banco_midia/img/ouro_25dcbb9d2bbde97e.jpg: Copied (new)
2026/08/08 10:00:05 INFO  : v4/banco_midia/img/ouro_22d80f3e9c7bd771.jpg: Copied (new)
2026/08/08 10:00:33 INFO  : v4/banco_midia/img/ouro_22fdfbd59ed0278e.jpg: Copied (new)
2026/08/08 10:00:36 INFO  : v4/banco_midia/img/ouro_277444f58d863e75.jpg: Copied (new)
2026/08/08 10:00:38 INFO  : v4/banco_midia/img/ouro_277e49d00433bc56.jpg: Copied (new)
2026/08/08 10:00:41 INFO  : v4/banco_midia/img/ouro_279131d884145326.jpg: Copied (new)
2026/08/08 10:00:44 INFO  : v4/banco_midia/img/ouro_27c5ecf3b07e36b1.jpg: Copied (new)
2026/08/08 10:00:47 INFO  : v4/banco_midia/img/ouro_282b3a10f70d3882.jpg: Copied (new)
2026/08/08 10:00:50 INFO  : v4/banco_midia/img/ouro_24dd809722cb0734.jpg: Copied (new)
2026/08/08 10:00:52 INFO  :   460.160 MiB / 2.050 GiB, 22%, 1.962 MiB/s, ETA 13m55s (xfr#378/1045)
2026/08/08 10:00:53 INFO  : v4/banco_midia/img/ouro_28739a59d4734a5c.jpg: Copied (new)
2026/08/08 10:00:53 INFO  : v4/banco_midia/img/ouro_2694c4b118da0fb6.jpg: Copied (new)
2026/08/08 10:00:54 INFO  : v4/banco_midia/img/ouro_2680fa4a8f16a1cc.jpg: Copied (new)
2026/08/08 10:00:54 INFO  : v4/banco_midia/img/ouro_23e567fc33c62d9f.jpg: Copied (new)
2026/08/08 10:00:55 INFO  : v4/banco_midia/img/ouro_26e85fade7bb5f18.jpg: Copied (new)
2026/08/08 10:00:55 INFO  : v4/banco_midia/img/ouro_2708f471da289aa6.jpg: Copied (new)
2026/08/08 10:00:56 INFO  : v4/banco_midia/img/ouro_265a82f853af4231.jpg: Copied (new)
2026/08/08 10:00:56 INFO  : v4/banco_midia/img/ouro_2922569541d370e9.jpg: Copied (new)
2026/08/08 10:00:56 INFO  : v4/banco_midia/img/ouro_29a10ec7698b48e8.jpg: Copied (new)
2026/08/08 10:01:37 INFO  : v4/banco_midia/img/ouro_2a0d81178d6addab.jpg: Copied (new)
2026/08/08 10:01:52 INFO  :   515.528 MiB / 2.082 GiB, 24%, 424.055 KiB/s, ETA 1h5m2s (xfr#388/1045)
2026/08/08 10:01:55 INFO  : v4/banco_midia/img/ouro_2b3a00f6e282f41e.jpg: Copied (new)
2026/08/08 10:01:56 INFO  : v4/banco_midia/img/ouro_2ab6c650de9e429f.jpg: Copied (new)
2026/08/08 10:01:57 INFO  : v4/banco_midia/img/ouro_2b8cd4e0e35b3e58.jpg: Copied (new)
2026/08/08 10:01:57 INFO  : v4/banco_midia/img/ouro_29e55753d8b8f0a9.jpg: Copied (new)
2026/08/08 10:01:57 INFO  : v4/banco_midia/img/ouro_2bad433a3a482805.jpg: Copied (new)
2026/08/08 10:01:58 INFO  : v4/banco_midia/img/ouro_2c0723a4bcb757e8.jpg: Copied (new)
2026/08/08 10:01:58 INFO  : v4/banco_midia/img/ouro_2ac2b1b6d390ca4f.jpg: Copied (new)
2026/08/08 10:01:59 INFO  : v4/banco_midia/img/ouro_2c13d6cbdfc87661.jpg: Copied (new)
2026/08/08 10:01:59 INFO  : v4/banco_midia/img/ouro_2c29a67d2afe1461.jpg: Copied (new)
2026/08/08 10:02:00 INFO  : v4/banco_midia/img/ouro_2a69c184d74ddfcd.jpg: Copied (new)
2026/08/08 10:02:02 INFO  : v4/banco_midia/img/ouro_2c4417f4fd2afc46.jpg: Copied (new)
2026/08/08 10:02:33 INFO  : v4/banco_midia/img/ouro_2c7d6c256717dd3b.jpg: Copied (new)
2026/08/08 10:02:37 INFO  : v4/banco_midia/img/ouro_2d7f16cd7b0ccb28.jpg: Copied (new)
2026/08/08 10:02:39 INFO  : v4/banco_midia/img/ouro_2dbb10a126fed02b.jpg: Copied (new)
2026/08/08 10:02:43 INFO  : v4/banco_midia/img/ouro_2def207b1731fac0.jpg: Copied (new)
2026/08/08 10:02:46 INFO  : v4/banco_midia/img/ouro_2e29974bbfe40cf5.jpg: Copied (new)
2026/08/08 10:02:48 INFO  : v4/banco_midia/img/ouro_2c3e5e60417bf888.jpg: Copied (new)
2026/08/08 10:02:48 INFO  : v4/banco_midia/img/ouro_2c3190d0c24f537f.jpg: Copied (new)
2026/08/08 10:02:49 INFO  : v4/banco_midia/img/ouro_2cc303a91590a99c.jpg: Copied (new)
2026/08/08 10:02:50 INFO  : v4/banco_midia/img/ouro_2d3c2602671d691c.jpg: Copied (new)
2026/08/08 10:02:52 INFO  :   606.901 MiB / 2.112 GiB, 28%, 1.971 MiB/s, ETA 13m9s (xfr#408/1045)
2026/08/08 10:02:53 INFO  : v4/banco_midia/img/ouro_2e55969a2fac98cf.jpg: Copied (new)
2026/08/08 10:02:54 INFO  : v4/banco_midia/img/ouro_2c79dff02deecb90.jpg: Copied (new)
2026/08/08 10:02:54 INFO  : v4/banco_midia/img/ouro_28e48284e1385f7b.jpg: Copied (new)
2026/08/08 10:02:55 INFO  : v4/banco_midia/img/ouro_2c97753e22fb2ab4.jpg: Copied (new)
2026/08/08 10:02:56 INFO  : v4/banco_midia/img/ouro_2ec72515818039b8.jpg: Copied (new)
2026/08/08 10:02:56 INFO  : v4/banco_midia/img/ouro_2e616c30aec80ad7.jpg: Copied (new)
2026/08/08 10:02:57 INFO  : v4/banco_midia/img/ouro_320fd0a6ba6bc95a.jpg: Copied (new)
2026/08/08 10:02:58 INFO  : v4/banco_midia/img/ouro_32a736b5695cdce7.jpg: Copied (new)
2026/08/08 10:03:00 INFO  : v4/banco_midia/img/ouro_331d4df485059dc2.jpg: Copied (new)
2026/08/08 10:03:02 INFO  : v4/banco_midia/img/ouro_319a14f8c8dae8c6.jpg: Copied (new)
2026/08/08 10:03:37 INFO  : v4/banco_midia/img/ouro_346941d5bcc34cdb.jpg: Copied (new)
2026/08/08 10:03:40 INFO  : v4/banco_midia/img/ouro_34b017236116505f.jpg: Copied (new)
2026/08/08 10:03:44 INFO  : v4/banco_midia/img/ouro_34bbb674deb3e6f0.jpg: Copied (new)
2026/08/08 10:03:52 INFO  :   667.096 MiB / 2.158 GiB, 30%, 418.228 KiB/s, ETA 1h2m56s (xfr#421/1045)
2026/08/08 10:03:55 INFO  : v4/banco_midia/img/ouro_34982647161db8ff.jpg: Copied (new)
2026/08/08 10:03:56 INFO  : v4/banco_midia/img/ouro_348a371fdcb6b389.jpg: Copied (new)
2026/08/08 10:03:56 INFO  : v4/banco_midia/img/ouro_34ee204b0ffef3d9.jpg: Copied (new)
2026/08/08 10:03:56 INFO  : v4/banco_midia/img/ouro_3465571b6a1366a5.jpg: Copied (new)
2026/08/08 10:03:59 INFO  : v4/banco_midia/img/ouro_34a67cdee58bd819.jpg: Copied (new)
2026/08/08 10:04:00 INFO  : v4/banco_midia/img/ouro_3624da7dc4d51ef4.jpg: Copied (new)
2026/08/08 10:04:02 INFO  : v4/banco_midia/img/ouro_2fbbdff863958dff.jpg: Copied (new)
2026/08/08 10:04:32 INFO  : v4/banco_midia/img/ouro_36e88547ed6aa004.jpg: Copied (new)
2026/08/08 10:04:36 INFO  : v4/banco_midia/img/ouro_36fcdd32ee80ebb2.jpg: Copied (new)
2026/08/08 10:04:39 INFO  : v4/banco_midia/img/ouro_375ecbd6d2e477a0.jpg: Copied (new)
2026/08/08 10:04:43 INFO  : v4/banco_midia/img/ouro_378221823bff9ff6.jpg: Copied (new)
2026/08/08 10:04:46 INFO  : v4/banco_midia/img/ouro_380490ee85997818.jpg: Copied (new)
2026/08/08 10:04:49 INFO  : v4/banco_midia/img/ouro_366a99afe9424bd2.jpg: Copied (new)
2026/08/08 10:04:51 INFO  : v4/banco_midia/img/ouro_36746fd8cca83396.jpg: Copied (new)
2026/08/08 10:04:52 INFO  :   755.582 MiB / 2.194 GiB, 34%, 1.776 MiB/s, ETA 13m59s (xfr#435/1045)
2026/08/08 10:04:53 INFO  : v4/banco_midia/img/ouro_35408dae46d84a3f.jpg: Copied (new)
2026/08/08 10:04:53 INFO  : v4/banco_midia/img/ouro_38424960ea509b7e.jpg: Copied (new)
2026/08/08 10:04:53 INFO  : v4/banco_midia/img/ouro_3591e0c7dddd79c2.jpg: Copied (new)
2026/08/08 10:04:54 INFO  : v4/banco_midia/img/ouro_35c2b0d4733e6e63.jpg: Copied (new)
2026/08/08 10:04:56 INFO  : v4/banco_midia/img/ouro_392f13ea98b5fbac.jpg: Copied (new)
2026/08/08 10:04:58 INFO  : v4/banco_midia/img/ouro_31f3a0c0e823adb2.jpg: Copied (new)
2026/08/08 10:04:59 INFO  : v4/banco_midia/img/ouro_393e10c1be969200.jpg: Copied (new)
2026/08/08 10:04:59 INFO  : v4/banco_midia/img/ouro_39ed749a8ab981bd.jpg: Copied (new)
2026/08/08 10:05:00 INFO  : v4/banco_midia/img/ouro_2e34ce55281ce2ed.jpg: Copied (new)
2026/08/08 10:05:00 INFO  : v4/banco_midia/img/ouro_3b68dcd178dcc16e.jpg: Copied (new)
2026/08/08 10:05:00 INFO  : v4/banco_midia/img/ouro_3a2500ee0a1ce54d.jpg: Copied (new)
2026/08/08 10:05:02 INFO  : v4/banco_midia/img/ouro_3892ab503b115c03.jpg: Copied (new)
2026/08/08 10:05:36 INFO  : v4/banco_midia/img/ouro_3cda2916e6a00a0a.jpg: Copied (new)
2026/08/08 10:05:38 INFO  : v4/banco_midia/img/ouro_3d041ab8fa5f437a.jpg: Copied (new)
2026/08/08 10:05:41 INFO  : v4/banco_midia/img/ouro_3d8ad3ee67311a1a.jpg: Copied (new)
2026/08/08 10:05:44 INFO  : v4/banco_midia/img/ouro_3d95a1cb529020b0.jpg: Copied (new)
2026/08/08 10:05:48 INFO  : v4/banco_midia/img/ouro_3de4e27fe1257aa8.jpg: Copied (new)
2026/08/08 10:05:50 INFO  : v4/banco_midia/img/ouro_3e919fa61b730a58.jpg: Copied (new)
2026/08/08 10:05:52 INFO  : v4/banco_midia/img/ouro_3c3e138f8a6b2c4e.jpg: Copied (new)
2026/08/08 10:05:52 INFO  :   847.541 MiB / 2.235 GiB, 37%, 1.807 MiB/s, ETA 13m17s (xfr#454/1045)
2026/08/08 10:05:55 INFO  : v4/banco_midia/img/ouro_3bb0fd0c1a5d8254.jpg: Copied (new)
2026/08/08 10:05:56 INFO  : v4/banco_midia/img/ouro_3cd37770c8cbf1dd.jpg: Copied (new)
2026/08/08 10:05:56 INFO  : v4/banco_midia/img/ouro_3b0a0ce2ad66403e.jpg: Copied (new)
2026/08/08 10:05:58 INFO  : v4/banco_midia/img/ouro_3ebd19d25b2d630a.jpg: Copied (new)
2026/08/08 10:06:00 INFO  : v4/banco_midia/img/ouro_40adc0749e290932.jpg: Copied (new)
2026/08/08 10:06:00 INFO  : v4/banco_midia/img/ouro_3f6a4e80b1d4fa12.jpg: Copied (new)
2026/08/08 10:06:01 INFO  : v4/banco_midia/img/ouro_3fbd9aa49ecd7166.jpg: Copied (new)
2026/08/08 10:06:01 INFO  : v4/banco_midia/img/ouro_40de6799944247a8.jpg: Copied (new)
2026/08/08 10:06:01 INFO  : v4/banco_midia/img/ouro_3cf3012a501a4160.jpg: Copied (new)
2026/08/08 10:06:04 INFO  : v4/banco_midia/img/ouro_41ad235210cda4da.jpg: Copied (new)
2026/08/08 10:06:28 INFO  : v4/banco_midia/img/ouro_421c4f2dcf70aac8.jpg: Copied (new)
2026/08/08 10:06:30 INFO  : v4/banco_midia/img/ouro_4271d043a0947c95.jpg: Copied (new)
2026/08/08 10:06:33 INFO  : v4/banco_midia/img/ouro_41d1419e53373fc8.jpg: Copied (new)
2026/08/08 10:06:34 INFO  : v4/banco_midia/img/ouro_427711ba77f7571a.jpg: Copied (new)
2026/08/08 10:06:34 INFO  : v4/banco_midia/img/ouro_420fa48e1f3fa641.jpg: Copied (new)
2026/08/08 10:06:35 INFO  : v4/banco_midia/img/ouro_3fd74a5daca3b8d6.jpg: Copied (new)
2026/08/08 10:06:35 INFO  : v4/banco_midia/img/ouro_3b6b05a3a11d5875.jpg: Copied (new)
2026/08/08 10:06:36 INFO  : v4/banco_midia/img/ouro_4122a34728e2dccb.jpg: Copied (new)
2026/08/08 10:06:37 INFO  : v4/banco_midia/img/ouro_4394f750f56294df.jpg: Copied (new)
2026/08/08 10:06:38 INFO  : v4/banco_midia/img/ouro_438e60fc81400106.jpg: Copied (new)
2026/08/08 10:06:38 INFO  : v4/banco_midia/img/ouro_43a0784f4b81f2ba.jpg: Copied (new)
2026/08/08 10:06:38 INFO  : v4/banco_midia/img/ouro_416ad24f4bbb9ee4.jpg: Copied (new)
2026/08/08 10:06:40 INFO  : v4/banco_midia/img/ouro_3bd9d2b986195555.jpg: Copied (new)
2026/08/08 10:06:41 INFO  : v4/banco_midia/img/ouro_43d6958ae5629c43.jpg: Copied (new)
2026/08/08 10:06:41 INFO  : v4/banco_midia/img/ouro_44e766b501f803e9.jpg: Copied (new)
2026/08/08 10:06:41 INFO  : v4/banco_midia/img/ouro_44dcef04b0dd4d22.jpg: Copied (new)
2026/08/08 10:06:41 INFO  : v4/banco_midia/img/ouro_4435deede641aa6a.jpg: Copied (new)
2026/08/08 10:06:42 INFO  : v4/banco_midia/img/ouro_44f148ed6df20c78.jpg: Copied (new)
2026/08/08 10:06:42 INFO  : v4/banco_midia/img/ouro_42ff1d7b7337d0e3.jpg: Copied (new)
2026/08/08 10:06:43 INFO  : v4/banco_midia/img/ouro_45172a032cb136e2.jpg: Copied (new)
2026/08/08 10:06:43 INFO  : v4/banco_midia/img/ouro_45150da0254bde43.jpg: Copied (new)
2026/08/08 10:06:45 INFO  : v4/banco_midia/img/ouro_46196bb13a7d07eb.jpg: Copied (new)
2026/08/08 10:06:46 INFO  : v4/banco_midia/img/ouro_47a7bde872325a17.jpg: Copied (new)
2026/08/08 10:06:46 INFO  : v4/banco_midia/img/ouro_4705d42bce6d9fa1.jpg: Copied (new)
2026/08/08 10:06:46 INFO  : v4/banco_midia/img/ouro_4837b00df26c5d90.jpg: Copied (new)
2026/08/08 10:06:47 INFO  : v4/banco_midia/img/ouro_4525b731ee138a9f.jpg: Copied (new)
2026/08/08 10:06:48 INFO  : v4/banco_midia/img/ouro_46581ae6b6b1e20b.jpg: Copied (new)
2026/08/08 10:06:48 INFO  : v4/banco_midia/img/ouro_48c6a26fa007220a.jpg: Copied (new)
2026/08/08 10:06:48 INFO  : v4/banco_midia/img/ouro_48e174389127cb81.jpg: Copied (new)
2026/08/08 10:06:48 INFO  : v4/banco_midia/img/ouro_4a659faa8da2ea28.jpg: Copied (new)
2026/08/08 10:06:49 INFO  : v4/banco_midia/img/ouro_4a49ab34eccb5b88.jpg: Copied (new)
2026/08/08 10:06:51 INFO  : v4/banco_midia/img/ouro_4a7492bfa532aadb.jpg: Copied (new)
2026/08/08 10:06:52 INFO  : v4/banco_midia/img/ouro_4b1b7b18b4bbcfe1.jpg: Copied (new)
2026/08/08 10:06:52 INFO  :   992.748 MiB / 2.276 GiB, 43%, 3.191 MiB/s, ETA 6m59s (xfr#497/1045)
2026/08/08 10:06:53 INFO  : v4/banco_midia/img/ouro_4c97783dc7993864.jpg: Copied (new)
2026/08/08 10:06:53 INFO  : v4/banco_midia/img/ouro_4ca304b19a271ce4.jpg: Copied (new)
2026/08/08 10:06:53 INFO  : v4/banco_midia/img/ouro_4c2882b87493ccb4.jpg: Copied (new)
2026/08/08 10:06:54 INFO  : v4/banco_midia/img/ouro_4907428efce87e94.jpg: Copied (new)
2026/08/08 10:06:56 INFO  : v4/banco_midia/img/ouro_4d7268dfd518ce06.jpg: Copied (new)
2026/08/08 10:06:56 INFO  : v4/banco_midia/img/ouro_4db669d7bf6673ba.jpg: Copied (new)
2026/08/08 10:06:56 INFO  : v4/banco_midia/img/ouro_4d585d3656e0cf66.jpg: Copied (new)
2026/08/08 10:06:56 INFO  : v4/banco_midia/img/ouro_4cd9bc3c27c0fc65.jpg: Copied (new)
2026/08/08 10:06:57 INFO  : v4/banco_midia/img/ouro_4e114d98a30cf332.jpg: Copied (new)
2026/08/08 10:06:57 INFO  : v4/banco_midia/img/ouro_4a421a6e4b2d73fb.jpg: Copied (new)
2026/08/08 10:06:58 INFO  : v4/banco_midia/img/ouro_4f9c7a31e6829452.jpg: Copied (new)
2026/08/08 10:06:59 INFO  : v4/banco_midia/img/ouro_50dcfa71722964a5.jpg: Copied (new)
2026/08/08 10:06:59 INFO  : v4/banco_midia/img/ouro_524ce62a201bbcd1.jpg: Copied (new)
2026/08/08 10:07:00 INFO  : v4/banco_midia/img/ouro_50e63f8da6c75340.jpg: Copied (new)
2026/08/08 10:07:01 INFO  : v4/banco_midia/img/ouro_4ef08b6d15d84e9c.jpg: Copied (new)
2026/08/08 10:07:43 INFO  : v4/banco_midia/img/ouro_52e37f3bcd994405.jpg: Copied (new)
2026/08/08 10:07:49 INFO  : v4/banco_midia/img/ouro_526d6ca4bafb360f.jpg: Copied (new)
2026/08/08 10:07:50 INFO  : v4/banco_midia/img/ouro_54052dae483cfb45.jpg: Copied (new)
2026/08/08 10:07:51 INFO  : v4/banco_midia/img/ouro_528036388c39087c.jpg: Copied (new)
2026/08/08 10:07:51 INFO  : v4/banco_midia/img/ouro_52ad288c3d37a837.jpg: Copied (new)
2026/08/08 10:07:52 INFO  : v4/banco_midia/img/ouro_5348f4f9a1eca6d4.jpg: Copied (new)
2026/08/08 10:07:52 INFO  : v4/banco_midia/img/ouro_542176eab52dac8e.jpg: Copied (new)
2026/08/08 10:07:52 INFO  :     1.083 GiB / 2.329 GiB, 46%, 1.890 MiB/s, ETA 11m15s (xfr#519/1045)
2026/08/08 10:07:53 INFO  : v4/banco_midia/img/ouro_509e0562f75f04f4.jpg: Copied (new)
2026/08/08 10:07:53 INFO  : v4/banco_midia/img/ouro_54a6f026e76f3c40.jpg: Copied (new)
2026/08/08 10:07:53 INFO  : v4/banco_midia/img/ouro_52cc6a883b9da1ac.jpg: Copied (new)
2026/08/08 10:07:56 INFO  : v4/banco_midia/img/ouro_5549db6b3241b1aa.jpg: Copied (new)
2026/08/08 10:07:57 INFO  : v4/banco_midia/img/ouro_55bd492dd9ace344.jpg: Copied (new)
2026/08/08 10:07:57 INFO  : v4/banco_midia/img/ouro_56c911ae4d66be65.jpg: Copied (new)
2026/08/08 10:07:57 INFO  : v4/banco_midia/img/ouro_56c292909f958476.jpg: Copied (new)
2026/08/08 10:07:57 INFO  : v4/banco_midia/img/ouro_54076bb7e8c06c84.jpg: Copied (new)
2026/08/08 10:07:57 INFO  : v4/banco_midia/img/ouro_54a83ac31cdbcf5a.jpg: Copied (new)
2026/08/08 10:07:58 INFO  : v4/banco_midia/img/ouro_560ea59341101240.jpg: Copied (new)
2026/08/08 10:07:58 INFO  : v4/banco_midia/img/ouro_571fc378bc3a2b72.jpg: Copied (new)
2026/08/08 10:07:59 INFO  : v4/banco_midia/img/ouro_561d081327933714.jpg: Copied (new)
2026/08/08 10:08:00 INFO  : v4/banco_midia/img/ouro_57996a46cfbc0e4a.jpg: Copied (new)
2026/08/08 10:08:00 INFO  : v4/banco_midia/img/ouro_57f242f46117f974.jpg: Copied (new)
2026/08/08 10:08:00 INFO  : v4/banco_midia/img/ouro_57356e8b52c04138.jpg: Copied (new)
2026/08/08 10:08:01 INFO  : v4/banco_midia/img/ouro_5898882067b2aa0b.jpg: Copied (new)
2026/08/08 10:08:01 INFO  : v4/banco_midia/img/ouro_59f9d483cdc7c1ca.jpg: Copied (new)
2026/08/08 10:08:02 INFO  : v4/banco_midia/img/ouro_59048e81c7a6da70.jpg: Copied (new)
2026/08/08 10:08:02 INFO  : v4/banco_midia/img/ouro_599b9b1e0030b6e4.jpg: Copied (new)
2026/08/08 10:08:03 INFO  : v4/banco_midia/img/ouro_5aedd8094895af11.jpg: Copied (new)
2026/08/08 10:08:03 INFO  : v4/banco_midia/img/ouro_5a8dbdb9aa27f13a.jpg: Copied (new)
2026/08/08 10:08:28 INFO  : v4/banco_midia/img/ouro_59ff9f55cfb7a63b.jpg: Copied (new)
2026/08/08 10:08:28 INFO  : v4/banco_midia/img/ouro_5c0e88a0f67ef56d.jpg: Copied (new)
2026/08/08 10:08:30 INFO  : v4/banco_midia/img/ouro_5d4a5e91564f84de.jpg: Copied (new)
2026/08/08 10:08:30 INFO  : v4/banco_midia/img/ouro_5e66bfb85d34ff12.jpg: Copied (new)
2026/08/08 10:08:31 INFO  : v4/banco_midia/img/ouro_5c334a201e9e5bba.jpg: Copied (new)
2026/08/08 10:08:35 INFO  : v4/banco_midia/img/ouro_5f3497cf03063c6b.jpg: Copied (new)
2026/08/08 10:08:35 INFO  : v4/banco_midia/img/ouro_5b2068bdc52e5287.jpg: Copied (new)
2026/08/08 10:08:35 INFO  : v4/banco_midia/img/ouro_5c596ee97227c82a.jpg: Copied (new)
2026/08/08 10:08:36 INFO  : v4/banco_midia/img/ouro_5e606ccf97097d43.jpg: Copied (new)
2026/08/08 10:08:38 INFO  : v4/banco_midia/img/ouro_5ff2d42d32d1bd91.jpg: Copied (new)
2026/08/08 10:08:39 INFO  : v4/banco_midia/img/ouro_5f63ba2433363ea5.jpg: Copied (new)
2026/08/08 10:08:39 INFO  : v4/banco_midia/img/ouro_605f56cd3088e5b4.jpg: Copied (new)
2026/08/08 10:08:39 INFO  : v4/banco_midia/img/ouro_6035e5c888d28de8.jpg: Copied (new)
2026/08/08 10:08:40 INFO  : v4/banco_midia/img/ouro_60608d1694145db8.jpg: Copied (new)
2026/08/08 10:08:41 INFO  : v4/banco_midia/img/ouro_608ebb24ec186986.jpg: Copied (new)
2026/08/08 10:08:41 INFO  : v4/banco_midia/img/ouro_5c1c93a71e9949a1.jpg: Copied (new)
2026/08/08 10:08:42 INFO  : v4/banco_midia/img/ouro_615c6b9c843803e4.jpg: Copied (new)
2026/08/08 10:08:42 INFO  : v4/banco_midia/img/ouro_5ea2ca97b219f7f8.jpg: Copied (new)
2026/08/08 10:08:43 INFO  : v4/banco_midia/img/ouro_60f27c008d16f444.jpg: Copied (new)
2026/08/08 10:08:43 INFO  : v4/banco_midia/img/ouro_60933aec47023088.jpg: Copied (new)
2026/08/08 10:08:44 INFO  : v4/banco_midia/img/ouro_61769cb32d84e349.jpg: Copied (new)
2026/08/08 10:08:46 INFO  : v4/banco_midia/img/ouro_6183656257d6a5d0.jpg: Copied (new)
2026/08/08 10:08:46 INFO  : v4/banco_midia/img/ouro_63465371965225f3.jpg: Copied (new)
2026/08/08 10:08:47 INFO  : v4/banco_midia/img/ouro_5f062322ef904d31.jpg: Copied (new)
2026/08/08 10:08:49 INFO  : v4/banco_midia/img/ouro_6326d40f50b4a37e.jpg: Copied (new)
2026/08/08 10:08:49 INFO  : v4/banco_midia/img/ouro_63ae459e8da30bf4.jpg: Copied (new)
2026/08/08 10:08:50 INFO  : v4/banco_midia/img/ouro_618667c6c594de07.jpg: Copied (new)
2026/08/08 10:08:50 INFO  : v4/banco_midia/img/ouro_6396f67303faea7a.jpg: Copied (new)
2026/08/08 10:08:51 INFO  : v4/banco_midia/img/ouro_640065d4a362fc8a.jpg: Copied (new)
2026/08/08 10:08:52 INFO  : v4/banco_midia/img/ouro_625d581146cf164f.jpg: Copied (new)
2026/08/08 10:08:52 INFO  :     1.245 GiB / 2.370 GiB, 53%, 3.479 MiB/s, ETA 5m31s (xfr#570/1045)
2026/08/08 10:08:52 INFO  : v4/banco_midia/img/ouro_64e48d8c587a8f65.jpg: Copied (new)
2026/08/08 10:08:53 INFO  : v4/banco_midia/img/ouro_659dc099cdac0413.jpg: Copied (new)
2026/08/08 10:08:54 INFO  : v4/banco_midia/img/ouro_6527724b4198f40d.jpg: Copied (new)
2026/08/08 10:08:54 INFO  : v4/banco_midia/img/ouro_65c051f1f0dd3490.jpg: Copied (new)
2026/08/08 10:08:54 INFO  : v4/banco_midia/img/ouro_656a1d92fc697e0c.jpg: Copied (new)
2026/08/08 10:08:54 INFO  : v4/banco_midia/img/ouro_66bdef8f6c00793e.jpg: Copied (new)
2026/08/08 10:08:54 INFO  : v4/banco_midia/img/ouro_6214da53ecafb176.jpg: Copied (new)
2026/08/08 10:08:55 INFO  : v4/banco_midia/img/ouro_67b811ecda03afa1.jpg: Copied (new)
2026/08/08 10:08:56 INFO  : v4/banco_midia/img/ouro_6889e9aab8f415db.jpg: Copied (new)
2026/08/08 10:08:57 INFO  : v4/banco_midia/img/ouro_683e85a1953ef758.jpg: Copied (new)
2026/08/08 10:08:57 INFO  : v4/banco_midia/img/ouro_676555b573991960.jpg: Copied (new)
2026/08/08 10:08:58 INFO  : v4/banco_midia/img/ouro_6861be55df6aedde.jpg: Copied (new)
2026/08/08 10:08:58 INFO  : v4/banco_midia/img/ouro_688f1fe2248a6c48.jpg: Copied (new)
2026/08/08 10:08:59 INFO  : v4/banco_midia/img/ouro_680678cb3db56ce3.jpg: Copied (new)
2026/08/08 10:08:59 INFO  : v4/banco_midia/img/ouro_693f544a97a8805c.jpg: Copied (new)
2026/08/08 10:09:00 INFO  : v4/banco_midia/img/ouro_6944d777f55dd5a6.jpg: Copied (new)
2026/08/08 10:09:00 INFO  : v4/banco_midia/img/ouro_69433d27c8353e78.jpg: Copied (new)
2026/08/08 10:09:00 INFO  : v4/banco_midia/img/ouro_6986b7c975ab3460.jpg: Copied (new)
2026/08/08 10:09:02 INFO  : v4/banco_midia/img/ouro_692fa64847937871.jpg: Copied (new)
2026/08/08 10:09:02 INFO  : v4/banco_midia/img/ouro_6a2a694435de2a8a.jpg: Copied (new)
2026/08/08 10:09:37 INFO  : v4/banco_midia/img/ouro_6b884ba530ada6ce.jpg: Copied (new)
2026/08/08 10:09:39 INFO  : v4/banco_midia/img/ouro_6c62f10a6a00e149.jpg: Copied (new)
2026/08/08 10:09:40 INFO  : v4/banco_midia/img/ouro_6a8563ecd2483df4.jpg: Copied (new)
2026/08/08 10:09:40 INFO  : v4/banco_midia/img/ouro_6ac72f3501ce3059.jpg: Copied (new)
2026/08/08 10:09:42 INFO  : v4/banco_midia/img/ouro_69cafe3e8ce435dd.jpg: Copied (new)
2026/08/08 10:09:43 INFO  : v4/banco_midia/img/ouro_6cda906ab16a9fbf.jpg: Copied (new)
2026/08/08 10:09:44 INFO  : v4/banco_midia/img/ouro_6dbe19fc398cc370.jpg: Copied (new)
2026/08/08 10:09:45 INFO  : v4/banco_midia/img/ouro_6b01052efd544560.jpg: Copied (new)
2026/08/08 10:09:45 INFO  : v4/banco_midia/img/ouro_6d89b27fe35f944d.jpg: Copied (new)
2026/08/08 10:09:48 INFO  : v4/banco_midia/img/ouro_6ccb7b30b9290566.jpg: Copied (new)
2026/08/08 10:09:48 INFO  : v4/banco_midia/img/ouro_6f5a18e05c963101.jpg: Copied (new)
2026/08/08 10:09:48 INFO  : v4/banco_midia/img/ouro_6cf42a21ab5fc6d4.jpg: Copied (new)
2026/08/08 10:09:49 INFO  : v4/banco_midia/img/ouro_6fc1c4314ee9ea1c.jpg: Copied (new)
2026/08/08 10:09:52 INFO  : v4/banco_midia/img/ouro_6fbb099a534673bc.jpg: Copied (new)
2026/08/08 10:09:52 INFO  : v4/banco_midia/img/ouro_6eb7ae2e97c48d06.jpg: Copied (new)
2026/08/08 10:09:52 INFO  : v4/banco_midia/img/ouro_723879fb64daa591.jpg: Copied (new)
2026/08/08 10:09:52 INFO  :     1.378 GiB / 2.422 GiB, 57%, 2.830 MiB/s, ETA 6m17s (xfr#606/1045)
2026/08/08 10:09:52 INFO  : v4/banco_midia/img/ouro_6e51522a21c7b2a2.jpg: Copied (new)
2026/08/08 10:09:53 INFO  : v4/banco_midia/img/ouro_6a0cefea638969e1.jpg: Copied (new)
2026/08/08 10:09:55 INFO  : v4/banco_midia/img/ouro_7354255ba41b5821.jpg: Copied (new)
2026/08/08 10:09:55 INFO  : v4/banco_midia/img/ouro_713deb0295b52fcb.jpg: Copied (new)
2026/08/08 10:09:56 INFO  : v4/banco_midia/img/ouro_72e864ea91a4b9ef.jpg: Copied (new)
2026/08/08 10:09:56 INFO  : v4/banco_midia/img/ouro_732edb64484919c3.jpg: Copied (new)
2026/08/08 10:09:56 INFO  : v4/banco_midia/img/ouro_72409a801126c4a2.jpg: Copied (new)
2026/08/08 10:09:57 INFO  : v4/banco_midia/img/ouro_70282ef2d0e54e59.jpg: Copied (new)
2026/08/08 10:09:58 INFO  : v4/banco_midia/img/ouro_739f48fb07f2ec26.jpg: Copied (new)
2026/08/08 10:09:58 INFO  : v4/banco_midia/img/ouro_722a7da7750b3b49.jpg: Copied (new)
2026/08/08 10:09:59 INFO  : v4/banco_midia/img/ouro_73adc547072d90de.jpg: Copied (new)
2026/08/08 10:09:59 INFO  : v4/banco_midia/img/ouro_746bff34264624c9.jpg: Copied (new)
2026/08/08 10:09:59 INFO  : v4/banco_midia/img/ouro_74d6d68599d78134.png: Copied (new)
2026/08/08 10:09:59 INFO  : v4/banco_midia/img/ouro_762883737a6ede14.jpg: Copied (new)
2026/08/08 10:10:00 INFO  : v4/banco_midia/img/ouro_75f1af8ab97248d1.jpg: Copied (new)
2026/08/08 10:10:00 INFO  : v4/banco_midia/img/ouro_75e9f89b8365ec0b.jpg: Copied (new)
2026/08/08 10:10:01 INFO  : v4/banco_midia/img/ouro_76a30aa2b2aa387e.jpg: Copied (new)
2026/08/08 10:10:02 INFO  : v4/banco_midia/img/ouro_7769283b540cc286.jpg: Copied (new)
2026/08/08 10:10:02 INFO  : v4/banco_midia/img/ouro_784fd6749384faab.jpg: Copied (new)
2026/08/08 10:10:42 INFO  : v4/banco_midia/img/ouro_78b5ddefc12a5404.jpg: Copied (new)
2026/08/08 10:10:43 INFO  : v4/banco_midia/img/ouro_7885192a09302a8d.jpg: Copied (new)
2026/08/08 10:10:46 INFO  : v4/banco_midia/img/ouro_789bfe0f4ca14ad8.jpg: Copied (new)
2026/08/08 10:10:47 INFO  : v4/banco_midia/img/ouro_7866e82affa67ce3.jpg: Copied (new)
2026/08/08 10:10:48 INFO  : v4/banco_midia/img/ouro_78f735f4e996e6d2.jpg: Copied (new)
2026/08/08 10:10:49 INFO  : v4/banco_midia/img/ouro_7665ccfa15eaf879.jpg: Copied (new)
2026/08/08 10:10:49 INFO  : v4/banco_midia/img/ouro_787f144df322d28b.jpg: Copied (new)
2026/08/08 10:10:52 INFO  : v4/banco_midia/img/ouro_7891c94f7ccb1eb3.jpg: Copied (new)
2026/08/08 10:10:52 INFO  : v4/banco_midia/img/ouro_770be3ac237d6775.jpg: Copied (new)
2026/08/08 10:10:52 INFO  :     1.484 GiB / 2.459 GiB, 60%, 2.143 MiB/s, ETA 7m45s (xfr#634/1045)
2026/08/08 10:10:53 INFO  : v4/banco_midia/img/ouro_7aed978045ae79ea.jpg: Copied (new)
2026/08/08 10:10:53 INFO  : v4/banco_midia/img/ouro_7a979afbc7ed0cc9.jpg: Copied (new)
2026/08/08 10:10:53 INFO  : v4/banco_midia/img/ouro_78c4751ad6aad97d.jpg: Copied (new)
2026/08/08 10:10:54 INFO  : v4/banco_midia/img/ouro_79e0260966862a69.jpg: Copied (new)
2026/08/08 10:10:54 INFO  : v4/banco_midia/img/ouro_7ab5528399e63f30.jpg: Copied (new)
2026/08/08 10:10:54 INFO  : v4/banco_midia/img/ouro_7a6791209028a583.jpg: Copied (new)
2026/08/08 10:10:56 INFO  : v4/banco_midia/img/ouro_7c5ed94380517ed5.jpg: Copied (new)
2026/08/08 10:10:57 INFO  : v4/banco_midia/img/ouro_7cf6790e666d07cc.jpg: Copied (new)
2026/08/08 10:10:57 INFO  : v4/banco_midia/img/ouro_7d5d7b5a1a18377a.jpg: Copied (new)
2026/08/08 10:10:57 INFO  : v4/banco_midia/img/ouro_7ceba5b0b643bd9b.jpg: Copied (new)
2026/08/08 10:10:57 INFO  : v4/banco_midia/img/ouro_7e3427663ae7016c.jpg: Copied (new)
2026/08/08 10:10:59 INFO  : v4/banco_midia/img/ouro_7c84a40c94c3099c.jpg: Copied (new)
2026/08/08 10:10:59 INFO  : v4/banco_midia/img/ouro_7e550b0b499bbf7c.jpg: Copied (new)
2026/08/08 10:11:01 INFO  : v4/banco_midia/img/ouro_7fd0adf5aa79d8be.jpg: Copied (new)
2026/08/08 10:11:01 INFO  : v4/banco_midia/img/ouro_7d36cf419540c000.jpg: Copied (new)
2026/08/08 10:11:02 INFO  : v4/banco_midia/img/ouro_7fcfe36e97c95e0f.jpg: Copied (new)
2026/08/08 10:11:03 INFO  : v4/banco_midia/img/ouro_7e1d1e7e9cd07a09.jpg: Copied (new)
2026/08/08 10:11:31 INFO  : v4/banco_midia/img/ouro_80e2d794324ef9d8.jpg: Copied (new)
2026/08/08 10:11:34 INFO  : v4/banco_midia/img/ouro_81887b5b5da487ad.jpg: Copied (new)
2026/08/08 10:11:37 INFO  : v4/banco_midia/img/ouro_8198dc4fc5aedd3b.jpg: Copied (new)
2026/08/08 10:11:41 INFO  : v4/banco_midia/img/ouro_7ff0e6e4c5c1a59d.jpg: Copied (new)
2026/08/08 10:11:41 INFO  : v4/banco_midia/img/ouro_80e5586ad68bc559.jpg: Copied (new)
2026/08/08 10:11:41 INFO  : v4/banco_midia/img/ouro_7ff750cda40a107d.jpg: Copied (new)
2026/08/08 10:11:42 INFO  : v4/banco_midia/img/ouro_8036368ea22b405e.jpg: Copied (new)
2026/08/08 10:11:42 INFO  : v4/banco_midia/img/ouro_8168c5c07a88bf4a.jpg: Copied (new)
2026/08/08 10:11:45 INFO  : v4/banco_midia/img/ouro_81cad4214c69135c.jpg: Copied (new)
2026/08/08 10:11:45 INFO  : v4/banco_midia/img/ouro_829ec55db0af1828.jpg: Copied (new)
2026/08/08 10:11:46 INFO  : v4/banco_midia/img/ouro_81eae4fef6122bd3.jpg: Copied (new)
2026/08/08 10:11:47 INFO  : v4/banco_midia/img/ouro_82d960d2957f5084.jpg: Copied (new)
2026/08/08 10:11:48 INFO  : v4/banco_midia/img/ouro_8359dbc86d0452ab.jpg: Copied (new)
2026/08/08 10:11:49 INFO  : v4/banco_midia/img/ouro_83468fff399e6f5b.jpg: Copied (new)
2026/08/08 10:11:49 INFO  : v4/banco_midia/img/ouro_83ae8c993e9ba4f4.jpg: Copied (new)
2026/08/08 10:11:50 INFO  : v4/banco_midia/img/ouro_82ac2179ac09eb77.jpg: Copied (new)
2026/08/08 10:11:51 INFO  : v4/banco_midia/img/ouro_84f8229ba545c5a2.jpg: Copied (new)
2026/08/08 10:11:51 INFO  : v4/banco_midia/img/ouro_7f7437e8c5cd84d0.jpg: Copied (new)
2026/08/08 10:11:52 INFO  : v4/banco_midia/img/ouro_83852cae50fd38a7.jpg: Copied (new)
2026/08/08 10:11:52 INFO  :     1.606 GiB / 2.505 GiB, 64%, 2.376 MiB/s, ETA 6m27s (xfr#670/1045)
2026/08/08 10:11:52 INFO  : v4/banco_midia/img/ouro_852bcd17197a0a71.jpg: Copied (new)
2026/08/08 10:11:53 INFO  : v4/banco_midia/img/ouro_850a59d3f527c427.jpg: Copied (new)
2026/08/08 10:11:53 INFO  : v4/banco_midia/img/ouro_8530dd9f675931b3.jpg: Copied (new)
2026/08/08 10:11:53 INFO  : v4/banco_midia/img/ouro_85384ad5cf936f55.jpg: Copied (new)
2026/08/08 10:11:55 INFO  : v4/banco_midia/img/ouro_858b104b1c6c994c.jpg: Copied (new)
2026/08/08 10:11:56 INFO  : v4/banco_midia/img/ouro_85c25d7b6c137378.jpg: Copied (new)
2026/08/08 10:11:56 INFO  : v4/banco_midia/img/ouro_86170694263264dd.jpg: Copied (new)
2026/08/08 10:11:56 INFO  : v4/banco_midia/img/ouro_80767748b9e7e25b.jpg: Copied (new)
2026/08/08 10:11:56 INFO  : v4/banco_midia/img/ouro_8751fbf00b3eabfc.jpg: Copied (new)
2026/08/08 10:11:58 INFO  : v4/banco_midia/img/ouro_87d613880238f355.jpg: Copied (new)
2026/08/08 10:11:59 INFO  : v4/banco_midia/img/ouro_87048acf618f4d37.jpg: Copied (new)
2026/08/08 10:11:59 INFO  : v4/banco_midia/img/ouro_88cc60936c71d8cf.jpg: Copied (new)
2026/08/08 10:12:00 INFO  : v4/banco_midia/img/ouro_8893c7abf8ca686f.jpg: Copied (new)
2026/08/08 10:12:00 INFO  : v4/banco_midia/img/ouro_89391957bc452b71.jpg: Copied (new)
2026/08/08 10:12:01 INFO  : v4/banco_midia/img/ouro_89279be7e49d3818.jpg: Copied (new)
2026/08/08 10:12:02 INFO  : v4/banco_midia/img/ouro_8c60cd07e89eab5e.jpg: Copied (new)
2026/08/08 10:12:03 INFO  : v4/banco_midia/img/ouro_8e2f8a8c995cc9da.jpg: Copied (new)
2026/08/08 10:12:30 INFO  : v4/banco_midia/img/ouro_8eb56a98cf954dec.jpg: Copied (new)
2026/08/08 10:12:32 INFO  : v4/banco_midia/img/ouro_8d91caa0a605c9a6.jpg: Copied (new)
2026/08/08 10:12:34 INFO  : v4/banco_midia/img/ouro_8eaf37f1c13ebb6f.jpg: Copied (new)
2026/08/08 10:12:34 INFO  : v4/banco_midia/img/ouro_8ec180fb196a9228.jpg: Copied (new)
2026/08/08 10:12:35 INFO  : v4/banco_midia/img/ouro_8b24c64b1034aa72.jpg: Copied (new)
2026/08/08 10:12:36 INFO  : v4/banco_midia/img/ouro_8f0138c88c333e2f.jpg: Copied (new)
2026/08/08 10:12:37 INFO  : v4/banco_midia/img/ouro_8eb9dfa49dcbc9e1.jpg: Copied (new)
2026/08/08 10:12:38 INFO  : v4/banco_midia/img/ouro_8db6305a360ca582.jpg: Copied (new)
2026/08/08 10:12:39 INFO  : v4/banco_midia/img/ouro_8f58815804905a69.png: Copied (new)
2026/08/08 10:12:40 INFO  : v4/banco_midia/img/ouro_8f00e13e70a56f67.jpg: Copied (new)
2026/08/08 10:12:40 INFO  : v4/banco_midia/img/ouro_8fdc5f5fb4a1a47b.jpg: Copied (new)
2026/08/08 10:12:40 INFO  : v4/banco_midia/img/ouro_8c503a1d2cf6337c.jpg: Copied (new)
2026/08/08 10:12:41 INFO  : v4/banco_midia/img/ouro_906206af067fd9b3.jpg: Copied (new)
2026/08/08 10:12:42 INFO  : v4/banco_midia/img/ouro_860a9d786f52bcc7.jpg: Copied (new)
2026/08/08 10:12:42 INFO  : v4/banco_midia/img/ouro_8f8c59d83b117771.jpg: Copied (new)
2026/08/08 10:12:42 INFO  : v4/banco_midia/img/ouro_90bd0eed91b021c6.jpg: Copied (new)
2026/08/08 10:12:43 INFO  : v4/banco_midia/img/ouro_928f7cdce14c74c3.jpg: Copied (new)
2026/08/08 10:12:44 INFO  : v4/banco_midia/img/ouro_916e03c1e2494c13.jpg: Copied (new)
2026/08/08 10:12:45 INFO  : v4/banco_midia/img/ouro_91af7e81dba7e97b.jpg: Copied (new)
2026/08/08 10:12:45 INFO  : v4/banco_midia/img/ouro_92a91f0c45bf4431.jpg: Copied (new)
2026/08/08 10:12:45 INFO  : v4/banco_midia/img/ouro_92dcc38e1b2cd8ce.jpg: Copied (new)
2026/08/08 10:12:45 INFO  : v4/banco_midia/img/ouro_92dde3dff7f7f0c4.jpg: Copied (new)
2026/08/08 10:12:45 INFO  : v4/banco_midia/img/ouro_932673a88342dcd4.jpg: Copied (new)
2026/08/08 10:12:46 INFO  : v4/banco_midia/img/ouro_9347dfca9e73209c.jpg: Copied (new)
2026/08/08 10:12:48 INFO  : v4/banco_midia/img/ouro_93eeee8bae10ef61.jpg: Copied (new)
2026/08/08 10:12:48 INFO  : v4/banco_midia/img/ouro_91473063390a7f85.jpg: Copied (new)
2026/08/08 10:12:49 INFO  : v4/banco_midia/img/ouro_935aaceef130490a.jpg: Copied (new)
2026/08/08 10:12:49 INFO  : v4/banco_midia/img/ouro_9436a008fe08a7a4.jpg: Copied (new)
2026/08/08 10:12:50 INFO  : v4/banco_midia/img/ouro_947b6ce7cfcd48e4.jpg: Copied (new)
2026/08/08 10:12:50 INFO  : v4/banco_midia/img/ouro_953f67d5d8369f6a.jpg: Copied (new)
2026/08/08 10:12:50 INFO  : v4/banco_midia/img/ouro_9505851561eb509d.jpg: Copied (new)
2026/08/08 10:12:51 INFO  : v4/banco_midia/img/ouro_95f1250057a33a8d.jpg: Copied (new)
2026/08/08 10:12:51 INFO  : v4/banco_midia/img/ouro_95c1c94be16821bc.jpg: Copied (new)
2026/08/08 10:12:51 INFO  : v4/banco_midia/img/ouro_94d9761faf53fb37.jpg: Copied (new)
2026/08/08 10:12:51 INFO  : v4/banco_midia/img/ouro_960c0d6e4f5fb3f2.jpg: Copied (new)
2026/08/08 10:12:52 INFO  : v4/banco_midia/img/ouro_9684446ec67b20d5.jpg: Copied (new)
2026/08/08 10:12:52 INFO  : v4/banco_midia/img/ouro_97144fedb778aa70.jpg: Copied (new)
2026/08/08 10:12:52 INFO  :     1.754 GiB / 2.547 GiB, 69%, 3.091 MiB/s, ETA 4m22s (xfr#724/1045)
2026/08/08 10:12:53 INFO  : v4/banco_midia/img/ouro_97bf9948cb98b259.jpg: Copied (new)
2026/08/08 10:12:53 INFO  : v4/banco_midia/img/ouro_97fe2c4130e54240.jpg: Copied (new)
2026/08/08 10:12:53 INFO  : v4/banco_midia/img/ouro_97984843b2c021bb.jpg: Copied (new)
2026/08/08 10:12:55 INFO  : v4/banco_midia/img/ouro_986fc4e6d5be3dda.jpg: Copied (new)
2026/08/08 10:12:55 INFO  : v4/banco_midia/img/ouro_984e4b2f1088f11d.jpg: Copied (new)
2026/08/08 10:12:56 INFO  : v4/banco_midia/img/ouro_9874456077c8acc0.jpg: Copied (new)
2026/08/08 10:12:57 INFO  : v4/banco_midia/img/ouro_9add975a3f269098.jpg: Copied (new)
2026/08/08 10:12:57 INFO  : v4/banco_midia/img/ouro_9a59b665eb3fa550.jpg: Copied (new)
2026/08/08 10:12:58 INFO  : v4/banco_midia/img/ouro_9b021b03e902ece0.jpg: Copied (new)
2026/08/08 10:13:00 INFO  : v4/banco_midia/img/ouro_9bca0a8e666a228d.jpg: Copied (new)
2026/08/08 10:13:00 INFO  : v4/banco_midia/img/ouro_9bd7981f5c57fcec.jpg: Copied (new)
2026/08/08 10:13:00 INFO  : v4/banco_midia/img/ouro_992eaf3dce139f4e.jpg: Copied (new)
2026/08/08 10:13:00 INFO  : v4/banco_midia/img/ouro_98bc33e271598431.jpg: Copied (new)
2026/08/08 10:13:01 INFO  : v4/banco_midia/img/ouro_9c1556744df0706e.jpg: Copied (new)
2026/08/08 10:13:03 INFO  : v4/banco_midia/img/ouro_9e07a9111b14470c.jpg: Copied (new)
2026/08/08 10:13:41 INFO  : v4/banco_midia/img/ouro_9ea28c885f762c65.jpg: Copied (new)
2026/08/08 10:13:44 INFO  : v4/banco_midia/img/ouro_9fa4d9ecc68ed268.jpg: Copied (new)
2026/08/08 10:13:52 INFO  :     1.807 GiB / 2.571 GiB, 70%, 308.171 KiB/s, ETA 43m19s (xfr#741/1045)
2026/08/08 10:13:56 INFO  : v4/banco_midia/img/ouro_9f3b6d25eaa6dad3.jpg: Copied (new)
2026/08/08 10:13:57 INFO  : v4/banco_midia/img/ouro_9e2e009b2959740d.jpg: Copied (new)
2026/08/08 10:13:58 INFO  : v4/banco_midia/img/ouro_9f371cdd07a25eb4.jpg: Copied (new)
2026/08/08 10:13:58 INFO  : v4/banco_midia/img/ouro_a0280ad89637e398.jpg: Copied (new)
2026/08/08 10:14:00 INFO  : v4/banco_midia/img/ouro_99bc0857fd7698d2.jpg: Copied (new)
2026/08/08 10:14:00 INFO  : v4/banco_midia/img/ouro_9f29a82055db359d.jpg: Copied (new)
2026/08/08 10:14:01 INFO  : v4/banco_midia/img/ouro_a1f6f75436e2af8b.jpg: Copied (new)
2026/08/08 10:14:01 INFO  : v4/banco_midia/img/ouro_9eee1db4a5425517.jpg: Copied (new)
2026/08/08 10:14:01 INFO  : v4/banco_midia/img/ouro_a106376be426536b.jpg: Copied (new)
2026/08/08 10:14:03 INFO  : v4/banco_midia/img/ouro_9df2306f089922fe.jpg: Copied (new)
2026/08/08 10:14:03 INFO  : v4/banco_midia/img/ouro_a0e5bf2ae613d0ab.jpg: Copied (new)
2026/08/08 10:14:03 INFO  : v4/banco_midia/img/ouro_a23f9e50031951cf.jpg: Copied (new)
2026/08/08 10:14:42 INFO  : v4/banco_midia/img/ouro_a392145daa250891.jpg: Copied (new)
2026/08/08 10:14:43 INFO  : v4/banco_midia/img/ouro_a3b0b9effdeb57e7.jpg: Copied (new)
2026/08/08 10:14:45 INFO  : v4/banco_midia/img/ouro_a2965ba80beedeae.jpg: Copied (new)
2026/08/08 10:14:46 INFO  : v4/banco_midia/img/ouro_a2433cf4a7f2bc15.jpg: Copied (new)
2026/08/08 10:14:46 INFO  : v4/banco_midia/img/ouro_a08ba13c0f958a47.jpg: Copied (new)
2026/08/08 10:14:49 INFO  : v4/banco_midia/img/ouro_a3f5d6f27d6f691e.jpg: Copied (new)
2026/08/08 10:14:49 INFO  : v4/banco_midia/img/ouro_a4011e1b9b47b440.jpg: Copied (new)
2026/08/08 10:14:49 INFO  : v4/banco_midia/img/ouro_a2884d56103f79ff.jpg: Copied (new)
2026/08/08 10:14:50 INFO  : v4/banco_midia/img/ouro_a3c9e6deff4641f6.jpg: Copied (new)
2026/08/08 10:14:50 INFO  : v4/banco_midia/img/ouro_a55c0b6a95a72ac3.jpg: Copied (new)
2026/08/08 10:14:50 INFO  : v4/banco_midia/img/ouro_a4b387c73f41583a.jpg: Copied (new)
2026/08/08 10:14:51 INFO  : v4/banco_midia/img/ouro_a52ef50be4f7866b.jpg: Copied (new)
2026/08/08 10:14:51 INFO  : v4/banco_midia/img/ouro_a5d96d0ce4f77978.jpg: Copied (new)
2026/08/08 10:14:52 INFO  : v4/banco_midia/img/ouro_a331c595befa6ba2.jpg: Copied (new)
2026/08/08 10:14:52 INFO  :     1.906 GiB / 2.602 GiB, 73%, 2.167 MiB/s, ETA 5m28s (xfr#767/1045)
2026/08/08 10:14:53 INFO  : v4/banco_midia/img/ouro_a6ad83e0a347782e.jpg: Copied (new)
2026/08/08 10:14:53 INFO  : v4/banco_midia/img/ouro_a5fd47838f32b6a4.jpg: Copied (new)
2026/08/08 10:14:53 INFO  : v4/banco_midia/img/ouro_a6dd472e03b8d30a.jpg: Copied (new)
2026/08/08 10:14:54 INFO  : v4/banco_midia/img/ouro_a6ed33a2c9c5050c.jpg: Copied (new)
2026/08/08 10:14:54 INFO  : v4/banco_midia/img/ouro_a63c72c44514b4ab.jpg: Copied (new)
2026/08/08 10:14:55 INFO  : v4/banco_midia/img/ouro_a78a734554c9a7c9.jpg: Copied (new)
2026/08/08 10:14:56 INFO  : v4/banco_midia/img/ouro_a83b8a9b755e12d3.jpg: Copied (new)
2026/08/08 10:14:57 INFO  : v4/banco_midia/img/ouro_a8091cd54e88ac28.jpg: Copied (new)
2026/08/08 10:14:57 INFO  : v4/banco_midia/img/ouro_a7e47e1d8630e5e4.jpg: Copied (new)
2026/08/08 10:14:57 INFO  : v4/banco_midia/img/ouro_a8dd8c0d84de43b6.jpg: Copied (new)
2026/08/08 10:14:58 INFO  : v4/banco_midia/img/ouro_a845f79b408e966a.jpg: Copied (new)
2026/08/08 10:14:58 INFO  : v4/banco_midia/img/ouro_a960248a8597a0e9.jpg: Copied (new)
2026/08/08 10:14:59 INFO  : v4/banco_midia/img/ouro_a8637f118253665f.jpg: Copied (new)
2026/08/08 10:14:59 INFO  : v4/banco_midia/img/ouro_a9f54d0b5e08b492.jpg: Copied (new)
2026/08/08 10:14:59 INFO  : v4/banco_midia/img/ouro_a651ec26e664c758.jpg: Copied (new)
2026/08/08 10:15:02 INFO  : v4/banco_midia/img/ouro_acf744085206c985.jpg: Copied (new)
2026/08/08 10:15:03 INFO  : v4/banco_midia/img/ouro_ab1032220a73221e.jpg: Copied (new)
2026/08/08 10:15:04 INFO  : v4/banco_midia/img/ouro_aaeb4382f7c77257.jpg: Copied (new)
2026/08/08 10:15:04 INFO  : v4/banco_midia/img/ouro_ac39be695a3b2795.jpg: Copied (new)
2026/08/08 10:15:43 INFO  : v4/banco_midia/img/ouro_adae5209b9d7078d.jpg: Copied (new)
2026/08/08 10:15:43 INFO  : v4/banco_midia/img/ouro_adcfb69f16f7b5d7.jpg: Copied (new)
2026/08/08 10:15:43 INFO  : v4/banco_midia/img/ouro_af7dfc32c4a08dbd.jpg: Copied (new)
2026/08/08 10:15:43 INFO  : v4/banco_midia/img/ouro_ab4cd3fddb3c764e.jpg: Copied (new)
2026/08/08 10:15:44 INFO  : v4/banco_midia/img/ouro_af4452effae182ac.jpg: Copied (new)
2026/08/08 10:15:46 INFO  : v4/banco_midia/img/ouro_b19c8aabe0a09cca.jpg: Copied (new)
2026/08/08 10:15:47 INFO  : v4/banco_midia/img/ouro_ade9625f4736f5c5.jpg: Copied (new)
2026/08/08 10:15:48 INFO  : v4/banco_midia/img/ouro_b294c5bdc48cf2db.jpg: Copied (new)
2026/08/08 10:15:49 INFO  : v4/banco_midia/img/ouro_aad073f4c64a4de4.jpg: Copied (new)
2026/08/08 10:15:49 INFO  : v4/banco_midia/img/ouro_b221be93fe0aa9e3.jpg: Copied (new)
2026/08/08 10:15:49 INFO  : v4/banco_midia/img/ouro_ac8901d90b50ba0c.jpg: Copied (new)
2026/08/08 10:15:49 INFO  : v4/banco_midia/img/ouro_b2634fbdb6f6fd1c.jpg: Copied (new)
2026/08/08 10:15:50 INFO  : v4/banco_midia/img/ouro_b1fd5c9d8d139fed.jpg: Copied (new)
2026/08/08 10:15:50 INFO  : v4/banco_midia/img/ouro_b309e59332888547.jpg: Copied (new)
2026/08/08 10:15:51 INFO  : v4/banco_midia/img/ouro_b3230f6f40f81eca.jpg: Copied (new)
2026/08/08 10:15:51 INFO  : v4/banco_midia/img/ouro_b3127e93b0993b2d.jpg: Copied (new)
2026/08/08 10:15:52 INFO  :     2.011 GiB / 2.629 GiB, 76%, 2.371 MiB/s, ETA 4m27s (xfr#802/1045)
2026/08/08 10:15:52 INFO  : v4/banco_midia/img/ouro_b4d1a7e25fec1c65.jpg: Copied (new)
2026/08/08 10:15:52 INFO  : v4/banco_midia/img/ouro_b38ae4e603f54b9a.jpg: Copied (new)
2026/08/08 10:15:53 INFO  : v4/banco_midia/img/ouro_b4817b4c3cad7d00.jpg: Copied (new)
2026/08/08 10:15:54 INFO  : v4/banco_midia/img/ouro_b463c56c504c1c77.jpg: Copied (new)
2026/08/08 10:15:55 INFO  : v4/banco_midia/img/ouro_b54d3d6c675b380a.jpg: Copied (new)
2026/08/08 10:15:55 INFO  : v4/banco_midia/img/ouro_b5457e91ae478bff.jpg: Copied (new)
2026/08/08 10:15:55 INFO  : v4/banco_midia/img/ouro_b6298c2bf68b28cb.jpg: Copied (new)
2026/08/08 10:15:56 INFO  : v4/banco_midia/img/ouro_b73afefca7d2eb35.jpg: Copied (new)
2026/08/08 10:15:57 INFO  : v4/banco_midia/img/ouro_b86213aeed545e7a.jpg: Copied (new)
2026/08/08 10:15:58 INFO  : v4/banco_midia/img/ouro_b8378ef1973f5188.jpg: Copied (new)
2026/08/08 10:15:58 INFO  : v4/banco_midia/img/ouro_b9de518da9c76931.jpg: Copied (new)
2026/08/08 10:15:58 INFO  : v4/banco_midia/img/ouro_bb4e590b70b5442a.jpg: Copied (new)
2026/08/08 10:15:59 INFO  : v4/banco_midia/img/ouro_b6adc260e7dec8e2.jpg: Copied (new)
2026/08/08 10:15:59 INFO  : v4/banco_midia/img/ouro_bbe2f0ef732971f3.jpg: Copied (new)
2026/08/08 10:16:01 INFO  : v4/banco_midia/img/ouro_bbb3d22dd6152fed.jpg: Copied (new)
2026/08/08 10:16:41 INFO  : v4/banco_midia/img/ouro_bd5b6f8b89060607.jpg: Copied (new)
2026/08/08 10:16:44 INFO  : v4/banco_midia/img/ouro_bd6ee8fa88f1a2df.jpg: Copied (new)
2026/08/08 10:16:48 INFO  : v4/banco_midia/img/ouro_bdd2b8f4dbfbdcf6.jpg: Copied (new)
2026/08/08 10:16:51 INFO  : v4/banco_midia/img/ouro_be4235eab3dfdd58.jpg: Copied (new)
2026/08/08 10:16:52 INFO  :     2.065 GiB / 2.664 GiB, 77%, 550.562 KiB/s, ETA 19m2s (xfr#821/1045)
2026/08/08 10:16:53 INFO  : v4/banco_midia/img/ouro_beaae0b26fa8af0e.jpg: Copied (new)
2026/08/08 10:16:56 INFO  : v4/banco_midia/img/ouro_beceff3d236d6291.jpg: Copied (new)
2026/08/08 10:16:58 INFO  : v4/banco_midia/img/ouro_bd43e7944ded065f.jpg: Copied (new)
2026/08/08 10:16:58 INFO  : v4/banco_midia/img/ouro_bce0e04693b9300a.jpg: Copied (new)
2026/08/08 10:16:59 INFO  : v4/banco_midia/img/ouro_bc395ed01693800d.jpg: Copied (new)
2026/08/08 10:17:00 INFO  : v4/banco_midia/img/ouro_bee9ae47b84f19c6.jpg: Copied (new)
2026/08/08 10:17:01 INFO  : v4/banco_midia/img/ouro_bcd8e0a80632db4f.jpg: Copied (new)
2026/08/08 10:17:02 INFO  : v4/banco_midia/img/ouro_c043769250bad8f9.jpg: Copied (new)
2026/08/08 10:17:02 INFO  : v4/banco_midia/img/ouro_bc7926eb6814bb68.jpg: Copied (new)
2026/08/08 10:17:34 INFO  : v4/banco_midia/img/ouro_c11e57be6631ac13.jpg: Copied (new)
2026/08/08 10:17:38 INFO  : v4/banco_midia/img/ouro_c26422c001786fb1.jpg: Copied (new)
2026/08/08 10:17:42 INFO  : v4/banco_midia/img/ouro_c2a1eb1f0bb29c43.jpg: Copied (new)
2026/08/08 10:17:45 INFO  : v4/banco_midia/img/ouro_c2b2777cf04a67bf.jpg: Copied (new)
2026/08/08 10:17:48 INFO  : v4/banco_midia/img/ouro_c325e502a691f2b6.jpg: Copied (new)
2026/08/08 10:17:52 INFO  : v4/banco_midia/img/ouro_c1e733176666f92b.jpg: Copied (new)
2026/08/08 10:17:52 INFO  : v4/banco_midia/img/ouro_c1c4c5787a178abd.jpg: Copied (new)
2026/08/08 10:17:52 INFO  :     2.161 GiB / 2.702 GiB, 80%, 2.073 MiB/s, ETA 4m27s (xfr#837/1045)
2026/08/08 10:17:54 INFO  : v4/banco_midia/img/ouro_bfbc370f515b9e1e.jpg: Copied (new)
2026/08/08 10:17:55 INFO  : v4/banco_midia/img/ouro_c4843f073e9898a1.jpg: Copied (new)
2026/08/08 10:17:56 INFO  : v4/banco_midia/img/ouro_c125b37a1a0394bb.jpg: Copied (new)
2026/08/08 10:17:56 INFO  : v4/banco_midia/img/ouro_bca55ccf1414a928.jpg: Copied (new)
2026/08/08 10:17:58 INFO  : v4/banco_midia/img/ouro_b63706f65764d8e5.jpg: Copied (new)
2026/08/08 10:17:58 INFO  : v4/banco_midia/img/ouro_c469e4e6f75fd508.jpg: Copied (new)
2026/08/08 10:18:00 INFO  : v4/banco_midia/img/ouro_c537e1040b6cc873.png: Copied (new)
2026/08/08 10:18:00 INFO  : v4/banco_midia/img/ouro_c4d17edac3192bdd.jpg: Copied (new)
2026/08/08 10:18:01 INFO  : v4/banco_midia/img/ouro_c53478880b23da52.jpg: Copied (new)
2026/08/08 10:18:01 INFO  : v4/banco_midia/img/ouro_bf315aa77a47d288.jpg: Copied (new)
2026/08/08 10:18:31 INFO  : v4/banco_midia/img/ouro_c6226714d2639183.jpg: Copied (new)
2026/08/08 10:18:33 INFO  : v4/banco_midia/img/ouro_c7086b1380218bc1.jpg: Copied (new)
2026/08/08 10:18:47 INFO  : v4/banco_midia/img/ouro_c56ec0615d526608.jpg: Copied (new)
2026/08/08 10:18:48 INFO  : v4/banco_midia/img/ouro_c6b53a22814af8a0.jpg: Copied (new)
2026/08/08 10:18:51 INFO  : v4/banco_midia/img/ouro_c626b127cdf8c950.jpg: Copied (new)
2026/08/08 10:18:51 INFO  : v4/banco_midia/img/ouro_c694da6f0bb16462.jpg: Copied (new)
2026/08/08 10:18:52 INFO  : v4/banco_midia/img/ouro_c89f8d250a713c4f.jpg: Copied (new)
2026/08/08 10:18:52 INFO  : v4/banco_midia/img/ouro_c8a54574d69a67b8.jpg: Copied (new)
2026/08/08 10:18:52 INFO  : v4/banco_midia/img/ouro_c5c63870c8f2b6cf.jpg: Copied (new)
2026/08/08 10:18:52 INFO  :     2.241 GiB / 2.730 GiB, 82%, 1.630 MiB/s, ETA 5m7s (xfr#856/1045)
2026/08/08 10:18:53 INFO  : v4/banco_midia/img/ouro_c3c26a3cb44c1578.jpg: Copied (new)
2026/08/08 10:18:53 INFO  : v4/banco_midia/img/ouro_c6af8c28b65a4c28.jpg: Copied (new)
2026/08/08 10:18:54 INFO  : v4/banco_midia/img/ouro_c8a5e14733d6c84b.jpg: Copied (new)
2026/08/08 10:18:54 INFO  : v4/banco_midia/img/ouro_c9a85f0bcc12d60d.jpg: Copied (new)
2026/08/08 10:18:54 INFO  : v4/banco_midia/img/ouro_ca2547b076691fa7.jpg: Copied (new)
2026/08/08 10:18:55 INFO  : v4/banco_midia/img/ouro_c7880306b04b141d.jpg: Copied (new)
2026/08/08 10:18:55 INFO  : v4/banco_midia/img/ouro_c9aeda897e691ce5.jpg: Copied (new)
2026/08/08 10:18:56 INFO  : v4/banco_midia/img/ouro_c8c44927e6ae50c4.jpg: Copied (new)
2026/08/08 10:18:56 INFO  : v4/banco_midia/img/ouro_caadcd1b3415f46b.jpg: Copied (new)
2026/08/08 10:18:57 INFO  : v4/banco_midia/img/ouro_ca5fae65faa0a465.jpg: Copied (new)
2026/08/08 10:18:57 INFO  : v4/banco_midia/img/ouro_caf78887842e9467.jpg: Copied (new)
2026/08/08 10:18:58 INFO  : v4/banco_midia/img/ouro_cbd4951c3f01212e.jpg: Copied (new)
2026/08/08 10:19:00 INFO  : v4/banco_midia/img/ouro_cc40888ec04dbe6c.jpg: Copied (new)
2026/08/08 10:19:00 INFO  : v4/banco_midia/img/ouro_cc1e61e0744a418c.jpg: Copied (new)
2026/08/08 10:19:01 INFO  : v4/banco_midia/img/ouro_caf97cc0bc117a6d.jpg: Copied (new)
2026/08/08 10:19:02 INFO  : v4/banco_midia/img/ouro_cd3989ce43e70f82.jpg: Copied (new)
2026/08/08 10:19:03 INFO  : v4/banco_midia/img/ouro_ccee0c291c347bcc.jpg: Copied (new)
2026/08/08 10:19:03 INFO  : v4/banco_midia/img/ouro_ce09dd0017da0844.jpg: Copied (new)
2026/08/08 10:19:31 INFO  : v4/banco_midia/img/ouro_cc1ebc553075611b.jpg: Copied (new)
2026/08/08 10:19:35 INFO  : v4/banco_midia/img/ouro_d05c43a32e739e21.jpg: Copied (new)
2026/08/08 10:19:48 INFO  : v4/banco_midia/img/ouro_cdcd6367f79a3203.jpg: Copied (new)
2026/08/08 10:19:50 INFO  : v4/banco_midia/img/ouro_cfcaba8202aaab22.jpg: Copied (new)
2026/08/08 10:19:52 INFO  :     2.352 GiB / 2.777 GiB, 85%, 2.067 MiB/s, ETA 3m30s (xfr#878/1045)
2026/08/08 10:19:52 INFO  : v4/banco_midia/img/ouro_ce6010c69436a63e.jpg: Copied (new)
2026/08/08 10:19:53 INFO  : v4/banco_midia/img/ouro_cf7e18b044b2675e.jpg: Copied (new)
2026/08/08 10:19:54 INFO  : v4/banco_midia/img/ouro_cc7bf99291500649.jpg: Copied (new)
2026/08/08 10:19:54 INFO  : v4/banco_midia/img/ouro_d06b9f3723c6e640.jpg: Copied (new)
2026/08/08 10:19:54 INFO  : v4/banco_midia/img/ouro_cef93e9f0856cf00.jpg: Copied (new)
2026/08/08 10:19:54 INFO  : v4/banco_midia/img/ouro_d10fb8f92879e5d1.jpg: Copied (new)
2026/08/08 10:19:56 INFO  : v4/banco_midia/img/ouro_d10aa69693b7bcc7.jpg: Copied (new)
2026/08/08 10:19:56 INFO  : v4/banco_midia/img/ouro_d1ba6edd1bbda5b2.jpg: Copied (new)
2026/08/08 10:19:57 INFO  : v4/banco_midia/img/ouro_d2a795bcefa0b249.jpg: Copied (new)
2026/08/08 10:19:57 INFO  : v4/banco_midia/img/ouro_d320ea4a6d12beee.jpg: Copied (new)
2026/08/08 10:19:58 INFO  : v4/banco_midia/img/ouro_d315369afc67c03d.jpg: Copied (new)
2026/08/08 10:19:58 INFO  : v4/banco_midia/img/ouro_d2039bfd7d121aa2.jpg: Copied (new)
2026/08/08 10:19:59 INFO  : v4/banco_midia/img/ouro_d189948b35764045.jpg: Copied (new)
2026/08/08 10:20:00 INFO  : v4/banco_midia/img/ouro_cb43d6eb2accd536.jpg: Copied (new)
2026/08/08 10:20:00 INFO  : v4/banco_midia/img/ouro_d3b2fff869c5a964.jpg: Copied (new)
2026/08/08 10:20:01 INFO  : v4/banco_midia/img/ouro_d378bdd3c672de2c.jpg: Copied (new)
2026/08/08 10:20:01 INFO  : v4/banco_midia/img/ouro_d327195ee148feae.jpg: Copied (new)
2026/08/08 10:20:31 INFO  : v4/banco_midia/img/ouro_d3def38ca8ab7c87.jpg: Copied (new)
2026/08/08 10:20:34 INFO  : v4/banco_midia/img/ouro_d5b93d64ecedeec3.jpg: Copied (new)
2026/08/08 10:20:38 INFO  : v4/banco_midia/img/ouro_d5e6def7ffb901fb.jpg: Copied (new)
2026/08/08 10:20:41 INFO  : v4/banco_midia/img/ouro_d5fcb82f2a8f1802.jpg: Copied (new)
2026/08/08 10:20:45 INFO  : v4/banco_midia/img/ouro_d65d7d69e6e1fd0d.jpg: Copied (new)
2026/08/08 10:20:47 INFO  : v4/banco_midia/img/ouro_d55db8832be56a8f.jpg: Copied (new)
2026/08/08 10:20:47 INFO  : v4/banco_midia/img/ouro_d588c18b49b1c420.jpg: Copied (new)
2026/08/08 10:20:53 NOTICE: Forum tematicos/forum_revisao_qualidade_agentes_tematicos_20260714.md: Can't follow symlink without -L/--copy-links
2026/08/08 10:20:56 INFO  : agente_rail_post.py: Copied (new)
2026/08/08 10:20:56 INFO  : MT_agente_ferroviario.py: Copied (new)
2026/08/08 10:20:56 INFO  : agente_turismo_embratur.py: Copied (new)
2026/08/08 10:20:56 INFO  : telemetria_api.py: Copied (new)
2026/08/08 10:20:56 INFO  : agente_roteador_llm.py: Copied (new)
2026/08/08 10:20:57 INFO  : carregar_chaves.py: Copied (new)
2026/08/08 10:20:57 INFO  : agente_tematico_universal.py: Copied (new)
2026/08/08 10:20:57 INFO  : gerador_imagem_editorial.py: Copied (new)
2026/08/08 10:20:59 INFO  : agent_data/modelos_vivos.json: Copied (new)
2026/08/08 10:21:00 INFO  : util_indexing.py: Copied (new)
2026/08/08 10:21:36 INFO  : nucleo_tematico/busca.py.bak_pre_kimi_brave_env_20260726_1319: Copied (new)
2026/08/08 10:21:36 INFO  : nucleo_tematico/__init__.py: Copied (new)
2026/08/08 10:21:36 INFO  : agent_data_trilhos/curadoria_rail_post.json: Copied (new)
2026/08/08 10:21:36 INFO  : agent_data_trilhos/agente_rail_post_run.log: Copied (new)
2026/08/08 10:21:36 INFO  : Forum tematicos/forum_reforma_sites_tematicos_v4.md: Copied (new)
2026/08/08 10:21:36 INFO  : agent_data_trilhos/diretriz_rail_post.json: Copied (new)
2026/08/08 10:21:39 INFO  : nucleo_tematico/chaves.py: Copied (new)
2026/08/08 10:21:39 INFO  : nucleo_tematico/locks.py: Copied (new)
2026/08/08 10:21:39 INFO  : nucleo_tematico/indexing.py: Copied (new)
2026/08/08 10:21:39 INFO  : nucleo_tematico/publicacao_astro.py: Copied (new)
2026/08/08 10:21:40 INFO  : agent_data_trilhos/tmp_img/rail-logistics-driving-regional-economic-growth-through-efficient-freight-networ.jpg: Copied (new)
2026/08/08 10:21:42 INFO  : agent_data_trilhos/rascunhos/20260714_124330_title-the-transformative-power-of-rail-logistics-in-global-freight-efficiency.json: Copied (new)
2026/08/08 10:21:44 INFO  : v4/aiatolah_ciclo.py: Copied (new)
2026/08/08 10:21:44 INFO  : v4/agente_kimi_busca_imagem.py: Copied (new)
2026/08/08 10:21:44 INFO  : agent_data_trilhos/rascunhos/20260714_124519_rail-logistics-driving-regional-economic-growth-through-efficient-freight-networ.json: Copied (new)
2026/08/08 10:21:44 INFO  : v4/__init__.py: Copied (new)
2026/08/08 10:21:45 INFO  : v4/aiatolah_publicador.py: Copied (new)
2026/08/08 10:21:45 INFO  : v4/aiatolah_produtor.py: Copied (new)
2026/08/08 10:21:45 INFO  : v4/aiatolah_youtube.py: Copied (new)
2026/08/08 10:21:46 INFO  : v4/banco_midia_dump_nyc.py: Copied (new)
2026/08/08 10:21:47 INFO  : v4/banco_midia_sync.py: Copied (new)
2026/08/08 10:21:47 INFO  : v4/ceara_coletor.py: Copied (new)
2026/08/08 10:21:47 INFO  : v4/ceara_ciclo.py: Copied (new)
2026/08/08 10:21:47 INFO  : v4/ceara_fix_heroes_20260806.py: Copied (new)
2026/08/08 10:21:49 INFO  : v4/ceara_produtor.py: Copied (new)
2026/08/08 10:21:49 INFO  : v4/ceara_publicador.py: Copied (new)
2026/08/08 10:21:49 INFO  : v4/ceara_youtube.py: Copied (new)
2026/08/08 10:21:49 INFO  : v4/coletor.py: Copied (new)
2026/08/08 10:21:50 INFO  : v4/discoverbrazil_coletor.py: Copied (new)
2026/08/08 10:21:50 INFO  : v4/discoverbrazil_produtor.py: Copied (new)
2026/08/08 10:21:50 INFO  : v4/discoverbrazil_ciclo.py: Copied (new)
2026/08/08 10:21:51 INFO  : v4/discoverbrazil_publicador.py: Copied (new)
2026/08/08 10:21:52 INFO  : v4/aiatolah_coletor.py: Copied (new)
2026/08/08 10:21:52 INFO  : agent_data_trilhos/agente_rail_post.lock: Copied (new)
2026/08/08 10:21:52 INFO  : nucleo_tematico/busca.py: Copied (new)
2026/08/08 10:21:52 INFO  : v4/discoverbrazil_youtube.py: Copied (new)
2026/08/08 10:21:52 INFO  : v4/fix_heroes_banco.py: Copied (new)
2026/08/08 10:21:52 INFO  : v4/gerar_wrappers.py: Copied (new)
2026/08/08 10:21:52 INFO  : agent_data_trilhos/tmp_img/title-the-transformative-power-of-rail-logistics-in-global-freight-efficiency.jpg: Copied (new)
2026/08/08 10:21:53 INFO  : v4/ga4_destaques.py: Copied (new)
2026/08/08 10:21:53 INFO  :   646.278 KiB / 1.150 MiB, 55%, 16.929 KiB/s, ETA 31s (xfr#50/126)
2026/08/08 10:21:53 INFO  : v4/globalsouth_coletor.py: Copied (new)
2026/08/08 10:21:54 INFO  : v4/globalsouth_ciclo.py: Copied (new)
2026/08/08 10:21:54 INFO  : v4/globalsouth_produtor.py: Copied (new)
2026/08/08 10:21:54 INFO  : v4/globalsouth_youtube.py: Copied (new)
2026/08/08 10:21:54 INFO  : v4/globalsouth_publicador.py: Copied (new)
2026/08/08 10:21:54 INFO  : v4/kimi_ingest_nyc.py: Copied (new)
2026/08/08 10:21:54 INFO  : v4/mapario_ciclo.py: Copied (new)
2026/08/08 10:21:54 INFO  : v4/mapario_coletor.py: Copied (new)
2026/08/08 10:21:55 INFO  : v4/mapario_produtor.py: Copied (new)
2026/08/08 10:21:55 INFO  : v4/mapario_publicador.py: Copied (new)
2026/08/08 10:21:55 INFO  : v4/mundotrilhos_ciclo.py: Copied (new)
2026/08/08 10:21:55 INFO  : v4/mapario_youtube.py: Copied (new)
2026/08/08 10:21:56 INFO  : v4/mundotrilhos_coletor.py: Copied (new)
2026/08/08 10:21:56 INFO  : v4/mundotrilhos_produtor.py: Copied (new)
2026/08/08 10:21:56 INFO  : v4/mundotrilhos_publicador.py: Copied (new)
2026/08/08 10:21:57 INFO  : v4/mundotrilhos_youtube.py: Copied (new)
2026/08/08 10:21:57 INFO  : v4/nucleo_banco_midia.py: Copied (new)
2026/08/08 10:21:57 INFO  : v4/nucleo_banco_midia.py.bak_pre_matcher_boundary_20260806: Copied (new)
2026/08/08 10:21:57 INFO  : v4/nucleo_config.py: Copied (new)
2026/08/08 10:21:57 INFO  : v4/nucleo_frontmatter.py: Copied (new)
2026/08/08 10:21:57 INFO  : v4/nucleo_frontmatter.py.bak_pre_legenda_obrigatoria_20260806: Copied (new)
2026/08/08 10:21:57 INFO  : v4/nucleo_dedup.py: Copied (new)
2026/08/08 10:21:58 INFO  : v4/nucleo_imagem.py: Copied (new)
2026/08/08 10:21:58 INFO  : v4/nucleo_llm.py.bak_zcode_20260723_085848_pre_kimi_moonshot_ai: Copied (new)
2026/08/08 10:21:59 INFO  : v4/nucleo_llm.py: Copied (new)
2026/08/08 10:21:59 INFO  : v4/nucleo_storage.py: Copied (new)
2026/08/08 10:21:59 INFO  : v4/nucleo_visao.py.bak_pre_claude_bug34_hero_qwen_prompt_20260725_1305: Copied (new)
2026/08/08 10:21:59 INFO  : v4/nucleo_telegram.py: Copied (new)
2026/08/08 10:21:59 INFO  : v4/nucleo_visao.py: Copied (new)
2026/08/08 10:21:59 INFO  : v4/nucleo_visao.py.bak_zcode_20260726: Copied (new)
2026/08/08 10:22:00 INFO  : v4/nucleo_visao_fallback.py.bak_pre_claude_unsplash_20260725_1937: Copied (new)
2026/08/08 10:22:00 INFO  : v4/nucleo_visao_fallback.py.bak_zcode_20260726: Copied (new)
2026/08/08 10:22:00 INFO  : v4/nucleo_visao_fallback.py.bak_zcode_20260729_dedup_hash: Copied (new)
2026/08/08 10:22:00 INFO  : v4/nucleo_visao_fallback.py: Copied (new)
2026/08/08 10:22:01 INFO  : v4/patch_destaques_templates.py: Copied (new)
2026/08/08 10:22:01 INFO  : v4/orquestrador.py: Copied (new)
2026/08/08 10:22:01 INFO  : v4/probe_seletor_tematico.py: Copied (new)
2026/08/08 10:22:01 INFO  : v4/painel_destaques.py: Copied (new)
2026/08/08 10:22:02 INFO  : v4/produtor.py.bak_pre_gsn_en_publicador_gate_20260805: Copied (new)
2026/08/08 10:22:02 INFO  : v4/produtor.py.bak_zcode_20260721_pre_fidelidade: Copied (new)
2026/08/08 10:22:02 INFO  : v4/produtor.py: Copied (new)
2026/08/08 10:22:02 INFO  : v4/publicador.py.bak_pre_fase0_log_20260806: Copied (new)
2026/08/08 10:22:04 INFO  : v4/produtor.py.bak_pre_foco_local_20260805: Copied (new)
2026/08/08 10:22:29 INFO  : v4/publicador.py.bak_pre_gsn_en_publicador_gate_20260805: Copied (new)
2026/08/08 10:22:30 INFO  : v4/publicador.py.bak_zcode_20260721: Copied (new)
2026/08/08 10:22:30 INFO  : v4/produtor.py.bak_pre_gsn_en_gate_20260729: Copied (new)
2026/08/08 10:22:30 INFO  : v4/publicador.py.bak_pre_nested_import_shutil_20260806: Copied (new)
2026/08/08 10:22:30 INFO  : v4/publicador.py.bak_pre_legenda_obrigatoria_20260806: Copied (new)
2026/08/08 10:22:30 INFO  : v4/publicador.py.bak_zcode_20260729_dedup_hash: Copied (new)
2026/08/08 10:22:31 INFO  : v4/publicador.py: Copied (new)
2026/08/08 10:22:32 INFO  : v4/railpost_coletor.py: Copied (new)
2026/08/08 10:22:32 INFO  : v4/railpost_youtube.py: Copied (new)
2026/08/08 10:22:32 INFO  : v4/railpost_publicador.py: Copied (new)
2026/08/08 10:22:32 INFO  : v4/railpost_ciclo.py: Copied (new)
2026/08/08 10:22:32 INFO  : v4/railpost_produtor.py: Copied (new)
2026/08/08 10:22:33 INFO  : v4/publicador.py.bak_pre_claude_cascata_hero_20260725_1445: Copied (new)
2026/08/08 10:22:33 INFO  : v4/resgate_aiatolah.py: Copied (new)
2026/08/08 10:22:33 INFO  : v4/retrofit_hero_duplicadas.py: Copied (new)
2026/08/08 10:22:33 INFO  : v4/retrofit_hero_mundotrilhos.py: Copied (new)
2026/08/08 10:22:34 INFO  : v4/riocarta_ciclo.py: Copied (new)
2026/08/08 10:22:34 INFO  : v4/resgate_hero.py: Copied (new)
2026/08/08 10:22:34 INFO  : v4/riocarta_coletor.py: Copied (new)
2026/08/08 10:22:35 INFO  : v4/v4_aiatolah: Copied (new)
2026/08/08 10:22:35 INFO  : v4/riocarta_produtor.py: Copied (new)
2026/08/08 10:22:35 INFO  : v4/v4_ceara: Copied (new)
2026/08/08 10:22:36 INFO  : v4/v4_discoverbrazil: Copied (new)
2026/08/08 10:22:36 INFO  : v4/v4_globalsouth: Copied (new)
2026/08/08 10:22:36 INFO  : v4/publicador.py.bak_zcode_20260726: Copied (new)
2026/08/08 10:22:36 INFO  : v4/v4_mapario: Copied (new)
2026/08/08 10:22:37 INFO  : v4/v4_mundotrilhos: Copied (new)
2026/08/08 10:22:38 INFO  : v4/v4_railpost: Copied (new)
2026/08/08 10:22:38 INFO  : v4/youtube.py: Copied (new)
2026/08/08 10:22:38 INFO  : v4/v4_riocarta: Copied (new)
2026/08/08 10:22:38 INFO  : v4/config/llm_tiers.json: Copied (new)
2026/08/08 10:22:39 INFO  : v4/riocarta_publicador.py: Copied (new)
2026/08/08 10:22:39 INFO  : v4/riocarta_youtube.py: Copied (new)
2026/08/08 10:22:39 INFO  : agent_data_trilhos/tmp_img: Set directory modification time (using DirSetModTime)
2026/08/08 10:22:40 INFO  : v4/config: Set directory modification time (using DirSetModTime)
2026/08/08 10:22:40 INFO  : agent_data_trilhos/rascunhos: Set directory modification time (using DirSetModTime)
2026/08/08 10:22:40 INFO  : agent_data: Set directory modification time (using DirSetModTime)
2026/08/08 10:22:40 INFO  : Forum tematicos: Set directory modification time (using DirSetModTime)
2026/08/08 10:22:40 INFO  : nucleo_tematico: Set directory modification time (using DirSetModTime)
2026/08/08 10:22:40 INFO  : v4: Set directory modification time (using DirSetModTime)
2026/08/08 10:22:40 INFO  : agent_data_trilhos: Set directory modification time (using DirSetModTime)
2026/08/08 10:22:40 INFO  :     1.809 MiB / 1.809 MiB, 100%, 21.696 KiB/s, ETA 0s
2026/08/08 10:22:46 INFO  : moc filhos da impunidade malandro ok.png: Copied (new)
2026/08/08 10:22:46 INFO  : moc filhos da impunidade o foragido ok.png: Copied (new)
2026/08/08 10:22:46 INFO  :     1.465 MiB / 1.465 MiB, 100%, 374.981 KiB/s, ETA 0s
2026/08/08 10:23:00 INFO  : backup_ceo_cerebro_20260613_101016.tar.gz: Copied (new)
2026/08/08 10:23:47 INFO  :    70.825 MiB / 70.825 MiB, 100%, 289.296 KiB/s, ETA 0s
2026/08/08 10:24:47 INFO  :    70.825 MiB / 70.825 MiB, 100%, 6.020 KiB/s, ETA 0s
2026/08/08 10:25:47 INFO  :    70.825 MiB / 70.825 MiB, 100%, 128 B/s, ETA 0s
2026/08/08 10:26:47 INFO  :    70.825 MiB / 70.825 MiB, 100%, 2 B/s, ETA 0s
2026/08/08 10:27:47 INFO  :    70.825 MiB / 70.825 MiB, 100%, 0 B/s, ETA 0s
2026/08/08 10:28:47 INFO  :    70.825 MiB / 88.534 MiB, 80%, 0 B/s, ETA -
2026/08/08 10:29:47 INFO  :    70.825 MiB / 106.243 MiB, 67%, 0 B/s, ETA -
2026/08/08 10:30:32 INFO  : backup_ceo_cerebro_20260613_104745.tar.gz: Copied (new)
2026/08/08 10:30:47 INFO  :   119.739 MiB / 123.947 MiB, 97%, 1.082 MiB/s, ETA 3s
2026/08/08 10:30:53 INFO  : backup_ceo_cerebro_20260613_103013.tar.gz: Copied (new)
2026/08/08 10:31:42 INFO  : backup_ceo_cerebro_20260613_105332.tar.gz: Copied (new)
2026/08/08 10:31:42 INFO  :   141.656 MiB / 141.656 MiB, 100%, 968.752 KiB/s, ETA 0s
2026/08/08 10:31:48 INFO  : cafezinho-publicador/.env.bak_pre_wp_redacao_nova_20260727_044058: Copied (new)
2026/08/08 10:31:50 INFO  : cafezinho-publicador/wordpress/upload_media.py.bak: Copied (new)
2026/08/08 10:31:50 INFO  : cafezinho-publicador/wordpress/__init__.py: Copied (new)
2026/08/08 10:31:50 INFO  : cafezinho-publicador/.env: Copied (new)
2026/08/08 10:31:50 INFO  : cafezinho-publicador/wordpress/publicar_post.py: Copied (new)
2026/08/08 10:31:50 INFO  : cafezinho-publicador/requirements.txt: Copied (new)
2026/08/08 10:31:50 INFO  : cafezinho-publicador/README.md: Copied (new)
2026/08/08 10:31:50 INFO  : cafezinho-publicador/publicar_arquivo.py: Copied (new)
2026/08/08 10:31:51 INFO  : cafezinho-publicador/media_index/images.json: Copied (new)
2026/08/08 10:31:52 INFO  : cafezinho-publicador/posts/entrada.md.bak: Copied (new)
2026/08/08 10:31:53 INFO  : cafezinho-publicador/wordpress/utils.py: Copied (new)
2026/08/08 10:31:53 INFO  : cafezinho-publicador/wordpress/upload_media.py: Copied (new)
2026/08/08 10:31:54 INFO  : cafezinho-publicador/agents/__init__.py: Copied (new)
2026/08/08 10:31:55 INFO  : cafezinho-publicador/posts/entrada.md: Copied (new)
2026/08/08 10:31:57 INFO  : cafezinho-publicador/.github/workflows/publicar-entrada.yml: Copied (new)
2026/08/08 10:31:58 INFO  : cafezinho-publicador/tests/test_seletor_imagem.py: Copied (new)
2026/08/08 10:31:59 INFO  : cafezinho-publicador/agents/_shared/__init__.py: Copied (new)
2026/08/08 10:32:02 INFO  : cafezinho-publicador/.pytest_cache/README.md: Copied (new)
2026/08/08 10:32:37 INFO  : cafezinho-publicador/.pytest_cache/v/cache/nodeids: Copied (new)
2026/08/08 10:32:39 INFO  : cafezinho-publicador/.git/description: Copied (new)
2026/08/08 10:32:39 INFO  : cafezinho-publicador/.git/FETCH_HEAD: Copied (new)
2026/08/08 10:32:39 INFO  : cafezinho-publicador/.git/HEAD: Copied (new)
2026/08/08 10:32:39 INFO  : cafezinho-publicador/.pytest_cache/CACHEDIR.TAG: Copied (new)
2026/08/08 10:32:39 INFO  : cafezinho-publicador/.git/COMMIT_EDITMSG: Copied (new)
2026/08/08 10:32:39 INFO  : cafezinho-publicador/.git/config: Copied (new)
2026/08/08 10:32:39 INFO  : cafezinho-publicador/.git/ORIG_HEAD: Copied (new)
2026/08/08 10:32:41 INFO  : cafezinho-publicador/.git/index: Copied (new)
2026/08/08 10:32:42 INFO  : cafezinho-publicador/.git/info/exclude: Copied (new)
2026/08/08 10:32:43 INFO  : cafezinho-publicador/.git/packed-refs: Copied (new)
2026/08/08 10:32:43 INFO  : cafezinho-publicador/.pytest_cache/.gitignore: Copied (new)
2026/08/08 10:32:44 INFO  :    55.781 KiB / 276.351 KiB, 20%, 807 B/s, ETA 4m39s (xfr#30/171)
2026/08/08 10:32:46 INFO  : cafezinho-publicador/.git/logs/HEAD: Copied (new)
2026/08/08 10:32:48 INFO  : cafezinho-publicador/agents/biblioteca_midia/OPERACAO_CANONICA.md: Copied (new)
2026/08/08 10:32:48 INFO  : cafezinho-publicador/agents/biblioteca_midia/CONTRATOS.md: Copied (new)
2026/08/08 10:32:48 INFO  : cafezinho-publicador/agents/biblioteca_midia/.gitignore: Copied (new)
2026/08/08 10:32:48 INFO  : cafezinho-publicador/agents/biblioteca_midia/__init__.py: Copied (new)
2026/08/08 10:32:48 INFO  : cafezinho-publicador/agents/biblioteca_midia/__main__.py: Copied (new)
2026/08/08 10:32:48 INFO  : cafezinho-publicador/agents/biblioteca_midia/README.md: Copied (new)
2026/08/08 10:32:48 INFO  : cafezinho-publicador/agents/biblioteca_midia/api.py: Copied (new)
2026/08/08 10:32:49 INFO  : cafezinho-publicador/agents/biblioteca_midia/legacy_sources.py: Copied (new)
2026/08/08 10:32:49 INFO  : cafezinho-publicador/agents/biblioteca_midia/contracts.py: Copied (new)
2026/08/08 10:32:49 INFO  : cafezinho-publicador/agents/biblioteca_midia/config.py: Copied (new)
2026/08/08 10:32:49 INFO  : cafezinho-publicador/agents/biblioteca_midia/main.py: Copied (new)
2026/08/08 10:32:50 INFO  : cafezinho-publicador/agents/biblioteca_midia/pytest.ini: Copied (new)
2026/08/08 10:32:50 INFO  : cafezinho-publicador/agents/biblioteca_midia/schema.py: Copied (new)
2026/08/08 10:32:50 INFO  : cafezinho-publicador/agents/biblioteca_midia/requirements.txt: Copied (new)
2026/08/08 10:32:50 INFO  : cafezinho-publicador/.git/refs/heads/main: Copied (new)
2026/08/08 10:32:53 INFO  : cafezinho-publicador/agents/biblioteca_midia/seletor.py: Copied (new)
2026/08/08 10:32:53 INFO  : cafezinho-publicador/.git/refs/remotes/origin/HEAD: Copied (new)
2026/08/08 10:32:54 INFO  : cafezinho-publicador/.git/refs/remotes/origin/main: Copied (new)
2026/08/08 10:32:56 INFO  : cafezinho-publicador/.git/logs/refs/heads/main: Copied (new)
2026/08/08 10:32:58 INFO  : cafezinho-publicador/.git/refs/remotes/origin/feat/acervo-canonico-operacional: Copied (new)
2026/08/08 10:32:58 INFO  : cafezinho-publicador/.git/refs/remotes/origin/feat/seletor-imagem-r2-minimo: Copied (new)
2026/08/08 10:33:00 INFO  : cafezinho-publicador/.git/refs/remotes/origin/feat/vitoria-funcional-lula: Copied (new)
2026/08/08 10:33:00 INFO  : cafezinho-publicador/.git/logs/refs/remotes/origin/HEAD: Copied (new)
2026/08/08 10:33:02 INFO  : cafezinho-publicador/.git/hooks/applypatch-msg.sample: Copied (new)
2026/08/08 10:33:02 INFO  : cafezinho-publicador/.git/hooks/pre-applypatch.sample: Copied (new)
2026/08/08 10:33:28 INFO  : cafezinho-publicador/.git/hooks/commit-msg.sample: Copied (new)
2026/08/08 10:33:30 INFO  : cafezinho-publicador/.git/hooks/pre-receive.sample: Copied (new)
2026/08/08 10:33:32 INFO  : cafezinho-publicador/.git/hooks/prepare-commit-msg.sample: Copied (new)
2026/08/08 10:33:34 INFO  : cafezinho-publicador/.git/hooks/update.sample: Copied (new)
2026/08/08 10:33:36 INFO  : cafezinho-publicador/.git/logs/refs/remotes/origin/feat/acervo-canonico-operacional: Copied (new)
2026/08/08 10:33:37 INFO  : cafezinho-publicador/.git/logs/refs/remotes/origin/main: Copied (new)
2026/08/08 10:33:37 INFO  : cafezinho-publicador/.git/hooks/pre-merge-commit.sample: Copied (new)
2026/08/08 10:33:37 INFO  : cafezinho-publicador/.git/hooks/post-update.sample: Copied (new)
2026/08/08 10:33:37 INFO  : cafezinho-publicador/.git/hooks/fsmonitor-watchman.sample: Copied (new)
2026/08/08 10:33:37 INFO  : cafezinho-publicador/.git/hooks/pre-rebase.sample: Copied (new)
2026/08/08 10:33:37 INFO  : cafezinho-publicador/.git/hooks/pre-commit.sample: Copied (new)
2026/08/08 10:33:37 INFO  : cafezinho-publicador/.git/hooks/pre-push.sample: Copied (new)
2026/08/08 10:33:38 INFO  : cafezinho-publicador/.git/logs/refs/remotes/origin/feat/seletor-imagem-r2-minimo: Copied (new)
2026/08/08 10:33:40 INFO  : cafezinho-publicador/agents/biblioteca_midia/tests/__init__.py: Copied (new)
2026/08/08 10:33:41 INFO  : cafezinho-publicador/.git/logs/refs/remotes/origin/feat/vitoria-funcional-lula: Copied (new)
2026/08/08 10:33:41 INFO  : cafezinho-publicador/agents/biblioteca_midia/tests/test_contracts.py: Copied (new)
2026/08/08 10:33:43 INFO  : cafezinho-publicador/.git/objects/0b/a50c2060c61c370ab6bfce8480ca4621781844: Copied (new)
2026/08/08 10:33:43 INFO  : cafezinho-publicador/agents/biblioteca_midia/tests/test_operacao_canonica.py: Copied (new)
2026/08/08 10:33:44 INFO  :   214.692 KiB / 304.720 KiB, 70%, 2.413 KiB/s, ETA 37s (xfr#74/171)
2026/08/08 10:33:44 INFO  : cafezinho-publicador/.git/objects/0a/bffea10b08f54e5975c77cb075eb76a6e25c88: Copied (new)
2026/08/08 10:33:45 INFO  : cafezinho-publicador/.git/objects/00/9dcab5dbdb890065234f3a13c32901497bb71e: Copied (new)
2026/08/08 10:33:47 INFO  : cafezinho-publicador/.git/objects/07/a1252ad22549f77ef0cde1f0f30ede5e0ceb53: Copied (new)
2026/08/08 10:33:50 INFO  : cafezinho-publicador/.git/objects/0e/0ebb83e684656711e37d20171e89a2fb4ddd56: Copied (new)
2026/08/08 10:33:51 INFO  : cafezinho-publicador/.git/objects/0e/9db364ef855f97291d852cedf20a0bc21b2a84: Copied (new)
2026/08/08 10:33:51 INFO  : cafezinho-publicador/.git/objects/01/2f18178cd07d3c997679a2b83ad076b8ab711d: Copied (new)
2026/08/08 10:33:52 INFO  : cafezinho-publicador/.git/objects/01/3fc583224fd933b848aae6aea095319280d4a4: Copied (new)
2026/08/08 10:33:53 INFO  : cafezinho-publicador/.git/objects/13/b5f86b3d39307d38cbe35edb6c25eb359acc32: Copied (new)
2026/08/08 10:33:54 INFO  : cafezinho-publicador/.git/objects/17/cb790ca4d0892469d5443c51f46678a641f9c0: Copied (new)
2026/08/08 10:33:55 INFO  : cafezinho-publicador/.git/objects/0d/e080a44913ee26d7987262431ff3d8724216b4: Copied (new)
2026/08/08 10:33:56 INFO  : cafezinho-publicador/.git/objects/09/f75c5a0b4fe22ea98ba0f2b65ad8b1c43a43b4: Copied (new)
2026/08/08 10:33:57 INFO  : cafezinho-publicador/.git/objects/1c/bd3506c9076782f38d189763bbbb3b585ea4cf: Copied (new)
2026/08/08 10:33:59 INFO  : cafezinho-publicador/.git/objects/14/638493970b1771f89b21906884fb631e685787: Copied (new)
2026/08/08 10:33:59 INFO  : cafezinho-publicador/.git/objects/0d/e540e599d4fbd285ed8ef05c54aebecdea6407: Copied (new)
2026/08/08 10:34:00 INFO  : cafezinho-publicador/.git/objects/11/d1674040954cda8d59cfba07c5f490bfb49daa: Copied (new)
2026/08/08 10:34:02 INFO  : cafezinho-publicador/.git/objects/1e/118698d73ecdf5b40cba5e7dcba6d4122243ab: Copied (new)
2026/08/08 10:34:41 INFO  : cafezinho-publicador/.git/objects/26/f3e247489152d49b5b94a3acf832a6c0f3103c: Copied (new)
2026/08/08 10:34:41 INFO  : cafezinho-publicador/.git/objects/19/b69a1bb4c16e6a7e61b71853272069110edbea: Copied (new)
2026/08/08 10:34:42 INFO  : cafezinho-publicador/.git/objects/2d/d7cb1a4a387af66443bf62859e880385481a8f: Copied (new)
2026/08/08 10:34:44 INFO  : cafezinho-publicador/.git/objects/30/969358bbda7fa5b182b82008577e157a4357bb: Copied (new)
2026/08/08 10:34:44 INFO  :   222.821 KiB / 306.670 KiB, 73%, 184 B/s, ETA 7m45s (xfr#94/171)
2026/08/08 10:34:58 INFO  : cafezinho-publicador/.git/objects/31/17ca668c10676cd33d15a7c4e6078347225263: Copied (new)
2026/08/08 10:34:59 INFO  : cafezinho-publicador/.git/objects/21/998991ddc88d0b320c49c71c489edf7f596b28: Copied (new)
2026/08/08 10:34:59 INFO  : cafezinho-publicador/.git/objects/38/19e4039ed85dd0c256475931bf5adab2c8d873: Copied (new)
2026/08/08 10:34:59 INFO  : cafezinho-publicador/.git/objects/24/82dbf527ed23ce53ca24afdb0ba1ce3aab99b2: Copied (new)
2026/08/08 10:35:01 INFO  : cafezinho-publicador/.git/objects/3e/27859a179b6058d274434d3d72a9ed66f2f3fe: Copied (new)
2026/08/08 10:35:02 INFO  : cafezinho-publicador/.git/objects/3c/f3816093a46985255af8d8174d8e6cc2fad51a: Copied (new)
2026/08/08 10:35:35 INFO  : cafezinho-publicador/.git/objects/5c/430ce50c80a98a0a02f0a9c74438b9de89c0e1: Copied (new)
2026/08/08 10:35:36 INFO  : cafezinho-publicador/.git/objects/47/d540714abab00ddece9b9906cef1632d094b12: Copied (new)
2026/08/08 10:35:36 INFO  : cafezinho-publicador/.git/objects/54/2acd1e52f0b68a39d161e2b0af8c1dc3c1d010: Copied (new)
2026/08/08 10:35:36 INFO  : cafezinho-publicador/.git/objects/3a/a719c53ac02bb1f93aa61e85ee26dfd3f837cc: Copied (new)
2026/08/08 10:35:36 INFO  : cafezinho-publicador/.git/objects/50/a3454d86bbccd33cc88c65fee9fa5eea577942: Copied (new)
2026/08/08 10:35:37 INFO  : cafezinho-publicador/.git/objects/4e/13746459979c72ba9abfad2d411e5761671b37: Copied (new)
2026/08/08 10:35:37 INFO  : cafezinho-publicador/.git/objects/53/cd631a8bc73210cc12b144874fcc892603f6d9: Copied (new)
2026/08/08 10:35:37 INFO  : cafezinho-publicador/.git/objects/4e/85df438d978eae27c97f811084df8dde855370: Copied (new)
2026/08/08 10:35:39 INFO  : cafezinho-publicador/.git/objects/64/016eefbe90077ed9229f6104268bb19e50cf55: Copied (new)
2026/08/08 10:35:42 INFO  : cafezinho-publicador/.git/objects/68/178b53364407a23da9b46bad1d0e20a6f84696: Copied (new)
2026/08/08 10:35:43 INFO  : cafezinho-publicador/.git/objects/62/a78e42204b724de6da76fa4b9b949ac801d928: Copied (new)
2026/08/08 10:35:43 INFO  : cafezinho-publicador/.git/objects/62/5364f2d35c837ce39a38b392bebf410d6b4694: Copied (new)
2026/08/08 10:35:44 INFO  :   233.944 KiB / 308.854 KiB, 76%, 367 B/s, ETA 3m28s (xfr#112/171)
2026/08/08 10:35:44 INFO  : cafezinho-publicador/.git/objects/71/1f6e1959d69220c5644b25b07c05def1f81c65: Copied (new)
2026/08/08 10:35:45 INFO  : cafezinho-publicador/.git/objects/6b/e8aa2b8289013a3f9f41d877a345d9c0141fea: Copied (new)
2026/08/08 10:35:46 INFO  : cafezinho-publicador/.git/objects/6d/456ad8078f2b45b276a35e123b147a31758dc0: Copied (new)
2026/08/08 10:35:48 INFO  : cafezinho-publicador/.git/objects/70/bbfcbe263383ab3ab680ba4ea99a3c60ba1801: Copied (new)
2026/08/08 10:35:50 INFO  : cafezinho-publicador/.git/objects/50/cc626bfe9673ec0e01dde958060652cb85dfa3: Copied (new)
2026/08/08 10:35:50 INFO  : cafezinho-publicador/.git/objects/73/f5f3c4e4ff37d9684302727deb2e6d6ff2f338: Copied (new)
2026/08/08 10:35:51 INFO  : cafezinho-publicador/.git/objects/7d/610616b9ecd55141a4025a16b633be7529a07d: Copied (new)
2026/08/08 10:35:52 INFO  : cafezinho-publicador/.git/objects/76/fb1d45ac9bf9b5f1d36255b12a8c4fb2965e47: Copied (new)
2026/08/08 10:35:53 INFO  : cafezinho-publicador/.git/objects/72/e1e3808bfebd3cead9cd378c5177785c3a4897: Copied (new)
2026/08/08 10:35:53 INFO  : cafezinho-publicador/.git/objects/72/75e0325ed31258ba65cf96fd6b7d394b409800: Copied (new)
2026/08/08 10:35:55 INFO  : cafezinho-publicador/.git/objects/85/9a299f1a8e409cd6dc7f4c48bcdc1b0569acdb: Copied (new)
2026/08/08 10:35:56 INFO  : cafezinho-publicador/.git/objects/65/0d1a9cdbe33b2c87e9c61aabc8d520a8cbc9ce: Copied (new)
2026/08/08 10:35:58 INFO  : cafezinho-publicador/.git/objects/7f/921f21572759ff735c641e7614d7b2451148ae: Copied (new)
2026/08/08 10:35:58 INFO  : cafezinho-publicador/.git/objects/83/2ac8e0f9ad39acfc405871018e5a645e7af492: Copied (new)
2026/08/08 10:36:00 INFO  : cafezinho-publicador/.git/objects/81/d14874f1a9cdf2deead4f19fe7cda9bff80cfb: Copied (new)
2026/08/08 10:36:01 INFO  : cafezinho-publicador/.git/objects/8e/efb33b7f7917d3fd5f168dab6d4f4d0860326e: Copied (new)
2026/08/08 10:36:40 INFO  : cafezinho-publicador/.git/objects/98/d4810d95e832d6964d325efdb51c4d589f82fb: Copied (new)
2026/08/08 10:36:42 INFO  : cafezinho-publicador/.git/objects/95/0326f6dbc0a8b295c7278829dd85b364088d08: Copied (new)
2026/08/08 10:36:44 INFO  :   247.452 KiB / 315.869 KiB, 78%, 208 B/s, ETA 5m35s (xfr#130/171)
2026/08/08 10:36:59 INFO  : cafezinho-publicador/.git/objects/90/bfa1a29db659c4ac8e0ee3a33a72e8d9c112ed: Copied (new)
2026/08/08 10:36:59 INFO  : cafezinho-publicador/.git/objects/a5/4b05ba5462630f54d94974bf81eeefe69fc0e0: Copied (new)
2026/08/08 10:36:59 INFO  : cafezinho-publicador/.git/objects/94/8836c02256328b481b1d61b084ff22d100847f: Copied (new)
2026/08/08 10:36:59 INFO  : cafezinho-publicador/.git/objects/b1/7d98ec4b8b4956cdfb47927c85528f01857808: Copied (new)
2026/08/08 10:36:59 INFO  : cafezinho-publicador/.git/objects/a7/dc576a02c3ca041b4b232be053840f7f45242d: Copied (new)
2026/08/08 10:36:59 INFO  : cafezinho-publicador/.git/objects/ac/ed488cd2bd9a09b59df85e2e7fd48203116e55: Copied (new)
2026/08/08 10:36:59 INFO  : cafezinho-publicador/.git/objects/9b/a9fc1535feb3c0c76c9de1223986f549abeb7e: Copied (new)
2026/08/08 10:36:59 INFO  : cafezinho-publicador/.git/objects/9e/8b12ef8f370e9e615467084fd7e9093393fa84: Copied (new)
2026/08/08 10:37:02 INFO  : cafezinho-publicador/.git/objects/aa/010fa6fa912b76626a64eb3fa3a2feb6bf0499: Copied (new)
2026/08/08 10:37:27 INFO  : cafezinho-publicador/.git/objects/ad/de18625ca4f09f4334d6d0d303f7647a73517d: Copied (new)
2026/08/08 10:37:27 INFO  : cafezinho-publicador/.git/objects/b6/f6963ef0d76f6c3f313a663435aa1f6e194110: Copied (new)
2026/08/08 10:37:27 INFO  : cafezinho-publicador/.git/objects/c7/c2cef9b42117ca794916c8bcec5db46da5ccac: Copied (new)
2026/08/08 10:37:27 INFO  : cafezinho-publicador/.git/objects/bc/49b38c79296f31ccd2a0df3b6e566f73599ae2: Copied (new)
2026/08/08 10:37:27 INFO  : cafezinho-publicador/.git/objects/95/80453fdd7aba84f3bad499077a241a1db92ca6: Copied (new)
2026/08/08 10:37:28 INFO  : cafezinho-publicador/.git/objects/c5/950ef0a8167fb27f8457df5ac7e79bd4e21a2a: Copied (new)
2026/08/08 10:37:28 INFO  : cafezinho-publicador/.git/objects/c0/56a15e602c9f353be48e2dea9526f5dd18adac: Copied (new)
2026/08/08 10:37:30 INFO  : cafezinho-publicador/.git/objects/b2/07c8e710b039c255ae84aa3aa806866ec51e03: Copied (new)
2026/08/08 10:37:32 INFO  : cafezinho-publicador/.git/objects/b2/137390a0cb65aad3d951559576470fa6788328: Copied (new)
2026/08/08 10:37:32 INFO  : cafezinho-publicador/.git/objects/c8/0252b036f7b7a42aeaf42830425cbb948cff09: Copied (new)
2026/08/08 10:37:33 INFO  : cafezinho-publicador/.git/objects/c9/befffd1dd7e08d36e8fad8cb4f8cef0ec82b9f: Copied (new)
2026/08/08 10:37:34 INFO  : cafezinho-publicador/.git/objects/ca/ac933b90a58be48df146213b62f4c3e0e4cd1b: Copied (new)
2026/08/08 10:37:35 INFO  : cafezinho-publicador/.git/objects/bd/0bf2e1324374b51d18472ce9d471f65f49863a: Copied (new)
2026/08/08 10:37:35 INFO  : cafezinho-publicador/.git/objects/d0/27d4a2a858d8e63c18a36a2dd89ff332bb83da: Copied (new)
2026/08/08 10:37:36 INFO  : cafezinho-publicador/.git/objects/d1/105fa2e838f7a950aec722d50a717ab11b1b69: Copied (new)
2026/08/08 10:37:38 INFO  : cafezinho-publicador/.git/objects/d7/8f71a0fe3bd0ce5b2d63008d25fe20e0195d16: Copied (new)
2026/08/08 10:37:40 INFO  : cafezinho-publicador/.git/objects/d6/7cdcb85095a17817d88024279aa415b873e4b1: Copied (new)
2026/08/08 10:37:41 INFO  : cafezinho-publicador/.git/objects/ee/85f0dddcb2f754e0f9841e8e84b480261ca9bc: Copied (new)
2026/08/08 10:37:42 INFO  : cafezinho-publicador/.git/objects/d8/a3582a43fc24f07e131e109647058de08ccfde: Copied (new)
2026/08/08 10:37:44 INFO  :   264.354 KiB / 319.517 KiB, 83%, 444 B/s, ETA 2m7s (xfr#158/171)
2026/08/08 10:37:44 INFO  : cafezinho-publicador/.git/objects/e8/ac0175eb4c4413eb852dbd531b2339bce1c61a: Copied (new)
2026/08/08 10:37:45 INFO  : cafezinho-publicador/.git/objects/db/bc590cb162a6a771e59f29af38735a0914404d: Copied (new)
2026/08/08 10:37:46 INFO  : cafezinho-publicador/.git/objects/f3/c9b2a3fac1cd8318d2b8d8d51748ee390d36b0: Copied (new)
2026/08/08 10:37:47 INFO  : cafezinho-publicador/.git/objects/e2/825e4643c3de7170ad6b4598246330f91727fd: Copied (new)
2026/08/08 10:37:49 INFO  : cafezinho-publicador/.git/objects/f4/b52a51d7ed0612515287ef31f74dc6e6a8ec02: Copied (new)
2026/08/08 10:37:51 INFO  : cafezinho-publicador/.git/objects/f9/cb951e732f1e0c85e05c0f55ab5507a34ce45a: Copied (new)
2026/08/08 10:37:52 INFO  : cafezinho-publicador/.git/objects/fa/af08ebc3cecd293c8b17089a0f7227d125caca: Copied (new)
2026/08/08 10:37:53 INFO  : cafezinho-publicador/.git/objects/fd/2e97df6673a802604a8f6f78a2425d28c31eb9: Copied (new)
2026/08/08 10:37:54 INFO  : cafezinho-publicador/.git/objects/fc/c04039edbacdf1a7c2e48bbfa78585ea567e6a: Copied (new)
2026/08/08 10:37:55 INFO  : cafezinho-publicador/.git/objects/fe/51488c7066f6687ef680d6bfaa4f7768ef205c: Copied (new)
2026/08/08 10:37:55 INFO  : cafezinho-publicador/.git/objects/fe/2f2e141abc47d85608c9940db611503293506f: Copied (new)
2026/08/08 10:37:56 INFO  : cafezinho-publicador/.git/objects/pack/pack-ce82fc07998e141e81e0c70495dceb7a48a48bb3.idx: Copied (new)
2026/08/08 10:37:57 INFO  : cafezinho-publicador/.git/objects/pack/pack-ce82fc07998e141e81e0c70495dceb7a48a48bb3.pack: Copied (new)
2026/08/08 10:37:58 INFO  : cafezinho-publicador/.git/logs/refs/remotes/origin/feat: Set directory modification time (using DirSetModTime)
2026/08/08 10:37:58 INFO  : cafezinho-publicador/.git/logs/refs/remotes/origin: Set directory modification time (using DirSetModTime)
2026/08/08 10:37:58 INFO  : cafezinho-publicador/.git/refs/remotes/origin/feat: Set directory modification time (using DirSetModTime)
2026/08/08 10:37:59 INFO  : cafezinho-publicador/.git/logs/refs/remotes: Set directory modification time (using DirSetModTime)
2026/08/08 10:37:59 INFO  : cafezinho-publicador/.git/logs/refs/heads: Set directory modification time (using DirSetModTime)
2026/08/08 10:37:59 INFO  : cafezinho-publicador/.git/refs/remotes/origin: Set directory modification time (using DirSetModTime)
2026/08/08 10:38:00 INFO  : cafezinho-publicador/.git/objects/07: Set directory modification time (using DirSetModTime)
2026/08/08 10:38:00 INFO  : cafezinho-publicador/.git/objects/00: Set directory modification time (using DirSetModTime)
2026/08/08 10:38:00 INFO  : cafezinho-publicador/.git/objects/01: Set directory modification time (using DirSetModTime)
2026/08/08 10:38:00 INFO  : cafezinho-publicador/.pytest_cache/v/cache: Set directory modification time (using DirSetModTime)
2026/08/08 10:38:00 INFO  : cafezinho-publicador/.git/logs/refs: Set directory modification time (using DirSetModTime)
2026/08/08 10:38:00 INFO  : cafezinho-publicador/agents/biblioteca_midia/tests: Set directory modification time (using DirSetModTime)
2026/08/08 10:38:00 INFO  : cafezinho-publicador/.git/refs/heads: Set directory modification time (using DirSetModTime)
2026/08/08 10:38:00 INFO  : cafezinho-publicador/.git/refs/remotes: Set directory modification time (using DirSetModTime)
2026/08/08 10:38:00 INFO  : cafezinho-publicador/.git/objects/09: Set directory modification time (using DirSetModTime)
2026/08/08 10:38:00 INFO  : cafezinho-publicador/.git/objects/0b: Set directory modification time (using DirSetModTime)
2026/08/08 10:38:00 INFO  : cafezinho-publicador/.git/objects/0e: Set directory modification time (using DirSetModTime)
2026/08/08 10:38:00 INFO  : cafezinho-publicador/.git/objects/0a: Set directory modification time (using DirSetModTime)
2026/08/08 10:38:00 INFO  : cafezinho-publicador/.git/objects/14: Set directory modification time (using DirSetModTime)
2026/08/08 10:38:00 INFO  : cafezinho-publicador/.git/objects/11: Set directory modification time (using DirSetModTime)
2026/08/08 10:38:00 INFO  : cafezinho-publicador/.git/objects/0d: Set directory modification time (using DirSetModTime)
2026/08/08 10:38:00 INFO  : cafezinho-publicador/.git/objects/13: Set directory modification time (using DirSetModTime)
2026/08/08 10:38:01 INFO  : cafezinho-publicador/.git/objects/17: Set directory modification time (using DirSetModTime)
2026/08/08 10:38:01 INFO  : cafezinho-publicador/.git/objects/26: Set directory modification time (using DirSetModTime)
2026/08/08 10:38:01 INFO  : cafezinho-publicador/.git/objects/1e: Set directory modification time (using DirSetModTime)
2026/08/08 10:38:01 INFO  : cafezinho-publicador/.git/objects/19: Set directory modification time (using DirSetModTime)
2026/08/08 10:38:01 INFO  : cafezinho-publicador/.git/objects/1c: Set directory modification time (using DirSetModTime)
2026/08/08 10:38:01 INFO  : cafezinho-publicador/.git/objects/21: Set directory modification time (using DirSetModTime)
2026/08/08 10:38:01 INFO  : cafezinho-publicador/.git/objects/24: Set directory modification time (using DirSetModTime)
2026/08/08 10:38:01 INFO  : cafezinho-publicador/.git/objects/2d: Set directory modification time (using DirSetModTime)
2026/08/08 10:38:01 INFO  : cafezinho-publicador/.git/objects/30: Set directory modification time (using DirSetModTime)
2026/08/08 10:38:01 INFO  : cafezinho-publicador/.git/objects/38: Set directory modification time (using DirSetModTime)
2026/08/08 10:38:01 INFO  : cafezinho-publicador/.git/objects/31: Set directory modification time (using DirSetModTime)
2026/08/08 10:38:01 INFO  : cafezinho-publicador/.git/objects/4e: Set directory modification time (using DirSetModTime)
2026/08/08 10:38:01 INFO  : cafezinho-publicador/.git/objects/3a: Set directory modification time (using DirSetModTime)
2026/08/08 10:38:01 INFO  : cafezinho-publicador/.git/objects/47: Set directory modification time (using DirSetModTime)
2026/08/08 10:38:01 INFO  : cafezinho-publicador/.git/objects/3e: Set directory modification time (using DirSetModTime)
2026/08/08 10:38:01 INFO  : cafezinho-publicador/.git/objects/3c: Set directory modification time (using DirSetModTime)
2026/08/08 10:38:02 INFO  : cafezinho-publicador/.git/objects/64: Set directory modification time (using DirSetModTime)
2026/08/08 10:38:02 INFO  : cafezinho-publicador/.git/objects/54: Set directory modification time (using DirSetModTime)
2026/08/08 10:38:02 INFO  : cafezinho-publicador/.git/objects/53: Set directory modification time (using DirSetModTime)
2026/08/08 10:38:02 INFO  : cafezinho-publicador/.git/objects/65: Set directory modification time (using DirSetModTime)
2026/08/08 10:38:02 INFO  : cafezinho-publicador/.git/objects/68: Set directory modification time (using DirSetModTime)
2026/08/08 10:38:02 INFO  : cafezinho-publicador/.git/objects/50: Set directory modification time (using DirSetModTime)
2026/08/08 10:38:02 INFO  : cafezinho-publicador/.git/objects/5c: Set directory modification time (using DirSetModTime)
2026/08/08 10:38:02 INFO  : cafezinho-publicador/.git/objects/62: Set directory modification time (using DirSetModTime)
2026/08/08 10:38:03 INFO  : cafezinho-publicador/.git/objects/6d: Set directory modification time (using DirSetModTime)
2026/08/08 10:38:03 INFO  : cafezinho-publicador/.git/objects/72: Set directory modification time (using DirSetModTime)
2026/08/08 10:38:03 INFO  : cafezinho-publicador/.git/objects/70: Set directory modification time (using DirSetModTime)
2026/08/08 10:38:03 INFO  : cafezinho-publicador/.git/objects/6b: Set directory modification time (using DirSetModTime)
2026/08/08 10:38:03 INFO  : cafezinho-publicador/.git/objects/71: Set directory modification time (using DirSetModTime)
2026/08/08 10:38:03 INFO  : cafezinho-publicador/.git/objects/73: Set directory modification time (using DirSetModTime)
2026/08/08 10:38:03 INFO  : cafezinho-publicador/.git/objects/76: Set directory modification time (using DirSetModTime)
2026/08/08 10:38:03 INFO  : cafezinho-publicador/.git/objects/7d: Set directory modification time (using DirSetModTime)
2026/08/08 10:38:03 INFO  : cafezinho-publicador/.git/objects/7f: Set directory modification time (using DirSetModTime)
2026/08/08 10:38:03 INFO  : cafezinho-publicador/.git/objects/8e: Set directory modification time (using DirSetModTime)
2026/08/08 10:38:03 INFO  : cafezinho-publicador/.git/objects/83: Set directory modification time (using DirSetModTime)
2026/08/08 10:38:03 INFO  : cafezinho-publicador/.git/objects/85: Set directory modification time (using DirSetModTime)
2026/08/08 10:38:03 INFO  : cafezinho-publicador/.git/objects/81: Set directory modification time (using DirSetModTime)
2026/08/08 10:38:03 INFO  : cafezinho-publicador/.git/objects/90: Set directory modification time (using DirSetModTime)
2026/08/08 10:38:03 INFO  : cafezinho-publicador/.git/objects/95: Set directory modification time (using DirSetModTime)
2026/08/08 10:38:03 INFO  : cafezinho-publicador/.git/objects/94: Set directory modification time (using DirSetModTime)
2026/08/08 10:38:04 INFO  : cafezinho-publicador/.git/objects/9b: Set directory modification time (using DirSetModTime)
2026/08/08 10:38:04 INFO  : cafezinho-publicador/.git/objects/98: Set directory modification time (using DirSetModTime)
2026/08/08 10:38:04 INFO  : cafezinho-publicador/.git/objects/aa: Set directory modification time (using DirSetModTime)
2026/08/08 10:38:04 INFO  : cafezinho-publicador/.git/objects/a7: Set directory modification time (using DirSetModTime)
2026/08/08 10:38:04 INFO  : cafezinho-publicador/.git/objects/ac: Set directory modification time (using DirSetModTime)
2026/08/08 10:38:04 INFO  : cafezinho-publicador/.git/objects/ad: Set directory modification time (using DirSetModTime)
2026/08/08 10:38:04 INFO  : cafezinho-publicador/.git/objects/9e: Set directory modification time (using DirSetModTime)
2026/08/08 10:38:04 INFO  : cafezinho-publicador/.git/objects/b2: Set directory modification time (using DirSetModTime)
2026/08/08 10:38:04 INFO  : cafezinho-publicador/.git/objects/b1: Set directory modification time (using DirSetModTime)
2026/08/08 10:38:05 INFO  : cafezinho-publicador/.git/objects/bd: Set directory modification time (using DirSetModTime)
2026/08/08 10:38:05 INFO  : cafezinho-publicador/.git/objects/c0: Set directory modification time (using DirSetModTime)
2026/08/08 10:38:05 INFO  : cafezinho-publicador/.git/objects/c5: Set directory modification time (using DirSetModTime)
2026/08/08 10:38:05 INFO  : cafezinho-publicador/.git/objects/c7: Set directory modification time (using DirSetModTime)
2026/08/08 10:38:05 INFO  : cafezinho-publicador/.git/objects/c8: Set directory modification time (using DirSetModTime)
2026/08/08 10:38:05 INFO  : cafezinho-publicador/.git/objects/d0: Set directory modification time (using DirSetModTime)
2026/08/08 10:38:05 INFO  : cafezinho-publicador/.git/objects/c9: Set directory modification time (using DirSetModTime)
2026/08/08 10:38:05 INFO  : cafezinho-publicador/.git/objects/ca: Set directory modification time (using DirSetModTime)
2026/08/08 10:38:05 INFO  : cafezinho-publicador/.git/objects/bc: Set directory modification time (using DirSetModTime)
2026/08/08 10:38:05 INFO  : cafezinho-publicador/.git/objects/b6: Set directory modification time (using DirSetModTime)
2026/08/08 10:38:05 INFO  : cafezinho-publicador/.git/objects/a5: Set directory modification time (using DirSetModTime)
2026/08/08 10:38:06 INFO  : cafezinho-publicador/.git/objects/d1: Set directory modification time (using DirSetModTime)
2026/08/08 10:38:06 INFO  : cafezinho-publicador/.git/objects/d6: Set directory modification time (using DirSetModTime)
2026/08/08 10:38:06 INFO  : cafezinho-publicador/.git/objects/db: Set directory modification time (using DirSetModTime)
2026/08/08 10:38:06 INFO  : cafezinho-publicador/.git/objects/d7: Set directory modification time (using DirSetModTime)
2026/08/08 10:38:06 INFO  : cafezinho-publicador/.git/objects/e2: Set directory modification time (using DirSetModTime)
2026/08/08 10:38:06 INFO  : cafezinho-publicador/.git/objects/fa: Set directory modification time (using DirSetModTime)
2026/08/08 10:38:09 INFO  : cafezinho-publicador/.git/objects/e8: Set directory modification time (using DirSetModTime)
2026/08/08 10:38:09 INFO  : cafezinho-publicador/.git/objects/fe: Set directory modification time (using DirSetModTime)
2026/08/08 10:38:10 INFO  : cafezinho-publicador/.git/objects/pack: Set directory modification time (using DirSetModTime)
2026/08/08 10:38:11 INFO  : cafezinho-publicador/.git/objects/fd: Set directory modification time (using DirSetModTime)
2026/08/08 10:38:11 INFO  : cafezinho-publicador/.git/objects/f3: Set directory modification time (using DirSetModTime)
2026/08/08 10:38:14 INFO  : cafezinho-publicador/.git/objects/d8: Set directory modification time (using DirSetModTime)
2026/08/08 10:38:31 INFO  : cafezinho-publicador/.git/objects/f4: Set directory modification time (using DirSetModTime)
2026/08/08 10:38:31 INFO  : cafezinho-publicador/.git/objects/ee: Set directory modification time (using DirSetModTime)
2026/08/08 10:38:32 INFO  : cafezinho-publicador/.git/objects/f9: Set directory modification time (using DirSetModTime)
2026/08/08 10:38:33 INFO  : cafezinho-publicador/.git/objects/fc: Set directory modification time (using DirSetModTime)
2026/08/08 10:38:34 INFO  : cafezinho-publicador/.git/logs: Set directory modification time (using DirSetModTime)
2026/08/08 10:38:34 INFO  : cafezinho-publicador/.git/objects: Set directory modification time (using DirSetModTime)
2026/08/08 10:38:34 INFO  : cafezinho-publicador/.git/hooks: Set directory modification time (using DirSetModTime)
2026/08/08 10:38:34 INFO  : cafezinho-publicador/.github/workflows: Set directory modification time (using DirSetModTime)
2026/08/08 10:38:35 INFO  : cafezinho-publicador/agents/_shared: Set directory modification time (using DirSetModTime)
2026/08/08 10:38:37 INFO  : cafezinho-publicador/.git/info: Set directory modification time (using DirSetModTime)
2026/08/08 10:38:37 INFO  : cafezinho-publicador/.pytest_cache/v: Set directory modification time (using DirSetModTime)
2026/08/08 10:38:37 INFO  : cafezinho-publicador/.git/refs: Set directory modification time (using DirSetModTime)
2026/08/08 10:38:37 INFO  : cafezinho-publicador/agents/biblioteca_midia: Set directory modification time (using DirSetModTime)
2026/08/08 10:38:37 INFO  : cafezinho-publicador/media_index: Set directory modification time (using DirSetModTime)
2026/08/08 10:38:37 INFO  : cafezinho-publicador/wordpress: Set directory modification time (using DirSetModTime)
2026/08/08 10:38:37 INFO  : cafezinho-publicador/posts: Set directory modification time (using DirSetModTime)
2026/08/08 10:38:37 INFO  : cafezinho-publicador/.github: Set directory modification time (using DirSetModTime)
2026/08/08 10:38:37 INFO  : cafezinho-publicador/agents: Set directory modification time (using DirSetModTime)
2026/08/08 10:38:37 INFO  : cafezinho-publicador/.pytest_cache: Set directory modification time (using DirSetModTime)
2026/08/08 10:38:37 INFO  : cafezinho-publicador/tests: Set directory modification time (using DirSetModTime)
2026/08/08 10:38:39 INFO  : cafezinho-publicador/.git: Set directory modification time (using DirSetModTime)
2026/08/08 10:38:39 INFO  : cafezinho-publicador: Set directory modification time (using DirSetModTime)
2026/08/08 10:38:39 INFO  :   365.304 KiB / 365.304 KiB, 100%, 6.008 KiB/s, ETA 0s
2026/08/08 10:38:44 INFO  : apresentacao_eleicoes_mg.html: Copied (new)
2026/08/08 10:38:46 INFO  : sprint_report.md: Copied (new)
2026/08/08 10:38:46 INFO  : charts_p3/grafico_1_exportacoes_totais_bilhoes.png: Copied (new)
2026/08/08 10:38:47 INFO  : charts_p3/grafico_2_indice_exportacoes_totais.png: Copied (new)
2026/08/08 10:38:47 INFO  : charts_p3/grafico_3_participacao_eua_total.png: Copied (new)
2026/08/08 10:38:47 INFO  : charts_p3/grafico_4_produtos_tarifados_indice.png: Copied (new)
2026/08/08 10:38:47 INFO  : charts_p3/grafico_5_produtos_tarifados_bilhoes.png: Copied (new)
2026/08/08 10:38:48 INFO  : charts_p3/grafico_6_produtos_tarifados_participacao_eua.png: Copied (new)
2026/08/08 10:38:55 INFO  : v4_labs_final_74f421fcd3d230656e50903686464a9a4c6f87ae650fe860b27b3d9b47a7a2bf.tar.gz: Copied (new)
2026/08/08 10:38:57 INFO  : v4_labs_86b99d8d847d92a0bcab1fdf8f28c90947b365994f48fff1b537fe00071c52c8.tar.gz: Copied (new)
2026/08/08 10:38:58 INFO  : charts_p3: Set directory modification time (using DirSetModTime)
2026/08/08 10:38:58 INFO  :    47.042 MiB / 47.042 MiB, 100%, 2.940 MiB/s, ETA 0s
2026/08/08 10:39:03 INFO  : aviso_reestruturacao_23_capitulos.md: Copied (new)
2026/08/08 10:39:28 INFO  : carta_antigravity_central_documentos_20260727.md: Copied (new)
2026/08/08 10:39:30 INFO  : carta_antigravity_site_v7_23cap_vol2_20260727.md: Copied (new)
2026/08/08 10:39:30 INFO  : carta_gpt_experimental_cap1_20260725.md: Copied (new)
2026/08/08 10:39:30 INFO  : carta_trindade_leitura_do_livro_20260726.md: Copied (new)
2026/08/08 10:39:30 INFO  : carta_antigravity_mapa_livro_20260724.md: Copied (new)
2026/08/08 10:39:30 INFO  : carta_versoes_experimentais_cap1_20260725.md: Copied (new)
2026/08/08 10:39:30 INFO  : carta_antigravity_site_livro_completo_20260727.md: Copied (new)
2026/08/08 10:39:30 INFO  : carta_chamamento_arquitetura_20260724.md: Copied (new)
2026/08/08 10:39:30 INFO  : carta_antigravity_kimi3_revisao_videos_20260729.md: Copied (new)
2026/08/08 10:39:31 INFO  : forum_moka_writer_20260805.md: Copied (new)
2026/08/08 10:39:31 INFO  : forum_filhos_da_impunidade_antigravity_kimi3_20260729.md: Copied (new)
2026/08/08 10:39:32 INFO  : forum_controle_logistico_revisao_videos_20260729.md: Copied (new)
2026/08/08 10:39:32 INFO  : manual_estilo_v8_e_backups_20260727.md: Copied (new)
2026/08/08 10:39:32 INFO  : mesa_comparacao_duelo_cap1.md: Copied (new)
2026/08/08 10:39:33 INFO  : forum_filhos_da_impunidade.md: Copied (new)
2026/08/08 10:39:33 INFO  : forum_moka_video_config_reorg_20260805.md: Copied (new)
2026/08/08 10:39:33 INFO  : forum_arquitetura_de_trabalho_20260724.md: Copied (new)
2026/08/08 10:39:33 INFO  : resposta_antigravity_experimental.md: Copied (new)
2026/08/08 10:39:33 INFO  : resposta_antigravity_site_livro_completo_20260727.md: Copied (new)
2026/08/08 10:39:33 INFO  : resposta_antigravity_leitura_livro.md: Copied (new)
2026/08/08 10:39:33 INFO  : resposta_antigravity_site_v7_20260727.md: Copied (new)
2026/08/08 10:39:34 INFO  : resposta_claude_experimental.md: Copied (new)
2026/08/08 10:39:34 INFO  : resposta_kimi3_antigravity_auditoria_videos_20260729.md: Copied (new)
2026/08/08 10:39:34 INFO  :   178.914 KiB / 178.914 KiB, 100%, 8.005 KiB/s, ETA 0s
2026/08/08 10:39:39 INFO  : ESQUEMA_V2_O_FORAGIDO_INVERTIDO.md: Copied (new)
2026/08/08 10:39:39 INFO  :    19.791 KiB / 19.791 KiB, 100%, 6.597 KiB/s, ETA 0s
2026/08/08 10:39:43 INFO  : kimi.js: Copied (new)
2026/08/08 10:39:43 INFO  :     2.925 KiB / 2.925 KiB, 100%, 998 B/s, ETA 0s
2026/08/08 10:39:48 INFO  : .last_backup_state.json: Copied (new)
2026/08/08 10:39:48 INFO  :     3.988 KiB / 3.988 KiB, 100%, 1.329 KiB/s, ETA 0s
2026/08/08 10:39:52 INFO  : index.html: Copied (new)
2026/08/08 10:39:54 INFO  : .vercel/README.txt: Copied (new)
2026/08/08 10:39:54 INFO  : .vercel/repo.json: Copied (new)
2026/08/08 10:39:55 INFO  : .vercel: Set directory modification time (using DirSetModTime)
2026/08/08 10:39:55 INFO  :   357.337 KiB / 357.337 KiB, 100%, 89.334 KiB/s, ETA 0s
2026/08/08 10:39:59 INFO  : taiwan_comercio_exterior_30_anos.md: Copied (new)
2026/08/08 10:39:59 INFO  :     5.873 KiB / 5.873 KiB, 100%, 1.957 KiB/s, ETA 0s
2026/08/08 10:40:28 INFO  : transcritor_clipboard.py: Copied (new)
2026/08/08 10:40:30 INFO  : transcritor_b2.py: Copied (new)
2026/08/08 10:40:30 INFO  :   166.191 KiB / 166.191 KiB, 100%, 5.911 KiB/s, ETA 0s
2026/08/08 10:40:34 INFO  : manifest.json: Copied (new)
2026/08/08 10:40:35 INFO  : nacional_04_tarcisio_gov_sp.jpg: Copied (new)
2026/08/08 10:40:35 INFO  : ny_08_trump_casa_branca.jpg: Copied (new)
2026/08/08 10:40:35 INFO  : nacional_01_lula_lula.jpg: Copied (new)
2026/08/08 10:40:35 INFO  : nacional_06_senado_senado.jpg: Copied (new)
2026/08/08 10:40:35 INFO  : nacional_02_haddad_haddad.jpg: Copied (new)
2026/08/08 10:40:36 INFO  : nacional_05_stf_stf.jpg: Copied (new)
2026/08/08 10:40:38 INFO  : nacional_03_flavio_flavio_bolsonaro.jpg: Copied (new)
2026/08/08 10:40:38 INFO  :   909.730 KiB / 909.730 KiB, 100%, 129.961 KiB/s, ETA 0s
2026/08/08 10:40:43 INFO  : executar_lote_publicacao_v3_real.py: Copied (new)
2026/08/08 10:40:43 INFO  : RELATORIO_030_V3_ACERVO_PERSONAS_20260706_0901.md: Copied (new)
2026/08/08 10:40:43 INFO  : coletar_pauta_por_acervo_v3.py: Copied (new)
2026/08/08 10:40:43 INFO  : redator_llm_v3.py.bak_6000: Copied (new)
2026/08/08 10:40:43 INFO  : memoria_bugs_ativa.md: Copied (new)
2026/08/08 10:40:43 INFO  : v3_brutas_plus.py.bak_foco: Copied (new)
2026/08/08 10:40:43 INFO  : executar_midia_v3_real.py.bak: Copied (new)
2026/08/08 10:40:45 INFO  : v3_imagem_portal.py.bak: Copied (new)
2026/08/08 10:40:45 INFO  : v3_editor_final.py: Copied (new)
2026/08/08 10:40:45 INFO  : executar_publicador_wp_v3_pending.py.bak: Copied (new)
2026/08/08 10:40:45 INFO  :   488.499 KiB / 488.499 KiB, 100%, 97.699 KiB/s, ETA 0s
2026/08/08 10:55:42 INFO  : Kimi-k3: Set directory modification time (using SetModTime)
2026/08/08 10:55:43 INFO  : attachments: Set directory modification time (using SetModTime)
2026/08/08 10:55:43 INFO  : auditor_titulos_ajuste_20260719: Set directory modification time (using SetModTime)
2026/08/08 10:55:44 INFO  : auth025b11: Set directory modification time (using SetModTime)
2026/08/08 10:55:45 INFO  : auth029: Set directory modification time (using SetModTime)
2026/08/08 10:55:45 INFO  : auth032a: Set directory modification time (using SetModTime)
2026/08/08 10:55:46 INFO  : autocura_v4_fix: Set directory modification time (using SetModTime)
2026/08/08 10:55:47 INFO  : backup_posts_series_20260721: Set directory modification time (using SetModTime)
2026/08/08 10:55:47 INFO  : cerebro_miguel: Set directory modification time (using SetModTime)
2026/08/08 10:55:48 INFO  : charts_p3: Set directory modification time (using SetModTime)
2026/08/08 10:55:49 INFO  : flickr_download: Set directory modification time (using SetModTime)
2026/08/08 10:55:49 INFO  : backup_reforma_local.log: Copied (replaced existing)
2026/08/08 10:55:49 INFO  : flickr_lula: Set directory modification time (using SetModTime)
2026/08/08 10:55:50 INFO  : flickr_lula_portraits: Set directory modification time (using SetModTime)
2026/08/08 10:55:51 INFO  : flickr_stuckert_solo: Set directory modification time (using SetModTime)
2026/08/08 10:55:52 INFO  : kibir_tribunal_20260722: Set directory modification time (using SetModTime)
2026/08/08 10:55:53 INFO  : lulaoficial_allpages: Set directory modification time (using SetModTime)
2026/08/08 10:55:54 INFO  : mg_slides: Set directory modification time (using SetModTime)
2026/08/08 10:55:55 INFO  : repetidor_nohome_20260721: Set directory modification time (using SetModTime)
2026/08/08 10:55:56 INFO  : twitter_video: Set directory modification time (using SetModTime)
2026/08/08 10:55:57 INFO  : v4_reactivate_20260721: Set directory modification time (using SetModTime)
2026/08/08 10:55:58 INFO  : v4_science_geopolitics_20260721: Set directory modification time (using SetModTime)
2026/08/08 10:56:00 INFO  : auth032a/ia: Set directory modification time (using SetModTime)
2026/08/08 10:56:01 INFO  : auth032a/nacional: Set directory modification time (using SetModTime)
2026/08/08 10:56:02 INFO  : auth032a/sheinbaum: Set directory modification time (using SetModTime)
2026/08/08 10:56:33 INFO  : card_v2/card_ig_night_264389.jpg: Copied (new)
2026/08/08 10:56:35 INFO  : card_v2/cron_night.log: Copied (new)
2026/08/08 10:56:37 INFO  : card_v2/cropped_card_sample.png: Copied (new)
2026/08/08 10:56:39 INFO  :    82.980 MiB / 152.218 MiB, 55%, 525.854 KiB/s, ETA 2m14s (xfr#4/359)
2026/08/08 10:56:40 INFO  : card_v2/exemplo_card_v2_deitada.jpg: Copied (new)
2026/08/08 10:56:41 INFO  : card_v2/agente_instagram_cron.py: Copied (new)
2026/08/08 10:56:42 INFO  : card_v2/card_ig_night_264593.jpg: Copied (new)
2026/08/08 10:56:42 INFO  : card_v2/card_ig_v2_264405.jpg: Copied (new)
2026/08/08 10:56:42 INFO  : card_v2/card_ig_night_264407.jpg: Copied (new)
2026/08/08 10:56:42 INFO  : card_v2/card_ig_night_264681.jpg: Copied (new)
2026/08/08 10:56:44 INFO  : card_v2/exemplo_card_v2_deitada_arial.jpg: Copied (new)
2026/08/08 10:56:44 INFO  : card_v2/exemplo_card_v2_deitada_rodape.jpg: Copied (new)
2026/08/08 10:56:45 INFO  : card_v2/exemplo_card_v2_weverton.jpg: Copied (new)
2026/08/08 10:56:46 INFO  : card_v2/exemplo_card_v2_deitada_v2.2.jpg: Copied (new)
2026/08/08 10:56:46 INFO  : card_v2/exemplo_card_v2_deitada_v2.1.jpg: Copied (new)
2026/08/08 10:56:46 INFO  : card_v2/exemplo_card_v2_weverton_arial.jpg: Copied (new)
2026/08/08 10:56:47 INFO  : card_v2/exemplo_card_v2_weverton_rodape.jpg: Copied (new)
2026/08/08 10:56:48 INFO  : card_v2/exemplo_card_v2_weverton_v2.1.jpg: Copied (new)
2026/08/08 10:56:48 INFO  : card_v2/historico_instagram.json: Copied (new)
2026/08/08 10:56:48 INFO  : card_v2/gerador_meta_textos_v2.py: Copied (new)
2026/08/08 10:56:49 INFO  : card_v2/logo_arial_branca.png: Copied (new)
2026/08/08 10:56:49 INFO  : card_v2/exemplo_card_v2_weverton_v2.2.jpg: Copied (new)
2026/08/08 10:56:50 INFO  : card_v2/logo_arial_preta.png: Copied (new)
2026/08/08 10:56:52 INFO  : card_v2/logo_branca_vazada.png: Copied (new)
2026/08/08 10:56:52 INFO  : card_v2/logo_cafezinho_preta.png: Copied (new)
2026/08/08 10:56:52 INFO  : card_v2/logo_cafezinho_branca.png: Copied (new)
2026/08/08 10:56:52 INFO  : card_v2/logo_cinza.png: Copied (new)
2026/08/08 10:56:53 INFO  : card_v2/logo_cinza_vazada.png: Copied (new)
2026/08/08 10:56:54 INFO  : card_v2/logo_branca.png: Copied (new)
2026/08/08 10:56:55 INFO  : card_v2/logo_classica_branca_vazada.png: Copied (new)
2026/08/08 10:56:55 INFO  : card_v2/logo_preta.png: Copied (new)
2026/08/08 10:56:55 INFO  : card_v2/logo_classica_preta_vazada.png: Copied (new)
2026/08/08 10:56:56 INFO  : card_v2/logo_preta_vazada.png: Copied (new)
2026/08/08 10:56:56 INFO  : card_v2/logo_unificado_white_highres.png: Copied (new)
2026/08/08 10:56:57 INFO  : card_v2/preview_arial_branca.jpg: Copied (new)
2026/08/08 10:56:57 INFO  : card_v2/preview_arial_preta.jpg: Copied (new)
2026/08/08 10:56:58 INFO  : card_v2/preview_logo_preta.jpg: Copied (new)
2026/08/08 10:56:58 INFO  : card_v2/processador_imagem_v2.py: Copied (new)
2026/08/08 10:56:58 INFO  : card_v2/publicar_instagram_demand_v2.py: Copied (new)
2026/08/08 10:56:59 INFO  : card_v2/preview_logo_branca.jpg: Copied (new)
2026/08/08 10:57:00 INFO  : card_v2/test_perfect_crop.jpg: Copied (new)
2026/08/08 10:57:01 INFO  : card_v2/teste_ambiente_3_logo_preta.jpg: Copied (new)
2026/08/08 10:57:01 INFO  : card_v2/teste_ambiente_2_logo_cinza.jpg: Copied (new)
2026/08/08 10:57:01 INFO  : card_v2/teste_ambiente_1_logo_branca.jpg: Copied (new)
2026/08/08 10:57:02 INFO  : card_v2/teste_vazado_1_branca.jpg: Copied (new)
2026/08/08 10:57:02 INFO  : card_v2/teste_vazado_1_branca_nova.jpg: Copied (new)
2026/08/08 10:57:05 INFO  : card_v2/teste_vazado_3_preta.jpg: Copied (new)
2026/08/08 10:57:39 INFO  :    95.951 MiB / 158.913 MiB, 60%, 123.776 KiB/s, ETA 8m40s (xfr#47/359)
2026/08/08 10:57:40 INFO  : card_v2/teste_vazado_3_preta_nova.jpg: Copied (new)
2026/08/08 10:57:41 INFO  : card_v2/teste_vazado_1_branca_sem_sujeira.jpg: Copied (new)
2026/08/08 10:57:42 INFO  : card_v2/teste_vazado_3_preta_sem_sujeira.jpg: Copied (new)
2026/08/08 10:57:42 INFO  : card_v2/teste_vazado_2_cinza.jpg: Copied (new)
2026/08/08 10:57:42 INFO  : card_v2/teste_vazado_2_cinza_sem_sujeira.jpg: Copied (new)
2026/08/08 10:57:42 INFO  : card_v2/teste_vazado_2_cinza_nova.jpg: Copied (new)
2026/08/08 10:57:43 INFO  : card_v2/teste_vazado_classico_1_branca.jpg: Copied (new)
2026/08/08 10:57:45 INFO  : card_v2/teste_vazado_classico_3_preta.jpg: Copied (new)
2026/08/08 10:57:45 INFO  : card_v2/teste_vazado_classico_2_branca.jpg: Copied (new)
2026/08/08 10:57:45 INFO  : card_v2/teste_vazado_real_2_cinza.jpg: Copied (new)
2026/08/08 10:57:45 INFO  : card_v2/teste_vazado_real_1_branca.jpg: Copied (new)
2026/08/08 10:57:46 INFO  : card_v2/teste_vazado_real_3_preta.jpg: Copied (new)
2026/08/08 10:57:48 INFO  : card_v2/uploaded_logo.png: Copied (new)
2026/08/08 10:57:48 INFO  : card_v2/xicara_v2_clean.png: Copied (new)
2026/08/08 10:57:48 INFO  : card_v2/xicara_somente_highres.png: Copied (new)
2026/08/08 10:57:48 INFO  : card_v2/uploaded_card.png: Copied (new)
2026/08/08 10:57:49 INFO  : card_v2/weverton_rocha.jpg: Copied (new)
2026/08/08 10:57:51 INFO  : lulaoficial_flickr/lulaoficial_1.jpg: Copied (new)
2026/08/08 10:57:52 INFO  : lulaoficial_flickr/lulaoficial_10.jpg: Copied (new)
2026/08/08 10:57:52 INFO  : lulaoficial_flickr/lulaoficial_13.jpg: Copied (new)
2026/08/08 10:57:52 INFO  : lulaoficial_flickr/lulaoficial_11.jpg: Copied (new)
2026/08/08 10:57:52 INFO  : lulaoficial_flickr/lulaoficial_12.jpg: Copied (new)
2026/08/08 10:57:54 INFO  : lulaoficial_flickr/lulaoficial_15.jpg: Copied (new)
2026/08/08 10:57:54 INFO  : lulaoficial_flickr/lulaoficial_14.jpg: Copied (new)
2026/08/08 10:57:55 INFO  : lulaoficial_flickr/lulaoficial_16.jpg: Copied (new)
2026/08/08 10:57:55 INFO  : lulaoficial_flickr/lulaoficial_17.jpg: Copied (new)
2026/08/08 10:57:55 INFO  : lulaoficial_flickr/lulaoficial_19.jpg: Copied (new)
2026/08/08 10:57:56 INFO  : lulaoficial_flickr/lulaoficial_18.jpg: Copied (new)
2026/08/08 10:57:57 INFO  : lulaoficial_flickr/lulaoficial_2.jpg: Copied (new)
2026/08/08 10:57:57 INFO  : lulaoficial_flickr/lulaoficial_20.jpg: Copied (new)
2026/08/08 10:57:57 INFO  : lulaoficial_flickr/lulaoficial_21.jpg: Copied (new)
2026/08/08 10:57:58 INFO  : lulaoficial_flickr/lulaoficial_22.jpg: Copied (new)
2026/08/08 10:57:58 INFO  : lulaoficial_flickr/lulaoficial_23.jpg: Copied (new)
2026/08/08 10:57:59 INFO  : lulaoficial_flickr/lulaoficial_24.jpg: Copied (new)
2026/08/08 10:57:59 INFO  : lulaoficial_flickr/lulaoficial_25.jpg: Copied (new)
2026/08/08 10:58:01 INFO  : lulaoficial_flickr/lulaoficial_27.jpg: Copied (new)
2026/08/08 10:58:01 INFO  : lulaoficial_flickr/lulaoficial_28.jpg: Copied (new)
2026/08/08 10:58:01 INFO  : lulaoficial_flickr/lulaoficial_26.jpg: Copied (new)
2026/08/08 10:58:01 INFO  : lulaoficial_flickr/lulaoficial_29.jpg: Copied (new)
2026/08/08 10:58:02 INFO  : lulaoficial_flickr/lulaoficial_30.jpg: Copied (new)
2026/08/08 10:58:29 INFO  : lulaoficial_flickr/lulaoficial_31.jpg: Copied (new)
2026/08/08 10:58:31 INFO  : lulaoficial_flickr/lulaoficial_36.jpg: Copied (new)
2026/08/08 10:58:33 INFO  : lulaoficial_flickr/lulaoficial_37.jpg: Copied (new)
2026/08/08 10:58:35 INFO  : lulaoficial_flickr/lulaoficial_38.jpg: Copied (new)
2026/08/08 10:58:37 INFO  : lulaoficial_flickr/lulaoficial_35.jpg: Copied (new)
2026/08/08 10:58:37 INFO  : lulaoficial_flickr/lulaoficial_32.jpg: Copied (new)
2026/08/08 10:58:37 INFO  : lulaoficial_flickr/lulaoficial_39.jpg: Copied (new)
2026/08/08 10:58:39 INFO  : lulaoficial_flickr/lulaoficial_34.jpg: Copied (new)
2026/08/08 10:58:39 INFO  :   107.276 MiB / 160.681 MiB, 67%, 129.674 KiB/s, ETA 7m1s (xfr#95/359)
2026/08/08 10:58:40 INFO  : lulaoficial_flickr/lulaoficial_4.jpg: Copied (new)
2026/08/08 10:58:40 INFO  : lulaoficial_flickr/lulaoficial_40.jpg: Copied (new)
2026/08/08 10:58:40 INFO  : lulaoficial_flickr/lulaoficial_3.jpg: Copied (new)
2026/08/08 10:58:40 INFO  : lulaoficial_flickr/lulaoficial_5.jpg: Copied (new)
2026/08/08 10:58:41 INFO  : lulaoficial_flickr/lulaoficial_33.jpg: Copied (new)
2026/08/08 10:58:41 INFO  : lulaoficial_flickr/lulaoficial_6.jpg: Copied (new)
2026/08/08 10:58:42 INFO  : lulaoficial_flickr/lulaoficial_7.jpg: Copied (new)
2026/08/08 10:58:44 INFO  : lulaoficial_search/photo_1.jpg: Copied (new)
2026/08/08 10:58:44 INFO  : lulaoficial_flickr/lulaoficial_9.jpg: Copied (new)
2026/08/08 10:58:44 INFO  : lulaoficial_flickr/lulaoficial_8.jpg: Copied (new)
2026/08/08 10:58:44 INFO  : lulaoficial_search/photo_11.jpg: Copied (new)
2026/08/08 10:58:45 INFO  : lulaoficial_search/photo_10.jpg: Copied (new)
2026/08/08 10:58:45 INFO  : lulaoficial_search/photo_12.jpg: Copied (new)
2026/08/08 10:58:46 INFO  : lulaoficial_search/photo_14.jpg: Copied (new)
2026/08/08 10:58:46 INFO  : lulaoficial_search/photo_15.jpg: Copied (new)
2026/08/08 10:58:46 INFO  : lulaoficial_search/photo_13.jpg: Copied (new)
2026/08/08 10:58:48 INFO  : lulaoficial_search/photo_17.jpg: Copied (new)
2026/08/08 10:58:48 INFO  : lulaoficial_search/photo_16.jpg: Copied (new)
2026/08/08 10:58:50 INFO  : lulaoficial_search/photo_20.jpg: Copied (new)
2026/08/08 10:58:50 INFO  : lulaoficial_search/photo_2.jpg: Copied (new)
2026/08/08 10:58:50 INFO  : lulaoficial_search/photo_19.jpg: Copied (new)
2026/08/08 10:58:51 INFO  : lulaoficial_search/photo_21.jpg: Copied (new)
2026/08/08 10:58:51 INFO  : lulaoficial_search/photo_18.jpg: Copied (new)
2026/08/08 10:58:51 INFO  : lulaoficial_search/photo_22.jpg: Copied (new)
2026/08/08 10:58:53 INFO  : lulaoficial_search/photo_23.jpg: Copied (new)
2026/08/08 10:58:53 INFO  : lulaoficial_search/photo_24.jpg: Copied (new)
2026/08/08 10:58:53 INFO  : lulaoficial_search/photo_25.jpg: Copied (new)
2026/08/08 10:58:53 INFO  : lulaoficial_search/photo_26.jpg: Copied (new)
2026/08/08 10:58:54 INFO  : lulaoficial_search/photo_28.jpg: Copied (new)
2026/08/08 10:58:54 INFO  : lulaoficial_search/photo_27.jpg: Copied (new)
2026/08/08 10:58:55 INFO  : lulaoficial_search/photo_3.jpg: Copied (new)
2026/08/08 10:58:55 INFO  : lulaoficial_search/photo_30.jpg: Copied (new)
2026/08/08 10:58:56 INFO  : lulaoficial_search/photo_29.jpg: Copied (new)
2026/08/08 10:58:56 INFO  : lulaoficial_search/photo_31.jpg: Copied (new)
2026/08/08 10:58:58 INFO  : lulaoficial_search/photo_32.jpg: Copied (new)
2026/08/08 10:58:58 INFO  : lulaoficial_search/photo_33.jpg: Copied (new)
2026/08/08 10:58:58 INFO  : lulaoficial_search/photo_34.jpg: Copied (new)
2026/08/08 10:58:59 INFO  : lulaoficial_search/photo_36.jpg: Copied (new)
2026/08/08 10:58:59 INFO  : lulaoficial_search/photo_35.jpg: Copied (new)
2026/08/08 10:58:59 INFO  : lulaoficial_search/photo_37.jpg: Copied (new)
2026/08/08 10:59:00 INFO  : lulaoficial_search/photo_38.jpg: Copied (new)
2026/08/08 10:59:01 INFO  : lulaoficial_search/photo_4.jpg: Copied (new)
2026/08/08 10:59:01 INFO  : lulaoficial_search/photo_39.jpg: Copied (new)
2026/08/08 10:59:01 INFO  : lulaoficial_search/photo_40.jpg: Copied (new)
2026/08/08 10:59:02 INFO  : lulaoficial_search/photo_41.jpg: Copied (new)
2026/08/08 10:59:02 INFO  : lulaoficial_search/photo_42.jpg: Copied (new)
2026/08/08 10:59:03 INFO  : lulaoficial_search/photo_43.jpg: Copied (new)
2026/08/08 10:59:03 INFO  : lulaoficial_search/photo_44.jpg: Copied (new)
2026/08/08 10:59:38 INFO  : lulaoficial_search/photo_47.jpg: Copied (new)
2026/08/08 10:59:39 INFO  :   116.680 MiB / 162.720 MiB, 72%, 95.891 KiB/s, ETA 8m11s (xfr#144/359)
2026/08/08 10:59:39 INFO  : lulaoficial_search/photo_45.jpg: Copied (new)
2026/08/08 10:59:39 INFO  : lulaoficial_search/photo_46.jpg: Copied (new)
2026/08/08 10:59:39 INFO  : lulaoficial_search/photo_49.jpg: Copied (new)
2026/08/08 10:59:40 INFO  : lulaoficial_search/photo_5.jpg: Copied (new)
2026/08/08 10:59:40 INFO  : lulaoficial_search/photo_48.jpg: Copied (new)
2026/08/08 10:59:40 INFO  : lulaoficial_search/photo_50.jpg: Copied (new)
2026/08/08 10:59:42 INFO  : lulaoficial_search/photo_54.jpg: Copied (new)
2026/08/08 10:59:42 INFO  : lulaoficial_search/photo_51.jpg: Copied (new)
2026/08/08 10:59:42 INFO  : lulaoficial_search/photo_52.jpg: Copied (new)
2026/08/08 10:59:42 INFO  : lulaoficial_search/photo_53.jpg: Copied (new)
2026/08/08 10:59:42 INFO  : lulaoficial_search/photo_56.jpg: Copied (new)
2026/08/08 10:59:43 INFO  : lulaoficial_search/photo_55.jpg: Copied (new)
2026/08/08 10:59:44 INFO  : lulaoficial_search/photo_58.jpg: Copied (new)
2026/08/08 10:59:44 INFO  : lulaoficial_search/photo_57.jpg: Copied (new)
2026/08/08 10:59:44 INFO  : lulaoficial_search/photo_59.jpg: Copied (new)
2026/08/08 10:59:44 INFO  : lulaoficial_search/photo_6.jpg: Copied (new)
2026/08/08 10:59:45 INFO  : lulaoficial_search/photo_60.jpg: Copied (new)
2026/08/08 10:59:45 INFO  : lulaoficial_search/photo_61.jpg: Copied (new)
2026/08/08 10:59:48 INFO  : lulaoficial_search/photo_64.jpg: Copied (new)
2026/08/08 10:59:48 INFO  : lulaoficial_search/photo_62.jpg: Copied (new)
2026/08/08 10:59:48 INFO  : lulaoficial_search/photo_63.jpg: Copied (new)
2026/08/08 10:59:48 INFO  : lulaoficial_search/photo_66.jpg: Copied (new)
2026/08/08 10:59:48 INFO  : lulaoficial_search/photo_67.jpg: Copied (new)
2026/08/08 10:59:50 INFO  : lulaoficial_search/photo_65.jpg: Copied (new)
2026/08/08 10:59:51 INFO  : lulaoficial_search/photo_69.jpg: Copied (new)
2026/08/08 10:59:51 INFO  : lulaoficial_search/photo_68.jpg: Copied (new)
2026/08/08 10:59:51 INFO  : lulaoficial_search/photo_70.jpg: Copied (new)
2026/08/08 10:59:52 INFO  : lulaoficial_search/photo_71.jpg: Copied (new)
2026/08/08 10:59:52 INFO  : lulaoficial_search/photo_7.jpg: Copied (new)
2026/08/08 10:59:53 INFO  : lulaoficial_search/photo_72.jpg: Copied (new)
2026/08/08 10:59:54 INFO  : lulaoficial_search/photo_73.jpg: Copied (new)
2026/08/08 10:59:54 INFO  : lulaoficial_search/photo_75.jpg: Copied (new)
2026/08/08 10:59:54 INFO  : lulaoficial_search/photo_74.jpg: Copied (new)
2026/08/08 10:59:55 INFO  : lulaoficial_search/photo_77.jpg: Copied (new)
2026/08/08 10:59:55 INFO  : lulaoficial_search/photo_76.jpg: Copied (new)
2026/08/08 10:59:56 INFO  : lulaoficial_search/photo_78.jpg: Copied (new)
2026/08/08 10:59:56 INFO  : lulaoficial_search/photo_79.jpg: Copied (new)
2026/08/08 10:59:56 INFO  : lulaoficial_search/photo_8.jpg: Copied (new)
2026/08/08 10:59:57 INFO  : lulaoficial_search/photo_80.jpg: Copied (new)
2026/08/08 10:59:57 INFO  : lulaoficial_search/photo_81.jpg: Copied (new)
2026/08/08 10:59:58 INFO  : lulaoficial_search/photo_82.jpg: Copied (new)
2026/08/08 10:59:59 INFO  : lulaoficial_search/photo_84.jpg: Copied (new)
2026/08/08 10:59:59 INFO  : lulaoficial_search/photo_83.jpg: Copied (new)
2026/08/08 10:59:59 INFO  : lulaoficial_search/photo_85.jpg: Copied (new)
2026/08/08 11:00:00 INFO  : lulaoficial_search/photo_86.jpg: Copied (new)
2026/08/08 11:00:00 INFO  : lulaoficial_search/photo_87.jpg: Copied (new)
2026/08/08 11:00:01 INFO  : lulaoficial_search/photo_89.jpg: Copied (new)
2026/08/08 11:00:26 INFO  : lulaoficial_search/photo_9.jpg: Copied (new)
2026/08/08 11:00:29 INFO  : card_v2/carrossel_chat_v2_7/chat_slide4_agro.jpg: Copied (new)
2026/08/08 11:00:31 INFO  : lulaoficial_search/photo_90.jpg: Copied (new)
2026/08/08 11:00:31 INFO  : card_v2/carrossel_chat_v2_7/chat_slide5_soberania.jpg: Copied (new)
2026/08/08 11:00:31 INFO  : lulaoficial_search/photo_88.jpg: Copied (new)
2026/08/08 11:00:32 INFO  : card_v2/carrossel_chat_v2_7/chat_slide3_petroleo.jpg: Copied (new)
2026/08/08 11:00:33 INFO  : card_v2/carrossel_chat_v2_7/chat_slide2_comercio.jpg: Copied (new)
2026/08/08 11:00:35 INFO  : card_v2/carrossel_chat_v2_7/chat_slide1_tarifaco.jpg: Copied (new)
2026/08/08 11:00:36 INFO  : card_v2/carrossel_chat_v2_8/chat_v28_slide1_tarifaco.jpg: Copied (new)
2026/08/08 11:00:36 INFO  : card_v2/carrossel_chat_v2_8/chat_v28_slide4_recorde.jpg: Copied (new)
2026/08/08 11:00:36 INFO  : card_v2/carrossel_chat_v2_8/chat_v28_slide2_comercio.jpg: Copied (new)
2026/08/08 11:00:36 INFO  : card_v2/carrossel_chat_v2_8/chat_v28_slide5_soberania.jpg: Copied (new)
2026/08/08 11:00:36 INFO  : card_v2/carrossel_chat_v2_8/chat_v28_slide3_petroleo.jpg: Copied (new)
2026/08/08 11:00:38 INFO  : lulaoficial_allpages/lula_25.jpg: Copied (new)
2026/08/08 11:00:38 INFO  : lulaoficial_allpages/lula_23.jpg: Copied (new)
2026/08/08 11:00:38 INFO  : lulaoficial_allpages/lula_27.jpg: Copied (new)
2026/08/08 11:00:38 INFO  : lulaoficial_allpages/lula_28.jpg: Copied (new)
2026/08/08 11:00:39 INFO  : lulaoficial_allpages/lula_3.jpg: Copied (new)
2026/08/08 11:00:39 INFO  :   130.673 MiB / 166.120 MiB, 79%, 247.376 KiB/s, ETA 2m26s (xfr#209/359)
2026/08/08 11:00:40 INFO  : lulaoficial_allpages/lula_29.jpg: Copied (new)
2026/08/08 11:00:41 INFO  : lulaoficial_allpages/lula_30.jpg: Copied (new)
2026/08/08 11:00:41 INFO  : lulaoficial_allpages/lula_31.jpg: Copied (new)
2026/08/08 11:00:41 INFO  : lulaoficial_allpages/lula_33.jpg: Copied (new)
2026/08/08 11:00:41 INFO  : lulaoficial_allpages/lula_32.jpg: Copied (new)
2026/08/08 11:00:42 INFO  : lulaoficial_allpages/lula_34.jpg: Copied (new)
2026/08/08 11:00:42 INFO  : lulaoficial_allpages/lula_35.jpg: Copied (new)
2026/08/08 11:00:44 INFO  : lulaoficial_allpages/lula_37.jpg: Copied (new)
2026/08/08 11:00:44 INFO  : lulaoficial_allpages/lula_38.jpg: Copied (new)
2026/08/08 11:00:44 INFO  : lulaoficial_allpages/lula_39.jpg: Copied (new)
2026/08/08 11:00:44 INFO  : lulaoficial_allpages/lula_36.jpg: Copied (new)
2026/08/08 11:00:44 INFO  : lulaoficial_allpages/lula_4.jpg: Copied (new)
2026/08/08 11:00:45 INFO  : lulaoficial_allpages/lula_40.jpg: Copied (new)
2026/08/08 11:00:46 INFO  : lulaoficial_allpages/lula_5.jpg: Copied (new)
2026/08/08 11:00:47 INFO  : lulaoficial_allpages/lula_6.jpg: Copied (new)
2026/08/08 11:00:47 INFO  : lulaoficial_allpages/lula_7.jpg: Copied (new)
2026/08/08 11:00:47 INFO  : lulaoficial_allpages/lula_9.jpg: Copied (new)
2026/08/08 11:00:50 INFO  : lulaoficial_allpages/lula_8.jpg: Copied (new)
2026/08/08 11:00:50 INFO  : card_v2/carrossel_chat_v2_9/chat_v29_slide2_comercio.jpg: Copied (new)
2026/08/08 11:00:50 INFO  : card_v2/carrossel_chat_v2_9/chat_v29_slide3_petroleo.jpg: Copied (new)
2026/08/08 11:00:50 INFO  : card_v2/carrossel_chat_v2_9/chat_v29_slide1_tarifaco.jpg: Copied (new)
2026/08/08 11:00:50 INFO  : card_v2/carrossel_chat_v2_9/chat_v29_slide4_recorde.jpg: Copied (new)
2026/08/08 11:00:51 INFO  : card_v2/carrossel_chat_v2_9/chat_v29_slide5_soberania.jpg: Copied (new)
2026/08/08 11:00:54 INFO  : card_v2/carrossel_chat_v3_0/chat_v30_slide1_tarifaco.jpg: Copied (new)
2026/08/08 11:00:54 INFO  : card_v2/carrossel_chat_v3_0/chat_v30_slide4_recorde.jpg: Copied (new)
2026/08/08 11:00:55 INFO  : card_v2/carrossel_chat_v3_0/chat_v30_slide5_soberania.jpg: Copied (new)
2026/08/08 11:00:55 INFO  : card_v2/carrossel_chat_v3_0/chat_v30_slide2_comercio.jpg: Copied (new)
2026/08/08 11:00:56 INFO  : search_frames/frame_001.jpg: Copied (new)
2026/08/08 11:00:56 INFO  : card_v2/carrossel_chat_v3_0/chat_v30_slide3_petroleo.jpg: Copied (new)
2026/08/08 11:00:57 INFO  : search_frames/frame_002.jpg: Copied (new)
2026/08/08 11:00:58 INFO  : search_frames/frame_003.jpg: Copied (new)
2026/08/08 11:00:58 INFO  : search_frames/frame_005.jpg: Copied (new)
2026/08/08 11:01:29 INFO  : search_frames/frame_006.jpg: Copied (new)
2026/08/08 11:01:31 INFO  : search_frames/frame_011.jpg: Copied (new)
2026/08/08 11:01:34 INFO  : search_frames/frame_012.jpg: Copied (new)
2026/08/08 11:01:37 INFO  : search_frames/frame_013.jpg: Copied (new)
2026/08/08 11:01:39 INFO  :   218.061 MiB / 247.333 MiB, 88%, 533.911 KiB/s, ETA 56s (xfr#245/359)
2026/08/08 11:01:39 INFO  : search_frames/frame_014.jpg: Copied (new)
2026/08/08 11:01:42 INFO  : search_frames/frame_015.jpg: Copied (new)
2026/08/08 11:01:44 INFO  : search_frames/frame_016.jpg: Copied (new)
2026/08/08 11:01:47 INFO  : search_frames/frame_004.jpg: Copied (new)
2026/08/08 11:01:47 INFO  : search_frames/frame_010.jpg: Copied (new)
2026/08/08 11:01:47 INFO  : search_frames/frame_007.jpg: Copied (new)
2026/08/08 11:01:47 INFO  : search_frames/frame_008.jpg: Copied (new)
2026/08/08 11:01:47 INFO  : search_frames/frame_009.jpg: Copied (new)
2026/08/08 11:01:50 INFO  : search_frames/frame_018.jpg: Copied (new)
2026/08/08 11:01:51 INFO  : search_frames/frame_019.jpg: Copied (new)
2026/08/08 11:01:51 INFO  : search_frames/frame_020.jpg: Copied (new)
2026/08/08 11:01:51 INFO  : search_frames/frame_021.jpg: Copied (new)
2026/08/08 11:01:51 INFO  : search_frames/frame_017.jpg: Copied (new)
2026/08/08 11:01:52 INFO  : search_frames/frame_022.jpg: Copied (new)
2026/08/08 11:01:54 INFO  : search_frames/frame_023.jpg: Copied (new)
2026/08/08 11:01:54 INFO  : search_frames/frame_024.jpg: Copied (new)
2026/08/08 11:01:55 INFO  : search_frames/frame_025.jpg: Copied (new)
2026/08/08 11:01:56 INFO  : search_frames/frame_028.jpg: Copied (new)
2026/08/08 11:01:57 INFO  : search_frames/frame_026.jpg: Copied (new)
2026/08/08 11:01:57 INFO  : search_frames/frame_027.jpg: Copied (new)
2026/08/08 11:01:57 INFO  : search_frames/frame_029.jpg: Copied (new)
2026/08/08 11:01:58 INFO  : search_frames/frame_030.jpg: Copied (new)
2026/08/08 11:02:30 INFO  : search_frames/frame_034.jpg: Copied (new)
2026/08/08 11:02:33 INFO  : search_frames/frame_037.jpg: Copied (new)
2026/08/08 11:02:35 INFO  : search_frames/frame_038.jpg: Copied (new)
2026/08/08 11:02:38 INFO  : search_frames/frame_039.jpg: Copied (new)
2026/08/08 11:02:38 INFO  : search_frames/frame_032.jpg: Copied (new)
2026/08/08 11:02:38 INFO  : search_frames/frame_033.jpg: Copied (new)
2026/08/08 11:02:38 INFO  : search_frames/frame_036.jpg: Copied (new)
2026/08/08 11:02:39 INFO  :   228.876 MiB / 250.177 MiB, 91%, 163.456 KiB/s, ETA 2m13s (xfr#274/359)
2026/08/08 11:02:39 INFO  : search_frames/frame_035.jpg: Copied (new)
2026/08/08 11:02:40 INFO  : search_frames/frame_040.jpg: Copied (new)
2026/08/08 11:02:41 INFO  : search_frames/frame_042.jpg: Copied (new)
2026/08/08 11:02:41 INFO  : search_frames/frame_043.jpg: Copied (new)
2026/08/08 11:02:41 INFO  : search_frames/frame_031.jpg: Copied (new)
2026/08/08 11:02:42 INFO  : search_frames/frame_044.jpg: Copied (new)
2026/08/08 11:02:42 INFO  : search_frames/frame_041.jpg: Copied (new)
2026/08/08 11:02:43 INFO  : search_frames/frame_045.jpg: Copied (new)
2026/08/08 11:02:43 INFO  : search_frames/frame_046.jpg: Copied (new)
2026/08/08 11:02:44 INFO  : search_frames/frame_047.jpg: Copied (new)
2026/08/08 11:02:44 INFO  : search_frames/frame_048.jpg: Copied (new)
2026/08/08 11:02:44 INFO  : search_frames/frame_049.jpg: Copied (new)
2026/08/08 11:02:45 INFO  : search_frames/frame_050.jpg: Copied (new)
2026/08/08 11:02:46 INFO  : search_frames/frame_051.jpg: Copied (new)
2026/08/08 11:02:46 INFO  : search_frames/frame_052.jpg: Copied (new)
2026/08/08 11:02:46 INFO  : search_frames/frame_053.jpg: Copied (new)
2026/08/08 11:02:47 INFO  : search_frames/frame_054.jpg: Copied (new)
2026/08/08 11:02:47 INFO  : search_frames/frame_055.jpg: Copied (new)
2026/08/08 11:02:48 INFO  : search_frames/frame_056.jpg: Copied (new)
2026/08/08 11:02:48 INFO  : search_frames/frame_057.jpg: Copied (new)
2026/08/08 11:02:49 INFO  : search_frames/frame_058.jpg: Copied (new)
2026/08/08 11:02:49 INFO  : search_frames/frame_059.jpg: Copied (new)
2026/08/08 11:02:49 INFO  : search_frames/frame_060.jpg: Copied (new)
2026/08/08 11:02:50 INFO  : search_frames/frame_061.jpg: Copied (new)
2026/08/08 11:02:50 INFO  : search_frames/frame_062.jpg: Copied (new)
2026/08/08 11:02:51 INFO  : search_frames/frame_063.jpg: Copied (new)
2026/08/08 11:02:52 INFO  : search_frames/frame_064.jpg: Copied (new)
2026/08/08 11:02:52 INFO  : search_frames/frame_065.jpg: Copied (new)
2026/08/08 11:02:52 INFO  : search_frames/frame_066.jpg: Copied (new)
2026/08/08 11:02:53 INFO  : search_frames/frame_067.jpg: Copied (new)
2026/08/08 11:02:53 INFO  : search_frames/frame_068.jpg: Copied (new)
2026/08/08 11:02:54 INFO  : search_frames/frame_069.jpg: Copied (new)
2026/08/08 11:02:55 INFO  : search_frames/frame_071.jpg: Copied (new)
2026/08/08 11:02:55 INFO  : search_frames/frame_070.jpg: Copied (new)
2026/08/08 11:02:55 INFO  : search_frames/frame_072.jpg: Copied (new)
2026/08/08 11:02:56 INFO  : search_frames/frame_073.jpg: Copied (new)
2026/08/08 11:02:56 INFO  : search_frames/frame_074.jpg: Copied (new)
2026/08/08 11:02:57 INFO  : search_frames/frame_075.jpg: Copied (new)
2026/08/08 11:02:57 INFO  : search_frames/frame_076.jpg: Copied (new)
2026/08/08 11:02:58 INFO  : search_frames/frame_077.jpg: Copied (new)
2026/08/08 11:02:58 INFO  : search_frames/frame_079.jpg: Copied (new)
2026/08/08 11:02:59 INFO  : search_frames/frame_078.jpg: Copied (new)
2026/08/08 11:02:59 INFO  : search_frames/frame_080.jpg: Copied (new)
2026/08/08 11:03:27 INFO  : search_frames/frame_085.jpg: Copied (new)
2026/08/08 11:03:31 INFO  : search_frames/frame_082.jpg: Copied (new)
2026/08/08 11:03:31 INFO  : search_frames/frame_084.jpg: Copied (new)
2026/08/08 11:03:31 INFO  : search_frames/frame_081.jpg: Copied (new)
2026/08/08 11:03:31 INFO  : search_frames/frame_086.jpg: Copied (new)
2026/08/08 11:03:31 INFO  : search_frames/frame_087.jpg: Copied (new)
2026/08/08 11:03:31 INFO  : search_frames/frame_083.jpg: Copied (new)
2026/08/08 11:03:34 INFO  : search_frames/frame_089.jpg: Copied (new)
2026/08/08 11:03:34 INFO  : search_frames/frame_088.jpg: Copied (new)
2026/08/08 11:03:34 INFO  : search_frames/frame_090.jpg: Copied (new)
2026/08/08 11:03:35 INFO  : search_frames/frame_091.jpg: Copied (new)
2026/08/08 11:03:35 INFO  : search_frames/frame_092.jpg: Copied (new)
2026/08/08 11:03:35 INFO  : search_frames/frame_093.jpg: Copied (new)
2026/08/08 11:03:39 INFO  :   245.647 MiB / 252.166 MiB, 97%, 330.590 KiB/s, ETA 20s (xfr#330/359)
2026/08/08 11:03:40 INFO  : card_v2/carrossel_rich_v2_7/slide1_recorde_369bi.jpg: Copied (new)
2026/08/08 11:03:42 INFO  : card_v2/carrossel_tarifaco/slide1_parte1.jpg: Copied (new)
2026/08/08 11:03:42 INFO  : card_v2/carrossel_rich_v2_7/slide2_china_crescimento.jpg: Copied (new)
2026/08/08 11:03:42 INFO  : card_v2/carrossel_rich_v2_7/slide3_petroleo_presal.jpg: Copied (new)
2026/08/08 11:03:43 INFO  : card_v2/carrossel_rich_v2_7/slide5_sul_global.jpg: Copied (new)
2026/08/08 11:03:43 INFO  : card_v2/carrossel_rich_v2_7/slide4_agronegocio_saldo.jpg: Copied (new)
2026/08/08 11:03:43 INFO  : card_v2/carrossel_tarifaco/slide2_parte2.jpg: Copied (new)
2026/08/08 11:03:46 INFO  : card_v2/carrossel_tarifaco/slide3_parte3.jpg: Copied (new)
2026/08/08 11:03:46 INFO  : card_v2/carrossel_tarifaco/slide5_parte5.jpg: Copied (new)
2026/08/08 11:03:46 INFO  : card_v2/carrossel_tarifaco/slide4_parte4.jpg: Copied (new)
2026/08/08 11:03:48 INFO  : card_v2/graficos_carrossel/grafico_china_vendas.png: Copied (new)
2026/08/08 11:03:48 INFO  : card_v2/graficos_carrossel/grafico_diversificacao_mercados.png: Copied (new)
2026/08/08 11:03:48 INFO  : card_v2/graficos_carrossel/grafico_exportacoes_totais.png: Copied (new)
2026/08/08 11:03:49 INFO  : card_v2/graficos_carrossel/grafico_petroleo_presal.png: Copied (new)
2026/08/08 11:03:51 INFO  : card_v2/graficos_carrossel/grafico_saldo_comercial.png: Copied (new)
2026/08/08 11:03:51 INFO  : card_v2/programacao_noite/card_post1_gaspar.jpg: Copied (new)
2026/08/08 11:03:52 INFO  : card_v2/programacao_noite/card_post2_milei.jpg: Copied (new)
2026/08/08 11:03:52 INFO  : card_v2/programacao_noite/card_post3_comex_julho2026.jpg: Copied (new)
2026/08/08 11:03:53 INFO  : card_v2/programacao_noite/card_post3_petroleo_artigo_miguel.jpg: Copied (new)
2026/08/08 11:03:53 INFO  : card_v2/programacao_noite/card_post3_comex.jpg: Copied (new)
2026/08/08 11:03:53 INFO  : card_v2/programacao_noite/programacao_agendada.json: Copied (new)
2026/08/08 11:03:54 INFO  : card_v2/programacao_noite/card_post_tarifaco_p5.jpg: Copied (new)
2026/08/08 11:03:57 INFO  : card_v2/testes_v2_7/card_v2_7_gaspar.jpg: Copied (new)
2026/08/08 11:03:57 INFO  : card_v2/testes_v2_7/card_v2_7_amazonia.jpg: Copied (new)
2026/08/08 11:03:57 INFO  : card_v2/testes_v2_7/card_v2_7_pernambuco.jpg: Copied (new)
2026/08/08 11:03:58 INFO  : card_v2/testes_v2_7/card_v2_7_gaspar_novo_titulo.jpg: Copied (new)
2026/08/08 11:03:58 INFO  : card_v2/testes_v2_7/card_v2_7_portrait.jpg: Copied (new)
2026/08/08 11:04:39 INFO  :   252.676 MiB / 252.676 MiB, 100%, 26.628 KiB/s, ETA 0s
2026/08/08 11:05:39 INFO  :   283.828 MiB / 291.310 MiB, 97%, 1.383 MiB/s, ETA 5s
2026/08/08 11:05:43 INFO  : comex_exp_heading_world_all.json: Copied (new)
2026/08/08 11:06:39 INFO  :   330.974 MiB / 330.974 MiB, 100%, 318.919 KiB/s, ETA 0s
2026/08/08 11:07:39 INFO  :   330.974 MiB / 330.974 MiB, 100%, 6.637 KiB/s, ETA 0s
2026/08/08 11:08:38 INFO  : comex_imp_heading_world_all.json: Copied (new)
2026/08/08 11:08:39 INFO  : card_v2/programacao_noite: Set directory modification time (using DirSetModTime)
2026/08/08 11:08:39 INFO  : card_v2/carrossel_chat_v2_9: Set directory modification time (using DirSetModTime)
2026/08/08 11:08:39 INFO  : card_v2/graficos_carrossel: Set directory modification time (using DirSetModTime)
2026/08/08 11:08:39 INFO  : card_v2/carrossel_chat_v3_0: Set directory modification time (using DirSetModTime)
2026/08/08 11:08:39 INFO  : card_v2/carrossel_chat_v2_7: Set directory modification time (using DirSetModTime)
2026/08/08 11:08:39 INFO  : card_v2/carrossel_rich_v2_7: Set directory modification time (using DirSetModTime)
2026/08/08 11:08:39 INFO  : card_v2/carrossel_tarifaco: Set directory modification time (using DirSetModTime)
2026/08/08 11:08:39 INFO  : card_v2/carrossel_chat_v2_8: Set directory modification time (using DirSetModTime)
2026/08/08 11:08:39 INFO  :   370.639 MiB / 370.639 MiB, 100%, 1.710 MiB/s, ETA 0s
2026/08/08 11:08:39 INFO  : card_v2/testes_v2_7: Set directory modification time (using DirSetModTime)
2026/08/08 11:08:40 INFO  : card_v2: Set directory modification time (using DirSetModTime)
2026/08/08 11:08:40 INFO  : lulaoficial_search: Set directory modification time (using DirSetModTime)
2026/08/08 11:08:40 INFO  : lulaoficial_allpages: Set directory modification time (using SetModTime)
2026/08/08 11:08:40 INFO  : search_frames: Set directory modification time (using DirSetModTime)
2026/08/08 11:08:40 INFO  : lulaoficial_flickr: Set directory modification time (using DirSetModTime)
2026/08/08 11:08:40 INFO  :   370.639 MiB / 370.639 MiB, 100%, 1.710 MiB/s, ETA 0s
2026/08/08 11:08:42 NOTICE: root/agent_data/banco_midia/banco_imagens_reais.db: Can't follow symlink without -L/--copy-links
2026/08/08 11:08:43 INFO  : There was nothing to transfer
2026/08/08 11:08:43 INFO  :           0 B / 0 B, -, 0 B/s, ETA -
2026/08/08 11:08:45 INFO  : There was nothing to transfer
2026/08/08 11:08:45 INFO  :           0 B / 0 B, -, 0 B/s, ETA -
2026/08/08 11:08:47 INFO  : There was nothing to transfer
2026/08/08 11:08:47 INFO  :           0 B / 0 B, -, 0 B/s, ETA -
2026/08/08 11:08:49 INFO  : There was nothing to transfer
2026/08/08 11:08:49 INFO  :           0 B / 0 B, -, 0 B/s, ETA -
2026/08/08 11:08:51 INFO  : configs: Set directory modification time (using SetModTime)
2026/08/08 11:08:52 INFO  : contratos: Set directory modification time (using SetModTime)
2026/08/08 11:08:52 INFO  : kimi_busca_imagem: Set directory modification time (using SetModTime)
2026/08/08 11:08:53 INFO  : threads_twitter: Set directory modification time (using SetModTime)
2026/08/08 11:08:54 INFO  : v4: Set directory modification time (using SetModTime)
2026/08/08 11:08:54 INFO  : v4_cafezinho_youtube: Set directory modification time (using SetModTime)
2026/08/08 11:08:55 INFO  : youtube_transcript_cache: Set directory modification time (using SetModTime)
2026/08/08 11:08:56 INFO  : v4/aiatolah: Set directory modification time (using SetModTime)
2026/08/08 11:08:57 INFO  : v4/banco_midia: Set directory modification time (using SetModTime)
2026/08/08 11:08:57 INFO  : kimi_busca_imagem/faltas_nyc.jsonl: Copied (replaced existing)
2026/08/08 11:08:57 INFO  : kimi_busca_imagem/estado.json: Copied (replaced existing)
2026/08/08 11:08:57 INFO  : kimi_busca_imagem/cron.log: Copied (replaced existing)
2026/08/08 11:08:57 INFO  : kimi_busca_imagem/rounds.log: Copied (replaced existing)
2026/08/08 11:08:58 INFO  : v4/ceara: Set directory modification time (using SetModTime)
2026/08/08 11:08:58 INFO  : v4/discoverbrazil: Set directory modification time (using SetModTime)
2026/08/08 11:08:59 INFO  : v4/globalsouth: Set directory modification time (using SetModTime)
2026/08/08 11:08:59 INFO  : v4/ceara_youtube_cron.log: Copied (new)
2026/08/08 11:09:00 INFO  : v4/mapario: Set directory modification time (using SetModTime)
2026/08/08 11:09:00 INFO  : v4/mundotrilhos: Set directory modification time (using SetModTime)
2026/08/08 11:09:01 INFO  : v4/railpost: Set directory modification time (using SetModTime)
2026/08/08 11:09:02 INFO  : v4/riocarta: Set directory modification time (using SetModTime)
2026/08/08 11:09:13 INFO  : v4/banco_midia/img: Set directory modification time (using SetModTime)
2026/08/08 11:09:28 INFO  : v4/banco_midia/img/ouro_d83b4049aec3080e.jpg: Copied (new)
2026/08/08 11:09:31 INFO  : v4/banco_midia/img/ouro_dae9bf6d491176e4.png: Copied (new)
2026/08/08 11:09:42 INFO  : v4/banco_midia/img/ouro_d98db760312efab2.jpg: Copied (new)
2026/08/08 11:09:44 INFO  : v4/banco_midia/img/ouro_da7a005ed9e5f62c.jpg: Copied (new)
2026/08/08 11:09:44 INFO  : v4/banco_midia/img/ouro_d7a332ccd11d5065.jpg: Copied (new)
2026/08/08 11:09:47 INFO  : v4/banco_midia/img/ouro_db370c6b5aa3ee13.jpg: Copied (new)
2026/08/08 11:09:47 INFO  : v4/banco_midia/img/ouro_d8755c097a732417.jpg: Copied (new)
2026/08/08 11:09:50 INFO  :    63.524 MiB / 381.031 MiB, 17%, 2.330 MiB/s, ETA 2m16s (xfr#12/140)
2026/08/08 11:09:51 INFO  : v4/banco_midia/img/ouro_d82c7ba055f40ec3.jpg: Copied (new)
2026/08/08 11:09:51 INFO  : v4/banco_midia/img/ouro_dbc94d2de86865dd.jpg: Copied (new)
2026/08/08 11:09:53 INFO  : v4/banco_midia/img/ouro_d8f917a9ec6e978a.jpg: Copied (new)
2026/08/08 11:09:53 INFO  : v4/banco_midia/img/ouro_dbd685349f675a32.jpg: Copied (new)
2026/08/08 11:09:53 INFO  : v4/banco_midia/img/ouro_dce38b08c8e492d6.jpg: Copied (new)
2026/08/08 11:09:54 INFO  : v4/banco_midia/img/ouro_dc1a7169f00a07f7.jpg: Copied (new)
2026/08/08 11:09:56 INFO  : v4/banco_midia/img/ouro_deea943cb2c5ea80.jpg: Copied (new)
2026/08/08 11:09:56 INFO  : v4/banco_midia/img/ouro_dda8975bc951781b.jpg: Copied (new)
2026/08/08 11:09:56 INFO  : v4/banco_midia/img/ouro_dc78bb47c1bf526b.jpg: Copied (new)
2026/08/08 11:09:57 INFO  : v4/banco_midia/img/ouro_d7e9b845014785f8.jpg: Copied (new)
2026/08/08 11:09:57 INFO  : v4/banco_midia/img/ouro_dcf7f7aba8c5be5f.jpg: Copied (new)
2026/08/08 11:09:58 INFO  : v4/banco_midia/img/ouro_dde5d4d732c463dd.jpg: Copied (new)
2026/08/08 11:09:58 INFO  : v4/banco_midia/img/ouro_df2d3d63278c4b53.jpg: Copied (new)
2026/08/08 11:09:59 INFO  : v4/banco_midia/img/ouro_dfcf4f50d668aad0.jpg: Copied (new)
2026/08/08 11:09:59 INFO  : v4/banco_midia/img/ouro_dfde3cf6862a74a4.jpg: Copied (new)
2026/08/08 11:09:59 INFO  : v4/banco_midia/img/ouro_e0359cc49424e143.jpg: Copied (new)
2026/08/08 11:10:00 INFO  : v4/banco_midia/img/ouro_e0ac5ed121721d17.jpg: Copied (new)
2026/08/08 11:10:00 INFO  : v4/banco_midia/img/ouro_e0e0a3986e2f8695.jpg: Copied (new)
2026/08/08 11:10:00 INFO  : v4/banco_midia/img/ouro_df1b8a4fd5d84cb7.jpg: Copied (new)
2026/08/08 11:10:01 INFO  : v4/banco_midia/img/ouro_e0f004aaeb0e8cd3.jpg: Copied (new)
2026/08/08 11:10:33 INFO  : v4/banco_midia/img/ouro_e121724e55fdc79a.jpg: Copied (new)
2026/08/08 11:10:36 INFO  : v4/banco_midia/img/ouro_e27ad6bdcb24c567.jpg: Copied (new)
2026/08/08 11:10:38 INFO  : v4/banco_midia/img/ouro_e3116b4bb9e6d2ed.jpg: Copied (new)
2026/08/08 11:10:41 INFO  : v4/banco_midia/img/ouro_e34bbc3b063a1527.jpg: Copied (new)
2026/08/08 11:10:44 INFO  : v4/banco_midia/img/ouro_e3a9406e3b853848.jpg: Copied (new)
2026/08/08 11:10:47 INFO  : v4/banco_midia/img/ouro_e3c1af54e9be1a8f.jpg: Copied (new)
2026/08/08 11:10:50 INFO  :   148.817 MiB / 405.600 MiB, 37%, 1.437 MiB/s, ETA 2m58s (xfr#38/140)
2026/08/08 11:10:50 INFO  : v4/banco_midia/img/ouro_e1c200757793198a.jpg: Copied (new)
2026/08/08 11:10:50 INFO  : v4/banco_midia/img/ouro_e18d40d927938ffe.jpg: Copied (new)
2026/08/08 11:10:52 INFO  : v4/banco_midia/img/ouro_e160b714a602c765.jpg: Copied (new)
2026/08/08 11:10:53 INFO  : v4/banco_midia/img/ouro_e1ebc04b14b66437.jpg: Copied (new)
2026/08/08 11:10:54 INFO  : v4/banco_midia/img/ouro_e16518556e32171b.jpg: Copied (new)
2026/08/08 11:10:55 INFO  : v4/banco_midia/img/ouro_e4e48eb26b234b37.jpg: Copied (new)
2026/08/08 11:10:55 INFO  : v4/banco_midia/img/ouro_e1ebb1a962014685.jpg: Copied (new)
2026/08/08 11:10:56 INFO  : v4/banco_midia/img/ouro_e516bfa4070d9aa9.jpg: Copied (new)
2026/08/08 11:10:58 INFO  : v4/banco_midia/img/ouro_e64a7536f2348ebf.jpg: Copied (new)
2026/08/08 11:10:59 INFO  : v4/banco_midia/img/ouro_e61c03ffdd597288.jpg: Copied (new)
2026/08/08 11:10:59 INFO  : v4/banco_midia/img/ouro_e60e99a6726d2c9a.jpg: Copied (new)
2026/08/08 11:11:00 INFO  : v4/banco_midia/img/ouro_e69f61f04037ba17.jpg: Copied (new)
2026/08/08 11:11:00 INFO  : v4/banco_midia/img/ouro_e237bc9f6459d4ff.jpg: Copied (new)
2026/08/08 11:11:01 INFO  : v4/banco_midia/img/ouro_e6c2574a77fa79ab.jpg: Copied (new)
2026/08/08 11:11:30 INFO  : v4/banco_midia/img/ouro_e6a02cc0c18fb371.jpg: Copied (new)
2026/08/08 11:11:33 INFO  : v4/banco_midia/img/ouro_e7d35b60df51231a.jpg: Copied (new)
2026/08/08 11:11:35 INFO  : v4/banco_midia/img/ouro_e7ffc445ea9f7592.jpg: Copied (new)
2026/08/08 11:11:39 INFO  : v4/banco_midia/img/ouro_e85c659aa87634b0.jpg: Copied (new)
2026/08/08 11:11:41 INFO  : v4/banco_midia/img/ouro_e8615beb6b3aa2a5.jpg: Copied (new)
2026/08/08 11:11:45 INFO  : v4/banco_midia/img/ouro_e870f4882d268af9.jpg: Copied (new)
2026/08/08 11:11:47 INFO  : v4/banco_midia/img/ouro_e74e6a26bef7b5b4.jpg: Copied (new)
2026/08/08 11:11:48 INFO  : v4/banco_midia/img/ouro_e7a2d216a78c8f19.jpg: Copied (new)
2026/08/08 11:11:50 INFO  : v4/banco_midia/img/ouro_e6b1f8b38535f8a2.jpg: Copied (new)
2026/08/08 11:11:50 INFO  :   251.240 MiB / 438.897 MiB, 57%, 1.918 MiB/s, ETA 1m37s (xfr#61/140)
2026/08/08 11:11:50 INFO  : v4/banco_midia/img/ouro_e926400f39e17d2e.jpg: Copied (new)
2026/08/08 11:11:51 INFO  : v4/banco_midia/img/ouro_e7872666a4c138cb.jpg: Copied (new)
2026/08/08 11:11:51 INFO  : v4/banco_midia/img/ouro_e977ca2f762d4d15.jpg: Copied (new)
2026/08/08 11:11:51 INFO  : v4/banco_midia/img/ouro_e6df734461ef3284.jpg: Copied (new)
2026/08/08 11:11:52 INFO  : v4/banco_midia/img/ouro_e650e9afd765a73f.jpg: Copied (new)
2026/08/08 11:11:52 INFO  : v4/banco_midia/img/ouro_e7017958f4d3a00c.jpg: Copied (new)
2026/08/08 11:11:53 INFO  : v4/banco_midia/img/ouro_e9105ac7e63cccb9.jpg: Copied (new)
2026/08/08 11:11:54 INFO  : v4/banco_midia/img/ouro_ea099833e01df02f.jpg: Copied (new)
2026/08/08 11:11:55 INFO  : v4/banco_midia/img/ouro_ea6b20c1e701ec51.jpg: Copied (new)
2026/08/08 11:11:55 INFO  : v4/banco_midia/img/ouro_ec50415acd4ac8a2.jpg: Copied (new)
2026/08/08 11:11:59 INFO  : v4/banco_midia/img/ouro_ed00777c8536fb91.jpg: Copied (new)
2026/08/08 11:11:59 INFO  : v4/banco_midia/img/ouro_ec43d7abae956ac6.jpg: Copied (new)
2026/08/08 11:11:59 INFO  : v4/banco_midia/img/ouro_ed2ab2d7de092bca.jpg: Copied (new)
2026/08/08 11:12:00 INFO  : v4/banco_midia/img/ouro_ec03debc42e475d7.jpg: Copied (new)
2026/08/08 11:12:00 INFO  : v4/banco_midia/img/ouro_ea778d5d463f1f48.jpg: Copied (new)
2026/08/08 11:12:00 INFO  : v4/banco_midia/img/ouro_ecfa32e358162a69.jpg: Copied (new)
2026/08/08 11:12:01 INFO  : v4/banco_midia/img/ouro_eb1c5e3f94a58da3.jpg: Copied (new)
2026/08/08 11:12:01 INFO  : v4/banco_midia/img/ouro_eda376c507563718.jpg: Copied (new)
2026/08/08 11:12:02 INFO  : v4/banco_midia/img/ouro_edc77a145decc94e.jpg: Copied (new)
2026/08/08 11:12:02 INFO  : v4/banco_midia/img/ouro_ed8e11ffdaf1edf5.jpg: Copied (new)
2026/08/08 11:12:36 INFO  : v4/banco_midia/img/ouro_ef1e59a81af50bdf.jpg: Copied (new)
2026/08/08 11:12:40 INFO  : v4/banco_midia/img/ouro_f0c7c38e599e0a9c.jpg: Copied (new)
2026/08/08 11:12:43 INFO  : v4/banco_midia/img/ouro_f0e2288f288e90eb.jpg: Copied (new)
2026/08/08 11:12:45 INFO  : v4/banco_midia/img/ouro_f0e54b5cc9010f49.jpg: Copied (new)
2026/08/08 11:12:49 INFO  : v4/banco_midia/img/ouro_f0eadc1edcf13ac1.jpg: Copied (new)
2026/08/08 11:12:50 INFO  :   328.863 MiB / 461.572 MiB, 71%, 827.823 KiB/s, ETA 2m44s (xfr#86/140)
2026/08/08 11:12:52 INFO  : v4/banco_midia/img/ouro_f10b8f0b331067ad.jpg: Copied (new)
2026/08/08 11:12:52 INFO  : v4/banco_midia/img/ouro_eeddde1699049fdf.jpg: Copied (new)
2026/08/08 11:12:53 INFO  : v4/banco_midia/img/ouro_ef55f87a343d009e.jpg: Copied (new)
2026/08/08 11:12:55 INFO  : v4/banco_midia/img/ouro_ef29bc6586fa7cda.jpg: Copied (new)
2026/08/08 11:12:55 INFO  : v4/banco_midia/img/ouro_f0682f77c705a1a2.jpg: Copied (new)
2026/08/08 11:12:58 INFO  : v4/banco_midia/img/ouro_f04842de4f13b634.jpg: Copied (new)
2026/08/08 11:12:59 INFO  : v4/banco_midia/img/ouro_f2c4a3d8518b11c7.jpg: Copied (new)
2026/08/08 11:12:59 INFO  : v4/banco_midia/img/ouro_f113ba95e83e88f7.jpg: Copied (new)
2026/08/08 11:13:01 INFO  : v4/banco_midia/img/ouro_f3a2a5d717f8a9db.jpg: Copied (new)
2026/08/08 11:13:01 INFO  : v4/banco_midia/img/ouro_f34e72f68458220a.jpg: Copied (new)
2026/08/08 11:13:02 INFO  : v4/banco_midia/img/ouro_f3b382e25665b152.jpg: Copied (new)
2026/08/08 11:13:03 INFO  : v4/banco_midia/img/ouro_edf0b056021a9105.jpg: Copied (new)
2026/08/08 11:13:29 INFO  : v4/banco_midia/img/ouro_f40fb84a5e62838f.jpg: Copied (new)
2026/08/08 11:13:32 INFO  : v4/banco_midia/img/ouro_f468b334e287be30.jpg: Copied (new)
2026/08/08 11:13:33 INFO  : v4/banco_midia/img/ouro_f434e43f0b605a9a.jpg: Copied (new)
2026/08/08 11:13:34 INFO  : v4/banco_midia/img/ouro_f40f79330578d655.jpg: Copied (new)
2026/08/08 11:13:35 INFO  : v4/banco_midia/img/ouro_f4ca8dd3d4f84ed7.jpg: Copied (new)
2026/08/08 11:13:37 INFO  : v4/banco_midia/img/ouro_f3cf80aab66d366d.jpg: Copied (new)
2026/08/08 11:13:37 INFO  : v4/banco_midia/img/ouro_f53fe558efa83339.jpg: Copied (new)
2026/08/08 11:13:37 INFO  : v4/banco_midia/img/ouro_f587287c0a66d03d.jpg: Copied (new)
2026/08/08 11:13:39 INFO  : v4/banco_midia/img/ouro_efbd1659e689fee4.jpg: Copied (new)
2026/08/08 11:13:40 INFO  : v4/banco_midia/img/ouro_f11bd5f901ca579b.jpg: Copied (new)
2026/08/08 11:13:40 INFO  : v4/banco_midia/img/ouro_f60bb1831052a712.jpg: Copied (new)
2026/08/08 11:13:40 INFO  : v4/banco_midia/img/ouro_f3c27e10b5d80a7b.jpg: Copied (new)
2026/08/08 11:13:41 INFO  : v4/banco_midia/img/ouro_f212c55df0da0c62.jpg: Copied (new)
2026/08/08 11:13:41 INFO  : v4/banco_midia/img/ouro_f6553afec247e5fc.jpg: Copied (new)
2026/08/08 11:13:43 INFO  : v4/banco_midia/img/ouro_f621dda717ce322b.jpg: Copied (new)
2026/08/08 11:13:43 INFO  : v4/banco_midia/img/ouro_f692d1c84c64db81.jpg: Copied (new)
2026/08/08 11:13:43 INFO  : v4/banco_midia/img/ouro_f68059b4b7438aff.jpg: Copied (new)
2026/08/08 11:13:43 INFO  : v4/banco_midia/img/ouro_f701e96fab211249.jpg: Copied (new)
2026/08/08 11:13:44 INFO  : v4/banco_midia/img/ouro_f6716c80688b49da.jpg: Copied (new)
2026/08/08 11:13:44 INFO  : v4/banco_midia/img/ouro_f670f228482cc745.jpg: Copied (new)
2026/08/08 11:13:44 INFO  : v4/banco_midia/img/ouro_f7925a54b4c2f891.jpg: Copied (new)
2026/08/08 11:13:45 INFO  : v4/banco_midia/img/ouro_f85ce3cd917fdd5f.jpg: Copied (new)
2026/08/08 11:13:45 INFO  : v4/banco_midia/img/ouro_f81105e86146858d.jpg: Copied (new)
2026/08/08 11:13:47 INFO  : v4/banco_midia/img/ouro_fa4027fdfbd7ef81.jpg: Copied (new)
2026/08/08 11:13:47 INFO  : v4/banco_midia/img/ouro_f891ba533ab95b71.jpg: Copied (new)
2026/08/08 11:13:49 INFO  : v4/banco_midia/img/ouro_f80a4e9a3d49ba2c.jpg: Copied (new)
2026/08/08 11:13:50 INFO  :   515.186 MiB / 540.572 MiB, 95%, 3.604 MiB/s, ETA 7s (xfr#124/140)
2026/08/08 11:13:50 INFO  : v4/banco_midia/img/ouro_fa6077081ea3e31e.jpg: Copied (new)
2026/08/08 11:13:50 INFO  : v4/banco_midia/img/ouro_facacf950bd77a11.jpg: Copied (new)
2026/08/08 11:13:52 INFO  : v4/banco_midia/img/ouro_fb9ab076bc375e65.jpg: Copied (new)
2026/08/08 11:13:54 INFO  : v4/banco_midia/img/ouro_fcfc84c4e686bc4b.jpg: Copied (new)
2026/08/08 11:13:54 INFO  : v4/banco_midia/img/ouro_fa0968cbcf724f5b.jpg: Copied (new)
2026/08/08 11:13:55 INFO  : v4/banco_midia/img/ouro_fd984812ab777a8d.jpg: Copied (new)
2026/08/08 11:13:55 INFO  : v4/banco_midia/img/ouro_fbdb911ca53332c8.jpg: Copied (new)
2026/08/08 11:13:56 INFO  : v4/banco_midia/img/ouro_f7e0c797fea0d851.jpg: Copied (new)
2026/08/08 11:13:58 INFO  : v4/banco_midia/img/ouro_fdff2cf1e958a869.jpg: Copied (new)
2026/08/08 11:13:59 INFO  : v4/banco_midia/img/ouro_fc3c0c58ee6b58a3.jpg: Copied (new)
2026/08/08 11:13:59 INFO  : v4/banco_midia/img/ouro_ff4a13a3c4ad0357.jpg: Copied (new)
2026/08/08 11:14:00 INFO  : v4/banco_midia/img/ouro_fda4e9d5461cda0b.jpg: Copied (new)
2026/08/08 11:14:01 INFO  : v4/banco_midia/img/ouro_f8bc14568fdfe3ca.jpg: Copied (new)
2026/08/08 11:14:01 INFO  : v4/banco_midia/img/ouro_fe85b1d4ab51c7e1.jpg: Copied (new)
2026/08/08 11:14:01 INFO  : v4/banco_midia/img/ouro_fefd462cc88b9ae9.jpg: Copied (new)
2026/08/08 11:14:01 INFO  : v4/banco_midia/img/ouro_fe4415ab8bff0e17.jpg: Copied (new)
2026/08/08 11:14:02 INFO  : v4/banco_midia/img: Set directory modification time (using SetModTime)
2026/08/08 11:14:02 INFO  : v4/banco_midia: Set directory modification time (using SetModTime)
2026/08/08 11:14:03 INFO  : kimi_busca_imagem: Set directory modification time (using SetModTime)
2026/08/08 11:14:03 INFO  : v4: Set directory modification time (using SetModTime)
2026/08/08 11:14:03 INFO  :   545.926 MiB / 545.926 MiB, 100%, 3.061 MiB/s, ETA 0s
2026/08/08 11:14:04 NOTICE: Forum tematicos/forum_revisao_qualidade_agentes_tematicos_20260714.md: Can't follow symlink without -L/--copy-links
2026/08/08 11:14:05 INFO  : There was nothing to transfer
2026/08/08 11:14:05 INFO  :           0 B / 0 B, -, 0 B/s, ETA -
2026/08/08 11:14:07 INFO  : There was nothing to transfer
2026/08/08 11:14:07 INFO  :           0 B / 0 B, -, 0 B/s, ETA -
2026/08/08 11:14:12 INFO  : There was nothing to transfer
2026/08/08 11:14:12 INFO  :           0 B / 0 B, -, 0 B/s, ETA -
2026/08/08 11:14:45 INFO  : There was nothing to transfer
2026/08/08 11:14:45 INFO  :           0 B / 0 B, -, 0 B/s, ETA -
2026/08/08 11:14:46 INFO  : There was nothing to transfer
2026/08/08 11:14:46 INFO  :           0 B / 0 B, -, 0 B/s, ETA -
2026/08/08 11:14:47 INFO  : There was nothing to transfer
2026/08/08 11:14:47 INFO  :           0 B / 0 B, -, 0 B/s, ETA -
2026/08/08 11:14:49 INFO  : There was nothing to transfer
2026/08/08 11:14:49 INFO  :           0 B / 0 B, -, 0 B/s, ETA -
2026/08/08 11:14:50 INFO  : There was nothing to transfer
2026/08/08 11:14:50 INFO  :           0 B / 0 B, -, 0 B/s, ETA -
2026/08/08 11:14:51 INFO  : There was nothing to transfer
2026/08/08 11:14:51 INFO  :           0 B / 0 B, -, 0 B/s, ETA -
2026/08/08 11:14:52 INFO  : There was nothing to transfer
2026/08/08 11:14:52 INFO  :           0 B / 0 B, -, 0 B/s, ETA -
2026/08/08 11:14:53 INFO  : There was nothing to transfer
2026/08/08 11:14:53 INFO  :           0 B / 0 B, -, 0 B/s, ETA -
2026/08/08 11:14:55 INFO  : There was nothing to transfer
2026/08/08 11:14:55 INFO  :           0 B / 0 B, -, 0 B/s, ETA -
2026/08/08 11:14:56 INFO  : There was nothing to transfer
2026/08/08 11:14:56 INFO  :           0 B / 0 B, -, 0 B/s, ETA -
2026/08/08 11:14:57 INFO  : There was nothing to transfer
2026/08/08 11:14:57 INFO  :           0 B / 0 B, -, 0 B/s, ETA -
