2026/08/08 17:27:29 INFO  : Foruns: Set directory modification time (using SetModTime)
2026/08/08 17:27:30 INFO  : Memorias: Set directory modification time (using SetModTime)
2026/08/08 17:27:30 INFO  : CEREBRO_NODE_COFRE_CHAVES.md: Copied (replaced existing)
2026/08/08 17:27:30 INFO  : CEREBRO_NODE_QUALIDADE_REDACAO.md: Copied (replaced existing)
2026/08/08 17:27:30 INFO  : CEREBRO_NODE_BUGS_ATIVOS.md: Copied (replaced existing)
2026/08/08 17:27:31 INFO  : backup_total_2026: Set directory modification time (using SetModTime)
2026/08/08 17:27:31 INFO  : MONITORAMENTO_DE_TRABALHO.md: Copied (replaced existing)
2026/08/08 17:27:31 INFO  : CEREBRO_NODE_ATUALIZACOES.md: Copied (replaced existing)
2026/08/08 17:27:32 INFO  : backup_total_2026/logs: Set directory modification time (using SetModTime)
2026/08/08 17:27:33 NOTICE: Backups/limpeza_comunicacao_reforma_v4_20260717_131257/inbox_trindade_antes/antigravity_desktop.md: Can't follow symlink without -L/--copy-links
2026/08/08 17:27:33 INFO  : Memorias/memoria_backup_total_2026.md: Copied (replaced existing)
2026/08/08 17:27:33 NOTICE: Backups/reforma_v4_abertura_sprint_20260717_1042/inbox_trindade_antes_da_limpeza/antigravity_desktop.md: Can't follow symlink without -L/--copy-links
2026/08/08 17:27:33 INFO  : Memorias/memoria_diretrizes_ceo_v4_20260808.md: Copied (new)
2026/08/08 17:27:33 INFO  : Memorias/memoria_moka_primeira_fase_publica_correcoes_20260808.md: Copied (new)
2026/08/08 17:27:33 INFO  : backup_total_2026/ESTADO.md: Copied (replaced existing)
2026/08/08 17:27:33 INFO  : Backups/vigilia_v5/2026-08-08: Set directory modification time (using SetModTime)
2026/08/08 17:27:34 INFO  : Foruns/forum_diretrizes_ceo_v4_20260808.md: Copied (new)
2026/08/08 17:27:34 INFO  : Foruns/forum_moka_primeira_fase_publica_correcoes_20260808.md: Copied (new)
2026/08/08 17:27:34 INFO  : monitoramento_horario/bugs_encontrados/bugs_2026-08-08.jsonl: Copied (replaced existing)
2026/08/08 17:27:34 INFO  : backup_total_2026/logs/C12.log: Copied (new)
2026/08/08 17:27:34 INFO  : backup_total_2026/logs/C13.j1.stdout: Copied (new)
2026/08/08 17:27:35 INFO  : backup_total_2026/logs/C13.j2.stdout: Copied (new)
2026/08/08 17:27:35 INFO  : backup_total_2026/logs/C11.log: Copied (new)
2026/08/08 17:27:35 NOTICE: Backups/rotacao_trindade_v4_20260718_220604/projeto/inbox_trindade/pesquisas_tse_2026_tabela.csv: Can't follow symlink without -L/--copy-links
2026/08/08 17:27:35 NOTICE: Backups/rotacao_trindade_v4_20260718_220604/projeto/inbox_trindade/pesquisas_tse_2026_detalhes.json: Can't follow symlink without -L/--copy-links
2026/08/08 17:27:35 NOTICE: Backups/rotacao_trindade_v4_20260718_220604/projeto/inbox_trindade/pesqele_results_html.txt: Can't follow symlink without -L/--copy-links
2026/08/08 17:27:35 NOTICE: Backups/rotacao_trindade_v4_20260718_220604/projeto/inbox_trindade/publicar_pagina_direitos.py: Can't follow symlink without -L/--copy-links
2026/08/08 17:27:35 NOTICE: Backups/rotacao_trindade_v4_20260718_220604/projeto/inbox_trindade/test_quaest.js: Can't follow symlink without -L/--copy-links
2026/08/08 17:27:35 NOTICE: Backups/rotacao_trindade_v4_20260718_220604/projeto/inbox_trindade/pesquisas_tse_2026_todas_br.json: Can't follow symlink without -L/--copy-links
2026/08/08 17:27:35 NOTICE: Backups/rotacao_trindade_v4_20260718_220604/projeto/inbox_trindade/scraper_tse6.js: Can't follow symlink without -L/--copy-links
2026/08/08 17:27:35 NOTICE: Backups/rotacao_trindade_v4_20260718_220604/projeto/inbox_trindade/scraper_tse_custos.js: Can't follow symlink without -L/--copy-links
2026/08/08 17:27:35 NOTICE: Backups/rotacao_trindade_v4_20260718_220604/projeto/inbox_trindade/apresentacao_eidas.pdf: Can't follow symlink without -L/--copy-links
2026/08/08 17:27:35 NOTICE: Backups/rotacao_trindade_v4_20260718_220604/projeto/inbox_trindade/qwen_coding.md: Can't follow symlink without -L/--copy-links
2026/08/08 17:27:35 NOTICE: Backups/rotacao_trindade_v4_20260718_220604/projeto/inbox_trindade/pesqele_search_html.txt: Can't follow symlink without -L/--copy-links
2026/08/08 17:27:35 NOTICE: Backups/rotacao_trindade_v4_20260718_220604/projeto/inbox_trindade/pesqele_search_body.txt: Can't follow symlink without -L/--copy-links
2026/08/08 17:27:35 NOTICE: Backups/rotacao_trindade_v4_20260718_220604/projeto/inbox_trindade/scraper_tse_form.js: Can't follow symlink without -L/--copy-links
2026/08/08 17:27:35 NOTICE: Backups/rotacao_trindade_v4_20260718_220604/projeto/inbox_trindade/scraper_tse2.js: Can't follow symlink without -L/--copy-links
2026/08/08 17:27:35 NOTICE: Backups/rotacao_trindade_v4_20260718_220604/projeto/inbox_trindade/ming.md: Can't follow symlink without -L/--copy-links
2026/08/08 17:27:35 NOTICE: Backups/rotacao_trindade_v4_20260718_220604/projeto/inbox_trindade/pesquisas_tse_2026_processadas.json: Can't follow symlink without -L/--copy-links
2026/08/08 17:27:35 NOTICE: Backups/rotacao_trindade_v4_20260718_220604/projeto/inbox_trindade/resumo_pesquisas.json: Can't follow symlink without -L/--copy-links
2026/08/08 17:27:35 NOTICE: Backups/rotacao_trindade_v4_20260718_220604/projeto/inbox_trindade/pedido_ponto_de_retomada_20260628.md: Can't follow symlink without -L/--copy-links
2026/08/08 17:27:35 NOTICE: Backups/rotacao_trindade_v4_20260718_220604/projeto/inbox_trindade/scraper_tse_modals2.js: Can't follow symlink without -L/--copy-links
2026/08/08 17:27:35 NOTICE: Backups/rotacao_trindade_v4_20260718_220604/projeto/inbox_trindade/scraper_tse_todas_br.js: Can't follow symlink without -L/--copy-links
2026/08/08 17:27:35 NOTICE: Backups/rotacao_trindade_v4_20260718_220604/projeto/inbox_trindade/detalhar_page_html.txt: Can't follow symlink without -L/--copy-links
2026/08/08 17:27:35 NOTICE: Backups/rotacao_trindade_v4_20260718_220604/projeto/inbox_trindade/pesquisas_tse_2026.json: Can't follow symlink without -L/--copy-links
2026/08/08 17:27:35 NOTICE: Backups/rotacao_trindade_v4_20260718_220604/projeto/inbox_trindade/package.json: Can't follow symlink without -L/--copy-links
2026/08/08 17:27:35 NOTICE: Backups/rotacao_trindade_v4_20260718_220604/projeto/inbox_trindade/analise_ipca15_junho2026.md: Can't follow symlink without -L/--copy-links
2026/08/08 17:27:35 NOTICE: Backups/rotacao_trindade_v4_20260718_220604/projeto/inbox_trindade/package-lock.json: Can't follow symlink without -L/--copy-links
2026/08/08 17:27:35 NOTICE: Backups/rotacao_trindade_v4_20260718_220604/projeto/inbox_trindade/README.md: Can't follow symlink without -L/--copy-links
2026/08/08 17:27:35 NOTICE: Backups/rotacao_trindade_v4_20260718_220604/projeto/inbox_trindade/scraper_tse_detalhar_test.js: Can't follow symlink without -L/--copy-links
2026/08/08 17:27:35 NOTICE: Backups/rotacao_trindade_v4_20260718_220604/projeto/inbox_trindade/quaest_ipec.json: Can't follow symlink without -L/--copy-links
2026/08/08 17:27:35 NOTICE: Backups/rotacao_trindade_v4_20260718_220604/projeto/inbox_trindade/pesqele_home.png: Can't follow symlink without -L/--copy-links
2026/08/08 17:27:35 NOTICE: Backups/rotacao_trindade_v4_20260718_220604/projeto/inbox_trindade/scraper_tse_detalhes.js: Can't follow symlink without -L/--copy-links
2026/08/08 17:27:35 NOTICE: Backups/rotacao_trindade_v4_20260718_220604/projeto/inbox_trindade/pesquisas_tse_2026_full.json: Can't follow symlink without -L/--copy-links
2026/08/08 17:27:35 NOTICE: Backups/rotacao_trindade_v4_20260718_220604/projeto/inbox_trindade/pesqele_search.png: Can't follow symlink without -L/--copy-links
2026/08/08 17:27:35 NOTICE: Backups/rotacao_trindade_v4_20260718_220604/projeto/inbox_trindade/agy_cli.md: Can't follow symlink without -L/--copy-links
2026/08/08 17:27:35 NOTICE: Backups/rotacao_trindade_v4_20260718_220604/projeto/inbox_trindade/pesqele_body.txt: Can't follow symlink without -L/--copy-links
2026/08/08 17:27:35 NOTICE: Backups/rotacao_trindade_v4_20260718_220604/projeto/inbox_trindade/scraper_tse4.js: Can't follow symlink without -L/--copy-links
2026/08/08 17:27:35 NOTICE: Backups/rotacao_trindade_v4_20260718_220604/projeto/inbox_trindade/scraper_tse_paginator.js: Can't follow symlink without -L/--copy-links
2026/08/08 17:27:35 NOTICE: Backups/rotacao_trindade_v4_20260718_220604/projeto/inbox_trindade/materia_eidas_diagramada.pdf: Can't follow symlink without -L/--copy-links
2026/08/08 17:27:35 NOTICE: Backups/rotacao_trindade_v4_20260718_220604/projeto/inbox_trindade/parser_tse.js: Can't follow symlink without -L/--copy-links
2026/08/08 17:27:35 NOTICE: Backups/rotacao_trindade_v4_20260718_220604/projeto/inbox_trindade/materia_eidas_20260630.md: Can't follow symlink without -L/--copy-links
2026/08/08 17:27:35 NOTICE: Backups/rotacao_trindade_v4_20260718_220604/projeto/inbox_trindade/relatorio_pesquisas_2026.md: Can't follow symlink without -L/--copy-links
2026/08/08 17:27:35 NOTICE: Backups/rotacao_trindade_v4_20260718_220604/projeto/inbox_trindade/scraper_tse_isolated.js: Can't follow symlink without -L/--copy-links
2026/08/08 17:27:35 NOTICE: Backups/rotacao_trindade_v4_20260718_220604/projeto/inbox_trindade/scraper_tse_modals.js: Can't follow symlink without -L/--copy-links
2026/08/08 17:27:35 NOTICE: Backups/rotacao_trindade_v4_20260718_220604/projeto/inbox_trindade/scraper_tse_fast.js: Can't follow symlink without -L/--copy-links
2026/08/08 17:27:35 NOTICE: Backups/rotacao_trindade_v4_20260718_220604/projeto/inbox_trindade/antigravity_desktop.md: Can't follow symlink without -L/--copy-links
2026/08/08 17:27:35 NOTICE: Backups/rotacao_trindade_v4_20260718_220604/projeto/inbox_trindade/scraper_tse_modals3.js: Can't follow symlink without -L/--copy-links
2026/08/08 17:27:35 NOTICE: Backups/rotacao_trindade_v4_20260718_220604/projeto/inbox_trindade/pesqele_results.png: Can't follow symlink without -L/--copy-links
2026/08/08 17:27:35 NOTICE: Backups/rotacao_trindade_v4_20260718_220604/projeto/inbox_trindade/grok_coding.md: Can't follow symlink without -L/--copy-links
2026/08/08 17:27:35 NOTICE: Backups/rotacao_trindade_v4_20260718_220604/projeto/inbox_trindade/miguel.md: Can't follow symlink without -L/--copy-links
2026/08/08 17:27:35 NOTICE: Backups/rotacao_trindade_v4_20260718_220604/projeto/inbox_trindade/scraper_tse_full.js: Can't follow symlink without -L/--copy-links
2026/08/08 17:27:35 NOTICE: Backups/rotacao_trindade_v4_20260718_220604/projeto/inbox_trindade/glm_coding.md: Can't follow symlink without -L/--copy-links
2026/08/08 17:27:35 NOTICE: Backups/rotacao_trindade_v4_20260718_220604/projeto/inbox_trindade/parser_tse_quaest_fixed.js: Can't follow symlink without -L/--copy-links
2026/08/08 17:27:35 NOTICE: Backups/rotacao_trindade_v4_20260718_220604/projeto/inbox_trindade/scraper_tse5.js: Can't follow symlink without -L/--copy-links
2026/08/08 17:27:35 NOTICE: Backups/rotacao_trindade_v4_20260718_220604/projeto/inbox_trindade/parser_tse_quaest.js: Can't follow symlink without -L/--copy-links
2026/08/08 17:27:35 NOTICE: Backups/rotacao_trindade_v4_20260718_220604/projeto/inbox_trindade/gerar_pdfs.py: Can't follow symlink without -L/--copy-links
2026/08/08 17:27:35 NOTICE: Backups/rotacao_trindade_v4_20260718_220604/projeto/inbox_trindade/materia_eidas_diagramada.html: Can't follow symlink without -L/--copy-links
2026/08/08 17:27:35 NOTICE: Backups/rotacao_trindade_v4_20260718_220604/projeto/inbox_trindade/pesqele_results_body.txt: Can't follow symlink without -L/--copy-links
2026/08/08 17:27:35 NOTICE: Backups/rotacao_trindade_v4_20260718_220604/projeto/inbox_trindade/pesquisas_tse_2026_todas.json: Can't follow symlink without -L/--copy-links
2026/08/08 17:27:35 NOTICE: Backups/rotacao_trindade_v4_20260718_220604/projeto/inbox_trindade/pesquisas_tse_2026_raw_modals.json: Can't follow symlink without -L/--copy-links
2026/08/08 17:27:35 NOTICE: Backups/rotacao_trindade_v4_20260718_220604/projeto/inbox_trindade/scraper_tse.js: Can't follow symlink without -L/--copy-links
2026/08/08 17:27:35 NOTICE: Backups/rotacao_trindade_v4_20260718_220604/projeto/inbox_trindade/detalhar_page.txt: Can't follow symlink without -L/--copy-links
2026/08/08 17:27:35 NOTICE: Backups/rotacao_trindade_v4_20260718_220604/projeto/inbox_trindade/apresentacao_eidas.html: Can't follow symlink without -L/--copy-links
2026/08/08 17:27:35 NOTICE: Backups/rotacao_trindade_v4_20260718_220604/projeto/inbox_trindade/pesqele_html.txt: Can't follow symlink without -L/--copy-links
2026/08/08 17:27:35 NOTICE: Backups/rotacao_trindade_v4_20260718_220604/projeto/inbox_trindade/vibe_mistral_cli.md: Can't follow symlink without -L/--copy-links
2026/08/08 17:27:35 NOTICE: Backups/rotacao_trindade_v4_20260718_220604/projeto/inbox_trindade/pesqele_data.json: Can't follow symlink without -L/--copy-links
2026/08/08 17:27:35 NOTICE: Backups/rotacao_trindade_v4_20260718_220604/projeto/inbox_trindade/find_institutes.js: Can't follow symlink without -L/--copy-links
2026/08/08 17:27:35 NOTICE: Backups/rotacao_trindade_v4_20260718_220604/projeto/inbox_trindade/scraper_tse3.js: Can't follow symlink without -L/--copy-links
2026/08/08 17:27:35 NOTICE: Backups/rotacao_trindade_v4_20260718_220604/projeto/inbox_trindade/pesqele_form_html.txt: Can't follow symlink without -L/--copy-links
2026/08/08 17:27:35 INFO  : backup_total_2026/logs/C13.j4.stdout: Copied (new)
2026/08/08 17:27:36 INFO  : backup_total_2026/logs/C13.j3.stdout: Copied (new)
2026/08/08 17:27:36 INFO  : backup_total_2026/logs/C13.j5.stdout: Copied (new)
2026/08/08 17:27:36 INFO  : backup_total_2026/logs/C14.j1.stdout: Copied (new)
2026/08/08 17:27:36 INFO  : backup_total_2026/logs/C14.j2.stdout: Copied (new)
2026/08/08 17:27:36 INFO  : backup_total_2026/logs/C14.log: Copied (new)
2026/08/08 17:27:37 INFO  : backup_total_2026/logs/C13.log: Copied (new)
2026/08/08 17:27:37 INFO  : backup_total_2026/logs/C14_loop_j2.sh: Copied (new)
2026/08/08 17:27:37 INFO  : backup_total_2026/logs/C15.j1.stdout: Copied (new)
2026/08/08 17:27:38 INFO  : backup_total_2026/logs/C15.j10.stdout: Copied (new)
2026/08/08 17:27:38 INFO  : backup_total_2026/logs/C15.j11.stdout: Copied (new)
2026/08/08 17:27:38 INFO  : backup_total_2026/logs/C15.j2.stdout: Copied (new)
2026/08/08 17:27:38 INFO  : backup_total_2026/logs/C15.j12_longa.stdout: Copied (new)
2026/08/08 17:27:38 NOTICE: Foruns/v4_labs_espelhos/contratos_v4_gsn_espelho_ingles_v1.md: Can't follow symlink without -L/--copy-links
2026/08/08 17:27:38 NOTICE: Foruns/v4_labs_espelhos/contratos_v4_cultura_v1.md: Can't follow symlink without -L/--copy-links
2026/08/08 17:27:38 NOTICE: Foruns/v4_labs_espelhos/v4_memoria_carta_gpt56pro_autocura_imagens_v4_20260714.md: Can't follow symlink without -L/--copy-links
2026/08/08 17:27:38 NOTICE: Foruns/v4_labs_espelhos/v4_memoria_forum_retomada_v4_imagens_drafts_20260716.md: Can't follow symlink without -L/--copy-links
2026/08/08 17:27:38 NOTICE: Foruns/v4_labs_espelhos/labs_forum_autocura_imagens_v4_20260714.md: Can't follow symlink without -L/--copy-links
2026/08/08 17:27:38 NOTICE: Foruns/v4_labs_espelhos/contratos_v4_ciencia_tecnologia_ia_v1.md: Can't follow symlink without -L/--copy-links
2026/08/08 17:27:38 NOTICE: Foruns/v4_labs_espelhos/v4_memoria_forum_autocura_imagens_v4_20260714.md: Can't follow symlink without -L/--copy-links
2026/08/08 17:27:38 NOTICE: Foruns/v4_labs_espelhos/labs_MANIFESTO.md: Can't follow symlink without -L/--copy-links
2026/08/08 17:27:38 NOTICE: Foruns/v4_labs_espelhos/contratos_v4_internacional_v1.md: Can't follow symlink without -L/--copy-links
2026/08/08 17:27:38 NOTICE: Foruns/v4_labs_espelhos/contratos_v4_nucleo_editorial_comum_v1.md: Can't follow symlink without -L/--copy-links
2026/08/08 17:27:38 NOTICE: Foruns/v4_labs_espelhos/contratos_v4_nucleo_editorial_comum_v2.md: Can't follow symlink without -L/--copy-links
2026/08/08 17:27:38 NOTICE: Foruns/v4_labs_espelhos/v4_memoria_MANIFESTO_PATCH_GPT56PRO_20260714.md: Can't follow symlink without -L/--copy-links
2026/08/08 17:27:38 NOTICE: Foruns/v4_labs_espelhos/contratos_v4_nucleo_editorial_redacao_v1.md: Can't follow symlink without -L/--copy-links
2026/08/08 17:27:38 NOTICE: Foruns/v4_labs_espelhos/v4_memoria_forum_arquitetura_cafezinho_media_group_v4_20260715.md: Can't follow symlink without -L/--copy-links
2026/08/08 17:27:38 NOTICE: Foruns/v4_labs_espelhos/contratos_v4_repetidor_v1.md: Can't follow symlink without -L/--copy-links
2026/08/08 17:27:38 NOTICE: Foruns/v4_labs_espelhos/contratos_forum_v4_qualidade_editorial_ciencia_ia_20260712.md: Can't follow symlink without -L/--copy-links
2026/08/08 17:27:38 NOTICE: Foruns/v4_labs_espelhos/v4_memoria_forum_retomada_v4_imagens_drafts_20260716_run14.md: Can't follow symlink without -L/--copy-links
2026/08/08 17:27:38 NOTICE: Foruns/v4_labs_espelhos/v4_memoria_forum_imagens_261602_20260714.md: Can't follow symlink without -L/--copy-links
2026/08/08 17:27:38 NOTICE: Foruns/v4_labs_espelhos/contratos_v4_politica_economia_v1.md: Can't follow symlink without -L/--copy-links
2026/08/08 17:27:38 NOTICE: Foruns/v4_labs_espelhos/v4_memoria_forum_retomada_v4_imagens_drafts_20260716_run6.md: Can't follow symlink without -L/--copy-links
2026/08/08 17:27:38 NOTICE: Foruns/v4_labs_espelhos/v4_memoria_forum_retomada_v4_imagens_drafts_20260716_run11.md: Can't follow symlink without -L/--copy-links
2026/08/08 17:27:38 NOTICE: Foruns/v4_labs_espelhos/v4_memoria_forum_resposta_gpt56pro_autocura_imagens_v4_20260714.md: Can't follow symlink without -L/--copy-links
2026/08/08 17:27:38 NOTICE: Foruns/v4_labs_espelhos/v4_memoria_forum_retomada_v4_imagens_drafts_20260716_run9.md: Can't follow symlink without -L/--copy-links
2026/08/08 17:27:38 INFO  : backup_total_2026/logs/C15.j3.stdout: Copied (new)
2026/08/08 17:27:39 INFO  : backup_total_2026/logs/C15.j4.stdout: Copied (new)
2026/08/08 17:27:39 INFO  : backup_total_2026/logs/C15.j5.stdout: Copied (new)
2026/08/08 17:27:39 INFO  : backup_total_2026/logs/C15.j6.stdout: Copied (new)
2026/08/08 17:27:40 INFO  : backup_total_2026/logs/C15.j9.stdout: Copied (new)
2026/08/08 17:27:40 INFO  : backup_total_2026/logs/C15.j7.stdout: Copied (new)
2026/08/08 17:27:40 INFO  : backup_total_2026/logs/C15.j8.stdout: Copied (new)
2026/08/08 17:27:41 INFO  : backup_total_2026/logs/C15_j12_longa.sh: Copied (new)
2026/08/08 17:27:43 INFO  : backup_total_2026/logs/C15_j4.sh: Copied (new)
2026/08/08 17:27:44 NOTICE: Backups/backup_cerebro_20260728_164635/Foruns/v4_labs_espelhos/contratos_v4_gsn_espelho_ingles_v1.md: Can't follow symlink without -L/--copy-links
2026/08/08 17:27:44 NOTICE: Backups/backup_cerebro_20260728_164635/Foruns/v4_labs_espelhos/contratos_v4_cultura_v1.md: Can't follow symlink without -L/--copy-links
2026/08/08 17:27:44 NOTICE: Backups/backup_cerebro_20260728_164635/Foruns/v4_labs_espelhos/v4_memoria_carta_gpt56pro_autocura_imagens_v4_20260714.md: Can't follow symlink without -L/--copy-links
2026/08/08 17:27:44 NOTICE: Backups/backup_cerebro_20260728_164635/Foruns/v4_labs_espelhos/v4_memoria_forum_retomada_v4_imagens_drafts_20260716.md: Can't follow symlink without -L/--copy-links
2026/08/08 17:27:44 NOTICE: Backups/backup_cerebro_20260728_164635/Foruns/v4_labs_espelhos/labs_forum_autocura_imagens_v4_20260714.md: Can't follow symlink without -L/--copy-links
2026/08/08 17:27:44 NOTICE: Backups/backup_cerebro_20260728_164635/Foruns/v4_labs_espelhos/contratos_v4_ciencia_tecnologia_ia_v1.md: Can't follow symlink without -L/--copy-links
2026/08/08 17:27:44 NOTICE: Backups/backup_cerebro_20260728_164635/Foruns/v4_labs_espelhos/v4_memoria_forum_autocura_imagens_v4_20260714.md: Can't follow symlink without -L/--copy-links
2026/08/08 17:27:44 NOTICE: Backups/backup_cerebro_20260728_164635/Foruns/v4_labs_espelhos/labs_MANIFESTO.md: Can't follow symlink without -L/--copy-links
2026/08/08 17:27:44 NOTICE: Backups/backup_cerebro_20260728_164635/Foruns/v4_labs_espelhos/contratos_v4_internacional_v1.md: Can't follow symlink without -L/--copy-links
2026/08/08 17:27:44 NOTICE: Backups/backup_cerebro_20260728_164635/Foruns/v4_labs_espelhos/contratos_v4_nucleo_editorial_comum_v1.md: Can't follow symlink without -L/--copy-links
2026/08/08 17:27:44 NOTICE: Backups/backup_cerebro_20260728_164635/Foruns/v4_labs_espelhos/contratos_v4_nucleo_editorial_comum_v2.md: Can't follow symlink without -L/--copy-links
2026/08/08 17:27:44 NOTICE: Backups/backup_cerebro_20260728_164635/Foruns/v4_labs_espelhos/v4_memoria_MANIFESTO_PATCH_GPT56PRO_20260714.md: Can't follow symlink without -L/--copy-links
2026/08/08 17:27:44 NOTICE: Backups/backup_cerebro_20260728_164635/Foruns/v4_labs_espelhos/contratos_v4_nucleo_editorial_redacao_v1.md: Can't follow symlink without -L/--copy-links
2026/08/08 17:27:44 NOTICE: Backups/backup_cerebro_20260728_164635/Foruns/v4_labs_espelhos/v4_memoria_forum_arquitetura_cafezinho_media_group_v4_20260715.md: Can't follow symlink without -L/--copy-links
2026/08/08 17:27:44 NOTICE: Backups/backup_cerebro_20260728_164635/Foruns/v4_labs_espelhos/contratos_v4_repetidor_v1.md: Can't follow symlink without -L/--copy-links
2026/08/08 17:27:44 NOTICE: Backups/backup_cerebro_20260728_164635/Foruns/v4_labs_espelhos/contratos_forum_v4_qualidade_editorial_ciencia_ia_20260712.md: Can't follow symlink without -L/--copy-links
2026/08/08 17:27:44 NOTICE: Backups/backup_cerebro_20260728_164635/Foruns/v4_labs_espelhos/v4_memoria_forum_retomada_v4_imagens_drafts_20260716_run14.md: Can't follow symlink without -L/--copy-links
2026/08/08 17:27:44 NOTICE: Backups/backup_cerebro_20260728_164635/Foruns/v4_labs_espelhos/v4_memoria_forum_imagens_261602_20260714.md: Can't follow symlink without -L/--copy-links
2026/08/08 17:27:44 NOTICE: Backups/backup_cerebro_20260728_164635/Foruns/v4_labs_espelhos/contratos_v4_politica_economia_v1.md: Can't follow symlink without -L/--copy-links
2026/08/08 17:27:44 NOTICE: Backups/backup_cerebro_20260728_164635/Foruns/v4_labs_espelhos/v4_memoria_forum_retomada_v4_imagens_drafts_20260716_run6.md: Can't follow symlink without -L/--copy-links
2026/08/08 17:27:44 NOTICE: Backups/backup_cerebro_20260728_164635/Foruns/v4_labs_espelhos/v4_memoria_forum_retomada_v4_imagens_drafts_20260716_run11.md: Can't follow symlink without -L/--copy-links
2026/08/08 17:27:44 NOTICE: Backups/backup_cerebro_20260728_164635/Foruns/v4_labs_espelhos/v4_memoria_forum_resposta_gpt56pro_autocura_imagens_v4_20260714.md: Can't follow symlink without -L/--copy-links
2026/08/08 17:27:44 NOTICE: Backups/backup_cerebro_20260728_164635/Foruns/v4_labs_espelhos/v4_memoria_forum_retomada_v4_imagens_drafts_20260716_run9.md: Can't follow symlink without -L/--copy-links
2026/08/08 17:27:45 INFO  : backup_total_2026/logs/C15_j11.sh: Copied (new)
2026/08/08 17:27:45 INFO  : backup_total_2026/logs/C15_j2.sh: Copied (new)
2026/08/08 17:27:45 INFO  : backup_total_2026/logs/C12.j1.stdout: Copied (new)
2026/08/08 17:27:45 INFO  : backup_total_2026/logs/C15_j5.sh: Copied (new)
2026/08/08 17:27:45 INFO  : backup_total_2026/logs/C15_j1.sh: Copied (new)
2026/08/08 17:27:45 INFO  : backup_total_2026/logs/C15_j10.sh: Copied (new)
2026/08/08 17:27:45 INFO  : backup_total_2026/logs/C15_j3.sh: Copied (new)
2026/08/08 17:27:48 INFO  : backup_total_2026/logs/C15_j6.sh: Copied (new)
2026/08/08 17:27:48 ERROR : backup_total_2026/logs/C16.log: Failed to copy: Post "https://www.googleapis.com/upload/drive/v3/files?alt=json&fields=id%2Cname%2Csize%2Cmd5Checksum%2Csha1Checksum%2Csha256Checksum%2Ctrashed%2CexplicitlyTrashed%2CmodifiedTime%2CcreatedTime%2CmimeType%2Cparents%2CwebViewLink%2CshortcutDetails%2CexportLinks%2CresourceKey&keepRevisionForever=false&prettyPrint=false&supportsAllDrives=true&uploadType=multipart": googleapi: Copy failed: can't copy - source file is being updated (size changed from 22924 to 23074)
2026/08/08 17:27:49 INFO  : backup_total_2026/logs/C15_j7.sh: Copied (new)
2026/08/08 17:27:50 INFO  : backup_total_2026/logs/C16.j1.stdout: Copied (new)
2026/08/08 17:27:50 INFO  : backup_total_2026/logs/C16_j1.sh: Copied (new)
2026/08/08 17:27:50 INFO  : backup_total_2026/logs/C11.j4.stdout: Copied (replaced existing)
2026/08/08 17:27:50 INFO  : backup_total_2026/logs/C15_j9.sh: Copied (new)
2026/08/08 17:27:50 INFO  : backup_total_2026/logs/C15_j8.sh: Copied (new)
2026/08/08 17:27:51 INFO  : Backups/vigilia_v5/2026-08-08/_pos_264715_18ab06c780ae389f.json: Copied (new)
2026/08/08 17:27:51 INFO  : Backups/vigilia_v5/2026-08-08/_pos_264746_891f74364bc1a9da.json: Copied (new)
2026/08/08 17:27:51 INFO  : backup_total_2026/logs/C15.log: Copied (new)
2026/08/08 17:27:52 INFO  : Backups/vigilia_v5/2026-08-08/_pos_264764_c99f570cb04c7db0.json: Copied (new)
2026/08/08 17:27:52 INFO  : Backups/vigilia_v5/2026-08-08/_pos_264769_6e3b1505d8997b75.json: Copied (new)
2026/08/08 17:27:52 INFO  : Backups/vigilia_v5/2026-08-08/_pos_264777_7ddcd00783222ff8.json: Copied (new)
2026/08/08 17:27:52 INFO  : Backups/vigilia_v5/2026-08-08/_pos_264781_2f0afebd51f93aa7.json: Copied (new)
2026/08/08 17:27:52 INFO  : Backups/vigilia_v5/2026-08-08/_pos_264778_068cb98c5133e9e8.json: Copied (new)
2026/08/08 17:27:52 INFO  : Backups/vigilia_v5/2026-08-08/_pos_264784_39f95b3c773b9368.json: Copied (new)
2026/08/08 17:27:53 INFO  : Backups/vigilia_v5/2026-08-08/_pos_264790_5e8b2e9f09b0cebd.json: Copied (new)
2026/08/08 17:27:53 INFO  : Backups/vigilia_v5/2026-08-08/_pos_264791_9f6cf6aa93843ff1.json: Copied (new)
2026/08/08 17:27:53 INFO  : Backups/vigilia_v5/2026-08-08/_pos_264793_956c7147f823e2aa.json: Copied (new)
2026/08/08 17:27:53 INFO  : Backups/vigilia_v5/2026-08-08/_pos_264801_2b14c2227306414f.json: Copied (new)
2026/08/08 17:27:53 INFO  : Backups/vigilia_v5/2026-08-08/_pos_264802_5bfcac0be0bb8e4a.json: Copied (new)
2026/08/08 17:27:54 INFO  : Backups/vigilia_v5/2026-08-08/_pos_264813_c0a2d2861e129359.json: Copied (new)
2026/08/08 17:27:54 INFO  : Backups/vigilia_v5/2026-08-08/_pos_264805_6271413dfe59d6f5.json: Copied (new)
2026/08/08 17:27:54 INFO  : Backups/vigilia_v5/2026-08-08/_pos_264815_02a6d743264a6367.json: Copied (new)
2026/08/08 17:27:55 INFO  : Backups/vigilia_v5/2026-08-08/_pos_264818_3fd34956928b13e7.json: Copied (new)
2026/08/08 17:27:55 INFO  : Backups/vigilia_v5/2026-08-08/_pos_264817_62b94b828968107e.json: Copied (new)
2026/08/08 17:27:55 INFO  : Backups/vigilia_v5/2026-08-08/_pos_264821_0d08471da03a96ff.json: Copied (new)
2026/08/08 17:27:55 INFO  : Backups/vigilia_v5/2026-08-08/_pos_264823_e759a23152ce390d.json: Copied (new)
2026/08/08 17:27:55 INFO  : Backups/vigilia_v5/2026-08-08/_pos_264833_b5389acf96412ab9.json: Copied (new)
2026/08/08 17:27:55 INFO  : Backups/vigilia_v5/2026-08-08/_pos_264825_bb8a9b369e512a65.json: Copied (new)
2026/08/08 17:27:55 INFO  : Backups/vigilia_v5/2026-08-08/_pos_264828_d21c818b40d09cba.json: Copied (new)
2026/08/08 17:27:56 INFO  : Backups/vigilia_v5/2026-08-08/_pre_264715_8b53bc105fbd246d.json: Copied (new)
2026/08/08 17:27:56 INFO  : Backups/vigilia_v5/2026-08-08/_pre_264746_7de3455f6f5e7136.json: Copied (new)
2026/08/08 17:27:56 INFO  : Backups/vigilia_v5/2026-08-08/_pre_264764_976a5c649d8b2086.json: Copied (new)
2026/08/08 17:27:57 INFO  : Backups/vigilia_v5/2026-08-08/_pre_264769_45751d9d0dea58ea.json: Copied (new)
2026/08/08 17:27:57 INFO  : Backups/vigilia_v5/2026-08-08/_pre_264777_8da04dc1981d4c05.json: Copied (new)
2026/08/08 17:27:57 INFO  : Backups/vigilia_v5/2026-08-08/_pre_264778_c0add4db64a5f6c4.json: Copied (new)
2026/08/08 17:27:57 INFO  : Backups/vigilia_v5/2026-08-08/_pre_264781_0ef3805e093258c3.json: Copied (new)
2026/08/08 17:27:57 INFO  : Backups/vigilia_v5/2026-08-08/_pre_264784_d9a30e25962b5dc6.json: Copied (new)
2026/08/08 17:27:58 INFO  : Backups/vigilia_v5/2026-08-08/_pre_264790_2e636e7809bae56f.json: Copied (new)
2026/08/08 17:27:58 INFO  : Backups/vigilia_v5/2026-08-08/_pre_264791_f3600bf90d2b1573.json: Copied (new)
2026/08/08 17:27:58 INFO  : Backups/vigilia_v5/2026-08-08/_pre_264793_397de0f5bef8b604.json: Copied (new)
2026/08/08 17:27:58 INFO  : Backups/vigilia_v5/2026-08-08/_pre_264801_a9a4c0704a0f43b7.json: Copied (new)
2026/08/08 17:27:59 INFO  : Backups/vigilia_v5/2026-08-08/_pre_264802_69429466dde3b629.json: Copied (new)
2026/08/08 17:27:59 INFO  : Backups/vigilia_v5/2026-08-08/_pre_264805_aaca2a6b8b6eadf8.json: Copied (new)
2026/08/08 17:27:59 INFO  : Backups/vigilia_v5/2026-08-08/_pre_264808_b198515fddc736f7.json: Copied (new)
2026/08/08 17:27:59 INFO  : Backups/vigilia_v5/2026-08-08/_pre_264813_00861efc19a1964a.json: Copied (new)
2026/08/08 17:27:59 INFO  : Backups/vigilia_v5/2026-08-08/_pre_264815_d520776ffe2964e8.json: Copied (new)
2026/08/08 17:28:00 INFO  : Backups/vigilia_v5/2026-08-08/_pre_264817_0ade985366e54147.json: Copied (new)
2026/08/08 17:28:00 INFO  : Backups/vigilia_v5/2026-08-08/_pre_264818_74680c79156706e3.json: Copied (new)
2026/08/08 17:28:00 INFO  : Backups/vigilia_v5/2026-08-08/_pre_264821_d22148d8ac16f6e1.json: Copied (new)
2026/08/08 17:28:00 INFO  : Backups/vigilia_v5/2026-08-08/_pre_264823_9dc153542da77f99.json: Copied (new)
2026/08/08 17:28:00 INFO  : Backups/vigilia_v5/2026-08-08/_pre_264825_4032f9dd53bb9723.json: Copied (new)
2026/08/08 17:28:01 INFO  : Backups/vigilia_v5/2026-08-08/_pre_264828_230da69e425ac967.json: Copied (new)
2026/08/08 17:28:01 INFO  : Backups/vigilia_v5/2026-08-08/_pre_264833_e434a806748411e7.json: Copied (new)
2026/08/08 17:28:01 INFO  : Backups/vigilia_v5/2026-08-08: Set directory modification time (using SetModTime)
2026/08/08 17:28:02 INFO  : backup_total_2026/logs: Set directory modification time (using SetModTime)
2026/08/08 17:28:02 INFO  : Backups/vigilia_v5: Set directory modification time (using SetModTime)
2026/08/08 17:28:02 INFO  : monitoramento_horario/bugs_encontrados: Set directory modification time (using SetModTime)
2026/08/08 17:28:03 INFO  : backup_total_2026: Set directory modification time (using SetModTime)
2026/08/08 17:28:03 INFO  : Memorias: Set directory modification time (using SetModTime)
2026/08/08 17:28:03 INFO  : Foruns: Set directory modification time (using SetModTime)
2026/08/08 17:28:03 INFO  : monitoramento_horario: Set directory modification time (using SetModTime)
2026/08/08 17:28:03 INFO  : Backups: Set directory modification time (using SetModTime)
2026/08/08 17:28:03 ERROR : Attempt 1/3 failed with 1 errors and: Post "https://www.googleapis.com/upload/drive/v3/files?alt=json&fields=id%2Cname%2Csize%2Cmd5Checksum%2Csha1Checksum%2Csha256Checksum%2Ctrashed%2CexplicitlyTrashed%2CmodifiedTime%2CcreatedTime%2CmimeType%2Cparents%2CwebViewLink%2CshortcutDetails%2CexportLinks%2CresourceKey&keepRevisionForever=false&prettyPrint=false&supportsAllDrives=true&uploadType=multipart": googleapi: Copy failed: can't copy - source file is being updated (size changed from 22924 to 23074)
2026/08/08 17:28:05 NOTICE: Backups/limpeza_comunicacao_reforma_v4_20260717_131257/inbox_trindade_antes/antigravity_desktop.md: Can't follow symlink without -L/--copy-links
2026/08/08 17:28:05 NOTICE: Backups/reforma_v4_abertura_sprint_20260717_1042/inbox_trindade_antes_da_limpeza/antigravity_desktop.md: Can't follow symlink without -L/--copy-links
2026/08/08 17:28:05 ERROR : backup_total_2026/logs/C16.log: Failed to copy: Post "https://www.googleapis.com/upload/drive/v3/files?alt=json&fields=id%2Cname%2Csize%2Cmd5Checksum%2Csha1Checksum%2Csha256Checksum%2Ctrashed%2CexplicitlyTrashed%2CmodifiedTime%2CcreatedTime%2CmimeType%2Cparents%2CwebViewLink%2CshortcutDetails%2CexportLinks%2CresourceKey&keepRevisionForever=false&prettyPrint=false&supportsAllDrives=true&uploadType=multipart": googleapi: Copy failed: can't copy - source file is being updated (size changed from 30568 to 30919)
2026/08/08 17:28:07 NOTICE: Backups/rotacao_trindade_v4_20260718_220604/projeto/inbox_trindade/pesquisas_tse_2026_tabela.csv: Can't follow symlink without -L/--copy-links
2026/08/08 17:28:07 NOTICE: Backups/rotacao_trindade_v4_20260718_220604/projeto/inbox_trindade/pesquisas_tse_2026_detalhes.json: Can't follow symlink without -L/--copy-links
2026/08/08 17:28:07 NOTICE: Backups/rotacao_trindade_v4_20260718_220604/projeto/inbox_trindade/pesqele_results_html.txt: Can't follow symlink without -L/--copy-links
2026/08/08 17:28:07 NOTICE: Backups/rotacao_trindade_v4_20260718_220604/projeto/inbox_trindade/publicar_pagina_direitos.py: Can't follow symlink without -L/--copy-links
2026/08/08 17:28:07 NOTICE: Backups/rotacao_trindade_v4_20260718_220604/projeto/inbox_trindade/test_quaest.js: Can't follow symlink without -L/--copy-links
2026/08/08 17:28:07 NOTICE: Backups/rotacao_trindade_v4_20260718_220604/projeto/inbox_trindade/pesquisas_tse_2026_todas_br.json: Can't follow symlink without -L/--copy-links
2026/08/08 17:28:07 NOTICE: Backups/rotacao_trindade_v4_20260718_220604/projeto/inbox_trindade/scraper_tse6.js: Can't follow symlink without -L/--copy-links
2026/08/08 17:28:07 NOTICE: Backups/rotacao_trindade_v4_20260718_220604/projeto/inbox_trindade/scraper_tse_custos.js: Can't follow symlink without -L/--copy-links
2026/08/08 17:28:07 NOTICE: Backups/rotacao_trindade_v4_20260718_220604/projeto/inbox_trindade/apresentacao_eidas.pdf: Can't follow symlink without -L/--copy-links
2026/08/08 17:28:07 NOTICE: Backups/rotacao_trindade_v4_20260718_220604/projeto/inbox_trindade/qwen_coding.md: Can't follow symlink without -L/--copy-links
2026/08/08 17:28:07 NOTICE: Backups/rotacao_trindade_v4_20260718_220604/projeto/inbox_trindade/pesqele_search_html.txt: Can't follow symlink without -L/--copy-links
2026/08/08 17:28:07 NOTICE: Backups/rotacao_trindade_v4_20260718_220604/projeto/inbox_trindade/pesqele_search_body.txt: Can't follow symlink without -L/--copy-links
2026/08/08 17:28:07 NOTICE: Backups/rotacao_trindade_v4_20260718_220604/projeto/inbox_trindade/scraper_tse_form.js: Can't follow symlink without -L/--copy-links
2026/08/08 17:28:07 NOTICE: Backups/rotacao_trindade_v4_20260718_220604/projeto/inbox_trindade/scraper_tse2.js: Can't follow symlink without -L/--copy-links
2026/08/08 17:28:07 NOTICE: Backups/rotacao_trindade_v4_20260718_220604/projeto/inbox_trindade/ming.md: Can't follow symlink without -L/--copy-links
2026/08/08 17:28:07 NOTICE: Backups/rotacao_trindade_v4_20260718_220604/projeto/inbox_trindade/pesquisas_tse_2026_processadas.json: Can't follow symlink without -L/--copy-links
2026/08/08 17:28:07 NOTICE: Backups/rotacao_trindade_v4_20260718_220604/projeto/inbox_trindade/resumo_pesquisas.json: Can't follow symlink without -L/--copy-links
2026/08/08 17:28:07 NOTICE: Backups/rotacao_trindade_v4_20260718_220604/projeto/inbox_trindade/pedido_ponto_de_retomada_20260628.md: Can't follow symlink without -L/--copy-links
2026/08/08 17:28:07 NOTICE: Backups/rotacao_trindade_v4_20260718_220604/projeto/inbox_trindade/scraper_tse_modals2.js: Can't follow symlink without -L/--copy-links
2026/08/08 17:28:07 NOTICE: Backups/rotacao_trindade_v4_20260718_220604/projeto/inbox_trindade/scraper_tse_todas_br.js: Can't follow symlink without -L/--copy-links
2026/08/08 17:28:07 NOTICE: Backups/rotacao_trindade_v4_20260718_220604/projeto/inbox_trindade/detalhar_page_html.txt: Can't follow symlink without -L/--copy-links
2026/08/08 17:28:07 NOTICE: Backups/rotacao_trindade_v4_20260718_220604/projeto/inbox_trindade/pesquisas_tse_2026.json: Can't follow symlink without -L/--copy-links
2026/08/08 17:28:07 NOTICE: Backups/rotacao_trindade_v4_20260718_220604/projeto/inbox_trindade/package.json: Can't follow symlink without -L/--copy-links
2026/08/08 17:28:07 NOTICE: Backups/rotacao_trindade_v4_20260718_220604/projeto/inbox_trindade/analise_ipca15_junho2026.md: Can't follow symlink without -L/--copy-links
2026/08/08 17:28:07 NOTICE: Backups/rotacao_trindade_v4_20260718_220604/projeto/inbox_trindade/package-lock.json: Can't follow symlink without -L/--copy-links
2026/08/08 17:28:07 NOTICE: Backups/rotacao_trindade_v4_20260718_220604/projeto/inbox_trindade/README.md: Can't follow symlink without -L/--copy-links
2026/08/08 17:28:07 NOTICE: Backups/rotacao_trindade_v4_20260718_220604/projeto/inbox_trindade/scraper_tse_detalhar_test.js: Can't follow symlink without -L/--copy-links
2026/08/08 17:28:07 NOTICE: Backups/rotacao_trindade_v4_20260718_220604/projeto/inbox_trindade/quaest_ipec.json: Can't follow symlink without -L/--copy-links
2026/08/08 17:28:07 NOTICE: Backups/rotacao_trindade_v4_20260718_220604/projeto/inbox_trindade/pesqele_home.png: Can't follow symlink without -L/--copy-links
2026/08/08 17:28:07 NOTICE: Backups/rotacao_trindade_v4_20260718_220604/projeto/inbox_trindade/scraper_tse_detalhes.js: Can't follow symlink without -L/--copy-links
2026/08/08 17:28:07 NOTICE: Backups/rotacao_trindade_v4_20260718_220604/projeto/inbox_trindade/pesquisas_tse_2026_full.json: Can't follow symlink without -L/--copy-links
2026/08/08 17:28:07 NOTICE: Backups/rotacao_trindade_v4_20260718_220604/projeto/inbox_trindade/pesqele_search.png: Can't follow symlink without -L/--copy-links
2026/08/08 17:28:07 NOTICE: Backups/rotacao_trindade_v4_20260718_220604/projeto/inbox_trindade/agy_cli.md: Can't follow symlink without -L/--copy-links
2026/08/08 17:28:07 NOTICE: Backups/rotacao_trindade_v4_20260718_220604/projeto/inbox_trindade/pesqele_body.txt: Can't follow symlink without -L/--copy-links
2026/08/08 17:28:07 NOTICE: Backups/rotacao_trindade_v4_20260718_220604/projeto/inbox_trindade/scraper_tse4.js: Can't follow symlink without -L/--copy-links
2026/08/08 17:28:07 NOTICE: Backups/rotacao_trindade_v4_20260718_220604/projeto/inbox_trindade/scraper_tse_paginator.js: Can't follow symlink without -L/--copy-links
2026/08/08 17:28:07 NOTICE: Backups/rotacao_trindade_v4_20260718_220604/projeto/inbox_trindade/materia_eidas_diagramada.pdf: Can't follow symlink without -L/--copy-links
2026/08/08 17:28:07 NOTICE: Backups/rotacao_trindade_v4_20260718_220604/projeto/inbox_trindade/parser_tse.js: Can't follow symlink without -L/--copy-links
2026/08/08 17:28:07 NOTICE: Backups/rotacao_trindade_v4_20260718_220604/projeto/inbox_trindade/materia_eidas_20260630.md: Can't follow symlink without -L/--copy-links
2026/08/08 17:28:07 NOTICE: Backups/rotacao_trindade_v4_20260718_220604/projeto/inbox_trindade/relatorio_pesquisas_2026.md: Can't follow symlink without -L/--copy-links
2026/08/08 17:28:07 NOTICE: Backups/rotacao_trindade_v4_20260718_220604/projeto/inbox_trindade/scraper_tse_isolated.js: Can't follow symlink without -L/--copy-links
2026/08/08 17:28:07 NOTICE: Backups/rotacao_trindade_v4_20260718_220604/projeto/inbox_trindade/scraper_tse_modals.js: Can't follow symlink without -L/--copy-links
2026/08/08 17:28:07 NOTICE: Backups/rotacao_trindade_v4_20260718_220604/projeto/inbox_trindade/scraper_tse_fast.js: Can't follow symlink without -L/--copy-links
2026/08/08 17:28:07 NOTICE: Backups/rotacao_trindade_v4_20260718_220604/projeto/inbox_trindade/antigravity_desktop.md: Can't follow symlink without -L/--copy-links
2026/08/08 17:28:07 NOTICE: Backups/rotacao_trindade_v4_20260718_220604/projeto/inbox_trindade/scraper_tse_modals3.js: Can't follow symlink without -L/--copy-links
2026/08/08 17:28:07 NOTICE: Backups/rotacao_trindade_v4_20260718_220604/projeto/inbox_trindade/pesqele_results.png: Can't follow symlink without -L/--copy-links
2026/08/08 17:28:07 NOTICE: Backups/rotacao_trindade_v4_20260718_220604/projeto/inbox_trindade/grok_coding.md: Can't follow symlink without -L/--copy-links
2026/08/08 17:28:07 NOTICE: Backups/rotacao_trindade_v4_20260718_220604/projeto/inbox_trindade/miguel.md: Can't follow symlink without -L/--copy-links
2026/08/08 17:28:07 NOTICE: Backups/rotacao_trindade_v4_20260718_220604/projeto/inbox_trindade/scraper_tse_full.js: Can't follow symlink without -L/--copy-links
2026/08/08 17:28:07 NOTICE: Backups/rotacao_trindade_v4_20260718_220604/projeto/inbox_trindade/glm_coding.md: Can't follow symlink without -L/--copy-links
2026/08/08 17:28:07 NOTICE: Backups/rotacao_trindade_v4_20260718_220604/projeto/inbox_trindade/parser_tse_quaest_fixed.js: Can't follow symlink without -L/--copy-links
2026/08/08 17:28:07 NOTICE: Backups/rotacao_trindade_v4_20260718_220604/projeto/inbox_trindade/scraper_tse5.js: Can't follow symlink without -L/--copy-links
2026/08/08 17:28:07 NOTICE: Backups/rotacao_trindade_v4_20260718_220604/projeto/inbox_trindade/parser_tse_quaest.js: Can't follow symlink without -L/--copy-links
2026/08/08 17:28:07 NOTICE: Backups/rotacao_trindade_v4_20260718_220604/projeto/inbox_trindade/gerar_pdfs.py: Can't follow symlink without -L/--copy-links
2026/08/08 17:28:07 NOTICE: Backups/rotacao_trindade_v4_20260718_220604/projeto/inbox_trindade/materia_eidas_diagramada.html: Can't follow symlink without -L/--copy-links
2026/08/08 17:28:07 NOTICE: Backups/rotacao_trindade_v4_20260718_220604/projeto/inbox_trindade/pesqele_results_body.txt: Can't follow symlink without -L/--copy-links
2026/08/08 17:28:07 NOTICE: Backups/rotacao_trindade_v4_20260718_220604/projeto/inbox_trindade/pesquisas_tse_2026_todas.json: Can't follow symlink without -L/--copy-links
2026/08/08 17:28:07 NOTICE: Backups/rotacao_trindade_v4_20260718_220604/projeto/inbox_trindade/pesquisas_tse_2026_raw_modals.json: Can't follow symlink without -L/--copy-links
2026/08/08 17:28:07 NOTICE: Backups/rotacao_trindade_v4_20260718_220604/projeto/inbox_trindade/scraper_tse.js: Can't follow symlink without -L/--copy-links
2026/08/08 17:28:07 NOTICE: Backups/rotacao_trindade_v4_20260718_220604/projeto/inbox_trindade/detalhar_page.txt: Can't follow symlink without -L/--copy-links
2026/08/08 17:28:07 NOTICE: Backups/rotacao_trindade_v4_20260718_220604/projeto/inbox_trindade/apresentacao_eidas.html: Can't follow symlink without -L/--copy-links
2026/08/08 17:28:07 NOTICE: Backups/rotacao_trindade_v4_20260718_220604/projeto/inbox_trindade/pesqele_html.txt: Can't follow symlink without -L/--copy-links
2026/08/08 17:28:07 NOTICE: Backups/rotacao_trindade_v4_20260718_220604/projeto/inbox_trindade/vibe_mistral_cli.md: Can't follow symlink without -L/--copy-links
2026/08/08 17:28:07 NOTICE: Backups/rotacao_trindade_v4_20260718_220604/projeto/inbox_trindade/pesqele_data.json: Can't follow symlink without -L/--copy-links
2026/08/08 17:28:07 NOTICE: Backups/rotacao_trindade_v4_20260718_220604/projeto/inbox_trindade/find_institutes.js: Can't follow symlink without -L/--copy-links
2026/08/08 17:28:07 NOTICE: Backups/rotacao_trindade_v4_20260718_220604/projeto/inbox_trindade/scraper_tse3.js: Can't follow symlink without -L/--copy-links
2026/08/08 17:28:07 NOTICE: Backups/rotacao_trindade_v4_20260718_220604/projeto/inbox_trindade/pesqele_form_html.txt: Can't follow symlink without -L/--copy-links
2026/08/08 17:28:12 NOTICE: Foruns/v4_labs_espelhos/contratos_v4_gsn_espelho_ingles_v1.md: Can't follow symlink without -L/--copy-links
2026/08/08 17:28:12 NOTICE: Foruns/v4_labs_espelhos/contratos_v4_cultura_v1.md: Can't follow symlink without -L/--copy-links
2026/08/08 17:28:12 NOTICE: Foruns/v4_labs_espelhos/v4_memoria_carta_gpt56pro_autocura_imagens_v4_20260714.md: Can't follow symlink without -L/--copy-links
2026/08/08 17:28:12 NOTICE: Foruns/v4_labs_espelhos/v4_memoria_forum_retomada_v4_imagens_drafts_20260716.md: Can't follow symlink without -L/--copy-links
2026/08/08 17:28:12 NOTICE: Foruns/v4_labs_espelhos/labs_forum_autocura_imagens_v4_20260714.md: Can't follow symlink without -L/--copy-links
2026/08/08 17:28:12 NOTICE: Foruns/v4_labs_espelhos/contratos_v4_ciencia_tecnologia_ia_v1.md: Can't follow symlink without -L/--copy-links
2026/08/08 17:28:12 NOTICE: Foruns/v4_labs_espelhos/v4_memoria_forum_autocura_imagens_v4_20260714.md: Can't follow symlink without -L/--copy-links
2026/08/08 17:28:12 NOTICE: Foruns/v4_labs_espelhos/labs_MANIFESTO.md: Can't follow symlink without -L/--copy-links
2026/08/08 17:28:12 NOTICE: Foruns/v4_labs_espelhos/contratos_v4_internacional_v1.md: Can't follow symlink without -L/--copy-links
2026/08/08 17:28:12 NOTICE: Foruns/v4_labs_espelhos/contratos_v4_nucleo_editorial_comum_v1.md: Can't follow symlink without -L/--copy-links
2026/08/08 17:28:12 NOTICE: Foruns/v4_labs_espelhos/contratos_v4_nucleo_editorial_comum_v2.md: Can't follow symlink without -L/--copy-links
2026/08/08 17:28:12 NOTICE: Foruns/v4_labs_espelhos/v4_memoria_MANIFESTO_PATCH_GPT56PRO_20260714.md: Can't follow symlink without -L/--copy-links
2026/08/08 17:28:12 NOTICE: Foruns/v4_labs_espelhos/contratos_v4_nucleo_editorial_redacao_v1.md: Can't follow symlink without -L/--copy-links
2026/08/08 17:28:12 NOTICE: Foruns/v4_labs_espelhos/v4_memoria_forum_arquitetura_cafezinho_media_group_v4_20260715.md: Can't follow symlink without -L/--copy-links
2026/08/08 17:28:12 NOTICE: Foruns/v4_labs_espelhos/contratos_v4_repetidor_v1.md: Can't follow symlink without -L/--copy-links
2026/08/08 17:28:12 NOTICE: Foruns/v4_labs_espelhos/contratos_forum_v4_qualidade_editorial_ciencia_ia_20260712.md: Can't follow symlink without -L/--copy-links
2026/08/08 17:28:12 NOTICE: Foruns/v4_labs_espelhos/v4_memoria_forum_retomada_v4_imagens_drafts_20260716_run14.md: Can't follow symlink without -L/--copy-links
2026/08/08 17:28:12 NOTICE: Foruns/v4_labs_espelhos/v4_memoria_forum_imagens_261602_20260714.md: Can't follow symlink without -L/--copy-links
2026/08/08 17:28:12 NOTICE: Foruns/v4_labs_espelhos/contratos_v4_politica_economia_v1.md: Can't follow symlink without -L/--copy-links
2026/08/08 17:28:12 NOTICE: Foruns/v4_labs_espelhos/v4_memoria_forum_retomada_v4_imagens_drafts_20260716_run6.md: Can't follow symlink without -L/--copy-links
2026/08/08 17:28:12 NOTICE: Foruns/v4_labs_espelhos/v4_memoria_forum_retomada_v4_imagens_drafts_20260716_run11.md: Can't follow symlink without -L/--copy-links
2026/08/08 17:28:12 NOTICE: Foruns/v4_labs_espelhos/v4_memoria_forum_resposta_gpt56pro_autocura_imagens_v4_20260714.md: Can't follow symlink without -L/--copy-links
2026/08/08 17:28:12 NOTICE: Foruns/v4_labs_espelhos/v4_memoria_forum_retomada_v4_imagens_drafts_20260716_run9.md: Can't follow symlink without -L/--copy-links
2026/08/08 17:28:28 INFO  :    16.252 MiB / 16.252 MiB, 100%, 449.146 KiB/s, ETA 0s
2026/08/08 17:28:37 NOTICE: Backups/backup_cerebro_20260728_164635/Foruns/v4_labs_espelhos/contratos_v4_gsn_espelho_ingles_v1.md: Can't follow symlink without -L/--copy-links
2026/08/08 17:28:37 NOTICE: Backups/backup_cerebro_20260728_164635/Foruns/v4_labs_espelhos/contratos_v4_cultura_v1.md: Can't follow symlink without -L/--copy-links
2026/08/08 17:28:37 NOTICE: Backups/backup_cerebro_20260728_164635/Foruns/v4_labs_espelhos/v4_memoria_carta_gpt56pro_autocura_imagens_v4_20260714.md: Can't follow symlink without -L/--copy-links
2026/08/08 17:28:37 NOTICE: Backups/backup_cerebro_20260728_164635/Foruns/v4_labs_espelhos/v4_memoria_forum_retomada_v4_imagens_drafts_20260716.md: Can't follow symlink without -L/--copy-links
2026/08/08 17:28:37 NOTICE: Backups/backup_cerebro_20260728_164635/Foruns/v4_labs_espelhos/labs_forum_autocura_imagens_v4_20260714.md: Can't follow symlink without -L/--copy-links
2026/08/08 17:28:37 NOTICE: Backups/backup_cerebro_20260728_164635/Foruns/v4_labs_espelhos/contratos_v4_ciencia_tecnologia_ia_v1.md: Can't follow symlink without -L/--copy-links
2026/08/08 17:28:37 NOTICE: Backups/backup_cerebro_20260728_164635/Foruns/v4_labs_espelhos/v4_memoria_forum_autocura_imagens_v4_20260714.md: Can't follow symlink without -L/--copy-links
2026/08/08 17:28:37 NOTICE: Backups/backup_cerebro_20260728_164635/Foruns/v4_labs_espelhos/labs_MANIFESTO.md: Can't follow symlink without -L/--copy-links
2026/08/08 17:28:37 NOTICE: Backups/backup_cerebro_20260728_164635/Foruns/v4_labs_espelhos/contratos_v4_internacional_v1.md: Can't follow symlink without -L/--copy-links
2026/08/08 17:28:37 NOTICE: Backups/backup_cerebro_20260728_164635/Foruns/v4_labs_espelhos/contratos_v4_nucleo_editorial_comum_v1.md: Can't follow symlink without -L/--copy-links
2026/08/08 17:28:37 NOTICE: Backups/backup_cerebro_20260728_164635/Foruns/v4_labs_espelhos/contratos_v4_nucleo_editorial_comum_v2.md: Can't follow symlink without -L/--copy-links
2026/08/08 17:28:37 NOTICE: Backups/backup_cerebro_20260728_164635/Foruns/v4_labs_espelhos/v4_memoria_MANIFESTO_PATCH_GPT56PRO_20260714.md: Can't follow symlink without -L/--copy-links
2026/08/08 17:28:37 NOTICE: Backups/backup_cerebro_20260728_164635/Foruns/v4_labs_espelhos/contratos_v4_nucleo_editorial_redacao_v1.md: Can't follow symlink without -L/--copy-links
2026/08/08 17:28:37 NOTICE: Backups/backup_cerebro_20260728_164635/Foruns/v4_labs_espelhos/v4_memoria_forum_arquitetura_cafezinho_media_group_v4_20260715.md: Can't follow symlink without -L/--copy-links
2026/08/08 17:28:37 NOTICE: Backups/backup_cerebro_20260728_164635/Foruns/v4_labs_espelhos/contratos_v4_repetidor_v1.md: Can't follow symlink without -L/--copy-links
2026/08/08 17:28:37 NOTICE: Backups/backup_cerebro_20260728_164635/Foruns/v4_labs_espelhos/contratos_forum_v4_qualidade_editorial_ciencia_ia_20260712.md: Can't follow symlink without -L/--copy-links
2026/08/08 17:28:37 NOTICE: Backups/backup_cerebro_20260728_164635/Foruns/v4_labs_espelhos/v4_memoria_forum_retomada_v4_imagens_drafts_20260716_run14.md: Can't follow symlink without -L/--copy-links
2026/08/08 17:28:37 NOTICE: Backups/backup_cerebro_20260728_164635/Foruns/v4_labs_espelhos/v4_memoria_forum_imagens_261602_20260714.md: Can't follow symlink without -L/--copy-links
2026/08/08 17:28:37 NOTICE: Backups/backup_cerebro_20260728_164635/Foruns/v4_labs_espelhos/contratos_v4_politica_economia_v1.md: Can't follow symlink without -L/--copy-links
2026/08/08 17:28:37 NOTICE: Backups/backup_cerebro_20260728_164635/Foruns/v4_labs_espelhos/v4_memoria_forum_retomada_v4_imagens_drafts_20260716_run6.md: Can't follow symlink without -L/--copy-links
2026/08/08 17:28:37 NOTICE: Backups/backup_cerebro_20260728_164635/Foruns/v4_labs_espelhos/v4_memoria_forum_retomada_v4_imagens_drafts_20260716_run11.md: Can't follow symlink without -L/--copy-links
2026/08/08 17:28:37 NOTICE: Backups/backup_cerebro_20260728_164635/Foruns/v4_labs_espelhos/v4_memoria_forum_resposta_gpt56pro_autocura_imagens_v4_20260714.md: Can't follow symlink without -L/--copy-links
2026/08/08 17:28:37 NOTICE: Backups/backup_cerebro_20260728_164635/Foruns/v4_labs_espelhos/v4_memoria_forum_retomada_v4_imagens_drafts_20260716_run9.md: Can't follow symlink without -L/--copy-links
2026/08/08 17:28:41 INFO  : backup_total_2026/logs: Set directory modification time (using SetModTime)
2026/08/08 17:28:41 INFO  : backup_total_2026: Set directory modification time (using SetModTime)
2026/08/08 17:28:41 ERROR : Attempt 2/3 failed with 1 errors and: Post "https://www.googleapis.com/upload/drive/v3/files?alt=json&fields=id%2Cname%2Csize%2Cmd5Checksum%2Csha1Checksum%2Csha256Checksum%2Ctrashed%2CexplicitlyTrashed%2CmodifiedTime%2CcreatedTime%2CmimeType%2Cparents%2CwebViewLink%2CshortcutDetails%2CexportLinks%2CresourceKey&keepRevisionForever=false&prettyPrint=false&supportsAllDrives=true&uploadType=multipart": googleapi: Copy failed: can't copy - source file is being updated (size changed from 30568 to 30919)
2026/08/08 17:28:42 INFO  : Memorias: Set directory modification time (using SetModTime)
2026/08/08 17:28:43 INFO  : backup_total_2026: Set directory modification time (using SetModTime)
2026/08/08 17:28:45 NOTICE: Backups/limpeza_comunicacao_reforma_v4_20260717_131257/inbox_trindade_antes/antigravity_desktop.md: Can't follow symlink without -L/--copy-links
2026/08/08 17:28:45 ERROR : backup_total_2026/logs/C16.log: Failed to copy: Post "https://www.googleapis.com/upload/drive/v3/files?alt=json&fields=id%2Cname%2Csize%2Cmd5Checksum%2Csha1Checksum%2Csha256Checksum%2Ctrashed%2CexplicitlyTrashed%2CmodifiedTime%2CcreatedTime%2CmimeType%2Cparents%2CwebViewLink%2CshortcutDetails%2CexportLinks%2CresourceKey&keepRevisionForever=false&prettyPrint=false&supportsAllDrives=true&uploadType=multipart": googleapi: Copy failed: can't copy - source file is being updated (size changed from 50944 to 51117)
2026/08/08 17:28:45 NOTICE: Backups/reforma_v4_abertura_sprint_20260717_1042/inbox_trindade_antes_da_limpeza/antigravity_desktop.md: Can't follow symlink without -L/--copy-links
2026/08/08 17:28:45 INFO  : Memorias/memoria_backup_total_2026.md: Copied (replaced existing)
2026/08/08 17:28:45 INFO  : backup_total_2026/ESTADO.md: Copied (replaced existing)
2026/08/08 17:28:46 NOTICE: Backups/rotacao_trindade_v4_20260718_220604/projeto/inbox_trindade/pesquisas_tse_2026_tabela.csv: Can't follow symlink without -L/--copy-links
2026/08/08 17:28:46 NOTICE: Backups/rotacao_trindade_v4_20260718_220604/projeto/inbox_trindade/pesquisas_tse_2026_detalhes.json: Can't follow symlink without -L/--copy-links
2026/08/08 17:28:46 NOTICE: Backups/rotacao_trindade_v4_20260718_220604/projeto/inbox_trindade/pesqele_results_html.txt: Can't follow symlink without -L/--copy-links
2026/08/08 17:28:46 NOTICE: Backups/rotacao_trindade_v4_20260718_220604/projeto/inbox_trindade/publicar_pagina_direitos.py: Can't follow symlink without -L/--copy-links
2026/08/08 17:28:46 NOTICE: Backups/rotacao_trindade_v4_20260718_220604/projeto/inbox_trindade/test_quaest.js: Can't follow symlink without -L/--copy-links
2026/08/08 17:28:46 NOTICE: Backups/rotacao_trindade_v4_20260718_220604/projeto/inbox_trindade/pesquisas_tse_2026_todas_br.json: Can't follow symlink without -L/--copy-links
2026/08/08 17:28:46 NOTICE: Backups/rotacao_trindade_v4_20260718_220604/projeto/inbox_trindade/scraper_tse6.js: Can't follow symlink without -L/--copy-links
2026/08/08 17:28:46 NOTICE: Backups/rotacao_trindade_v4_20260718_220604/projeto/inbox_trindade/scraper_tse_custos.js: Can't follow symlink without -L/--copy-links
2026/08/08 17:28:46 NOTICE: Backups/rotacao_trindade_v4_20260718_220604/projeto/inbox_trindade/apresentacao_eidas.pdf: Can't follow symlink without -L/--copy-links
2026/08/08 17:28:46 NOTICE: Backups/rotacao_trindade_v4_20260718_220604/projeto/inbox_trindade/qwen_coding.md: Can't follow symlink without -L/--copy-links
2026/08/08 17:28:46 NOTICE: Backups/rotacao_trindade_v4_20260718_220604/projeto/inbox_trindade/pesqele_search_html.txt: Can't follow symlink without -L/--copy-links
2026/08/08 17:28:46 NOTICE: Backups/rotacao_trindade_v4_20260718_220604/projeto/inbox_trindade/pesqele_search_body.txt: Can't follow symlink without -L/--copy-links
2026/08/08 17:28:46 NOTICE: Backups/rotacao_trindade_v4_20260718_220604/projeto/inbox_trindade/scraper_tse_form.js: Can't follow symlink without -L/--copy-links
2026/08/08 17:28:46 NOTICE: Backups/rotacao_trindade_v4_20260718_220604/projeto/inbox_trindade/scraper_tse2.js: Can't follow symlink without -L/--copy-links
2026/08/08 17:28:46 NOTICE: Backups/rotacao_trindade_v4_20260718_220604/projeto/inbox_trindade/ming.md: Can't follow symlink without -L/--copy-links
2026/08/08 17:28:46 NOTICE: Backups/rotacao_trindade_v4_20260718_220604/projeto/inbox_trindade/pesquisas_tse_2026_processadas.json: Can't follow symlink without -L/--copy-links
2026/08/08 17:28:46 NOTICE: Backups/rotacao_trindade_v4_20260718_220604/projeto/inbox_trindade/resumo_pesquisas.json: Can't follow symlink without -L/--copy-links
2026/08/08 17:28:46 NOTICE: Backups/rotacao_trindade_v4_20260718_220604/projeto/inbox_trindade/pedido_ponto_de_retomada_20260628.md: Can't follow symlink without -L/--copy-links
2026/08/08 17:28:46 NOTICE: Backups/rotacao_trindade_v4_20260718_220604/projeto/inbox_trindade/scraper_tse_modals2.js: Can't follow symlink without -L/--copy-links
2026/08/08 17:28:46 NOTICE: Backups/rotacao_trindade_v4_20260718_220604/projeto/inbox_trindade/scraper_tse_todas_br.js: Can't follow symlink without -L/--copy-links
2026/08/08 17:28:46 NOTICE: Backups/rotacao_trindade_v4_20260718_220604/projeto/inbox_trindade/detalhar_page_html.txt: Can't follow symlink without -L/--copy-links
2026/08/08 17:28:46 NOTICE: Backups/rotacao_trindade_v4_20260718_220604/projeto/inbox_trindade/pesquisas_tse_2026.json: Can't follow symlink without -L/--copy-links
2026/08/08 17:28:46 NOTICE: Backups/rotacao_trindade_v4_20260718_220604/projeto/inbox_trindade/package.json: Can't follow symlink without -L/--copy-links
2026/08/08 17:28:46 NOTICE: Backups/rotacao_trindade_v4_20260718_220604/projeto/inbox_trindade/analise_ipca15_junho2026.md: Can't follow symlink without -L/--copy-links
2026/08/08 17:28:46 NOTICE: Backups/rotacao_trindade_v4_20260718_220604/projeto/inbox_trindade/package-lock.json: Can't follow symlink without -L/--copy-links
2026/08/08 17:28:46 NOTICE: Backups/rotacao_trindade_v4_20260718_220604/projeto/inbox_trindade/README.md: Can't follow symlink without -L/--copy-links
2026/08/08 17:28:46 NOTICE: Backups/rotacao_trindade_v4_20260718_220604/projeto/inbox_trindade/scraper_tse_detalhar_test.js: Can't follow symlink without -L/--copy-links
2026/08/08 17:28:46 NOTICE: Backups/rotacao_trindade_v4_20260718_220604/projeto/inbox_trindade/quaest_ipec.json: Can't follow symlink without -L/--copy-links
2026/08/08 17:28:46 NOTICE: Backups/rotacao_trindade_v4_20260718_220604/projeto/inbox_trindade/pesqele_home.png: Can't follow symlink without -L/--copy-links
2026/08/08 17:28:46 NOTICE: Backups/rotacao_trindade_v4_20260718_220604/projeto/inbox_trindade/scraper_tse_detalhes.js: Can't follow symlink without -L/--copy-links
2026/08/08 17:28:46 NOTICE: Backups/rotacao_trindade_v4_20260718_220604/projeto/inbox_trindade/pesquisas_tse_2026_full.json: Can't follow symlink without -L/--copy-links
2026/08/08 17:28:46 NOTICE: Backups/rotacao_trindade_v4_20260718_220604/projeto/inbox_trindade/pesqele_search.png: Can't follow symlink without -L/--copy-links
2026/08/08 17:28:46 NOTICE: Backups/rotacao_trindade_v4_20260718_220604/projeto/inbox_trindade/agy_cli.md: Can't follow symlink without -L/--copy-links
2026/08/08 17:28:46 NOTICE: Backups/rotacao_trindade_v4_20260718_220604/projeto/inbox_trindade/pesqele_body.txt: Can't follow symlink without -L/--copy-links
2026/08/08 17:28:46 NOTICE: Backups/rotacao_trindade_v4_20260718_220604/projeto/inbox_trindade/scraper_tse4.js: Can't follow symlink without -L/--copy-links
2026/08/08 17:28:46 NOTICE: Backups/rotacao_trindade_v4_20260718_220604/projeto/inbox_trindade/scraper_tse_paginator.js: Can't follow symlink without -L/--copy-links
2026/08/08 17:28:46 NOTICE: Backups/rotacao_trindade_v4_20260718_220604/projeto/inbox_trindade/materia_eidas_diagramada.pdf: Can't follow symlink without -L/--copy-links
2026/08/08 17:28:46 NOTICE: Backups/rotacao_trindade_v4_20260718_220604/projeto/inbox_trindade/parser_tse.js: Can't follow symlink without -L/--copy-links
2026/08/08 17:28:46 NOTICE: Backups/rotacao_trindade_v4_20260718_220604/projeto/inbox_trindade/materia_eidas_20260630.md: Can't follow symlink without -L/--copy-links
2026/08/08 17:28:46 NOTICE: Backups/rotacao_trindade_v4_20260718_220604/projeto/inbox_trindade/relatorio_pesquisas_2026.md: Can't follow symlink without -L/--copy-links
2026/08/08 17:28:46 NOTICE: Backups/rotacao_trindade_v4_20260718_220604/projeto/inbox_trindade/scraper_tse_isolated.js: Can't follow symlink without -L/--copy-links
2026/08/08 17:28:46 NOTICE: Backups/rotacao_trindade_v4_20260718_220604/projeto/inbox_trindade/scraper_tse_modals.js: Can't follow symlink without -L/--copy-links
2026/08/08 17:28:46 NOTICE: Backups/rotacao_trindade_v4_20260718_220604/projeto/inbox_trindade/scraper_tse_fast.js: Can't follow symlink without -L/--copy-links
2026/08/08 17:28:46 NOTICE: Backups/rotacao_trindade_v4_20260718_220604/projeto/inbox_trindade/antigravity_desktop.md: Can't follow symlink without -L/--copy-links
2026/08/08 17:28:46 NOTICE: Backups/rotacao_trindade_v4_20260718_220604/projeto/inbox_trindade/scraper_tse_modals3.js: Can't follow symlink without -L/--copy-links
2026/08/08 17:28:46 NOTICE: Backups/rotacao_trindade_v4_20260718_220604/projeto/inbox_trindade/pesqele_results.png: Can't follow symlink without -L/--copy-links
2026/08/08 17:28:46 NOTICE: Backups/rotacao_trindade_v4_20260718_220604/projeto/inbox_trindade/grok_coding.md: Can't follow symlink without -L/--copy-links
2026/08/08 17:28:46 NOTICE: Backups/rotacao_trindade_v4_20260718_220604/projeto/inbox_trindade/miguel.md: Can't follow symlink without -L/--copy-links
2026/08/08 17:28:46 NOTICE: Backups/rotacao_trindade_v4_20260718_220604/projeto/inbox_trindade/scraper_tse_full.js: Can't follow symlink without -L/--copy-links
2026/08/08 17:28:46 NOTICE: Backups/rotacao_trindade_v4_20260718_220604/projeto/inbox_trindade/glm_coding.md: Can't follow symlink without -L/--copy-links
2026/08/08 17:28:46 NOTICE: Backups/rotacao_trindade_v4_20260718_220604/projeto/inbox_trindade/parser_tse_quaest_fixed.js: Can't follow symlink without -L/--copy-links
2026/08/08 17:28:46 NOTICE: Backups/rotacao_trindade_v4_20260718_220604/projeto/inbox_trindade/scraper_tse5.js: Can't follow symlink without -L/--copy-links
2026/08/08 17:28:46 NOTICE: Backups/rotacao_trindade_v4_20260718_220604/projeto/inbox_trindade/parser_tse_quaest.js: Can't follow symlink without -L/--copy-links
2026/08/08 17:28:46 NOTICE: Backups/rotacao_trindade_v4_20260718_220604/projeto/inbox_trindade/gerar_pdfs.py: Can't follow symlink without -L/--copy-links
2026/08/08 17:28:46 NOTICE: Backups/rotacao_trindade_v4_20260718_220604/projeto/inbox_trindade/materia_eidas_diagramada.html: Can't follow symlink without -L/--copy-links
2026/08/08 17:28:46 NOTICE: Backups/rotacao_trindade_v4_20260718_220604/projeto/inbox_trindade/pesqele_results_body.txt: Can't follow symlink without -L/--copy-links
2026/08/08 17:28:46 NOTICE: Backups/rotacao_trindade_v4_20260718_220604/projeto/inbox_trindade/pesquisas_tse_2026_todas.json: Can't follow symlink without -L/--copy-links
2026/08/08 17:28:46 NOTICE: Backups/rotacao_trindade_v4_20260718_220604/projeto/inbox_trindade/pesquisas_tse_2026_raw_modals.json: Can't follow symlink without -L/--copy-links
2026/08/08 17:28:46 NOTICE: Backups/rotacao_trindade_v4_20260718_220604/projeto/inbox_trindade/scraper_tse.js: Can't follow symlink without -L/--copy-links
2026/08/08 17:28:46 NOTICE: Backups/rotacao_trindade_v4_20260718_220604/projeto/inbox_trindade/detalhar_page.txt: Can't follow symlink without -L/--copy-links
2026/08/08 17:28:46 NOTICE: Backups/rotacao_trindade_v4_20260718_220604/projeto/inbox_trindade/apresentacao_eidas.html: Can't follow symlink without -L/--copy-links
2026/08/08 17:28:46 NOTICE: Backups/rotacao_trindade_v4_20260718_220604/projeto/inbox_trindade/pesqele_html.txt: Can't follow symlink without -L/--copy-links
2026/08/08 17:28:46 NOTICE: Backups/rotacao_trindade_v4_20260718_220604/projeto/inbox_trindade/vibe_mistral_cli.md: Can't follow symlink without -L/--copy-links
2026/08/08 17:28:46 NOTICE: Backups/rotacao_trindade_v4_20260718_220604/projeto/inbox_trindade/pesqele_data.json: Can't follow symlink without -L/--copy-links
2026/08/08 17:28:46 NOTICE: Backups/rotacao_trindade_v4_20260718_220604/projeto/inbox_trindade/find_institutes.js: Can't follow symlink without -L/--copy-links
2026/08/08 17:28:46 NOTICE: Backups/rotacao_trindade_v4_20260718_220604/projeto/inbox_trindade/scraper_tse3.js: Can't follow symlink without -L/--copy-links
2026/08/08 17:28:46 NOTICE: Backups/rotacao_trindade_v4_20260718_220604/projeto/inbox_trindade/pesqele_form_html.txt: Can't follow symlink without -L/--copy-links
2026/08/08 17:28:48 NOTICE: Foruns/v4_labs_espelhos/contratos_v4_gsn_espelho_ingles_v1.md: Can't follow symlink without -L/--copy-links
2026/08/08 17:28:48 NOTICE: Foruns/v4_labs_espelhos/contratos_v4_cultura_v1.md: Can't follow symlink without -L/--copy-links
2026/08/08 17:28:48 NOTICE: Foruns/v4_labs_espelhos/v4_memoria_carta_gpt56pro_autocura_imagens_v4_20260714.md: Can't follow symlink without -L/--copy-links
2026/08/08 17:28:48 NOTICE: Foruns/v4_labs_espelhos/v4_memoria_forum_retomada_v4_imagens_drafts_20260716.md: Can't follow symlink without -L/--copy-links
2026/08/08 17:28:48 NOTICE: Foruns/v4_labs_espelhos/labs_forum_autocura_imagens_v4_20260714.md: Can't follow symlink without -L/--copy-links
2026/08/08 17:28:48 NOTICE: Foruns/v4_labs_espelhos/contratos_v4_ciencia_tecnologia_ia_v1.md: Can't follow symlink without -L/--copy-links
2026/08/08 17:28:48 NOTICE: Foruns/v4_labs_espelhos/v4_memoria_forum_autocura_imagens_v4_20260714.md: Can't follow symlink without -L/--copy-links
2026/08/08 17:28:48 NOTICE: Foruns/v4_labs_espelhos/labs_MANIFESTO.md: Can't follow symlink without -L/--copy-links
2026/08/08 17:28:48 NOTICE: Foruns/v4_labs_espelhos/contratos_v4_internacional_v1.md: Can't follow symlink without -L/--copy-links
2026/08/08 17:28:48 NOTICE: Foruns/v4_labs_espelhos/contratos_v4_nucleo_editorial_comum_v1.md: Can't follow symlink without -L/--copy-links
2026/08/08 17:28:48 NOTICE: Foruns/v4_labs_espelhos/contratos_v4_nucleo_editorial_comum_v2.md: Can't follow symlink without -L/--copy-links
2026/08/08 17:28:48 NOTICE: Foruns/v4_labs_espelhos/v4_memoria_MANIFESTO_PATCH_GPT56PRO_20260714.md: Can't follow symlink without -L/--copy-links
2026/08/08 17:28:48 NOTICE: Foruns/v4_labs_espelhos/contratos_v4_nucleo_editorial_redacao_v1.md: Can't follow symlink without -L/--copy-links
2026/08/08 17:28:48 NOTICE: Foruns/v4_labs_espelhos/v4_memoria_forum_arquitetura_cafezinho_media_group_v4_20260715.md: Can't follow symlink without -L/--copy-links
2026/08/08 17:28:48 NOTICE: Foruns/v4_labs_espelhos/contratos_v4_repetidor_v1.md: Can't follow symlink without -L/--copy-links
2026/08/08 17:28:48 NOTICE: Foruns/v4_labs_espelhos/contratos_forum_v4_qualidade_editorial_ciencia_ia_20260712.md: Can't follow symlink without -L/--copy-links
2026/08/08 17:28:48 NOTICE: Foruns/v4_labs_espelhos/v4_memoria_forum_retomada_v4_imagens_drafts_20260716_run14.md: Can't follow symlink without -L/--copy-links
2026/08/08 17:28:48 NOTICE: Foruns/v4_labs_espelhos/v4_memoria_forum_imagens_261602_20260714.md: Can't follow symlink without -L/--copy-links
2026/08/08 17:28:48 NOTICE: Foruns/v4_labs_espelhos/contratos_v4_politica_economia_v1.md: Can't follow symlink without -L/--copy-links
2026/08/08 17:28:48 NOTICE: Foruns/v4_labs_espelhos/v4_memoria_forum_retomada_v4_imagens_drafts_20260716_run6.md: Can't follow symlink without -L/--copy-links
2026/08/08 17:28:48 NOTICE: Foruns/v4_labs_espelhos/v4_memoria_forum_retomada_v4_imagens_drafts_20260716_run11.md: Can't follow symlink without -L/--copy-links
2026/08/08 17:28:48 NOTICE: Foruns/v4_labs_espelhos/v4_memoria_forum_resposta_gpt56pro_autocura_imagens_v4_20260714.md: Can't follow symlink without -L/--copy-links
2026/08/08 17:28:48 NOTICE: Foruns/v4_labs_espelhos/v4_memoria_forum_retomada_v4_imagens_drafts_20260716_run9.md: Can't follow symlink without -L/--copy-links
2026/08/08 17:28:49 NOTICE: Backups/backup_cerebro_20260728_164635/Foruns/v4_labs_espelhos/contratos_v4_gsn_espelho_ingles_v1.md: Can't follow symlink without -L/--copy-links
2026/08/08 17:28:49 NOTICE: Backups/backup_cerebro_20260728_164635/Foruns/v4_labs_espelhos/contratos_v4_cultura_v1.md: Can't follow symlink without -L/--copy-links
2026/08/08 17:28:49 NOTICE: Backups/backup_cerebro_20260728_164635/Foruns/v4_labs_espelhos/v4_memoria_carta_gpt56pro_autocura_imagens_v4_20260714.md: Can't follow symlink without -L/--copy-links
2026/08/08 17:28:49 NOTICE: Backups/backup_cerebro_20260728_164635/Foruns/v4_labs_espelhos/v4_memoria_forum_retomada_v4_imagens_drafts_20260716.md: Can't follow symlink without -L/--copy-links
2026/08/08 17:28:49 NOTICE: Backups/backup_cerebro_20260728_164635/Foruns/v4_labs_espelhos/labs_forum_autocura_imagens_v4_20260714.md: Can't follow symlink without -L/--copy-links
2026/08/08 17:28:49 NOTICE: Backups/backup_cerebro_20260728_164635/Foruns/v4_labs_espelhos/contratos_v4_ciencia_tecnologia_ia_v1.md: Can't follow symlink without -L/--copy-links
2026/08/08 17:28:49 NOTICE: Backups/backup_cerebro_20260728_164635/Foruns/v4_labs_espelhos/v4_memoria_forum_autocura_imagens_v4_20260714.md: Can't follow symlink without -L/--copy-links
2026/08/08 17:28:49 NOTICE: Backups/backup_cerebro_20260728_164635/Foruns/v4_labs_espelhos/labs_MANIFESTO.md: Can't follow symlink without -L/--copy-links
2026/08/08 17:28:49 NOTICE: Backups/backup_cerebro_20260728_164635/Foruns/v4_labs_espelhos/contratos_v4_internacional_v1.md: Can't follow symlink without -L/--copy-links
2026/08/08 17:28:49 NOTICE: Backups/backup_cerebro_20260728_164635/Foruns/v4_labs_espelhos/contratos_v4_nucleo_editorial_comum_v1.md: Can't follow symlink without -L/--copy-links
2026/08/08 17:28:49 NOTICE: Backups/backup_cerebro_20260728_164635/Foruns/v4_labs_espelhos/contratos_v4_nucleo_editorial_comum_v2.md: Can't follow symlink without -L/--copy-links
2026/08/08 17:28:49 NOTICE: Backups/backup_cerebro_20260728_164635/Foruns/v4_labs_espelhos/v4_memoria_MANIFESTO_PATCH_GPT56PRO_20260714.md: Can't follow symlink without -L/--copy-links
2026/08/08 17:28:49 NOTICE: Backups/backup_cerebro_20260728_164635/Foruns/v4_labs_espelhos/contratos_v4_nucleo_editorial_redacao_v1.md: Can't follow symlink without -L/--copy-links
2026/08/08 17:28:49 NOTICE: Backups/backup_cerebro_20260728_164635/Foruns/v4_labs_espelhos/v4_memoria_forum_arquitetura_cafezinho_media_group_v4_20260715.md: Can't follow symlink without -L/--copy-links
2026/08/08 17:28:49 NOTICE: Backups/backup_cerebro_20260728_164635/Foruns/v4_labs_espelhos/contratos_v4_repetidor_v1.md: Can't follow symlink without -L/--copy-links
2026/08/08 17:28:49 NOTICE: Backups/backup_cerebro_20260728_164635/Foruns/v4_labs_espelhos/contratos_forum_v4_qualidade_editorial_ciencia_ia_20260712.md: Can't follow symlink without -L/--copy-links
2026/08/08 17:28:49 NOTICE: Backups/backup_cerebro_20260728_164635/Foruns/v4_labs_espelhos/v4_memoria_forum_retomada_v4_imagens_drafts_20260716_run14.md: Can't follow symlink without -L/--copy-links
2026/08/08 17:28:49 NOTICE: Backups/backup_cerebro_20260728_164635/Foruns/v4_labs_espelhos/v4_memoria_forum_imagens_261602_20260714.md: Can't follow symlink without -L/--copy-links
2026/08/08 17:28:49 NOTICE: Backups/backup_cerebro_20260728_164635/Foruns/v4_labs_espelhos/contratos_v4_politica_economia_v1.md: Can't follow symlink without -L/--copy-links
2026/08/08 17:28:49 NOTICE: Backups/backup_cerebro_20260728_164635/Foruns/v4_labs_espelhos/v4_memoria_forum_retomada_v4_imagens_drafts_20260716_run6.md: Can't follow symlink without -L/--copy-links
2026/08/08 17:28:49 NOTICE: Backups/backup_cerebro_20260728_164635/Foruns/v4_labs_espelhos/v4_memoria_forum_retomada_v4_imagens_drafts_20260716_run11.md: Can't follow symlink without -L/--copy-links
2026/08/08 17:28:49 NOTICE: Backups/backup_cerebro_20260728_164635/Foruns/v4_labs_espelhos/v4_memoria_forum_resposta_gpt56pro_autocura_imagens_v4_20260714.md: Can't follow symlink without -L/--copy-links
2026/08/08 17:28:49 NOTICE: Backups/backup_cerebro_20260728_164635/Foruns/v4_labs_espelhos/v4_memoria_forum_retomada_v4_imagens_drafts_20260716_run9.md: Can't follow symlink without -L/--copy-links
2026/08/08 17:28:54 INFO  : backup_total_2026/logs: Set directory modification time (using SetModTime)
2026/08/08 17:28:54 INFO  : Memorias: Set directory modification time (using SetModTime)
2026/08/08 17:28:54 INFO  : backup_total_2026: Set directory modification time (using SetModTime)
2026/08/08 17:28:54 ERROR : Attempt 3/3 failed with 1 errors and: Post "https://www.googleapis.com/upload/drive/v3/files?alt=json&fields=id%2Cname%2Csize%2Cmd5Checksum%2Csha1Checksum%2Csha256Checksum%2Ctrashed%2CexplicitlyTrashed%2CmodifiedTime%2CcreatedTime%2CmimeType%2Cparents%2CwebViewLink%2CshortcutDetails%2CexportLinks%2CresourceKey&keepRevisionForever=false&prettyPrint=false&supportsAllDrives=true&uploadType=multipart": googleapi: Copy failed: can't copy - source file is being updated (size changed from 50944 to 51117)
2026/08/08 17:28:54 INFO  :    16.277 MiB / 16.277 MiB, 100%, 422.653 KiB/s, ETA 0s
2026/08/08 17:28:54 NOTICE: Failed to copy: Post "https://www.googleapis.com/upload/drive/v3/files?alt=json&fields=id%2Cname%2Csize%2Cmd5Checksum%2Csha1Checksum%2Csha256Checksum%2Ctrashed%2CexplicitlyTrashed%2CmodifiedTime%2CcreatedTime%2CmimeType%2Cparents%2CwebViewLink%2CshortcutDetails%2CexportLinks%2CresourceKey&keepRevisionForever=false&prettyPrint=false&supportsAllDrives=true&uploadType=multipart": googleapi: Copy failed: can't copy - source file is being updated (size changed from 50944 to 51117)
2026/08/08 17:53:28 INFO  : backup_total_2026/logs: Set directory modification time (using SetModTime)
2026/08/08 17:53:29 NOTICE: Backups/reforma_v4_abertura_sprint_20260717_1042/inbox_trindade_antes_da_limpeza/antigravity_desktop.md: Can't follow symlink without -L/--copy-links
2026/08/08 17:53:29 INFO  : Backups/vigilia_v5/2026-08-08: Set directory modification time (using SetModTime)
2026/08/08 17:53:31 INFO  : backup_total_2026/logs/C16.j1.stdout: Copied (replaced existing)
2026/08/08 17:53:31 INFO  : backup_total_2026/logs/C16_j2.sh: Copied (new)
2026/08/08 17:53:31 INFO  : backup_total_2026/logs/C16.j2.stdout: Copied (new)
2026/08/08 17:53:31 ERROR : backup_total_2026/logs/C16.log: corrupted on transfer: md5 hashes differ src(Local file system at /home/migueldorosario/Downloads/Antigravity Google/Cerebro) "093cea6b39bbcc04b2e6aab3f3a421cf" vs dst(Google drive root 'Workspace_Vivo/Cerebro') "e389e853dc4398d831e51914da2194fa"
2026/08/08 17:53:31 INFO  : backup_total_2026/logs/C16.log: Removing failed copy
2026/08/08 17:53:39 NOTICE: Foruns/v4_labs_espelhos/contratos_v4_gsn_espelho_ingles_v1.md: Can't follow symlink without -L/--copy-links
2026/08/08 17:53:39 NOTICE: Foruns/v4_labs_espelhos/contratos_v4_cultura_v1.md: Can't follow symlink without -L/--copy-links
2026/08/08 17:53:39 NOTICE: Foruns/v4_labs_espelhos/v4_memoria_carta_gpt56pro_autocura_imagens_v4_20260714.md: Can't follow symlink without -L/--copy-links
2026/08/08 17:53:39 NOTICE: Foruns/v4_labs_espelhos/v4_memoria_forum_retomada_v4_imagens_drafts_20260716.md: Can't follow symlink without -L/--copy-links
2026/08/08 17:53:39 NOTICE: Foruns/v4_labs_espelhos/labs_forum_autocura_imagens_v4_20260714.md: Can't follow symlink without -L/--copy-links
2026/08/08 17:53:39 NOTICE: Foruns/v4_labs_espelhos/contratos_v4_ciencia_tecnologia_ia_v1.md: Can't follow symlink without -L/--copy-links
2026/08/08 17:53:39 NOTICE: Foruns/v4_labs_espelhos/v4_memoria_forum_autocura_imagens_v4_20260714.md: Can't follow symlink without -L/--copy-links
2026/08/08 17:53:39 NOTICE: Foruns/v4_labs_espelhos/labs_MANIFESTO.md: Can't follow symlink without -L/--copy-links
2026/08/08 17:53:39 NOTICE: Foruns/v4_labs_espelhos/contratos_v4_internacional_v1.md: Can't follow symlink without -L/--copy-links
2026/08/08 17:53:39 NOTICE: Foruns/v4_labs_espelhos/contratos_v4_nucleo_editorial_comum_v1.md: Can't follow symlink without -L/--copy-links
2026/08/08 17:53:39 NOTICE: Foruns/v4_labs_espelhos/contratos_v4_nucleo_editorial_comum_v2.md: Can't follow symlink without -L/--copy-links
2026/08/08 17:53:39 NOTICE: Foruns/v4_labs_espelhos/v4_memoria_MANIFESTO_PATCH_GPT56PRO_20260714.md: Can't follow symlink without -L/--copy-links
2026/08/08 17:53:39 NOTICE: Foruns/v4_labs_espelhos/contratos_v4_nucleo_editorial_redacao_v1.md: Can't follow symlink without -L/--copy-links
2026/08/08 17:53:39 NOTICE: Foruns/v4_labs_espelhos/v4_memoria_forum_arquitetura_cafezinho_media_group_v4_20260715.md: Can't follow symlink without -L/--copy-links
2026/08/08 17:53:39 NOTICE: Foruns/v4_labs_espelhos/contratos_v4_repetidor_v1.md: Can't follow symlink without -L/--copy-links
2026/08/08 17:53:39 NOTICE: Foruns/v4_labs_espelhos/contratos_forum_v4_qualidade_editorial_ciencia_ia_20260712.md: Can't follow symlink without -L/--copy-links
2026/08/08 17:53:39 NOTICE: Foruns/v4_labs_espelhos/v4_memoria_forum_retomada_v4_imagens_drafts_20260716_run14.md: Can't follow symlink without -L/--copy-links
2026/08/08 17:53:39 NOTICE: Foruns/v4_labs_espelhos/v4_memoria_forum_imagens_261602_20260714.md: Can't follow symlink without -L/--copy-links
2026/08/08 17:53:39 NOTICE: Foruns/v4_labs_espelhos/contratos_v4_politica_economia_v1.md: Can't follow symlink without -L/--copy-links
2026/08/08 17:53:39 NOTICE: Foruns/v4_labs_espelhos/v4_memoria_forum_retomada_v4_imagens_drafts_20260716_run6.md: Can't follow symlink without -L/--copy-links
2026/08/08 17:53:39 NOTICE: Foruns/v4_labs_espelhos/v4_memoria_forum_retomada_v4_imagens_drafts_20260716_run11.md: Can't follow symlink without -L/--copy-links
2026/08/08 17:53:39 NOTICE: Foruns/v4_labs_espelhos/v4_memoria_forum_resposta_gpt56pro_autocura_imagens_v4_20260714.md: Can't follow symlink without -L/--copy-links
2026/08/08 17:53:39 NOTICE: Foruns/v4_labs_espelhos/v4_memoria_forum_retomada_v4_imagens_drafts_20260716_run9.md: Can't follow symlink without -L/--copy-links
2026/08/08 17:53:43 NOTICE: Backups/limpeza_comunicacao_reforma_v4_20260717_131257/inbox_trindade_antes/antigravity_desktop.md: Can't follow symlink without -L/--copy-links
2026/08/08 17:53:44 NOTICE: Backups/backup_cerebro_20260728_164635/Foruns/v4_labs_espelhos/contratos_v4_gsn_espelho_ingles_v1.md: Can't follow symlink without -L/--copy-links
2026/08/08 17:53:44 NOTICE: Backups/backup_cerebro_20260728_164635/Foruns/v4_labs_espelhos/contratos_v4_cultura_v1.md: Can't follow symlink without -L/--copy-links
2026/08/08 17:53:44 NOTICE: Backups/backup_cerebro_20260728_164635/Foruns/v4_labs_espelhos/v4_memoria_carta_gpt56pro_autocura_imagens_v4_20260714.md: Can't follow symlink without -L/--copy-links
2026/08/08 17:53:44 NOTICE: Backups/backup_cerebro_20260728_164635/Foruns/v4_labs_espelhos/v4_memoria_forum_retomada_v4_imagens_drafts_20260716.md: Can't follow symlink without -L/--copy-links
2026/08/08 17:53:44 NOTICE: Backups/backup_cerebro_20260728_164635/Foruns/v4_labs_espelhos/labs_forum_autocura_imagens_v4_20260714.md: Can't follow symlink without -L/--copy-links
2026/08/08 17:53:44 NOTICE: Backups/backup_cerebro_20260728_164635/Foruns/v4_labs_espelhos/contratos_v4_ciencia_tecnologia_ia_v1.md: Can't follow symlink without -L/--copy-links
2026/08/08 17:53:44 NOTICE: Backups/backup_cerebro_20260728_164635/Foruns/v4_labs_espelhos/v4_memoria_forum_autocura_imagens_v4_20260714.md: Can't follow symlink without -L/--copy-links
2026/08/08 17:53:44 NOTICE: Backups/backup_cerebro_20260728_164635/Foruns/v4_labs_espelhos/labs_MANIFESTO.md: Can't follow symlink without -L/--copy-links
2026/08/08 17:53:44 NOTICE: Backups/backup_cerebro_20260728_164635/Foruns/v4_labs_espelhos/contratos_v4_internacional_v1.md: Can't follow symlink without -L/--copy-links
2026/08/08 17:53:44 NOTICE: Backups/backup_cerebro_20260728_164635/Foruns/v4_labs_espelhos/contratos_v4_nucleo_editorial_comum_v1.md: Can't follow symlink without -L/--copy-links
2026/08/08 17:53:44 NOTICE: Backups/backup_cerebro_20260728_164635/Foruns/v4_labs_espelhos/contratos_v4_nucleo_editorial_comum_v2.md: Can't follow symlink without -L/--copy-links
2026/08/08 17:53:44 NOTICE: Backups/backup_cerebro_20260728_164635/Foruns/v4_labs_espelhos/v4_memoria_MANIFESTO_PATCH_GPT56PRO_20260714.md: Can't follow symlink without -L/--copy-links
2026/08/08 17:53:44 NOTICE: Backups/backup_cerebro_20260728_164635/Foruns/v4_labs_espelhos/contratos_v4_nucleo_editorial_redacao_v1.md: Can't follow symlink without -L/--copy-links
2026/08/08 17:53:44 NOTICE: Backups/backup_cerebro_20260728_164635/Foruns/v4_labs_espelhos/v4_memoria_forum_arquitetura_cafezinho_media_group_v4_20260715.md: Can't follow symlink without -L/--copy-links
2026/08/08 17:53:44 NOTICE: Backups/backup_cerebro_20260728_164635/Foruns/v4_labs_espelhos/contratos_v4_repetidor_v1.md: Can't follow symlink without -L/--copy-links
2026/08/08 17:53:44 NOTICE: Backups/backup_cerebro_20260728_164635/Foruns/v4_labs_espelhos/contratos_forum_v4_qualidade_editorial_ciencia_ia_20260712.md: Can't follow symlink without -L/--copy-links
2026/08/08 17:53:44 NOTICE: Backups/backup_cerebro_20260728_164635/Foruns/v4_labs_espelhos/v4_memoria_forum_retomada_v4_imagens_drafts_20260716_run14.md: Can't follow symlink without -L/--copy-links
2026/08/08 17:53:44 NOTICE: Backups/backup_cerebro_20260728_164635/Foruns/v4_labs_espelhos/v4_memoria_forum_imagens_261602_20260714.md: Can't follow symlink without -L/--copy-links
2026/08/08 17:53:44 NOTICE: Backups/backup_cerebro_20260728_164635/Foruns/v4_labs_espelhos/contratos_v4_politica_economia_v1.md: Can't follow symlink without -L/--copy-links
2026/08/08 17:53:44 NOTICE: Backups/backup_cerebro_20260728_164635/Foruns/v4_labs_espelhos/v4_memoria_forum_retomada_v4_imagens_drafts_20260716_run6.md: Can't follow symlink without -L/--copy-links
2026/08/08 17:53:44 NOTICE: Backups/backup_cerebro_20260728_164635/Foruns/v4_labs_espelhos/v4_memoria_forum_retomada_v4_imagens_drafts_20260716_run11.md: Can't follow symlink without -L/--copy-links
2026/08/08 17:53:44 NOTICE: Backups/backup_cerebro_20260728_164635/Foruns/v4_labs_espelhos/v4_memoria_forum_resposta_gpt56pro_autocura_imagens_v4_20260714.md: Can't follow symlink without -L/--copy-links
2026/08/08 17:53:44 NOTICE: Backups/backup_cerebro_20260728_164635/Foruns/v4_labs_espelhos/v4_memoria_forum_retomada_v4_imagens_drafts_20260716_run9.md: Can't follow symlink without -L/--copy-links
2026/08/08 17:53:44 NOTICE: Backups/rotacao_trindade_v4_20260718_220604/projeto/inbox_trindade/pesquisas_tse_2026_tabela.csv: Can't follow symlink without -L/--copy-links
2026/08/08 17:53:44 NOTICE: Backups/rotacao_trindade_v4_20260718_220604/projeto/inbox_trindade/pesquisas_tse_2026_detalhes.json: Can't follow symlink without -L/--copy-links
2026/08/08 17:53:44 NOTICE: Backups/rotacao_trindade_v4_20260718_220604/projeto/inbox_trindade/pesqele_results_html.txt: Can't follow symlink without -L/--copy-links
2026/08/08 17:53:44 NOTICE: Backups/rotacao_trindade_v4_20260718_220604/projeto/inbox_trindade/publicar_pagina_direitos.py: Can't follow symlink without -L/--copy-links
2026/08/08 17:53:44 NOTICE: Backups/rotacao_trindade_v4_20260718_220604/projeto/inbox_trindade/test_quaest.js: Can't follow symlink without -L/--copy-links
2026/08/08 17:53:44 NOTICE: Backups/rotacao_trindade_v4_20260718_220604/projeto/inbox_trindade/pesquisas_tse_2026_todas_br.json: Can't follow symlink without -L/--copy-links
2026/08/08 17:53:44 NOTICE: Backups/rotacao_trindade_v4_20260718_220604/projeto/inbox_trindade/scraper_tse6.js: Can't follow symlink without -L/--copy-links
2026/08/08 17:53:44 NOTICE: Backups/rotacao_trindade_v4_20260718_220604/projeto/inbox_trindade/scraper_tse_custos.js: Can't follow symlink without -L/--copy-links
2026/08/08 17:53:44 NOTICE: Backups/rotacao_trindade_v4_20260718_220604/projeto/inbox_trindade/apresentacao_eidas.pdf: Can't follow symlink without -L/--copy-links
2026/08/08 17:53:44 NOTICE: Backups/rotacao_trindade_v4_20260718_220604/projeto/inbox_trindade/qwen_coding.md: Can't follow symlink without -L/--copy-links
2026/08/08 17:53:44 NOTICE: Backups/rotacao_trindade_v4_20260718_220604/projeto/inbox_trindade/pesqele_search_html.txt: Can't follow symlink without -L/--copy-links
2026/08/08 17:53:44 NOTICE: Backups/rotacao_trindade_v4_20260718_220604/projeto/inbox_trindade/pesqele_search_body.txt: Can't follow symlink without -L/--copy-links
2026/08/08 17:53:44 NOTICE: Backups/rotacao_trindade_v4_20260718_220604/projeto/inbox_trindade/scraper_tse_form.js: Can't follow symlink without -L/--copy-links
2026/08/08 17:53:44 NOTICE: Backups/rotacao_trindade_v4_20260718_220604/projeto/inbox_trindade/scraper_tse2.js: Can't follow symlink without -L/--copy-links
2026/08/08 17:53:44 NOTICE: Backups/rotacao_trindade_v4_20260718_220604/projeto/inbox_trindade/ming.md: Can't follow symlink without -L/--copy-links
2026/08/08 17:53:44 NOTICE: Backups/rotacao_trindade_v4_20260718_220604/projeto/inbox_trindade/pesquisas_tse_2026_processadas.json: Can't follow symlink without -L/--copy-links
2026/08/08 17:53:44 NOTICE: Backups/rotacao_trindade_v4_20260718_220604/projeto/inbox_trindade/resumo_pesquisas.json: Can't follow symlink without -L/--copy-links
2026/08/08 17:53:44 NOTICE: Backups/rotacao_trindade_v4_20260718_220604/projeto/inbox_trindade/pedido_ponto_de_retomada_20260628.md: Can't follow symlink without -L/--copy-links
2026/08/08 17:53:44 NOTICE: Backups/rotacao_trindade_v4_20260718_220604/projeto/inbox_trindade/scraper_tse_modals2.js: Can't follow symlink without -L/--copy-links
2026/08/08 17:53:44 NOTICE: Backups/rotacao_trindade_v4_20260718_220604/projeto/inbox_trindade/scraper_tse_todas_br.js: Can't follow symlink without -L/--copy-links
2026/08/08 17:53:44 NOTICE: Backups/rotacao_trindade_v4_20260718_220604/projeto/inbox_trindade/detalhar_page_html.txt: Can't follow symlink without -L/--copy-links
2026/08/08 17:53:44 NOTICE: Backups/rotacao_trindade_v4_20260718_220604/projeto/inbox_trindade/pesquisas_tse_2026.json: Can't follow symlink without -L/--copy-links
2026/08/08 17:53:44 NOTICE: Backups/rotacao_trindade_v4_20260718_220604/projeto/inbox_trindade/package.json: Can't follow symlink without -L/--copy-links
2026/08/08 17:53:44 NOTICE: Backups/rotacao_trindade_v4_20260718_220604/projeto/inbox_trindade/analise_ipca15_junho2026.md: Can't follow symlink without -L/--copy-links
2026/08/08 17:53:44 NOTICE: Backups/rotacao_trindade_v4_20260718_220604/projeto/inbox_trindade/package-lock.json: Can't follow symlink without -L/--copy-links
2026/08/08 17:53:44 NOTICE: Backups/rotacao_trindade_v4_20260718_220604/projeto/inbox_trindade/README.md: Can't follow symlink without -L/--copy-links
2026/08/08 17:53:44 NOTICE: Backups/rotacao_trindade_v4_20260718_220604/projeto/inbox_trindade/scraper_tse_detalhar_test.js: Can't follow symlink without -L/--copy-links
2026/08/08 17:53:44 NOTICE: Backups/rotacao_trindade_v4_20260718_220604/projeto/inbox_trindade/quaest_ipec.json: Can't follow symlink without -L/--copy-links
2026/08/08 17:53:44 NOTICE: Backups/rotacao_trindade_v4_20260718_220604/projeto/inbox_trindade/pesqele_home.png: Can't follow symlink without -L/--copy-links
2026/08/08 17:53:44 NOTICE: Backups/rotacao_trindade_v4_20260718_220604/projeto/inbox_trindade/scraper_tse_detalhes.js: Can't follow symlink without -L/--copy-links
2026/08/08 17:53:44 NOTICE: Backups/rotacao_trindade_v4_20260718_220604/projeto/inbox_trindade/pesquisas_tse_2026_full.json: Can't follow symlink without -L/--copy-links
2026/08/08 17:53:44 NOTICE: Backups/rotacao_trindade_v4_20260718_220604/projeto/inbox_trindade/pesqele_search.png: Can't follow symlink without -L/--copy-links
2026/08/08 17:53:44 NOTICE: Backups/rotacao_trindade_v4_20260718_220604/projeto/inbox_trindade/agy_cli.md: Can't follow symlink without -L/--copy-links
2026/08/08 17:53:44 NOTICE: Backups/rotacao_trindade_v4_20260718_220604/projeto/inbox_trindade/pesqele_body.txt: Can't follow symlink without -L/--copy-links
2026/08/08 17:53:44 NOTICE: Backups/rotacao_trindade_v4_20260718_220604/projeto/inbox_trindade/scraper_tse4.js: Can't follow symlink without -L/--copy-links
2026/08/08 17:53:44 NOTICE: Backups/rotacao_trindade_v4_20260718_220604/projeto/inbox_trindade/scraper_tse_paginator.js: Can't follow symlink without -L/--copy-links
2026/08/08 17:53:44 NOTICE: Backups/rotacao_trindade_v4_20260718_220604/projeto/inbox_trindade/materia_eidas_diagramada.pdf: Can't follow symlink without -L/--copy-links
2026/08/08 17:53:44 NOTICE: Backups/rotacao_trindade_v4_20260718_220604/projeto/inbox_trindade/parser_tse.js: Can't follow symlink without -L/--copy-links
2026/08/08 17:53:44 NOTICE: Backups/rotacao_trindade_v4_20260718_220604/projeto/inbox_trindade/materia_eidas_20260630.md: Can't follow symlink without -L/--copy-links
2026/08/08 17:53:44 NOTICE: Backups/rotacao_trindade_v4_20260718_220604/projeto/inbox_trindade/relatorio_pesquisas_2026.md: Can't follow symlink without -L/--copy-links
2026/08/08 17:53:44 NOTICE: Backups/rotacao_trindade_v4_20260718_220604/projeto/inbox_trindade/scraper_tse_isolated.js: Can't follow symlink without -L/--copy-links
2026/08/08 17:53:44 NOTICE: Backups/rotacao_trindade_v4_20260718_220604/projeto/inbox_trindade/scraper_tse_modals.js: Can't follow symlink without -L/--copy-links
2026/08/08 17:53:44 NOTICE: Backups/rotacao_trindade_v4_20260718_220604/projeto/inbox_trindade/scraper_tse_fast.js: Can't follow symlink without -L/--copy-links
2026/08/08 17:53:44 NOTICE: Backups/rotacao_trindade_v4_20260718_220604/projeto/inbox_trindade/antigravity_desktop.md: Can't follow symlink without -L/--copy-links
2026/08/08 17:53:44 NOTICE: Backups/rotacao_trindade_v4_20260718_220604/projeto/inbox_trindade/scraper_tse_modals3.js: Can't follow symlink without -L/--copy-links
2026/08/08 17:53:44 NOTICE: Backups/rotacao_trindade_v4_20260718_220604/projeto/inbox_trindade/pesqele_results.png: Can't follow symlink without -L/--copy-links
2026/08/08 17:53:44 NOTICE: Backups/rotacao_trindade_v4_20260718_220604/projeto/inbox_trindade/grok_coding.md: Can't follow symlink without -L/--copy-links
2026/08/08 17:53:44 NOTICE: Backups/rotacao_trindade_v4_20260718_220604/projeto/inbox_trindade/miguel.md: Can't follow symlink without -L/--copy-links
2026/08/08 17:53:44 NOTICE: Backups/rotacao_trindade_v4_20260718_220604/projeto/inbox_trindade/scraper_tse_full.js: Can't follow symlink without -L/--copy-links
2026/08/08 17:53:44 NOTICE: Backups/rotacao_trindade_v4_20260718_220604/projeto/inbox_trindade/glm_coding.md: Can't follow symlink without -L/--copy-links
2026/08/08 17:53:44 NOTICE: Backups/rotacao_trindade_v4_20260718_220604/projeto/inbox_trindade/parser_tse_quaest_fixed.js: Can't follow symlink without -L/--copy-links
2026/08/08 17:53:44 NOTICE: Backups/rotacao_trindade_v4_20260718_220604/projeto/inbox_trindade/scraper_tse5.js: Can't follow symlink without -L/--copy-links
2026/08/08 17:53:44 NOTICE: Backups/rotacao_trindade_v4_20260718_220604/projeto/inbox_trindade/parser_tse_quaest.js: Can't follow symlink without -L/--copy-links
2026/08/08 17:53:44 NOTICE: Backups/rotacao_trindade_v4_20260718_220604/projeto/inbox_trindade/gerar_pdfs.py: Can't follow symlink without -L/--copy-links
2026/08/08 17:53:44 NOTICE: Backups/rotacao_trindade_v4_20260718_220604/projeto/inbox_trindade/materia_eidas_diagramada.html: Can't follow symlink without -L/--copy-links
2026/08/08 17:53:44 NOTICE: Backups/rotacao_trindade_v4_20260718_220604/projeto/inbox_trindade/pesqele_results_body.txt: Can't follow symlink without -L/--copy-links
2026/08/08 17:53:44 NOTICE: Backups/rotacao_trindade_v4_20260718_220604/projeto/inbox_trindade/pesquisas_tse_2026_todas.json: Can't follow symlink without -L/--copy-links
2026/08/08 17:53:44 NOTICE: Backups/rotacao_trindade_v4_20260718_220604/projeto/inbox_trindade/pesquisas_tse_2026_raw_modals.json: Can't follow symlink without -L/--copy-links
2026/08/08 17:53:44 NOTICE: Backups/rotacao_trindade_v4_20260718_220604/projeto/inbox_trindade/scraper_tse.js: Can't follow symlink without -L/--copy-links
2026/08/08 17:53:44 NOTICE: Backups/rotacao_trindade_v4_20260718_220604/projeto/inbox_trindade/detalhar_page.txt: Can't follow symlink without -L/--copy-links
2026/08/08 17:53:44 NOTICE: Backups/rotacao_trindade_v4_20260718_220604/projeto/inbox_trindade/apresentacao_eidas.html: Can't follow symlink without -L/--copy-links
2026/08/08 17:53:44 NOTICE: Backups/rotacao_trindade_v4_20260718_220604/projeto/inbox_trindade/pesqele_html.txt: Can't follow symlink without -L/--copy-links
2026/08/08 17:53:44 NOTICE: Backups/rotacao_trindade_v4_20260718_220604/projeto/inbox_trindade/vibe_mistral_cli.md: Can't follow symlink without -L/--copy-links
2026/08/08 17:53:44 NOTICE: Backups/rotacao_trindade_v4_20260718_220604/projeto/inbox_trindade/pesqele_data.json: Can't follow symlink without -L/--copy-links
2026/08/08 17:53:44 NOTICE: Backups/rotacao_trindade_v4_20260718_220604/projeto/inbox_trindade/find_institutes.js: Can't follow symlink without -L/--copy-links
2026/08/08 17:53:44 NOTICE: Backups/rotacao_trindade_v4_20260718_220604/projeto/inbox_trindade/scraper_tse3.js: Can't follow symlink without -L/--copy-links
2026/08/08 17:53:44 NOTICE: Backups/rotacao_trindade_v4_20260718_220604/projeto/inbox_trindade/pesqele_form_html.txt: Can't follow symlink without -L/--copy-links
2026/08/08 17:53:45 INFO  : Backups/vigilia_v5/2026-08-08/_pos_264830_368a102567645373.json: Copied (new)
2026/08/08 17:53:45 INFO  : Backups/vigilia_v5/2026-08-08/_pre_264830_1c3cdd14bf0e7867.json: Copied (new)
2026/08/08 17:53:47 INFO  : Backups/vigilia_v5/2026-08-08: Set directory modification time (using SetModTime)
2026/08/08 17:53:47 INFO  : Backups/vigilia_v5: Set directory modification time (using SetModTime)
2026/08/08 17:53:47 INFO  : backup_total_2026/logs: Set directory modification time (using SetModTime)
2026/08/08 17:53:48 INFO  : backup_total_2026: Set directory modification time (using SetModTime)
2026/08/08 17:53:48 INFO  : Backups: Set directory modification time (using SetModTime)
2026/08/08 17:53:48 ERROR : Attempt 1/3 failed with 1 errors and: corrupted on transfer: md5 hashes differ src(Local file system at /home/migueldorosario/Downloads/Antigravity Google/Cerebro) "093cea6b39bbcc04b2e6aab3f3a421cf" vs dst(Google drive root 'Workspace_Vivo/Cerebro') "e389e853dc4398d831e51914da2194fa"
2026/08/08 17:53:50 NOTICE: Backups/limpeza_comunicacao_reforma_v4_20260717_131257/inbox_trindade_antes/antigravity_desktop.md: Can't follow symlink without -L/--copy-links
2026/08/08 17:53:50 NOTICE: Backups/reforma_v4_abertura_sprint_20260717_1042/inbox_trindade_antes_da_limpeza/antigravity_desktop.md: Can't follow symlink without -L/--copy-links
2026/08/08 17:53:50 INFO  : Backups/vigilia_v5/2026-08-08: Set directory modification time (using SetModTime)
2026/08/08 17:53:51 NOTICE: Backups/rotacao_trindade_v4_20260718_220604/projeto/inbox_trindade/pesquisas_tse_2026_tabela.csv: Can't follow symlink without -L/--copy-links
2026/08/08 17:53:51 NOTICE: Backups/rotacao_trindade_v4_20260718_220604/projeto/inbox_trindade/pesquisas_tse_2026_detalhes.json: Can't follow symlink without -L/--copy-links
2026/08/08 17:53:51 NOTICE: Backups/rotacao_trindade_v4_20260718_220604/projeto/inbox_trindade/pesqele_results_html.txt: Can't follow symlink without -L/--copy-links
2026/08/08 17:53:51 NOTICE: Backups/rotacao_trindade_v4_20260718_220604/projeto/inbox_trindade/publicar_pagina_direitos.py: Can't follow symlink without -L/--copy-links
2026/08/08 17:53:51 NOTICE: Backups/rotacao_trindade_v4_20260718_220604/projeto/inbox_trindade/test_quaest.js: Can't follow symlink without -L/--copy-links
2026/08/08 17:53:51 NOTICE: Backups/rotacao_trindade_v4_20260718_220604/projeto/inbox_trindade/pesquisas_tse_2026_todas_br.json: Can't follow symlink without -L/--copy-links
2026/08/08 17:53:51 NOTICE: Backups/rotacao_trindade_v4_20260718_220604/projeto/inbox_trindade/scraper_tse6.js: Can't follow symlink without -L/--copy-links
2026/08/08 17:53:51 NOTICE: Backups/rotacao_trindade_v4_20260718_220604/projeto/inbox_trindade/scraper_tse_custos.js: Can't follow symlink without -L/--copy-links
2026/08/08 17:53:51 NOTICE: Backups/rotacao_trindade_v4_20260718_220604/projeto/inbox_trindade/apresentacao_eidas.pdf: Can't follow symlink without -L/--copy-links
2026/08/08 17:53:51 NOTICE: Backups/rotacao_trindade_v4_20260718_220604/projeto/inbox_trindade/qwen_coding.md: Can't follow symlink without -L/--copy-links
2026/08/08 17:53:51 NOTICE: Backups/rotacao_trindade_v4_20260718_220604/projeto/inbox_trindade/pesqele_search_html.txt: Can't follow symlink without -L/--copy-links
2026/08/08 17:53:51 NOTICE: Backups/rotacao_trindade_v4_20260718_220604/projeto/inbox_trindade/pesqele_search_body.txt: Can't follow symlink without -L/--copy-links
2026/08/08 17:53:51 NOTICE: Backups/rotacao_trindade_v4_20260718_220604/projeto/inbox_trindade/scraper_tse_form.js: Can't follow symlink without -L/--copy-links
2026/08/08 17:53:51 NOTICE: Backups/rotacao_trindade_v4_20260718_220604/projeto/inbox_trindade/scraper_tse2.js: Can't follow symlink without -L/--copy-links
2026/08/08 17:53:51 NOTICE: Backups/rotacao_trindade_v4_20260718_220604/projeto/inbox_trindade/ming.md: Can't follow symlink without -L/--copy-links
2026/08/08 17:53:51 NOTICE: Backups/rotacao_trindade_v4_20260718_220604/projeto/inbox_trindade/pesquisas_tse_2026_processadas.json: Can't follow symlink without -L/--copy-links
2026/08/08 17:53:51 NOTICE: Backups/rotacao_trindade_v4_20260718_220604/projeto/inbox_trindade/resumo_pesquisas.json: Can't follow symlink without -L/--copy-links
2026/08/08 17:53:51 NOTICE: Backups/rotacao_trindade_v4_20260718_220604/projeto/inbox_trindade/pedido_ponto_de_retomada_20260628.md: Can't follow symlink without -L/--copy-links
2026/08/08 17:53:51 NOTICE: Backups/rotacao_trindade_v4_20260718_220604/projeto/inbox_trindade/scraper_tse_modals2.js: Can't follow symlink without -L/--copy-links
2026/08/08 17:53:51 NOTICE: Backups/rotacao_trindade_v4_20260718_220604/projeto/inbox_trindade/scraper_tse_todas_br.js: Can't follow symlink without -L/--copy-links
2026/08/08 17:53:51 NOTICE: Backups/rotacao_trindade_v4_20260718_220604/projeto/inbox_trindade/detalhar_page_html.txt: Can't follow symlink without -L/--copy-links
2026/08/08 17:53:51 NOTICE: Backups/rotacao_trindade_v4_20260718_220604/projeto/inbox_trindade/pesquisas_tse_2026.json: Can't follow symlink without -L/--copy-links
2026/08/08 17:53:51 NOTICE: Backups/rotacao_trindade_v4_20260718_220604/projeto/inbox_trindade/package.json: Can't follow symlink without -L/--copy-links
2026/08/08 17:53:51 NOTICE: Backups/rotacao_trindade_v4_20260718_220604/projeto/inbox_trindade/analise_ipca15_junho2026.md: Can't follow symlink without -L/--copy-links
2026/08/08 17:53:51 NOTICE: Backups/rotacao_trindade_v4_20260718_220604/projeto/inbox_trindade/package-lock.json: Can't follow symlink without -L/--copy-links
2026/08/08 17:53:51 NOTICE: Backups/rotacao_trindade_v4_20260718_220604/projeto/inbox_trindade/README.md: Can't follow symlink without -L/--copy-links
2026/08/08 17:53:51 NOTICE: Backups/rotacao_trindade_v4_20260718_220604/projeto/inbox_trindade/scraper_tse_detalhar_test.js: Can't follow symlink without -L/--copy-links
2026/08/08 17:53:51 NOTICE: Backups/rotacao_trindade_v4_20260718_220604/projeto/inbox_trindade/quaest_ipec.json: Can't follow symlink without -L/--copy-links
2026/08/08 17:53:51 NOTICE: Backups/rotacao_trindade_v4_20260718_220604/projeto/inbox_trindade/pesqele_home.png: Can't follow symlink without -L/--copy-links
2026/08/08 17:53:51 NOTICE: Backups/rotacao_trindade_v4_20260718_220604/projeto/inbox_trindade/scraper_tse_detalhes.js: Can't follow symlink without -L/--copy-links
2026/08/08 17:53:51 NOTICE: Backups/rotacao_trindade_v4_20260718_220604/projeto/inbox_trindade/pesquisas_tse_2026_full.json: Can't follow symlink without -L/--copy-links
2026/08/08 17:53:51 NOTICE: Backups/rotacao_trindade_v4_20260718_220604/projeto/inbox_trindade/pesqele_search.png: Can't follow symlink without -L/--copy-links
2026/08/08 17:53:51 NOTICE: Backups/rotacao_trindade_v4_20260718_220604/projeto/inbox_trindade/agy_cli.md: Can't follow symlink without -L/--copy-links
2026/08/08 17:53:51 NOTICE: Backups/rotacao_trindade_v4_20260718_220604/projeto/inbox_trindade/pesqele_body.txt: Can't follow symlink without -L/--copy-links
2026/08/08 17:53:51 NOTICE: Backups/rotacao_trindade_v4_20260718_220604/projeto/inbox_trindade/scraper_tse4.js: Can't follow symlink without -L/--copy-links
2026/08/08 17:53:51 NOTICE: Backups/rotacao_trindade_v4_20260718_220604/projeto/inbox_trindade/scraper_tse_paginator.js: Can't follow symlink without -L/--copy-links
2026/08/08 17:53:51 NOTICE: Backups/rotacao_trindade_v4_20260718_220604/projeto/inbox_trindade/materia_eidas_diagramada.pdf: Can't follow symlink without -L/--copy-links
2026/08/08 17:53:51 NOTICE: Backups/rotacao_trindade_v4_20260718_220604/projeto/inbox_trindade/parser_tse.js: Can't follow symlink without -L/--copy-links
2026/08/08 17:53:51 NOTICE: Backups/rotacao_trindade_v4_20260718_220604/projeto/inbox_trindade/materia_eidas_20260630.md: Can't follow symlink without -L/--copy-links
2026/08/08 17:53:51 NOTICE: Backups/rotacao_trindade_v4_20260718_220604/projeto/inbox_trindade/relatorio_pesquisas_2026.md: Can't follow symlink without -L/--copy-links
2026/08/08 17:53:51 NOTICE: Backups/rotacao_trindade_v4_20260718_220604/projeto/inbox_trindade/scraper_tse_isolated.js: Can't follow symlink without -L/--copy-links
2026/08/08 17:53:51 NOTICE: Backups/rotacao_trindade_v4_20260718_220604/projeto/inbox_trindade/scraper_tse_modals.js: Can't follow symlink without -L/--copy-links
2026/08/08 17:53:51 NOTICE: Backups/rotacao_trindade_v4_20260718_220604/projeto/inbox_trindade/scraper_tse_fast.js: Can't follow symlink without -L/--copy-links
2026/08/08 17:53:51 NOTICE: Backups/rotacao_trindade_v4_20260718_220604/projeto/inbox_trindade/antigravity_desktop.md: Can't follow symlink without -L/--copy-links
2026/08/08 17:53:51 NOTICE: Backups/rotacao_trindade_v4_20260718_220604/projeto/inbox_trindade/scraper_tse_modals3.js: Can't follow symlink without -L/--copy-links
2026/08/08 17:53:51 NOTICE: Backups/rotacao_trindade_v4_20260718_220604/projeto/inbox_trindade/pesqele_results.png: Can't follow symlink without -L/--copy-links
2026/08/08 17:53:51 NOTICE: Backups/rotacao_trindade_v4_20260718_220604/projeto/inbox_trindade/grok_coding.md: Can't follow symlink without -L/--copy-links
2026/08/08 17:53:51 NOTICE: Backups/rotacao_trindade_v4_20260718_220604/projeto/inbox_trindade/miguel.md: Can't follow symlink without -L/--copy-links
2026/08/08 17:53:51 NOTICE: Backups/rotacao_trindade_v4_20260718_220604/projeto/inbox_trindade/scraper_tse_full.js: Can't follow symlink without -L/--copy-links
2026/08/08 17:53:51 NOTICE: Backups/rotacao_trindade_v4_20260718_220604/projeto/inbox_trindade/glm_coding.md: Can't follow symlink without -L/--copy-links
2026/08/08 17:53:51 NOTICE: Backups/rotacao_trindade_v4_20260718_220604/projeto/inbox_trindade/parser_tse_quaest_fixed.js: Can't follow symlink without -L/--copy-links
2026/08/08 17:53:51 NOTICE: Backups/rotacao_trindade_v4_20260718_220604/projeto/inbox_trindade/scraper_tse5.js: Can't follow symlink without -L/--copy-links
2026/08/08 17:53:51 NOTICE: Backups/rotacao_trindade_v4_20260718_220604/projeto/inbox_trindade/parser_tse_quaest.js: Can't follow symlink without -L/--copy-links
2026/08/08 17:53:51 NOTICE: Backups/rotacao_trindade_v4_20260718_220604/projeto/inbox_trindade/gerar_pdfs.py: Can't follow symlink without -L/--copy-links
2026/08/08 17:53:51 NOTICE: Backups/rotacao_trindade_v4_20260718_220604/projeto/inbox_trindade/materia_eidas_diagramada.html: Can't follow symlink without -L/--copy-links
2026/08/08 17:53:51 NOTICE: Backups/rotacao_trindade_v4_20260718_220604/projeto/inbox_trindade/pesqele_results_body.txt: Can't follow symlink without -L/--copy-links
2026/08/08 17:53:51 NOTICE: Backups/rotacao_trindade_v4_20260718_220604/projeto/inbox_trindade/pesquisas_tse_2026_todas.json: Can't follow symlink without -L/--copy-links
2026/08/08 17:53:51 NOTICE: Backups/rotacao_trindade_v4_20260718_220604/projeto/inbox_trindade/pesquisas_tse_2026_raw_modals.json: Can't follow symlink without -L/--copy-links
2026/08/08 17:53:51 NOTICE: Backups/rotacao_trindade_v4_20260718_220604/projeto/inbox_trindade/scraper_tse.js: Can't follow symlink without -L/--copy-links
2026/08/08 17:53:51 NOTICE: Backups/rotacao_trindade_v4_20260718_220604/projeto/inbox_trindade/detalhar_page.txt: Can't follow symlink without -L/--copy-links
2026/08/08 17:53:51 NOTICE: Backups/rotacao_trindade_v4_20260718_220604/projeto/inbox_trindade/apresentacao_eidas.html: Can't follow symlink without -L/--copy-links
2026/08/08 17:53:51 NOTICE: Backups/rotacao_trindade_v4_20260718_220604/projeto/inbox_trindade/pesqele_html.txt: Can't follow symlink without -L/--copy-links
2026/08/08 17:53:51 NOTICE: Backups/rotacao_trindade_v4_20260718_220604/projeto/inbox_trindade/vibe_mistral_cli.md: Can't follow symlink without -L/--copy-links
2026/08/08 17:53:51 NOTICE: Backups/rotacao_trindade_v4_20260718_220604/projeto/inbox_trindade/pesqele_data.json: Can't follow symlink without -L/--copy-links
2026/08/08 17:53:51 NOTICE: Backups/rotacao_trindade_v4_20260718_220604/projeto/inbox_trindade/find_institutes.js: Can't follow symlink without -L/--copy-links
2026/08/08 17:53:51 NOTICE: Backups/rotacao_trindade_v4_20260718_220604/projeto/inbox_trindade/scraper_tse3.js: Can't follow symlink without -L/--copy-links
2026/08/08 17:53:51 NOTICE: Backups/rotacao_trindade_v4_20260718_220604/projeto/inbox_trindade/pesqele_form_html.txt: Can't follow symlink without -L/--copy-links
2026/08/08 17:53:51 ERROR : backup_total_2026/logs/C16.log: corrupted on transfer: md5 hashes differ src(Local file system at /home/migueldorosario/Downloads/Antigravity Google/Cerebro) "2c306a7ffa388019bab09edb6d0d5949" vs dst(Google drive root 'Workspace_Vivo/Cerebro') "2e1b45c47b9c9b2ef834e3f43755581d"
2026/08/08 17:53:51 INFO  : backup_total_2026/logs/C16.log: Removing failed copy
2026/08/08 17:53:53 NOTICE: Foruns/v4_labs_espelhos/contratos_v4_gsn_espelho_ingles_v1.md: Can't follow symlink without -L/--copy-links
2026/08/08 17:53:53 NOTICE: Foruns/v4_labs_espelhos/contratos_v4_cultura_v1.md: Can't follow symlink without -L/--copy-links
2026/08/08 17:53:53 NOTICE: Foruns/v4_labs_espelhos/v4_memoria_carta_gpt56pro_autocura_imagens_v4_20260714.md: Can't follow symlink without -L/--copy-links
2026/08/08 17:53:53 NOTICE: Foruns/v4_labs_espelhos/v4_memoria_forum_retomada_v4_imagens_drafts_20260716.md: Can't follow symlink without -L/--copy-links
2026/08/08 17:53:53 NOTICE: Foruns/v4_labs_espelhos/labs_forum_autocura_imagens_v4_20260714.md: Can't follow symlink without -L/--copy-links
2026/08/08 17:53:53 NOTICE: Foruns/v4_labs_espelhos/contratos_v4_ciencia_tecnologia_ia_v1.md: Can't follow symlink without -L/--copy-links
2026/08/08 17:53:53 NOTICE: Foruns/v4_labs_espelhos/v4_memoria_forum_autocura_imagens_v4_20260714.md: Can't follow symlink without -L/--copy-links
2026/08/08 17:53:53 NOTICE: Foruns/v4_labs_espelhos/labs_MANIFESTO.md: Can't follow symlink without -L/--copy-links
2026/08/08 17:53:53 NOTICE: Foruns/v4_labs_espelhos/contratos_v4_internacional_v1.md: Can't follow symlink without -L/--copy-links
2026/08/08 17:53:53 NOTICE: Foruns/v4_labs_espelhos/contratos_v4_nucleo_editorial_comum_v1.md: Can't follow symlink without -L/--copy-links
2026/08/08 17:53:53 NOTICE: Foruns/v4_labs_espelhos/contratos_v4_nucleo_editorial_comum_v2.md: Can't follow symlink without -L/--copy-links
2026/08/08 17:53:53 NOTICE: Foruns/v4_labs_espelhos/v4_memoria_MANIFESTO_PATCH_GPT56PRO_20260714.md: Can't follow symlink without -L/--copy-links
2026/08/08 17:53:53 NOTICE: Foruns/v4_labs_espelhos/contratos_v4_nucleo_editorial_redacao_v1.md: Can't follow symlink without -L/--copy-links
2026/08/08 17:53:53 NOTICE: Foruns/v4_labs_espelhos/v4_memoria_forum_arquitetura_cafezinho_media_group_v4_20260715.md: Can't follow symlink without -L/--copy-links
2026/08/08 17:53:53 NOTICE: Foruns/v4_labs_espelhos/contratos_v4_repetidor_v1.md: Can't follow symlink without -L/--copy-links
2026/08/08 17:53:53 NOTICE: Foruns/v4_labs_espelhos/contratos_forum_v4_qualidade_editorial_ciencia_ia_20260712.md: Can't follow symlink without -L/--copy-links
2026/08/08 17:53:53 NOTICE: Foruns/v4_labs_espelhos/v4_memoria_forum_retomada_v4_imagens_drafts_20260716_run14.md: Can't follow symlink without -L/--copy-links
2026/08/08 17:53:53 NOTICE: Foruns/v4_labs_espelhos/v4_memoria_forum_imagens_261602_20260714.md: Can't follow symlink without -L/--copy-links
2026/08/08 17:53:53 NOTICE: Foruns/v4_labs_espelhos/contratos_v4_politica_economia_v1.md: Can't follow symlink without -L/--copy-links
2026/08/08 17:53:53 NOTICE: Foruns/v4_labs_espelhos/v4_memoria_forum_retomada_v4_imagens_drafts_20260716_run6.md: Can't follow symlink without -L/--copy-links
2026/08/08 17:53:53 NOTICE: Foruns/v4_labs_espelhos/v4_memoria_forum_retomada_v4_imagens_drafts_20260716_run11.md: Can't follow symlink without -L/--copy-links
2026/08/08 17:53:53 NOTICE: Foruns/v4_labs_espelhos/v4_memoria_forum_resposta_gpt56pro_autocura_imagens_v4_20260714.md: Can't follow symlink without -L/--copy-links
2026/08/08 17:53:53 NOTICE: Foruns/v4_labs_espelhos/v4_memoria_forum_retomada_v4_imagens_drafts_20260716_run9.md: Can't follow symlink without -L/--copy-links
2026/08/08 17:53:55 NOTICE: Backups/backup_cerebro_20260728_164635/Foruns/v4_labs_espelhos/contratos_v4_gsn_espelho_ingles_v1.md: Can't follow symlink without -L/--copy-links
2026/08/08 17:53:55 NOTICE: Backups/backup_cerebro_20260728_164635/Foruns/v4_labs_espelhos/contratos_v4_cultura_v1.md: Can't follow symlink without -L/--copy-links
2026/08/08 17:53:55 NOTICE: Backups/backup_cerebro_20260728_164635/Foruns/v4_labs_espelhos/v4_memoria_carta_gpt56pro_autocura_imagens_v4_20260714.md: Can't follow symlink without -L/--copy-links
2026/08/08 17:53:55 NOTICE: Backups/backup_cerebro_20260728_164635/Foruns/v4_labs_espelhos/v4_memoria_forum_retomada_v4_imagens_drafts_20260716.md: Can't follow symlink without -L/--copy-links
2026/08/08 17:53:55 NOTICE: Backups/backup_cerebro_20260728_164635/Foruns/v4_labs_espelhos/labs_forum_autocura_imagens_v4_20260714.md: Can't follow symlink without -L/--copy-links
2026/08/08 17:53:55 NOTICE: Backups/backup_cerebro_20260728_164635/Foruns/v4_labs_espelhos/contratos_v4_ciencia_tecnologia_ia_v1.md: Can't follow symlink without -L/--copy-links
2026/08/08 17:53:55 NOTICE: Backups/backup_cerebro_20260728_164635/Foruns/v4_labs_espelhos/v4_memoria_forum_autocura_imagens_v4_20260714.md: Can't follow symlink without -L/--copy-links
2026/08/08 17:53:55 NOTICE: Backups/backup_cerebro_20260728_164635/Foruns/v4_labs_espelhos/labs_MANIFESTO.md: Can't follow symlink without -L/--copy-links
2026/08/08 17:53:55 NOTICE: Backups/backup_cerebro_20260728_164635/Foruns/v4_labs_espelhos/contratos_v4_internacional_v1.md: Can't follow symlink without -L/--copy-links
2026/08/08 17:53:55 NOTICE: Backups/backup_cerebro_20260728_164635/Foruns/v4_labs_espelhos/contratos_v4_nucleo_editorial_comum_v1.md: Can't follow symlink without -L/--copy-links
2026/08/08 17:53:55 NOTICE: Backups/backup_cerebro_20260728_164635/Foruns/v4_labs_espelhos/contratos_v4_nucleo_editorial_comum_v2.md: Can't follow symlink without -L/--copy-links
2026/08/08 17:53:55 NOTICE: Backups/backup_cerebro_20260728_164635/Foruns/v4_labs_espelhos/v4_memoria_MANIFESTO_PATCH_GPT56PRO_20260714.md: Can't follow symlink without -L/--copy-links
2026/08/08 17:53:55 NOTICE: Backups/backup_cerebro_20260728_164635/Foruns/v4_labs_espelhos/contratos_v4_nucleo_editorial_redacao_v1.md: Can't follow symlink without -L/--copy-links
2026/08/08 17:53:55 NOTICE: Backups/backup_cerebro_20260728_164635/Foruns/v4_labs_espelhos/v4_memoria_forum_arquitetura_cafezinho_media_group_v4_20260715.md: Can't follow symlink without -L/--copy-links
2026/08/08 17:53:55 NOTICE: Backups/backup_cerebro_20260728_164635/Foruns/v4_labs_espelhos/contratos_v4_repetidor_v1.md: Can't follow symlink without -L/--copy-links
2026/08/08 17:53:55 NOTICE: Backups/backup_cerebro_20260728_164635/Foruns/v4_labs_espelhos/contratos_forum_v4_qualidade_editorial_ciencia_ia_20260712.md: Can't follow symlink without -L/--copy-links
2026/08/08 17:53:55 NOTICE: Backups/backup_cerebro_20260728_164635/Foruns/v4_labs_espelhos/v4_memoria_forum_retomada_v4_imagens_drafts_20260716_run14.md: Can't follow symlink without -L/--copy-links
2026/08/08 17:53:55 NOTICE: Backups/backup_cerebro_20260728_164635/Foruns/v4_labs_espelhos/v4_memoria_forum_imagens_261602_20260714.md: Can't follow symlink without -L/--copy-links
2026/08/08 17:53:55 NOTICE: Backups/backup_cerebro_20260728_164635/Foruns/v4_labs_espelhos/contratos_v4_politica_economia_v1.md: Can't follow symlink without -L/--copy-links
2026/08/08 17:53:55 NOTICE: Backups/backup_cerebro_20260728_164635/Foruns/v4_labs_espelhos/v4_memoria_forum_retomada_v4_imagens_drafts_20260716_run6.md: Can't follow symlink without -L/--copy-links
2026/08/08 17:53:55 NOTICE: Backups/backup_cerebro_20260728_164635/Foruns/v4_labs_espelhos/v4_memoria_forum_retomada_v4_imagens_drafts_20260716_run11.md: Can't follow symlink without -L/--copy-links
2026/08/08 17:53:55 NOTICE: Backups/backup_cerebro_20260728_164635/Foruns/v4_labs_espelhos/v4_memoria_forum_resposta_gpt56pro_autocura_imagens_v4_20260714.md: Can't follow symlink without -L/--copy-links
2026/08/08 17:53:55 NOTICE: Backups/backup_cerebro_20260728_164635/Foruns/v4_labs_espelhos/v4_memoria_forum_retomada_v4_imagens_drafts_20260716_run9.md: Can't follow symlink without -L/--copy-links
2026/08/08 17:54:02 INFO  : backup_total_2026/logs: Set directory modification time (using SetModTime)
2026/08/08 17:54:03 INFO  : backup_total_2026: Set directory modification time (using SetModTime)
2026/08/08 17:54:03 ERROR : Attempt 2/3 failed with 1 errors and: corrupted on transfer: md5 hashes differ src(Local file system at /home/migueldorosario/Downloads/Antigravity Google/Cerebro) "2c306a7ffa388019bab09edb6d0d5949" vs dst(Google drive root 'Workspace_Vivo/Cerebro') "2e1b45c47b9c9b2ef834e3f43755581d"
2026/08/08 17:54:05 NOTICE: Backups/limpeza_comunicacao_reforma_v4_20260717_131257/inbox_trindade_antes/antigravity_desktop.md: Can't follow symlink without -L/--copy-links
2026/08/08 17:54:05 NOTICE: Backups/reforma_v4_abertura_sprint_20260717_1042/inbox_trindade_antes_da_limpeza/antigravity_desktop.md: Can't follow symlink without -L/--copy-links
2026/08/08 17:54:26 INFO  :   499.274 KiB / 609.095 KiB, 82%, 14.119 KiB/s, ETA 7s
2026/08/08 17:54:28 NOTICE: Backups/rotacao_trindade_v4_20260718_220604/projeto/inbox_trindade/pesquisas_tse_2026_tabela.csv: Can't follow symlink without -L/--copy-links
2026/08/08 17:54:28 NOTICE: Backups/rotacao_trindade_v4_20260718_220604/projeto/inbox_trindade/pesquisas_tse_2026_detalhes.json: Can't follow symlink without -L/--copy-links
2026/08/08 17:54:28 NOTICE: Backups/rotacao_trindade_v4_20260718_220604/projeto/inbox_trindade/pesqele_results_html.txt: Can't follow symlink without -L/--copy-links
2026/08/08 17:54:28 NOTICE: Backups/rotacao_trindade_v4_20260718_220604/projeto/inbox_trindade/publicar_pagina_direitos.py: Can't follow symlink without -L/--copy-links
2026/08/08 17:54:28 NOTICE: Backups/rotacao_trindade_v4_20260718_220604/projeto/inbox_trindade/test_quaest.js: Can't follow symlink without -L/--copy-links
2026/08/08 17:54:28 NOTICE: Backups/rotacao_trindade_v4_20260718_220604/projeto/inbox_trindade/pesquisas_tse_2026_todas_br.json: Can't follow symlink without -L/--copy-links
2026/08/08 17:54:28 NOTICE: Backups/rotacao_trindade_v4_20260718_220604/projeto/inbox_trindade/scraper_tse6.js: Can't follow symlink without -L/--copy-links
2026/08/08 17:54:28 NOTICE: Backups/rotacao_trindade_v4_20260718_220604/projeto/inbox_trindade/scraper_tse_custos.js: Can't follow symlink without -L/--copy-links
2026/08/08 17:54:28 NOTICE: Backups/rotacao_trindade_v4_20260718_220604/projeto/inbox_trindade/apresentacao_eidas.pdf: Can't follow symlink without -L/--copy-links
2026/08/08 17:54:28 NOTICE: Backups/rotacao_trindade_v4_20260718_220604/projeto/inbox_trindade/qwen_coding.md: Can't follow symlink without -L/--copy-links
2026/08/08 17:54:28 NOTICE: Backups/rotacao_trindade_v4_20260718_220604/projeto/inbox_trindade/pesqele_search_html.txt: Can't follow symlink without -L/--copy-links
2026/08/08 17:54:28 NOTICE: Backups/rotacao_trindade_v4_20260718_220604/projeto/inbox_trindade/pesqele_search_body.txt: Can't follow symlink without -L/--copy-links
2026/08/08 17:54:28 NOTICE: Backups/rotacao_trindade_v4_20260718_220604/projeto/inbox_trindade/scraper_tse_form.js: Can't follow symlink without -L/--copy-links
2026/08/08 17:54:28 NOTICE: Backups/rotacao_trindade_v4_20260718_220604/projeto/inbox_trindade/scraper_tse2.js: Can't follow symlink without -L/--copy-links
2026/08/08 17:54:28 NOTICE: Backups/rotacao_trindade_v4_20260718_220604/projeto/inbox_trindade/ming.md: Can't follow symlink without -L/--copy-links
2026/08/08 17:54:28 NOTICE: Backups/rotacao_trindade_v4_20260718_220604/projeto/inbox_trindade/pesquisas_tse_2026_processadas.json: Can't follow symlink without -L/--copy-links
2026/08/08 17:54:28 NOTICE: Backups/rotacao_trindade_v4_20260718_220604/projeto/inbox_trindade/resumo_pesquisas.json: Can't follow symlink without -L/--copy-links
2026/08/08 17:54:28 NOTICE: Backups/rotacao_trindade_v4_20260718_220604/projeto/inbox_trindade/pedido_ponto_de_retomada_20260628.md: Can't follow symlink without -L/--copy-links
2026/08/08 17:54:28 NOTICE: Backups/rotacao_trindade_v4_20260718_220604/projeto/inbox_trindade/scraper_tse_modals2.js: Can't follow symlink without -L/--copy-links
2026/08/08 17:54:28 NOTICE: Backups/rotacao_trindade_v4_20260718_220604/projeto/inbox_trindade/scraper_tse_todas_br.js: Can't follow symlink without -L/--copy-links
2026/08/08 17:54:28 NOTICE: Backups/rotacao_trindade_v4_20260718_220604/projeto/inbox_trindade/detalhar_page_html.txt: Can't follow symlink without -L/--copy-links
2026/08/08 17:54:28 NOTICE: Backups/rotacao_trindade_v4_20260718_220604/projeto/inbox_trindade/pesquisas_tse_2026.json: Can't follow symlink without -L/--copy-links
2026/08/08 17:54:28 NOTICE: Backups/rotacao_trindade_v4_20260718_220604/projeto/inbox_trindade/package.json: Can't follow symlink without -L/--copy-links
2026/08/08 17:54:28 NOTICE: Backups/rotacao_trindade_v4_20260718_220604/projeto/inbox_trindade/analise_ipca15_junho2026.md: Can't follow symlink without -L/--copy-links
2026/08/08 17:54:28 NOTICE: Backups/rotacao_trindade_v4_20260718_220604/projeto/inbox_trindade/package-lock.json: Can't follow symlink without -L/--copy-links
2026/08/08 17:54:28 NOTICE: Backups/rotacao_trindade_v4_20260718_220604/projeto/inbox_trindade/README.md: Can't follow symlink without -L/--copy-links
2026/08/08 17:54:28 NOTICE: Backups/rotacao_trindade_v4_20260718_220604/projeto/inbox_trindade/scraper_tse_detalhar_test.js: Can't follow symlink without -L/--copy-links
2026/08/08 17:54:28 NOTICE: Backups/rotacao_trindade_v4_20260718_220604/projeto/inbox_trindade/quaest_ipec.json: Can't follow symlink without -L/--copy-links
2026/08/08 17:54:28 NOTICE: Backups/rotacao_trindade_v4_20260718_220604/projeto/inbox_trindade/pesqele_home.png: Can't follow symlink without -L/--copy-links
2026/08/08 17:54:28 NOTICE: Backups/rotacao_trindade_v4_20260718_220604/projeto/inbox_trindade/scraper_tse_detalhes.js: Can't follow symlink without -L/--copy-links
2026/08/08 17:54:28 NOTICE: Backups/rotacao_trindade_v4_20260718_220604/projeto/inbox_trindade/pesquisas_tse_2026_full.json: Can't follow symlink without -L/--copy-links
2026/08/08 17:54:28 NOTICE: Backups/rotacao_trindade_v4_20260718_220604/projeto/inbox_trindade/pesqele_search.png: Can't follow symlink without -L/--copy-links
2026/08/08 17:54:28 NOTICE: Backups/rotacao_trindade_v4_20260718_220604/projeto/inbox_trindade/agy_cli.md: Can't follow symlink without -L/--copy-links
2026/08/08 17:54:28 NOTICE: Backups/rotacao_trindade_v4_20260718_220604/projeto/inbox_trindade/pesqele_body.txt: Can't follow symlink without -L/--copy-links
2026/08/08 17:54:28 NOTICE: Backups/rotacao_trindade_v4_20260718_220604/projeto/inbox_trindade/scraper_tse4.js: Can't follow symlink without -L/--copy-links
2026/08/08 17:54:28 NOTICE: Backups/rotacao_trindade_v4_20260718_220604/projeto/inbox_trindade/scraper_tse_paginator.js: Can't follow symlink without -L/--copy-links
2026/08/08 17:54:28 NOTICE: Backups/rotacao_trindade_v4_20260718_220604/projeto/inbox_trindade/materia_eidas_diagramada.pdf: Can't follow symlink without -L/--copy-links
2026/08/08 17:54:28 NOTICE: Backups/rotacao_trindade_v4_20260718_220604/projeto/inbox_trindade/parser_tse.js: Can't follow symlink without -L/--copy-links
2026/08/08 17:54:28 NOTICE: Backups/rotacao_trindade_v4_20260718_220604/projeto/inbox_trindade/materia_eidas_20260630.md: Can't follow symlink without -L/--copy-links
2026/08/08 17:54:28 NOTICE: Backups/rotacao_trindade_v4_20260718_220604/projeto/inbox_trindade/relatorio_pesquisas_2026.md: Can't follow symlink without -L/--copy-links
2026/08/08 17:54:28 NOTICE: Backups/rotacao_trindade_v4_20260718_220604/projeto/inbox_trindade/scraper_tse_isolated.js: Can't follow symlink without -L/--copy-links
2026/08/08 17:54:28 NOTICE: Backups/rotacao_trindade_v4_20260718_220604/projeto/inbox_trindade/scraper_tse_modals.js: Can't follow symlink without -L/--copy-links
2026/08/08 17:54:28 NOTICE: Backups/rotacao_trindade_v4_20260718_220604/projeto/inbox_trindade/scraper_tse_fast.js: Can't follow symlink without -L/--copy-links
2026/08/08 17:54:28 NOTICE: Backups/rotacao_trindade_v4_20260718_220604/projeto/inbox_trindade/antigravity_desktop.md: Can't follow symlink without -L/--copy-links
2026/08/08 17:54:28 NOTICE: Backups/rotacao_trindade_v4_20260718_220604/projeto/inbox_trindade/scraper_tse_modals3.js: Can't follow symlink without -L/--copy-links
2026/08/08 17:54:28 NOTICE: Backups/rotacao_trindade_v4_20260718_220604/projeto/inbox_trindade/pesqele_results.png: Can't follow symlink without -L/--copy-links
2026/08/08 17:54:28 NOTICE: Backups/rotacao_trindade_v4_20260718_220604/projeto/inbox_trindade/grok_coding.md: Can't follow symlink without -L/--copy-links
2026/08/08 17:54:28 NOTICE: Backups/rotacao_trindade_v4_20260718_220604/projeto/inbox_trindade/miguel.md: Can't follow symlink without -L/--copy-links
2026/08/08 17:54:28 NOTICE: Backups/rotacao_trindade_v4_20260718_220604/projeto/inbox_trindade/scraper_tse_full.js: Can't follow symlink without -L/--copy-links
2026/08/08 17:54:28 NOTICE: Backups/rotacao_trindade_v4_20260718_220604/projeto/inbox_trindade/glm_coding.md: Can't follow symlink without -L/--copy-links
2026/08/08 17:54:28 NOTICE: Backups/rotacao_trindade_v4_20260718_220604/projeto/inbox_trindade/parser_tse_quaest_fixed.js: Can't follow symlink without -L/--copy-links
2026/08/08 17:54:28 NOTICE: Backups/rotacao_trindade_v4_20260718_220604/projeto/inbox_trindade/scraper_tse5.js: Can't follow symlink without -L/--copy-links
2026/08/08 17:54:28 NOTICE: Backups/rotacao_trindade_v4_20260718_220604/projeto/inbox_trindade/parser_tse_quaest.js: Can't follow symlink without -L/--copy-links
2026/08/08 17:54:28 NOTICE: Backups/rotacao_trindade_v4_20260718_220604/projeto/inbox_trindade/gerar_pdfs.py: Can't follow symlink without -L/--copy-links
2026/08/08 17:54:28 NOTICE: Backups/rotacao_trindade_v4_20260718_220604/projeto/inbox_trindade/materia_eidas_diagramada.html: Can't follow symlink without -L/--copy-links
2026/08/08 17:54:28 NOTICE: Backups/rotacao_trindade_v4_20260718_220604/projeto/inbox_trindade/pesqele_results_body.txt: Can't follow symlink without -L/--copy-links
2026/08/08 17:54:28 NOTICE: Backups/rotacao_trindade_v4_20260718_220604/projeto/inbox_trindade/pesquisas_tse_2026_todas.json: Can't follow symlink without -L/--copy-links
2026/08/08 17:54:28 NOTICE: Backups/rotacao_trindade_v4_20260718_220604/projeto/inbox_trindade/pesquisas_tse_2026_raw_modals.json: Can't follow symlink without -L/--copy-links
2026/08/08 17:54:28 NOTICE: Backups/rotacao_trindade_v4_20260718_220604/projeto/inbox_trindade/scraper_tse.js: Can't follow symlink without -L/--copy-links
2026/08/08 17:54:28 NOTICE: Backups/rotacao_trindade_v4_20260718_220604/projeto/inbox_trindade/detalhar_page.txt: Can't follow symlink without -L/--copy-links
2026/08/08 17:54:28 NOTICE: Backups/rotacao_trindade_v4_20260718_220604/projeto/inbox_trindade/apresentacao_eidas.html: Can't follow symlink without -L/--copy-links
2026/08/08 17:54:28 NOTICE: Backups/rotacao_trindade_v4_20260718_220604/projeto/inbox_trindade/pesqele_html.txt: Can't follow symlink without -L/--copy-links
2026/08/08 17:54:28 NOTICE: Backups/rotacao_trindade_v4_20260718_220604/projeto/inbox_trindade/vibe_mistral_cli.md: Can't follow symlink without -L/--copy-links
2026/08/08 17:54:28 NOTICE: Backups/rotacao_trindade_v4_20260718_220604/projeto/inbox_trindade/pesqele_data.json: Can't follow symlink without -L/--copy-links
2026/08/08 17:54:28 NOTICE: Backups/rotacao_trindade_v4_20260718_220604/projeto/inbox_trindade/find_institutes.js: Can't follow symlink without -L/--copy-links
2026/08/08 17:54:28 NOTICE: Backups/rotacao_trindade_v4_20260718_220604/projeto/inbox_trindade/scraper_tse3.js: Can't follow symlink without -L/--copy-links
2026/08/08 17:54:28 NOTICE: Backups/rotacao_trindade_v4_20260718_220604/projeto/inbox_trindade/pesqele_form_html.txt: Can't follow symlink without -L/--copy-links
2026/08/08 17:54:38 ERROR : backup_total_2026/logs/C16.log: Failed to copy: Post "https://www.googleapis.com/upload/drive/v3/files?alt=json&fields=id%2Cname%2Csize%2Cmd5Checksum%2Csha1Checksum%2Csha256Checksum%2Ctrashed%2CexplicitlyTrashed%2CmodifiedTime%2CcreatedTime%2CmimeType%2Cparents%2CwebViewLink%2CshortcutDetails%2CexportLinks%2CresourceKey&keepRevisionForever=false&prettyPrint=false&supportsAllDrives=true&uploadType=multipart": googleapi: Copy failed: can't copy - source file is being updated (size changed from 112807 to 123786)
2026/08/08 17:54:40 NOTICE: Foruns/v4_labs_espelhos/contratos_v4_gsn_espelho_ingles_v1.md: Can't follow symlink without -L/--copy-links
2026/08/08 17:54:40 NOTICE: Foruns/v4_labs_espelhos/contratos_v4_cultura_v1.md: Can't follow symlink without -L/--copy-links
2026/08/08 17:54:40 NOTICE: Foruns/v4_labs_espelhos/v4_memoria_carta_gpt56pro_autocura_imagens_v4_20260714.md: Can't follow symlink without -L/--copy-links
2026/08/08 17:54:40 NOTICE: Foruns/v4_labs_espelhos/v4_memoria_forum_retomada_v4_imagens_drafts_20260716.md: Can't follow symlink without -L/--copy-links
2026/08/08 17:54:40 NOTICE: Foruns/v4_labs_espelhos/labs_forum_autocura_imagens_v4_20260714.md: Can't follow symlink without -L/--copy-links
2026/08/08 17:54:40 NOTICE: Foruns/v4_labs_espelhos/contratos_v4_ciencia_tecnologia_ia_v1.md: Can't follow symlink without -L/--copy-links
2026/08/08 17:54:40 NOTICE: Foruns/v4_labs_espelhos/v4_memoria_forum_autocura_imagens_v4_20260714.md: Can't follow symlink without -L/--copy-links
2026/08/08 17:54:40 NOTICE: Foruns/v4_labs_espelhos/labs_MANIFESTO.md: Can't follow symlink without -L/--copy-links
2026/08/08 17:54:40 NOTICE: Foruns/v4_labs_espelhos/contratos_v4_internacional_v1.md: Can't follow symlink without -L/--copy-links
2026/08/08 17:54:40 NOTICE: Foruns/v4_labs_espelhos/contratos_v4_nucleo_editorial_comum_v1.md: Can't follow symlink without -L/--copy-links
2026/08/08 17:54:40 NOTICE: Foruns/v4_labs_espelhos/contratos_v4_nucleo_editorial_comum_v2.md: Can't follow symlink without -L/--copy-links
2026/08/08 17:54:40 NOTICE: Foruns/v4_labs_espelhos/v4_memoria_MANIFESTO_PATCH_GPT56PRO_20260714.md: Can't follow symlink without -L/--copy-links
2026/08/08 17:54:40 NOTICE: Foruns/v4_labs_espelhos/contratos_v4_nucleo_editorial_redacao_v1.md: Can't follow symlink without -L/--copy-links
2026/08/08 17:54:40 NOTICE: Foruns/v4_labs_espelhos/v4_memoria_forum_arquitetura_cafezinho_media_group_v4_20260715.md: Can't follow symlink without -L/--copy-links
2026/08/08 17:54:40 NOTICE: Foruns/v4_labs_espelhos/contratos_v4_repetidor_v1.md: Can't follow symlink without -L/--copy-links
2026/08/08 17:54:40 NOTICE: Foruns/v4_labs_espelhos/contratos_forum_v4_qualidade_editorial_ciencia_ia_20260712.md: Can't follow symlink without -L/--copy-links
2026/08/08 17:54:40 NOTICE: Foruns/v4_labs_espelhos/v4_memoria_forum_retomada_v4_imagens_drafts_20260716_run14.md: Can't follow symlink without -L/--copy-links
2026/08/08 17:54:40 NOTICE: Foruns/v4_labs_espelhos/v4_memoria_forum_imagens_261602_20260714.md: Can't follow symlink without -L/--copy-links
2026/08/08 17:54:40 NOTICE: Foruns/v4_labs_espelhos/contratos_v4_politica_economia_v1.md: Can't follow symlink without -L/--copy-links
2026/08/08 17:54:40 NOTICE: Foruns/v4_labs_espelhos/v4_memoria_forum_retomada_v4_imagens_drafts_20260716_run6.md: Can't follow symlink without -L/--copy-links
2026/08/08 17:54:40 NOTICE: Foruns/v4_labs_espelhos/v4_memoria_forum_retomada_v4_imagens_drafts_20260716_run11.md: Can't follow symlink without -L/--copy-links
2026/08/08 17:54:40 NOTICE: Foruns/v4_labs_espelhos/v4_memoria_forum_resposta_gpt56pro_autocura_imagens_v4_20260714.md: Can't follow symlink without -L/--copy-links
2026/08/08 17:54:40 NOTICE: Foruns/v4_labs_espelhos/v4_memoria_forum_retomada_v4_imagens_drafts_20260716_run9.md: Can't follow symlink without -L/--copy-links
2026/08/08 17:54:42 NOTICE: Backups/backup_cerebro_20260728_164635/Foruns/v4_labs_espelhos/contratos_v4_gsn_espelho_ingles_v1.md: Can't follow symlink without -L/--copy-links
2026/08/08 17:54:42 NOTICE: Backups/backup_cerebro_20260728_164635/Foruns/v4_labs_espelhos/contratos_v4_cultura_v1.md: Can't follow symlink without -L/--copy-links
2026/08/08 17:54:42 NOTICE: Backups/backup_cerebro_20260728_164635/Foruns/v4_labs_espelhos/v4_memoria_carta_gpt56pro_autocura_imagens_v4_20260714.md: Can't follow symlink without -L/--copy-links
2026/08/08 17:54:42 NOTICE: Backups/backup_cerebro_20260728_164635/Foruns/v4_labs_espelhos/v4_memoria_forum_retomada_v4_imagens_drafts_20260716.md: Can't follow symlink without -L/--copy-links
2026/08/08 17:54:42 NOTICE: Backups/backup_cerebro_20260728_164635/Foruns/v4_labs_espelhos/labs_forum_autocura_imagens_v4_20260714.md: Can't follow symlink without -L/--copy-links
2026/08/08 17:54:42 NOTICE: Backups/backup_cerebro_20260728_164635/Foruns/v4_labs_espelhos/contratos_v4_ciencia_tecnologia_ia_v1.md: Can't follow symlink without -L/--copy-links
2026/08/08 17:54:42 NOTICE: Backups/backup_cerebro_20260728_164635/Foruns/v4_labs_espelhos/v4_memoria_forum_autocura_imagens_v4_20260714.md: Can't follow symlink without -L/--copy-links
2026/08/08 17:54:42 NOTICE: Backups/backup_cerebro_20260728_164635/Foruns/v4_labs_espelhos/labs_MANIFESTO.md: Can't follow symlink without -L/--copy-links
2026/08/08 17:54:42 NOTICE: Backups/backup_cerebro_20260728_164635/Foruns/v4_labs_espelhos/contratos_v4_internacional_v1.md: Can't follow symlink without -L/--copy-links
2026/08/08 17:54:42 NOTICE: Backups/backup_cerebro_20260728_164635/Foruns/v4_labs_espelhos/contratos_v4_nucleo_editorial_comum_v1.md: Can't follow symlink without -L/--copy-links
2026/08/08 17:54:42 NOTICE: Backups/backup_cerebro_20260728_164635/Foruns/v4_labs_espelhos/contratos_v4_nucleo_editorial_comum_v2.md: Can't follow symlink without -L/--copy-links
2026/08/08 17:54:42 NOTICE: Backups/backup_cerebro_20260728_164635/Foruns/v4_labs_espelhos/v4_memoria_MANIFESTO_PATCH_GPT56PRO_20260714.md: Can't follow symlink without -L/--copy-links
2026/08/08 17:54:42 NOTICE: Backups/backup_cerebro_20260728_164635/Foruns/v4_labs_espelhos/contratos_v4_nucleo_editorial_redacao_v1.md: Can't follow symlink without -L/--copy-links
2026/08/08 17:54:42 NOTICE: Backups/backup_cerebro_20260728_164635/Foruns/v4_labs_espelhos/v4_memoria_forum_arquitetura_cafezinho_media_group_v4_20260715.md: Can't follow symlink without -L/--copy-links
2026/08/08 17:54:42 NOTICE: Backups/backup_cerebro_20260728_164635/Foruns/v4_labs_espelhos/contratos_v4_repetidor_v1.md: Can't follow symlink without -L/--copy-links
2026/08/08 17:54:42 NOTICE: Backups/backup_cerebro_20260728_164635/Foruns/v4_labs_espelhos/contratos_forum_v4_qualidade_editorial_ciencia_ia_20260712.md: Can't follow symlink without -L/--copy-links
2026/08/08 17:54:42 NOTICE: Backups/backup_cerebro_20260728_164635/Foruns/v4_labs_espelhos/v4_memoria_forum_retomada_v4_imagens_drafts_20260716_run14.md: Can't follow symlink without -L/--copy-links
2026/08/08 17:54:42 NOTICE: Backups/backup_cerebro_20260728_164635/Foruns/v4_labs_espelhos/v4_memoria_forum_imagens_261602_20260714.md: Can't follow symlink without -L/--copy-links
2026/08/08 17:54:42 NOTICE: Backups/backup_cerebro_20260728_164635/Foruns/v4_labs_espelhos/contratos_v4_politica_economia_v1.md: Can't follow symlink without -L/--copy-links
2026/08/08 17:54:42 NOTICE: Backups/backup_cerebro_20260728_164635/Foruns/v4_labs_espelhos/v4_memoria_forum_retomada_v4_imagens_drafts_20260716_run6.md: Can't follow symlink without -L/--copy-links
2026/08/08 17:54:42 NOTICE: Backups/backup_cerebro_20260728_164635/Foruns/v4_labs_espelhos/v4_memoria_forum_retomada_v4_imagens_drafts_20260716_run11.md: Can't follow symlink without -L/--copy-links
2026/08/08 17:54:42 NOTICE: Backups/backup_cerebro_20260728_164635/Foruns/v4_labs_espelhos/v4_memoria_forum_resposta_gpt56pro_autocura_imagens_v4_20260714.md: Can't follow symlink without -L/--copy-links
2026/08/08 17:54:42 NOTICE: Backups/backup_cerebro_20260728_164635/Foruns/v4_labs_espelhos/v4_memoria_forum_retomada_v4_imagens_drafts_20260716_run9.md: Can't follow symlink without -L/--copy-links
2026/08/08 17:54:45 INFO  : backup_total_2026/logs: Set directory modification time (using SetModTime)
2026/08/08 17:54:45 INFO  : backup_total_2026: Set directory modification time (using SetModTime)
2026/08/08 17:54:45 ERROR : Attempt 3/3 failed with 1 errors and: Post "https://www.googleapis.com/upload/drive/v3/files?alt=json&fields=id%2Cname%2Csize%2Cmd5Checksum%2Csha1Checksum%2Csha256Checksum%2Ctrashed%2CexplicitlyTrashed%2CmodifiedTime%2CcreatedTime%2CmimeType%2Cparents%2CwebViewLink%2CshortcutDetails%2CexportLinks%2CresourceKey&keepRevisionForever=false&prettyPrint=false&supportsAllDrives=true&uploadType=multipart": googleapi: Copy failed: can't copy - source file is being updated (size changed from 112807 to 123786)
2026/08/08 17:54:45 INFO  :   499.274 KiB / 499.274 KiB, 100%, 6.508 KiB/s, ETA 0s
2026/08/08 17:54:45 NOTICE: Failed to copy: Post "https://www.googleapis.com/upload/drive/v3/files?alt=json&fields=id%2Cname%2Csize%2Cmd5Checksum%2Csha1Checksum%2Csha256Checksum%2Ctrashed%2CexplicitlyTrashed%2CmodifiedTime%2CcreatedTime%2CmimeType%2Cparents%2CwebViewLink%2CshortcutDetails%2CexportLinks%2CresourceKey&keepRevisionForever=false&prettyPrint=false&supportsAllDrives=true&uploadType=multipart": googleapi: Copy failed: can't copy - source file is being updated (size changed from 112807 to 123786)
2026/08/08 18:24:53 INFO  : backup_total_2026: Set directory modification time (using SetModTime)
2026/08/08 18:24:55 INFO  : backup_total_2026/logs: Set directory modification time (using SetModTime)
2026/08/08 18:24:55 INFO  : backup_total_2026/ESTADO.md: Copied (replaced existing)
2026/08/08 18:24:57 NOTICE: Backups/limpeza_comunicacao_reforma_v4_20260717_131257/inbox_trindade_antes/antigravity_desktop.md: Can't follow symlink without -L/--copy-links
2026/08/08 18:24:57 NOTICE: Backups/reforma_v4_abertura_sprint_20260717_1042/inbox_trindade_antes_da_limpeza/antigravity_desktop.md: Can't follow symlink without -L/--copy-links
2026/08/08 18:24:58 INFO  : Backups/vigilia_v5/2026-08-08: Set directory modification time (using SetModTime)
2026/08/08 18:24:59 NOTICE: Backups/rotacao_trindade_v4_20260718_220604/projeto/inbox_trindade/pesquisas_tse_2026_tabela.csv: Can't follow symlink without -L/--copy-links
2026/08/08 18:24:59 NOTICE: Backups/rotacao_trindade_v4_20260718_220604/projeto/inbox_trindade/pesquisas_tse_2026_detalhes.json: Can't follow symlink without -L/--copy-links
2026/08/08 18:24:59 NOTICE: Backups/rotacao_trindade_v4_20260718_220604/projeto/inbox_trindade/pesqele_results_html.txt: Can't follow symlink without -L/--copy-links
2026/08/08 18:24:59 NOTICE: Backups/rotacao_trindade_v4_20260718_220604/projeto/inbox_trindade/publicar_pagina_direitos.py: Can't follow symlink without -L/--copy-links
2026/08/08 18:24:59 NOTICE: Backups/rotacao_trindade_v4_20260718_220604/projeto/inbox_trindade/test_quaest.js: Can't follow symlink without -L/--copy-links
2026/08/08 18:24:59 NOTICE: Backups/rotacao_trindade_v4_20260718_220604/projeto/inbox_trindade/pesquisas_tse_2026_todas_br.json: Can't follow symlink without -L/--copy-links
2026/08/08 18:24:59 NOTICE: Backups/rotacao_trindade_v4_20260718_220604/projeto/inbox_trindade/scraper_tse6.js: Can't follow symlink without -L/--copy-links
2026/08/08 18:24:59 NOTICE: Backups/rotacao_trindade_v4_20260718_220604/projeto/inbox_trindade/scraper_tse_custos.js: Can't follow symlink without -L/--copy-links
2026/08/08 18:24:59 NOTICE: Backups/rotacao_trindade_v4_20260718_220604/projeto/inbox_trindade/apresentacao_eidas.pdf: Can't follow symlink without -L/--copy-links
2026/08/08 18:24:59 NOTICE: Backups/rotacao_trindade_v4_20260718_220604/projeto/inbox_trindade/qwen_coding.md: Can't follow symlink without -L/--copy-links
2026/08/08 18:24:59 NOTICE: Backups/rotacao_trindade_v4_20260718_220604/projeto/inbox_trindade/pesqele_search_html.txt: Can't follow symlink without -L/--copy-links
2026/08/08 18:24:59 NOTICE: Backups/rotacao_trindade_v4_20260718_220604/projeto/inbox_trindade/pesqele_search_body.txt: Can't follow symlink without -L/--copy-links
2026/08/08 18:24:59 NOTICE: Backups/rotacao_trindade_v4_20260718_220604/projeto/inbox_trindade/scraper_tse_form.js: Can't follow symlink without -L/--copy-links
2026/08/08 18:24:59 NOTICE: Backups/rotacao_trindade_v4_20260718_220604/projeto/inbox_trindade/scraper_tse2.js: Can't follow symlink without -L/--copy-links
2026/08/08 18:24:59 NOTICE: Backups/rotacao_trindade_v4_20260718_220604/projeto/inbox_trindade/ming.md: Can't follow symlink without -L/--copy-links
2026/08/08 18:24:59 NOTICE: Backups/rotacao_trindade_v4_20260718_220604/projeto/inbox_trindade/pesquisas_tse_2026_processadas.json: Can't follow symlink without -L/--copy-links
2026/08/08 18:24:59 NOTICE: Backups/rotacao_trindade_v4_20260718_220604/projeto/inbox_trindade/resumo_pesquisas.json: Can't follow symlink without -L/--copy-links
2026/08/08 18:24:59 NOTICE: Backups/rotacao_trindade_v4_20260718_220604/projeto/inbox_trindade/pedido_ponto_de_retomada_20260628.md: Can't follow symlink without -L/--copy-links
2026/08/08 18:24:59 NOTICE: Backups/rotacao_trindade_v4_20260718_220604/projeto/inbox_trindade/scraper_tse_modals2.js: Can't follow symlink without -L/--copy-links
2026/08/08 18:24:59 NOTICE: Backups/rotacao_trindade_v4_20260718_220604/projeto/inbox_trindade/scraper_tse_todas_br.js: Can't follow symlink without -L/--copy-links
2026/08/08 18:24:59 NOTICE: Backups/rotacao_trindade_v4_20260718_220604/projeto/inbox_trindade/detalhar_page_html.txt: Can't follow symlink without -L/--copy-links
2026/08/08 18:24:59 NOTICE: Backups/rotacao_trindade_v4_20260718_220604/projeto/inbox_trindade/pesquisas_tse_2026.json: Can't follow symlink without -L/--copy-links
2026/08/08 18:24:59 NOTICE: Backups/rotacao_trindade_v4_20260718_220604/projeto/inbox_trindade/package.json: Can't follow symlink without -L/--copy-links
2026/08/08 18:24:59 NOTICE: Backups/rotacao_trindade_v4_20260718_220604/projeto/inbox_trindade/analise_ipca15_junho2026.md: Can't follow symlink without -L/--copy-links
2026/08/08 18:24:59 NOTICE: Backups/rotacao_trindade_v4_20260718_220604/projeto/inbox_trindade/package-lock.json: Can't follow symlink without -L/--copy-links
2026/08/08 18:24:59 NOTICE: Backups/rotacao_trindade_v4_20260718_220604/projeto/inbox_trindade/README.md: Can't follow symlink without -L/--copy-links
2026/08/08 18:24:59 NOTICE: Backups/rotacao_trindade_v4_20260718_220604/projeto/inbox_trindade/scraper_tse_detalhar_test.js: Can't follow symlink without -L/--copy-links
2026/08/08 18:24:59 NOTICE: Backups/rotacao_trindade_v4_20260718_220604/projeto/inbox_trindade/quaest_ipec.json: Can't follow symlink without -L/--copy-links
2026/08/08 18:24:59 NOTICE: Backups/rotacao_trindade_v4_20260718_220604/projeto/inbox_trindade/pesqele_home.png: Can't follow symlink without -L/--copy-links
2026/08/08 18:24:59 NOTICE: Backups/rotacao_trindade_v4_20260718_220604/projeto/inbox_trindade/scraper_tse_detalhes.js: Can't follow symlink without -L/--copy-links
2026/08/08 18:24:59 NOTICE: Backups/rotacao_trindade_v4_20260718_220604/projeto/inbox_trindade/pesquisas_tse_2026_full.json: Can't follow symlink without -L/--copy-links
2026/08/08 18:24:59 NOTICE: Backups/rotacao_trindade_v4_20260718_220604/projeto/inbox_trindade/pesqele_search.png: Can't follow symlink without -L/--copy-links
2026/08/08 18:24:59 NOTICE: Backups/rotacao_trindade_v4_20260718_220604/projeto/inbox_trindade/agy_cli.md: Can't follow symlink without -L/--copy-links
2026/08/08 18:24:59 NOTICE: Backups/rotacao_trindade_v4_20260718_220604/projeto/inbox_trindade/pesqele_body.txt: Can't follow symlink without -L/--copy-links
2026/08/08 18:24:59 NOTICE: Backups/rotacao_trindade_v4_20260718_220604/projeto/inbox_trindade/scraper_tse4.js: Can't follow symlink without -L/--copy-links
2026/08/08 18:24:59 NOTICE: Backups/rotacao_trindade_v4_20260718_220604/projeto/inbox_trindade/scraper_tse_paginator.js: Can't follow symlink without -L/--copy-links
2026/08/08 18:24:59 NOTICE: Backups/rotacao_trindade_v4_20260718_220604/projeto/inbox_trindade/materia_eidas_diagramada.pdf: Can't follow symlink without -L/--copy-links
2026/08/08 18:24:59 NOTICE: Backups/rotacao_trindade_v4_20260718_220604/projeto/inbox_trindade/parser_tse.js: Can't follow symlink without -L/--copy-links
2026/08/08 18:24:59 NOTICE: Backups/rotacao_trindade_v4_20260718_220604/projeto/inbox_trindade/materia_eidas_20260630.md: Can't follow symlink without -L/--copy-links
2026/08/08 18:24:59 NOTICE: Backups/rotacao_trindade_v4_20260718_220604/projeto/inbox_trindade/relatorio_pesquisas_2026.md: Can't follow symlink without -L/--copy-links
2026/08/08 18:24:59 NOTICE: Backups/rotacao_trindade_v4_20260718_220604/projeto/inbox_trindade/scraper_tse_isolated.js: Can't follow symlink without -L/--copy-links
2026/08/08 18:24:59 NOTICE: Backups/rotacao_trindade_v4_20260718_220604/projeto/inbox_trindade/scraper_tse_modals.js: Can't follow symlink without -L/--copy-links
2026/08/08 18:24:59 NOTICE: Backups/rotacao_trindade_v4_20260718_220604/projeto/inbox_trindade/scraper_tse_fast.js: Can't follow symlink without -L/--copy-links
2026/08/08 18:24:59 NOTICE: Backups/rotacao_trindade_v4_20260718_220604/projeto/inbox_trindade/antigravity_desktop.md: Can't follow symlink without -L/--copy-links
2026/08/08 18:24:59 NOTICE: Backups/rotacao_trindade_v4_20260718_220604/projeto/inbox_trindade/scraper_tse_modals3.js: Can't follow symlink without -L/--copy-links
2026/08/08 18:24:59 NOTICE: Backups/rotacao_trindade_v4_20260718_220604/projeto/inbox_trindade/pesqele_results.png: Can't follow symlink without -L/--copy-links
2026/08/08 18:24:59 NOTICE: Backups/rotacao_trindade_v4_20260718_220604/projeto/inbox_trindade/grok_coding.md: Can't follow symlink without -L/--copy-links
2026/08/08 18:24:59 NOTICE: Backups/rotacao_trindade_v4_20260718_220604/projeto/inbox_trindade/miguel.md: Can't follow symlink without -L/--copy-links
2026/08/08 18:24:59 NOTICE: Backups/rotacao_trindade_v4_20260718_220604/projeto/inbox_trindade/scraper_tse_full.js: Can't follow symlink without -L/--copy-links
2026/08/08 18:24:59 NOTICE: Backups/rotacao_trindade_v4_20260718_220604/projeto/inbox_trindade/glm_coding.md: Can't follow symlink without -L/--copy-links
2026/08/08 18:24:59 NOTICE: Backups/rotacao_trindade_v4_20260718_220604/projeto/inbox_trindade/parser_tse_quaest_fixed.js: Can't follow symlink without -L/--copy-links
2026/08/08 18:24:59 NOTICE: Backups/rotacao_trindade_v4_20260718_220604/projeto/inbox_trindade/scraper_tse5.js: Can't follow symlink without -L/--copy-links
2026/08/08 18:24:59 NOTICE: Backups/rotacao_trindade_v4_20260718_220604/projeto/inbox_trindade/parser_tse_quaest.js: Can't follow symlink without -L/--copy-links
2026/08/08 18:24:59 NOTICE: Backups/rotacao_trindade_v4_20260718_220604/projeto/inbox_trindade/gerar_pdfs.py: Can't follow symlink without -L/--copy-links
2026/08/08 18:24:59 NOTICE: Backups/rotacao_trindade_v4_20260718_220604/projeto/inbox_trindade/materia_eidas_diagramada.html: Can't follow symlink without -L/--copy-links
2026/08/08 18:24:59 NOTICE: Backups/rotacao_trindade_v4_20260718_220604/projeto/inbox_trindade/pesqele_results_body.txt: Can't follow symlink without -L/--copy-links
2026/08/08 18:24:59 NOTICE: Backups/rotacao_trindade_v4_20260718_220604/projeto/inbox_trindade/pesquisas_tse_2026_todas.json: Can't follow symlink without -L/--copy-links
2026/08/08 18:24:59 NOTICE: Backups/rotacao_trindade_v4_20260718_220604/projeto/inbox_trindade/pesquisas_tse_2026_raw_modals.json: Can't follow symlink without -L/--copy-links
2026/08/08 18:24:59 NOTICE: Backups/rotacao_trindade_v4_20260718_220604/projeto/inbox_trindade/scraper_tse.js: Can't follow symlink without -L/--copy-links
2026/08/08 18:24:59 NOTICE: Backups/rotacao_trindade_v4_20260718_220604/projeto/inbox_trindade/detalhar_page.txt: Can't follow symlink without -L/--copy-links
2026/08/08 18:24:59 NOTICE: Backups/rotacao_trindade_v4_20260718_220604/projeto/inbox_trindade/apresentacao_eidas.html: Can't follow symlink without -L/--copy-links
2026/08/08 18:24:59 NOTICE: Backups/rotacao_trindade_v4_20260718_220604/projeto/inbox_trindade/pesqele_html.txt: Can't follow symlink without -L/--copy-links
2026/08/08 18:24:59 NOTICE: Backups/rotacao_trindade_v4_20260718_220604/projeto/inbox_trindade/vibe_mistral_cli.md: Can't follow symlink without -L/--copy-links
2026/08/08 18:24:59 NOTICE: Backups/rotacao_trindade_v4_20260718_220604/projeto/inbox_trindade/pesqele_data.json: Can't follow symlink without -L/--copy-links
2026/08/08 18:24:59 NOTICE: Backups/rotacao_trindade_v4_20260718_220604/projeto/inbox_trindade/find_institutes.js: Can't follow symlink without -L/--copy-links
2026/08/08 18:24:59 NOTICE: Backups/rotacao_trindade_v4_20260718_220604/projeto/inbox_trindade/scraper_tse3.js: Can't follow symlink without -L/--copy-links
2026/08/08 18:24:59 NOTICE: Backups/rotacao_trindade_v4_20260718_220604/projeto/inbox_trindade/pesqele_form_html.txt: Can't follow symlink without -L/--copy-links
2026/08/08 18:24:59 INFO  : monitoramento_horario/bugs_encontrados/bugs_2026-08-08.jsonl: Copied (replaced existing)
2026/08/08 18:24:59 INFO  : backup_total_2026/logs/C16_j3_check.sh: Copied (new)
2026/08/08 18:24:59 INFO  : backup_total_2026/logs/C16.j3_check.stdout: Copied (new)
2026/08/08 18:24:59 INFO  : backup_total_2026/logs/C16_checkPC.log: Copied (new)
2026/08/08 18:24:59 INFO  : backup_total_2026/logs/C16.j4_checkPC.stdout: Copied (new)
2026/08/08 18:24:59 INFO  : backup_total_2026/logs/C16_j4_checkPC.sh: Copied (new)
2026/08/08 18:25:00 ERROR : backup_total_2026/logs/C16.log: corrupted on transfer: md5 hashes differ src(Local file system at /home/migueldorosario/Downloads/Antigravity Google/Cerebro) "d3cdad2a6dfd530257ff2ee6f1e2d9a2" vs dst(Google drive root 'Workspace_Vivo/Cerebro') "f894d1f3ad8387db412ca056579593f6"
2026/08/08 18:25:00 INFO  : backup_total_2026/logs/C16.log: Removing failed copy
2026/08/08 18:25:00 INFO  : backup_total_2026/logs/C16_check.log: Copied (new)
2026/08/08 18:25:00 INFO  : backup_total_2026/logs/C16.j2.stdout: Copied (replaced existing)
2026/08/08 18:25:02 NOTICE: Backups/backup_cerebro_20260728_164635/Foruns/v4_labs_espelhos/contratos_v4_gsn_espelho_ingles_v1.md: Can't follow symlink without -L/--copy-links
2026/08/08 18:25:02 NOTICE: Backups/backup_cerebro_20260728_164635/Foruns/v4_labs_espelhos/contratos_v4_cultura_v1.md: Can't follow symlink without -L/--copy-links
2026/08/08 18:25:02 NOTICE: Backups/backup_cerebro_20260728_164635/Foruns/v4_labs_espelhos/v4_memoria_carta_gpt56pro_autocura_imagens_v4_20260714.md: Can't follow symlink without -L/--copy-links
2026/08/08 18:25:02 NOTICE: Backups/backup_cerebro_20260728_164635/Foruns/v4_labs_espelhos/v4_memoria_forum_retomada_v4_imagens_drafts_20260716.md: Can't follow symlink without -L/--copy-links
2026/08/08 18:25:02 NOTICE: Backups/backup_cerebro_20260728_164635/Foruns/v4_labs_espelhos/labs_forum_autocura_imagens_v4_20260714.md: Can't follow symlink without -L/--copy-links
2026/08/08 18:25:02 NOTICE: Backups/backup_cerebro_20260728_164635/Foruns/v4_labs_espelhos/contratos_v4_ciencia_tecnologia_ia_v1.md: Can't follow symlink without -L/--copy-links
2026/08/08 18:25:02 NOTICE: Backups/backup_cerebro_20260728_164635/Foruns/v4_labs_espelhos/v4_memoria_forum_autocura_imagens_v4_20260714.md: Can't follow symlink without -L/--copy-links
2026/08/08 18:25:02 NOTICE: Backups/backup_cerebro_20260728_164635/Foruns/v4_labs_espelhos/labs_MANIFESTO.md: Can't follow symlink without -L/--copy-links
2026/08/08 18:25:02 NOTICE: Backups/backup_cerebro_20260728_164635/Foruns/v4_labs_espelhos/contratos_v4_internacional_v1.md: Can't follow symlink without -L/--copy-links
2026/08/08 18:25:02 NOTICE: Backups/backup_cerebro_20260728_164635/Foruns/v4_labs_espelhos/contratos_v4_nucleo_editorial_comum_v1.md: Can't follow symlink without -L/--copy-links
2026/08/08 18:25:02 NOTICE: Backups/backup_cerebro_20260728_164635/Foruns/v4_labs_espelhos/contratos_v4_nucleo_editorial_comum_v2.md: Can't follow symlink without -L/--copy-links
2026/08/08 18:25:02 NOTICE: Backups/backup_cerebro_20260728_164635/Foruns/v4_labs_espelhos/v4_memoria_MANIFESTO_PATCH_GPT56PRO_20260714.md: Can't follow symlink without -L/--copy-links
2026/08/08 18:25:02 NOTICE: Backups/backup_cerebro_20260728_164635/Foruns/v4_labs_espelhos/contratos_v4_nucleo_editorial_redacao_v1.md: Can't follow symlink without -L/--copy-links
2026/08/08 18:25:02 NOTICE: Backups/backup_cerebro_20260728_164635/Foruns/v4_labs_espelhos/v4_memoria_forum_arquitetura_cafezinho_media_group_v4_20260715.md: Can't follow symlink without -L/--copy-links
2026/08/08 18:25:02 NOTICE: Backups/backup_cerebro_20260728_164635/Foruns/v4_labs_espelhos/contratos_v4_repetidor_v1.md: Can't follow symlink without -L/--copy-links
2026/08/08 18:25:02 NOTICE: Backups/backup_cerebro_20260728_164635/Foruns/v4_labs_espelhos/contratos_forum_v4_qualidade_editorial_ciencia_ia_20260712.md: Can't follow symlink without -L/--copy-links
2026/08/08 18:25:02 NOTICE: Backups/backup_cerebro_20260728_164635/Foruns/v4_labs_espelhos/v4_memoria_forum_retomada_v4_imagens_drafts_20260716_run14.md: Can't follow symlink without -L/--copy-links
2026/08/08 18:25:02 NOTICE: Backups/backup_cerebro_20260728_164635/Foruns/v4_labs_espelhos/v4_memoria_forum_imagens_261602_20260714.md: Can't follow symlink without -L/--copy-links
2026/08/08 18:25:02 NOTICE: Backups/backup_cerebro_20260728_164635/Foruns/v4_labs_espelhos/contratos_v4_politica_economia_v1.md: Can't follow symlink without -L/--copy-links
2026/08/08 18:25:02 NOTICE: Backups/backup_cerebro_20260728_164635/Foruns/v4_labs_espelhos/v4_memoria_forum_retomada_v4_imagens_drafts_20260716_run6.md: Can't follow symlink without -L/--copy-links
2026/08/08 18:25:02 NOTICE: Backups/backup_cerebro_20260728_164635/Foruns/v4_labs_espelhos/v4_memoria_forum_retomada_v4_imagens_drafts_20260716_run11.md: Can't follow symlink without -L/--copy-links
2026/08/08 18:25:02 NOTICE: Backups/backup_cerebro_20260728_164635/Foruns/v4_labs_espelhos/v4_memoria_forum_resposta_gpt56pro_autocura_imagens_v4_20260714.md: Can't follow symlink without -L/--copy-links
2026/08/08 18:25:02 NOTICE: Backups/backup_cerebro_20260728_164635/Foruns/v4_labs_espelhos/v4_memoria_forum_retomada_v4_imagens_drafts_20260716_run9.md: Can't follow symlink without -L/--copy-links
2026/08/08 18:25:02 NOTICE: Foruns/v4_labs_espelhos/contratos_v4_gsn_espelho_ingles_v1.md: Can't follow symlink without -L/--copy-links
2026/08/08 18:25:02 NOTICE: Foruns/v4_labs_espelhos/contratos_v4_cultura_v1.md: Can't follow symlink without -L/--copy-links
2026/08/08 18:25:02 NOTICE: Foruns/v4_labs_espelhos/v4_memoria_carta_gpt56pro_autocura_imagens_v4_20260714.md: Can't follow symlink without -L/--copy-links
2026/08/08 18:25:02 NOTICE: Foruns/v4_labs_espelhos/v4_memoria_forum_retomada_v4_imagens_drafts_20260716.md: Can't follow symlink without -L/--copy-links
2026/08/08 18:25:02 NOTICE: Foruns/v4_labs_espelhos/labs_forum_autocura_imagens_v4_20260714.md: Can't follow symlink without -L/--copy-links
2026/08/08 18:25:02 NOTICE: Foruns/v4_labs_espelhos/contratos_v4_ciencia_tecnologia_ia_v1.md: Can't follow symlink without -L/--copy-links
2026/08/08 18:25:02 NOTICE: Foruns/v4_labs_espelhos/v4_memoria_forum_autocura_imagens_v4_20260714.md: Can't follow symlink without -L/--copy-links
2026/08/08 18:25:02 NOTICE: Foruns/v4_labs_espelhos/labs_MANIFESTO.md: Can't follow symlink without -L/--copy-links
2026/08/08 18:25:02 NOTICE: Foruns/v4_labs_espelhos/contratos_v4_internacional_v1.md: Can't follow symlink without -L/--copy-links
2026/08/08 18:25:02 NOTICE: Foruns/v4_labs_espelhos/contratos_v4_nucleo_editorial_comum_v1.md: Can't follow symlink without -L/--copy-links
2026/08/08 18:25:02 NOTICE: Foruns/v4_labs_espelhos/contratos_v4_nucleo_editorial_comum_v2.md: Can't follow symlink without -L/--copy-links
2026/08/08 18:25:02 NOTICE: Foruns/v4_labs_espelhos/v4_memoria_MANIFESTO_PATCH_GPT56PRO_20260714.md: Can't follow symlink without -L/--copy-links
2026/08/08 18:25:02 NOTICE: Foruns/v4_labs_espelhos/contratos_v4_nucleo_editorial_redacao_v1.md: Can't follow symlink without -L/--copy-links
2026/08/08 18:25:02 NOTICE: Foruns/v4_labs_espelhos/v4_memoria_forum_arquitetura_cafezinho_media_group_v4_20260715.md: Can't follow symlink without -L/--copy-links
2026/08/08 18:25:02 NOTICE: Foruns/v4_labs_espelhos/contratos_v4_repetidor_v1.md: Can't follow symlink without -L/--copy-links
2026/08/08 18:25:02 NOTICE: Foruns/v4_labs_espelhos/contratos_forum_v4_qualidade_editorial_ciencia_ia_20260712.md: Can't follow symlink without -L/--copy-links
2026/08/08 18:25:02 NOTICE: Foruns/v4_labs_espelhos/v4_memoria_forum_retomada_v4_imagens_drafts_20260716_run14.md: Can't follow symlink without -L/--copy-links
2026/08/08 18:25:02 NOTICE: Foruns/v4_labs_espelhos/v4_memoria_forum_imagens_261602_20260714.md: Can't follow symlink without -L/--copy-links
2026/08/08 18:25:02 NOTICE: Foruns/v4_labs_espelhos/contratos_v4_politica_economia_v1.md: Can't follow symlink without -L/--copy-links
2026/08/08 18:25:02 NOTICE: Foruns/v4_labs_espelhos/v4_memoria_forum_retomada_v4_imagens_drafts_20260716_run6.md: Can't follow symlink without -L/--copy-links
2026/08/08 18:25:02 NOTICE: Foruns/v4_labs_espelhos/v4_memoria_forum_retomada_v4_imagens_drafts_20260716_run11.md: Can't follow symlink without -L/--copy-links
2026/08/08 18:25:02 NOTICE: Foruns/v4_labs_espelhos/v4_memoria_forum_resposta_gpt56pro_autocura_imagens_v4_20260714.md: Can't follow symlink without -L/--copy-links
2026/08/08 18:25:02 NOTICE: Foruns/v4_labs_espelhos/v4_memoria_forum_retomada_v4_imagens_drafts_20260716_run9.md: Can't follow symlink without -L/--copy-links
2026/08/08 18:25:36 INFO  :   584.532 KiB / 599.634 KiB, 97%, 4.118 KiB/s, ETA 3s
2026/08/08 18:25:41 INFO  : Backups/vigilia_v5/2026-08-08/_pos_264839_bffb3824e2a08569.json: Copied (new)
2026/08/08 18:25:43 INFO  : Backups/vigilia_v5/2026-08-08/_pre_264839_9c5a2ce671dfc1bb.json: Copied (new)
2026/08/08 18:25:45 INFO  : Backups/vigilia_v5/2026-08-08/_pre_264832_8946bf27e5dc50e7.json: Copied (new)
2026/08/08 18:25:45 INFO  : Backups/vigilia_v5/2026-08-08/_pos_264832_af3dfcf5e55b9fc0.json: Copied (new)
2026/08/08 18:25:46 INFO  : Backups/vigilia_v5/2026-08-08: Set directory modification time (using SetModTime)
2026/08/08 18:25:46 INFO  : Backups/vigilia_v5: Set directory modification time (using SetModTime)
2026/08/08 18:25:46 INFO  : backup_total_2026/logs: Set directory modification time (using SetModTime)
2026/08/08 18:25:46 INFO  : monitoramento_horario/bugs_encontrados: Set directory modification time (using SetModTime)
2026/08/08 18:25:47 INFO  : backup_total_2026: Set directory modification time (using SetModTime)
2026/08/08 18:25:47 INFO  : Backups: Set directory modification time (using SetModTime)
2026/08/08 18:25:47 INFO  : monitoramento_horario: Set directory modification time (using SetModTime)
2026/08/08 18:25:47 ERROR : Attempt 1/3 failed with 1 errors and: corrupted on transfer: md5 hashes differ src(Local file system at /home/migueldorosario/Downloads/Antigravity Google/Cerebro) "d3cdad2a6dfd530257ff2ee6f1e2d9a2" vs dst(Google drive root 'Workspace_Vivo/Cerebro') "f894d1f3ad8387db412ca056579593f6"
2026/08/08 18:25:50 INFO  : backup_total_2026/logs/C16_checkPC.log: Copied (replaced existing)
2026/08/08 18:25:50 ERROR : backup_total_2026/logs/C16.log: Failed to copy: Post "https://www.googleapis.com/upload/drive/v3/files?alt=json&fields=id%2Cname%2Csize%2Cmd5Checksum%2Csha1Checksum%2Csha256Checksum%2Ctrashed%2CexplicitlyTrashed%2CmodifiedTime%2CcreatedTime%2CmimeType%2Cparents%2CwebViewLink%2CshortcutDetails%2CexportLinks%2CresourceKey&keepRevisionForever=false&prettyPrint=false&supportsAllDrives=true&uploadType=multipart": googleapi: Copy failed: can't copy - source file is being updated (size changed from 155101 to 155196)
2026/08/08 18:25:51 ERROR : backup_total_2026/logs/C16_check.log: corrupted on transfer: md5 hashes differ src(Local file system at /home/migueldorosario/Downloads/Antigravity Google/Cerebro) "9cb5939c3b277aa91e80b4247f9d8159" vs dst(Google drive root 'Workspace_Vivo/Cerebro') "2a1b95b5a49f1c446e467e7022663ed8"
2026/08/08 18:25:51 INFO  : backup_total_2026/logs/C16_check.log: Removing failed copy
2026/08/08 18:25:52 NOTICE: Backups/limpeza_comunicacao_reforma_v4_20260717_131257/inbox_trindade_antes/antigravity_desktop.md: Can't follow symlink without -L/--copy-links
2026/08/08 18:25:52 NOTICE: Foruns/v4_labs_espelhos/contratos_v4_gsn_espelho_ingles_v1.md: Can't follow symlink without -L/--copy-links
2026/08/08 18:25:52 NOTICE: Foruns/v4_labs_espelhos/contratos_v4_cultura_v1.md: Can't follow symlink without -L/--copy-links
2026/08/08 18:25:52 NOTICE: Foruns/v4_labs_espelhos/v4_memoria_carta_gpt56pro_autocura_imagens_v4_20260714.md: Can't follow symlink without -L/--copy-links
2026/08/08 18:25:52 NOTICE: Foruns/v4_labs_espelhos/v4_memoria_forum_retomada_v4_imagens_drafts_20260716.md: Can't follow symlink without -L/--copy-links
2026/08/08 18:25:52 NOTICE: Foruns/v4_labs_espelhos/labs_forum_autocura_imagens_v4_20260714.md: Can't follow symlink without -L/--copy-links
2026/08/08 18:25:52 NOTICE: Foruns/v4_labs_espelhos/contratos_v4_ciencia_tecnologia_ia_v1.md: Can't follow symlink without -L/--copy-links
2026/08/08 18:25:52 NOTICE: Foruns/v4_labs_espelhos/v4_memoria_forum_autocura_imagens_v4_20260714.md: Can't follow symlink without -L/--copy-links
2026/08/08 18:25:52 NOTICE: Foruns/v4_labs_espelhos/labs_MANIFESTO.md: Can't follow symlink without -L/--copy-links
2026/08/08 18:25:52 NOTICE: Foruns/v4_labs_espelhos/contratos_v4_internacional_v1.md: Can't follow symlink without -L/--copy-links
2026/08/08 18:25:52 NOTICE: Foruns/v4_labs_espelhos/contratos_v4_nucleo_editorial_comum_v1.md: Can't follow symlink without -L/--copy-links
2026/08/08 18:25:52 NOTICE: Foruns/v4_labs_espelhos/contratos_v4_nucleo_editorial_comum_v2.md: Can't follow symlink without -L/--copy-links
2026/08/08 18:25:52 NOTICE: Foruns/v4_labs_espelhos/v4_memoria_MANIFESTO_PATCH_GPT56PRO_20260714.md: Can't follow symlink without -L/--copy-links
2026/08/08 18:25:52 NOTICE: Foruns/v4_labs_espelhos/contratos_v4_nucleo_editorial_redacao_v1.md: Can't follow symlink without -L/--copy-links
2026/08/08 18:25:52 NOTICE: Foruns/v4_labs_espelhos/v4_memoria_forum_arquitetura_cafezinho_media_group_v4_20260715.md: Can't follow symlink without -L/--copy-links
2026/08/08 18:25:52 NOTICE: Foruns/v4_labs_espelhos/contratos_v4_repetidor_v1.md: Can't follow symlink without -L/--copy-links
2026/08/08 18:25:52 NOTICE: Foruns/v4_labs_espelhos/contratos_forum_v4_qualidade_editorial_ciencia_ia_20260712.md: Can't follow symlink without -L/--copy-links
2026/08/08 18:25:52 NOTICE: Foruns/v4_labs_espelhos/v4_memoria_forum_retomada_v4_imagens_drafts_20260716_run14.md: Can't follow symlink without -L/--copy-links
2026/08/08 18:25:52 NOTICE: Foruns/v4_labs_espelhos/v4_memoria_forum_imagens_261602_20260714.md: Can't follow symlink without -L/--copy-links
2026/08/08 18:25:52 NOTICE: Foruns/v4_labs_espelhos/contratos_v4_politica_economia_v1.md: Can't follow symlink without -L/--copy-links
2026/08/08 18:25:52 NOTICE: Foruns/v4_labs_espelhos/v4_memoria_forum_retomada_v4_imagens_drafts_20260716_run6.md: Can't follow symlink without -L/--copy-links
2026/08/08 18:25:52 NOTICE: Foruns/v4_labs_espelhos/v4_memoria_forum_retomada_v4_imagens_drafts_20260716_run11.md: Can't follow symlink without -L/--copy-links
2026/08/08 18:25:52 NOTICE: Foruns/v4_labs_espelhos/v4_memoria_forum_resposta_gpt56pro_autocura_imagens_v4_20260714.md: Can't follow symlink without -L/--copy-links
2026/08/08 18:25:52 NOTICE: Foruns/v4_labs_espelhos/v4_memoria_forum_retomada_v4_imagens_drafts_20260716_run9.md: Can't follow symlink without -L/--copy-links
2026/08/08 18:25:52 NOTICE: Backups/reforma_v4_abertura_sprint_20260717_1042/inbox_trindade_antes_da_limpeza/antigravity_desktop.md: Can't follow symlink without -L/--copy-links
2026/08/08 18:25:54 NOTICE: Backups/rotacao_trindade_v4_20260718_220604/projeto/inbox_trindade/pesquisas_tse_2026_tabela.csv: Can't follow symlink without -L/--copy-links
2026/08/08 18:25:54 NOTICE: Backups/rotacao_trindade_v4_20260718_220604/projeto/inbox_trindade/pesquisas_tse_2026_detalhes.json: Can't follow symlink without -L/--copy-links
2026/08/08 18:25:54 NOTICE: Backups/rotacao_trindade_v4_20260718_220604/projeto/inbox_trindade/pesqele_results_html.txt: Can't follow symlink without -L/--copy-links
2026/08/08 18:25:54 NOTICE: Backups/rotacao_trindade_v4_20260718_220604/projeto/inbox_trindade/publicar_pagina_direitos.py: Can't follow symlink without -L/--copy-links
2026/08/08 18:25:54 NOTICE: Backups/rotacao_trindade_v4_20260718_220604/projeto/inbox_trindade/test_quaest.js: Can't follow symlink without -L/--copy-links
2026/08/08 18:25:54 NOTICE: Backups/rotacao_trindade_v4_20260718_220604/projeto/inbox_trindade/pesquisas_tse_2026_todas_br.json: Can't follow symlink without -L/--copy-links
2026/08/08 18:25:54 NOTICE: Backups/rotacao_trindade_v4_20260718_220604/projeto/inbox_trindade/scraper_tse6.js: Can't follow symlink without -L/--copy-links
2026/08/08 18:25:54 NOTICE: Backups/rotacao_trindade_v4_20260718_220604/projeto/inbox_trindade/scraper_tse_custos.js: Can't follow symlink without -L/--copy-links
2026/08/08 18:25:54 NOTICE: Backups/rotacao_trindade_v4_20260718_220604/projeto/inbox_trindade/apresentacao_eidas.pdf: Can't follow symlink without -L/--copy-links
2026/08/08 18:25:54 NOTICE: Backups/rotacao_trindade_v4_20260718_220604/projeto/inbox_trindade/qwen_coding.md: Can't follow symlink without -L/--copy-links
2026/08/08 18:25:54 NOTICE: Backups/rotacao_trindade_v4_20260718_220604/projeto/inbox_trindade/pesqele_search_html.txt: Can't follow symlink without -L/--copy-links
2026/08/08 18:25:54 NOTICE: Backups/rotacao_trindade_v4_20260718_220604/projeto/inbox_trindade/pesqele_search_body.txt: Can't follow symlink without -L/--copy-links
2026/08/08 18:25:54 NOTICE: Backups/rotacao_trindade_v4_20260718_220604/projeto/inbox_trindade/scraper_tse_form.js: Can't follow symlink without -L/--copy-links
2026/08/08 18:25:54 NOTICE: Backups/rotacao_trindade_v4_20260718_220604/projeto/inbox_trindade/scraper_tse2.js: Can't follow symlink without -L/--copy-links
2026/08/08 18:25:54 NOTICE: Backups/rotacao_trindade_v4_20260718_220604/projeto/inbox_trindade/ming.md: Can't follow symlink without -L/--copy-links
2026/08/08 18:25:54 NOTICE: Backups/rotacao_trindade_v4_20260718_220604/projeto/inbox_trindade/pesquisas_tse_2026_processadas.json: Can't follow symlink without -L/--copy-links
2026/08/08 18:25:54 NOTICE: Backups/rotacao_trindade_v4_20260718_220604/projeto/inbox_trindade/resumo_pesquisas.json: Can't follow symlink without -L/--copy-links
2026/08/08 18:25:54 NOTICE: Backups/rotacao_trindade_v4_20260718_220604/projeto/inbox_trindade/pedido_ponto_de_retomada_20260628.md: Can't follow symlink without -L/--copy-links
2026/08/08 18:25:54 NOTICE: Backups/rotacao_trindade_v4_20260718_220604/projeto/inbox_trindade/scraper_tse_modals2.js: Can't follow symlink without -L/--copy-links
2026/08/08 18:25:54 NOTICE: Backups/rotacao_trindade_v4_20260718_220604/projeto/inbox_trindade/scraper_tse_todas_br.js: Can't follow symlink without -L/--copy-links
2026/08/08 18:25:54 NOTICE: Backups/rotacao_trindade_v4_20260718_220604/projeto/inbox_trindade/detalhar_page_html.txt: Can't follow symlink without -L/--copy-links
2026/08/08 18:25:54 NOTICE: Backups/rotacao_trindade_v4_20260718_220604/projeto/inbox_trindade/pesquisas_tse_2026.json: Can't follow symlink without -L/--copy-links
2026/08/08 18:25:54 NOTICE: Backups/rotacao_trindade_v4_20260718_220604/projeto/inbox_trindade/package.json: Can't follow symlink without -L/--copy-links
2026/08/08 18:25:54 NOTICE: Backups/rotacao_trindade_v4_20260718_220604/projeto/inbox_trindade/analise_ipca15_junho2026.md: Can't follow symlink without -L/--copy-links
2026/08/08 18:25:54 NOTICE: Backups/rotacao_trindade_v4_20260718_220604/projeto/inbox_trindade/package-lock.json: Can't follow symlink without -L/--copy-links
2026/08/08 18:25:54 NOTICE: Backups/rotacao_trindade_v4_20260718_220604/projeto/inbox_trindade/README.md: Can't follow symlink without -L/--copy-links
2026/08/08 18:25:54 NOTICE: Backups/rotacao_trindade_v4_20260718_220604/projeto/inbox_trindade/scraper_tse_detalhar_test.js: Can't follow symlink without -L/--copy-links
2026/08/08 18:25:54 NOTICE: Backups/rotacao_trindade_v4_20260718_220604/projeto/inbox_trindade/quaest_ipec.json: Can't follow symlink without -L/--copy-links
2026/08/08 18:25:54 NOTICE: Backups/rotacao_trindade_v4_20260718_220604/projeto/inbox_trindade/pesqele_home.png: Can't follow symlink without -L/--copy-links
2026/08/08 18:25:54 NOTICE: Backups/rotacao_trindade_v4_20260718_220604/projeto/inbox_trindade/scraper_tse_detalhes.js: Can't follow symlink without -L/--copy-links
2026/08/08 18:25:54 NOTICE: Backups/rotacao_trindade_v4_20260718_220604/projeto/inbox_trindade/pesquisas_tse_2026_full.json: Can't follow symlink without -L/--copy-links
2026/08/08 18:25:54 NOTICE: Backups/rotacao_trindade_v4_20260718_220604/projeto/inbox_trindade/pesqele_search.png: Can't follow symlink without -L/--copy-links
2026/08/08 18:25:54 NOTICE: Backups/rotacao_trindade_v4_20260718_220604/projeto/inbox_trindade/agy_cli.md: Can't follow symlink without -L/--copy-links
2026/08/08 18:25:54 NOTICE: Backups/rotacao_trindade_v4_20260718_220604/projeto/inbox_trindade/pesqele_body.txt: Can't follow symlink without -L/--copy-links
2026/08/08 18:25:54 NOTICE: Backups/rotacao_trindade_v4_20260718_220604/projeto/inbox_trindade/scraper_tse4.js: Can't follow symlink without -L/--copy-links
2026/08/08 18:25:54 NOTICE: Backups/rotacao_trindade_v4_20260718_220604/projeto/inbox_trindade/scraper_tse_paginator.js: Can't follow symlink without -L/--copy-links
2026/08/08 18:25:54 NOTICE: Backups/rotacao_trindade_v4_20260718_220604/projeto/inbox_trindade/materia_eidas_diagramada.pdf: Can't follow symlink without -L/--copy-links
2026/08/08 18:25:54 NOTICE: Backups/rotacao_trindade_v4_20260718_220604/projeto/inbox_trindade/parser_tse.js: Can't follow symlink without -L/--copy-links
2026/08/08 18:25:54 NOTICE: Backups/rotacao_trindade_v4_20260718_220604/projeto/inbox_trindade/materia_eidas_20260630.md: Can't follow symlink without -L/--copy-links
2026/08/08 18:25:54 NOTICE: Backups/rotacao_trindade_v4_20260718_220604/projeto/inbox_trindade/relatorio_pesquisas_2026.md: Can't follow symlink without -L/--copy-links
2026/08/08 18:25:54 NOTICE: Backups/rotacao_trindade_v4_20260718_220604/projeto/inbox_trindade/scraper_tse_isolated.js: Can't follow symlink without -L/--copy-links
2026/08/08 18:25:54 NOTICE: Backups/rotacao_trindade_v4_20260718_220604/projeto/inbox_trindade/scraper_tse_modals.js: Can't follow symlink without -L/--copy-links
2026/08/08 18:25:54 NOTICE: Backups/rotacao_trindade_v4_20260718_220604/projeto/inbox_trindade/scraper_tse_fast.js: Can't follow symlink without -L/--copy-links
2026/08/08 18:25:54 NOTICE: Backups/rotacao_trindade_v4_20260718_220604/projeto/inbox_trindade/antigravity_desktop.md: Can't follow symlink without -L/--copy-links
2026/08/08 18:25:54 NOTICE: Backups/rotacao_trindade_v4_20260718_220604/projeto/inbox_trindade/scraper_tse_modals3.js: Can't follow symlink without -L/--copy-links
2026/08/08 18:25:54 NOTICE: Backups/rotacao_trindade_v4_20260718_220604/projeto/inbox_trindade/pesqele_results.png: Can't follow symlink without -L/--copy-links
2026/08/08 18:25:54 NOTICE: Backups/rotacao_trindade_v4_20260718_220604/projeto/inbox_trindade/grok_coding.md: Can't follow symlink without -L/--copy-links
2026/08/08 18:25:54 NOTICE: Backups/rotacao_trindade_v4_20260718_220604/projeto/inbox_trindade/miguel.md: Can't follow symlink without -L/--copy-links
2026/08/08 18:25:54 NOTICE: Backups/rotacao_trindade_v4_20260718_220604/projeto/inbox_trindade/scraper_tse_full.js: Can't follow symlink without -L/--copy-links
2026/08/08 18:25:54 NOTICE: Backups/rotacao_trindade_v4_20260718_220604/projeto/inbox_trindade/glm_coding.md: Can't follow symlink without -L/--copy-links
2026/08/08 18:25:54 NOTICE: Backups/rotacao_trindade_v4_20260718_220604/projeto/inbox_trindade/parser_tse_quaest_fixed.js: Can't follow symlink without -L/--copy-links
2026/08/08 18:25:54 NOTICE: Backups/rotacao_trindade_v4_20260718_220604/projeto/inbox_trindade/scraper_tse5.js: Can't follow symlink without -L/--copy-links
2026/08/08 18:25:54 NOTICE: Backups/rotacao_trindade_v4_20260718_220604/projeto/inbox_trindade/parser_tse_quaest.js: Can't follow symlink without -L/--copy-links
2026/08/08 18:25:54 NOTICE: Backups/rotacao_trindade_v4_20260718_220604/projeto/inbox_trindade/gerar_pdfs.py: Can't follow symlink without -L/--copy-links
2026/08/08 18:25:54 NOTICE: Backups/rotacao_trindade_v4_20260718_220604/projeto/inbox_trindade/materia_eidas_diagramada.html: Can't follow symlink without -L/--copy-links
2026/08/08 18:25:54 NOTICE: Backups/rotacao_trindade_v4_20260718_220604/projeto/inbox_trindade/pesqele_results_body.txt: Can't follow symlink without -L/--copy-links
2026/08/08 18:25:54 NOTICE: Backups/rotacao_trindade_v4_20260718_220604/projeto/inbox_trindade/pesquisas_tse_2026_todas.json: Can't follow symlink without -L/--copy-links
2026/08/08 18:25:54 NOTICE: Backups/rotacao_trindade_v4_20260718_220604/projeto/inbox_trindade/pesquisas_tse_2026_raw_modals.json: Can't follow symlink without -L/--copy-links
2026/08/08 18:25:54 NOTICE: Backups/rotacao_trindade_v4_20260718_220604/projeto/inbox_trindade/scraper_tse.js: Can't follow symlink without -L/--copy-links
2026/08/08 18:25:54 NOTICE: Backups/rotacao_trindade_v4_20260718_220604/projeto/inbox_trindade/detalhar_page.txt: Can't follow symlink without -L/--copy-links
2026/08/08 18:25:54 NOTICE: Backups/rotacao_trindade_v4_20260718_220604/projeto/inbox_trindade/apresentacao_eidas.html: Can't follow symlink without -L/--copy-links
2026/08/08 18:25:54 NOTICE: Backups/rotacao_trindade_v4_20260718_220604/projeto/inbox_trindade/pesqele_html.txt: Can't follow symlink without -L/--copy-links
2026/08/08 18:25:54 NOTICE: Backups/rotacao_trindade_v4_20260718_220604/projeto/inbox_trindade/vibe_mistral_cli.md: Can't follow symlink without -L/--copy-links
2026/08/08 18:25:54 NOTICE: Backups/rotacao_trindade_v4_20260718_220604/projeto/inbox_trindade/pesqele_data.json: Can't follow symlink without -L/--copy-links
2026/08/08 18:25:54 NOTICE: Backups/rotacao_trindade_v4_20260718_220604/projeto/inbox_trindade/find_institutes.js: Can't follow symlink without -L/--copy-links
2026/08/08 18:25:54 NOTICE: Backups/rotacao_trindade_v4_20260718_220604/projeto/inbox_trindade/scraper_tse3.js: Can't follow symlink without -L/--copy-links
2026/08/08 18:25:54 NOTICE: Backups/rotacao_trindade_v4_20260718_220604/projeto/inbox_trindade/pesqele_form_html.txt: Can't follow symlink without -L/--copy-links
2026/08/08 18:25:56 NOTICE: Backups/backup_cerebro_20260728_164635/Foruns/v4_labs_espelhos/contratos_v4_gsn_espelho_ingles_v1.md: Can't follow symlink without -L/--copy-links
2026/08/08 18:25:56 NOTICE: Backups/backup_cerebro_20260728_164635/Foruns/v4_labs_espelhos/contratos_v4_cultura_v1.md: Can't follow symlink without -L/--copy-links
2026/08/08 18:25:56 NOTICE: Backups/backup_cerebro_20260728_164635/Foruns/v4_labs_espelhos/v4_memoria_carta_gpt56pro_autocura_imagens_v4_20260714.md: Can't follow symlink without -L/--copy-links
2026/08/08 18:25:56 NOTICE: Backups/backup_cerebro_20260728_164635/Foruns/v4_labs_espelhos/v4_memoria_forum_retomada_v4_imagens_drafts_20260716.md: Can't follow symlink without -L/--copy-links
2026/08/08 18:25:56 NOTICE: Backups/backup_cerebro_20260728_164635/Foruns/v4_labs_espelhos/labs_forum_autocura_imagens_v4_20260714.md: Can't follow symlink without -L/--copy-links
2026/08/08 18:25:56 NOTICE: Backups/backup_cerebro_20260728_164635/Foruns/v4_labs_espelhos/contratos_v4_ciencia_tecnologia_ia_v1.md: Can't follow symlink without -L/--copy-links
2026/08/08 18:25:56 NOTICE: Backups/backup_cerebro_20260728_164635/Foruns/v4_labs_espelhos/v4_memoria_forum_autocura_imagens_v4_20260714.md: Can't follow symlink without -L/--copy-links
2026/08/08 18:25:56 NOTICE: Backups/backup_cerebro_20260728_164635/Foruns/v4_labs_espelhos/labs_MANIFESTO.md: Can't follow symlink without -L/--copy-links
2026/08/08 18:25:56 NOTICE: Backups/backup_cerebro_20260728_164635/Foruns/v4_labs_espelhos/contratos_v4_internacional_v1.md: Can't follow symlink without -L/--copy-links
2026/08/08 18:25:56 NOTICE: Backups/backup_cerebro_20260728_164635/Foruns/v4_labs_espelhos/contratos_v4_nucleo_editorial_comum_v1.md: Can't follow symlink without -L/--copy-links
2026/08/08 18:25:56 NOTICE: Backups/backup_cerebro_20260728_164635/Foruns/v4_labs_espelhos/contratos_v4_nucleo_editorial_comum_v2.md: Can't follow symlink without -L/--copy-links
2026/08/08 18:25:56 NOTICE: Backups/backup_cerebro_20260728_164635/Foruns/v4_labs_espelhos/v4_memoria_MANIFESTO_PATCH_GPT56PRO_20260714.md: Can't follow symlink without -L/--copy-links
2026/08/08 18:25:56 NOTICE: Backups/backup_cerebro_20260728_164635/Foruns/v4_labs_espelhos/contratos_v4_nucleo_editorial_redacao_v1.md: Can't follow symlink without -L/--copy-links
2026/08/08 18:25:56 NOTICE: Backups/backup_cerebro_20260728_164635/Foruns/v4_labs_espelhos/v4_memoria_forum_arquitetura_cafezinho_media_group_v4_20260715.md: Can't follow symlink without -L/--copy-links
2026/08/08 18:25:56 NOTICE: Backups/backup_cerebro_20260728_164635/Foruns/v4_labs_espelhos/contratos_v4_repetidor_v1.md: Can't follow symlink without -L/--copy-links
2026/08/08 18:25:56 NOTICE: Backups/backup_cerebro_20260728_164635/Foruns/v4_labs_espelhos/contratos_forum_v4_qualidade_editorial_ciencia_ia_20260712.md: Can't follow symlink without -L/--copy-links
2026/08/08 18:25:56 NOTICE: Backups/backup_cerebro_20260728_164635/Foruns/v4_labs_espelhos/v4_memoria_forum_retomada_v4_imagens_drafts_20260716_run14.md: Can't follow symlink without -L/--copy-links
2026/08/08 18:25:56 NOTICE: Backups/backup_cerebro_20260728_164635/Foruns/v4_labs_espelhos/v4_memoria_forum_imagens_261602_20260714.md: Can't follow symlink without -L/--copy-links
2026/08/08 18:25:56 NOTICE: Backups/backup_cerebro_20260728_164635/Foruns/v4_labs_espelhos/contratos_v4_politica_economia_v1.md: Can't follow symlink without -L/--copy-links
2026/08/08 18:25:56 NOTICE: Backups/backup_cerebro_20260728_164635/Foruns/v4_labs_espelhos/v4_memoria_forum_retomada_v4_imagens_drafts_20260716_run6.md: Can't follow symlink without -L/--copy-links
2026/08/08 18:25:56 NOTICE: Backups/backup_cerebro_20260728_164635/Foruns/v4_labs_espelhos/v4_memoria_forum_retomada_v4_imagens_drafts_20260716_run11.md: Can't follow symlink without -L/--copy-links
2026/08/08 18:25:56 NOTICE: Backups/backup_cerebro_20260728_164635/Foruns/v4_labs_espelhos/v4_memoria_forum_resposta_gpt56pro_autocura_imagens_v4_20260714.md: Can't follow symlink without -L/--copy-links
2026/08/08 18:25:56 NOTICE: Backups/backup_cerebro_20260728_164635/Foruns/v4_labs_espelhos/v4_memoria_forum_retomada_v4_imagens_drafts_20260716_run9.md: Can't follow symlink without -L/--copy-links
2026/08/08 18:25:58 INFO  : backup_total_2026/logs: Set directory modification time (using SetModTime)
2026/08/08 18:25:59 INFO  : backup_total_2026: Set directory modification time (using SetModTime)
2026/08/08 18:25:59 ERROR : Attempt 2/3 failed with 2 errors and: corrupted on transfer: md5 hashes differ src(Local file system at /home/migueldorosario/Downloads/Antigravity Google/Cerebro) "9cb5939c3b277aa91e80b4247f9d8159" vs dst(Google drive root 'Workspace_Vivo/Cerebro') "2a1b95b5a49f1c446e467e7022663ed8"
2026/08/08 18:26:01 NOTICE: Backups/limpeza_comunicacao_reforma_v4_20260717_131257/inbox_trindade_antes/antigravity_desktop.md: Can't follow symlink without -L/--copy-links
2026/08/08 18:26:01 NOTICE: Backups/reforma_v4_abertura_sprint_20260717_1042/inbox_trindade_antes_da_limpeza/antigravity_desktop.md: Can't follow symlink without -L/--copy-links
2026/08/08 18:26:03 ERROR : backup_total_2026/logs/C16.log: Failed to copy: Post "https://www.googleapis.com/upload/drive/v3/files?alt=json&fields=id%2Cname%2Csize%2Cmd5Checksum%2Csha1Checksum%2Csha256Checksum%2Ctrashed%2CexplicitlyTrashed%2CmodifiedTime%2CcreatedTime%2CmimeType%2Cparents%2CwebViewLink%2CshortcutDetails%2CexportLinks%2CresourceKey&keepRevisionForever=false&prettyPrint=false&supportsAllDrives=true&uploadType=multipart": googleapi: Copy failed: can't copy - source file is being updated (size changed from 175485 to 175836)
2026/08/08 18:26:03 ERROR : backup_total_2026/logs/C16_check.log: Failed to copy: Post "https://www.googleapis.com/upload/drive/v3/files?alt=json&fields=id%2Cname%2Csize%2Cmd5Checksum%2Csha1Checksum%2Csha256Checksum%2Ctrashed%2CexplicitlyTrashed%2CmodifiedTime%2CcreatedTime%2CmimeType%2Cparents%2CwebViewLink%2CshortcutDetails%2CexportLinks%2CresourceKey&keepRevisionForever=false&prettyPrint=false&supportsAllDrives=true&uploadType=multipart": googleapi: Copy failed: can't copy - source file is being updated (size changed from 262201 to 262529)
2026/08/08 18:26:04 NOTICE: Backups/rotacao_trindade_v4_20260718_220604/projeto/inbox_trindade/pesquisas_tse_2026_tabela.csv: Can't follow symlink without -L/--copy-links
2026/08/08 18:26:04 NOTICE: Backups/rotacao_trindade_v4_20260718_220604/projeto/inbox_trindade/pesquisas_tse_2026_detalhes.json: Can't follow symlink without -L/--copy-links
2026/08/08 18:26:04 NOTICE: Backups/rotacao_trindade_v4_20260718_220604/projeto/inbox_trindade/pesqele_results_html.txt: Can't follow symlink without -L/--copy-links
2026/08/08 18:26:04 NOTICE: Backups/rotacao_trindade_v4_20260718_220604/projeto/inbox_trindade/publicar_pagina_direitos.py: Can't follow symlink without -L/--copy-links
2026/08/08 18:26:04 NOTICE: Backups/rotacao_trindade_v4_20260718_220604/projeto/inbox_trindade/test_quaest.js: Can't follow symlink without -L/--copy-links
2026/08/08 18:26:04 NOTICE: Backups/rotacao_trindade_v4_20260718_220604/projeto/inbox_trindade/pesquisas_tse_2026_todas_br.json: Can't follow symlink without -L/--copy-links
2026/08/08 18:26:04 NOTICE: Backups/rotacao_trindade_v4_20260718_220604/projeto/inbox_trindade/scraper_tse6.js: Can't follow symlink without -L/--copy-links
2026/08/08 18:26:04 NOTICE: Backups/rotacao_trindade_v4_20260718_220604/projeto/inbox_trindade/scraper_tse_custos.js: Can't follow symlink without -L/--copy-links
2026/08/08 18:26:04 NOTICE: Backups/rotacao_trindade_v4_20260718_220604/projeto/inbox_trindade/apresentacao_eidas.pdf: Can't follow symlink without -L/--copy-links
2026/08/08 18:26:04 NOTICE: Backups/rotacao_trindade_v4_20260718_220604/projeto/inbox_trindade/qwen_coding.md: Can't follow symlink without -L/--copy-links
2026/08/08 18:26:04 NOTICE: Backups/rotacao_trindade_v4_20260718_220604/projeto/inbox_trindade/pesqele_search_html.txt: Can't follow symlink without -L/--copy-links
2026/08/08 18:26:04 NOTICE: Backups/rotacao_trindade_v4_20260718_220604/projeto/inbox_trindade/pesqele_search_body.txt: Can't follow symlink without -L/--copy-links
2026/08/08 18:26:04 NOTICE: Backups/rotacao_trindade_v4_20260718_220604/projeto/inbox_trindade/scraper_tse_form.js: Can't follow symlink without -L/--copy-links
2026/08/08 18:26:04 NOTICE: Backups/rotacao_trindade_v4_20260718_220604/projeto/inbox_trindade/scraper_tse2.js: Can't follow symlink without -L/--copy-links
2026/08/08 18:26:04 NOTICE: Backups/rotacao_trindade_v4_20260718_220604/projeto/inbox_trindade/ming.md: Can't follow symlink without -L/--copy-links
2026/08/08 18:26:04 NOTICE: Backups/rotacao_trindade_v4_20260718_220604/projeto/inbox_trindade/pesquisas_tse_2026_processadas.json: Can't follow symlink without -L/--copy-links
2026/08/08 18:26:04 NOTICE: Backups/rotacao_trindade_v4_20260718_220604/projeto/inbox_trindade/resumo_pesquisas.json: Can't follow symlink without -L/--copy-links
2026/08/08 18:26:04 NOTICE: Backups/rotacao_trindade_v4_20260718_220604/projeto/inbox_trindade/pedido_ponto_de_retomada_20260628.md: Can't follow symlink without -L/--copy-links
2026/08/08 18:26:04 NOTICE: Backups/rotacao_trindade_v4_20260718_220604/projeto/inbox_trindade/scraper_tse_modals2.js: Can't follow symlink without -L/--copy-links
2026/08/08 18:26:04 NOTICE: Backups/rotacao_trindade_v4_20260718_220604/projeto/inbox_trindade/scraper_tse_todas_br.js: Can't follow symlink without -L/--copy-links
2026/08/08 18:26:04 NOTICE: Backups/rotacao_trindade_v4_20260718_220604/projeto/inbox_trindade/detalhar_page_html.txt: Can't follow symlink without -L/--copy-links
2026/08/08 18:26:04 NOTICE: Backups/rotacao_trindade_v4_20260718_220604/projeto/inbox_trindade/pesquisas_tse_2026.json: Can't follow symlink without -L/--copy-links
2026/08/08 18:26:04 NOTICE: Backups/rotacao_trindade_v4_20260718_220604/projeto/inbox_trindade/package.json: Can't follow symlink without -L/--copy-links
2026/08/08 18:26:04 NOTICE: Backups/rotacao_trindade_v4_20260718_220604/projeto/inbox_trindade/analise_ipca15_junho2026.md: Can't follow symlink without -L/--copy-links
2026/08/08 18:26:04 NOTICE: Backups/rotacao_trindade_v4_20260718_220604/projeto/inbox_trindade/package-lock.json: Can't follow symlink without -L/--copy-links
2026/08/08 18:26:04 NOTICE: Backups/rotacao_trindade_v4_20260718_220604/projeto/inbox_trindade/README.md: Can't follow symlink without -L/--copy-links
2026/08/08 18:26:04 NOTICE: Backups/rotacao_trindade_v4_20260718_220604/projeto/inbox_trindade/scraper_tse_detalhar_test.js: Can't follow symlink without -L/--copy-links
2026/08/08 18:26:04 NOTICE: Backups/rotacao_trindade_v4_20260718_220604/projeto/inbox_trindade/quaest_ipec.json: Can't follow symlink without -L/--copy-links
2026/08/08 18:26:04 NOTICE: Backups/rotacao_trindade_v4_20260718_220604/projeto/inbox_trindade/pesqele_home.png: Can't follow symlink without -L/--copy-links
2026/08/08 18:26:04 NOTICE: Backups/rotacao_trindade_v4_20260718_220604/projeto/inbox_trindade/scraper_tse_detalhes.js: Can't follow symlink without -L/--copy-links
2026/08/08 18:26:04 NOTICE: Backups/rotacao_trindade_v4_20260718_220604/projeto/inbox_trindade/pesquisas_tse_2026_full.json: Can't follow symlink without -L/--copy-links
2026/08/08 18:26:04 NOTICE: Backups/rotacao_trindade_v4_20260718_220604/projeto/inbox_trindade/pesqele_search.png: Can't follow symlink without -L/--copy-links
2026/08/08 18:26:04 NOTICE: Backups/rotacao_trindade_v4_20260718_220604/projeto/inbox_trindade/agy_cli.md: Can't follow symlink without -L/--copy-links
2026/08/08 18:26:04 NOTICE: Backups/rotacao_trindade_v4_20260718_220604/projeto/inbox_trindade/pesqele_body.txt: Can't follow symlink without -L/--copy-links
2026/08/08 18:26:04 NOTICE: Backups/rotacao_trindade_v4_20260718_220604/projeto/inbox_trindade/scraper_tse4.js: Can't follow symlink without -L/--copy-links
2026/08/08 18:26:04 NOTICE: Backups/rotacao_trindade_v4_20260718_220604/projeto/inbox_trindade/scraper_tse_paginator.js: Can't follow symlink without -L/--copy-links
2026/08/08 18:26:04 NOTICE: Backups/rotacao_trindade_v4_20260718_220604/projeto/inbox_trindade/materia_eidas_diagramada.pdf: Can't follow symlink without -L/--copy-links
2026/08/08 18:26:04 NOTICE: Backups/rotacao_trindade_v4_20260718_220604/projeto/inbox_trindade/parser_tse.js: Can't follow symlink without -L/--copy-links
2026/08/08 18:26:04 NOTICE: Backups/rotacao_trindade_v4_20260718_220604/projeto/inbox_trindade/materia_eidas_20260630.md: Can't follow symlink without -L/--copy-links
2026/08/08 18:26:04 NOTICE: Backups/rotacao_trindade_v4_20260718_220604/projeto/inbox_trindade/relatorio_pesquisas_2026.md: Can't follow symlink without -L/--copy-links
2026/08/08 18:26:04 NOTICE: Backups/rotacao_trindade_v4_20260718_220604/projeto/inbox_trindade/scraper_tse_isolated.js: Can't follow symlink without -L/--copy-links
2026/08/08 18:26:04 NOTICE: Backups/rotacao_trindade_v4_20260718_220604/projeto/inbox_trindade/scraper_tse_modals.js: Can't follow symlink without -L/--copy-links
2026/08/08 18:26:04 NOTICE: Backups/rotacao_trindade_v4_20260718_220604/projeto/inbox_trindade/scraper_tse_fast.js: Can't follow symlink without -L/--copy-links
2026/08/08 18:26:04 NOTICE: Backups/rotacao_trindade_v4_20260718_220604/projeto/inbox_trindade/antigravity_desktop.md: Can't follow symlink without -L/--copy-links
2026/08/08 18:26:04 NOTICE: Backups/rotacao_trindade_v4_20260718_220604/projeto/inbox_trindade/scraper_tse_modals3.js: Can't follow symlink without -L/--copy-links
2026/08/08 18:26:04 NOTICE: Backups/rotacao_trindade_v4_20260718_220604/projeto/inbox_trindade/pesqele_results.png: Can't follow symlink without -L/--copy-links
2026/08/08 18:26:04 NOTICE: Backups/rotacao_trindade_v4_20260718_220604/projeto/inbox_trindade/grok_coding.md: Can't follow symlink without -L/--copy-links
2026/08/08 18:26:04 NOTICE: Backups/rotacao_trindade_v4_20260718_220604/projeto/inbox_trindade/miguel.md: Can't follow symlink without -L/--copy-links
2026/08/08 18:26:04 NOTICE: Backups/rotacao_trindade_v4_20260718_220604/projeto/inbox_trindade/scraper_tse_full.js: Can't follow symlink without -L/--copy-links
2026/08/08 18:26:04 NOTICE: Backups/rotacao_trindade_v4_20260718_220604/projeto/inbox_trindade/glm_coding.md: Can't follow symlink without -L/--copy-links
2026/08/08 18:26:04 NOTICE: Backups/rotacao_trindade_v4_20260718_220604/projeto/inbox_trindade/parser_tse_quaest_fixed.js: Can't follow symlink without -L/--copy-links
2026/08/08 18:26:04 NOTICE: Backups/rotacao_trindade_v4_20260718_220604/projeto/inbox_trindade/scraper_tse5.js: Can't follow symlink without -L/--copy-links
2026/08/08 18:26:04 NOTICE: Backups/rotacao_trindade_v4_20260718_220604/projeto/inbox_trindade/parser_tse_quaest.js: Can't follow symlink without -L/--copy-links
2026/08/08 18:26:04 NOTICE: Backups/rotacao_trindade_v4_20260718_220604/projeto/inbox_trindade/gerar_pdfs.py: Can't follow symlink without -L/--copy-links
2026/08/08 18:26:04 NOTICE: Backups/rotacao_trindade_v4_20260718_220604/projeto/inbox_trindade/materia_eidas_diagramada.html: Can't follow symlink without -L/--copy-links
2026/08/08 18:26:04 NOTICE: Backups/rotacao_trindade_v4_20260718_220604/projeto/inbox_trindade/pesqele_results_body.txt: Can't follow symlink without -L/--copy-links
2026/08/08 18:26:04 NOTICE: Backups/rotacao_trindade_v4_20260718_220604/projeto/inbox_trindade/pesquisas_tse_2026_todas.json: Can't follow symlink without -L/--copy-links
2026/08/08 18:26:04 NOTICE: Backups/rotacao_trindade_v4_20260718_220604/projeto/inbox_trindade/pesquisas_tse_2026_raw_modals.json: Can't follow symlink without -L/--copy-links
2026/08/08 18:26:04 NOTICE: Backups/rotacao_trindade_v4_20260718_220604/projeto/inbox_trindade/scraper_tse.js: Can't follow symlink without -L/--copy-links
2026/08/08 18:26:04 NOTICE: Backups/rotacao_trindade_v4_20260718_220604/projeto/inbox_trindade/detalhar_page.txt: Can't follow symlink without -L/--copy-links
2026/08/08 18:26:04 NOTICE: Backups/rotacao_trindade_v4_20260718_220604/projeto/inbox_trindade/apresentacao_eidas.html: Can't follow symlink without -L/--copy-links
2026/08/08 18:26:04 NOTICE: Backups/rotacao_trindade_v4_20260718_220604/projeto/inbox_trindade/pesqele_html.txt: Can't follow symlink without -L/--copy-links
2026/08/08 18:26:04 NOTICE: Backups/rotacao_trindade_v4_20260718_220604/projeto/inbox_trindade/vibe_mistral_cli.md: Can't follow symlink without -L/--copy-links
2026/08/08 18:26:04 NOTICE: Backups/rotacao_trindade_v4_20260718_220604/projeto/inbox_trindade/pesqele_data.json: Can't follow symlink without -L/--copy-links
2026/08/08 18:26:04 NOTICE: Backups/rotacao_trindade_v4_20260718_220604/projeto/inbox_trindade/find_institutes.js: Can't follow symlink without -L/--copy-links
2026/08/08 18:26:04 NOTICE: Backups/rotacao_trindade_v4_20260718_220604/projeto/inbox_trindade/scraper_tse3.js: Can't follow symlink without -L/--copy-links
2026/08/08 18:26:04 NOTICE: Backups/rotacao_trindade_v4_20260718_220604/projeto/inbox_trindade/pesqele_form_html.txt: Can't follow symlink without -L/--copy-links
2026/08/08 18:26:14 NOTICE: Foruns/v4_labs_espelhos/contratos_v4_gsn_espelho_ingles_v1.md: Can't follow symlink without -L/--copy-links
2026/08/08 18:26:14 NOTICE: Foruns/v4_labs_espelhos/contratos_v4_cultura_v1.md: Can't follow symlink without -L/--copy-links
2026/08/08 18:26:14 NOTICE: Foruns/v4_labs_espelhos/v4_memoria_carta_gpt56pro_autocura_imagens_v4_20260714.md: Can't follow symlink without -L/--copy-links
2026/08/08 18:26:14 NOTICE: Foruns/v4_labs_espelhos/v4_memoria_forum_retomada_v4_imagens_drafts_20260716.md: Can't follow symlink without -L/--copy-links
2026/08/08 18:26:14 NOTICE: Foruns/v4_labs_espelhos/labs_forum_autocura_imagens_v4_20260714.md: Can't follow symlink without -L/--copy-links
2026/08/08 18:26:14 NOTICE: Foruns/v4_labs_espelhos/contratos_v4_ciencia_tecnologia_ia_v1.md: Can't follow symlink without -L/--copy-links
2026/08/08 18:26:14 NOTICE: Foruns/v4_labs_espelhos/v4_memoria_forum_autocura_imagens_v4_20260714.md: Can't follow symlink without -L/--copy-links
2026/08/08 18:26:14 NOTICE: Foruns/v4_labs_espelhos/labs_MANIFESTO.md: Can't follow symlink without -L/--copy-links
2026/08/08 18:26:14 NOTICE: Foruns/v4_labs_espelhos/contratos_v4_internacional_v1.md: Can't follow symlink without -L/--copy-links
2026/08/08 18:26:14 NOTICE: Foruns/v4_labs_espelhos/contratos_v4_nucleo_editorial_comum_v1.md: Can't follow symlink without -L/--copy-links
2026/08/08 18:26:14 NOTICE: Foruns/v4_labs_espelhos/contratos_v4_nucleo_editorial_comum_v2.md: Can't follow symlink without -L/--copy-links
2026/08/08 18:26:14 NOTICE: Foruns/v4_labs_espelhos/v4_memoria_MANIFESTO_PATCH_GPT56PRO_20260714.md: Can't follow symlink without -L/--copy-links
2026/08/08 18:26:14 NOTICE: Foruns/v4_labs_espelhos/contratos_v4_nucleo_editorial_redacao_v1.md: Can't follow symlink without -L/--copy-links
2026/08/08 18:26:14 NOTICE: Foruns/v4_labs_espelhos/v4_memoria_forum_arquitetura_cafezinho_media_group_v4_20260715.md: Can't follow symlink without -L/--copy-links
2026/08/08 18:26:14 NOTICE: Foruns/v4_labs_espelhos/contratos_v4_repetidor_v1.md: Can't follow symlink without -L/--copy-links
2026/08/08 18:26:14 NOTICE: Foruns/v4_labs_espelhos/contratos_forum_v4_qualidade_editorial_ciencia_ia_20260712.md: Can't follow symlink without -L/--copy-links
2026/08/08 18:26:14 NOTICE: Foruns/v4_labs_espelhos/v4_memoria_forum_retomada_v4_imagens_drafts_20260716_run14.md: Can't follow symlink without -L/--copy-links
2026/08/08 18:26:14 NOTICE: Foruns/v4_labs_espelhos/v4_memoria_forum_imagens_261602_20260714.md: Can't follow symlink without -L/--copy-links
2026/08/08 18:26:14 NOTICE: Foruns/v4_labs_espelhos/contratos_v4_politica_economia_v1.md: Can't follow symlink without -L/--copy-links
2026/08/08 18:26:14 NOTICE: Foruns/v4_labs_espelhos/v4_memoria_forum_retomada_v4_imagens_drafts_20260716_run6.md: Can't follow symlink without -L/--copy-links
2026/08/08 18:26:14 NOTICE: Foruns/v4_labs_espelhos/v4_memoria_forum_retomada_v4_imagens_drafts_20260716_run11.md: Can't follow symlink without -L/--copy-links
2026/08/08 18:26:14 NOTICE: Foruns/v4_labs_espelhos/v4_memoria_forum_resposta_gpt56pro_autocura_imagens_v4_20260714.md: Can't follow symlink without -L/--copy-links
2026/08/08 18:26:14 NOTICE: Foruns/v4_labs_espelhos/v4_memoria_forum_retomada_v4_imagens_drafts_20260716_run9.md: Can't follow symlink without -L/--copy-links
2026/08/08 18:26:36 INFO  :     1.670 MiB / 1.788 MiB, 93%, 11.755 KiB/s, ETA 10s
2026/08/08 18:27:04 ERROR : monitoramento_horario/bugs_encontrados/bugs_2026-08-08.jsonl: Failed to copy: googleapi: Error 403: Quota exceeded for quota metric 'Queries' and limit 'Queries per minute' of service 'drive.googleapis.com' for consumer 'project_number:202264815644'.
Details:
[
  {
    "@type": "type.googleapis.com/google.rpc.ErrorInfo",
    "domain": "googleapis.com",
    "metadata": {
      "consumer": "projects/202264815644",
      "quota_limit": "defaultPerMinutePerProject",
      "quota_limit_value": "840000",
      "quota_location": "global",
      "quota_metric": "drive.googleapis.com/default",
      "quota_unit": "1/min/{project}",
      "service": "drive.googleapis.com"
    },
    "reason": "RATE_LIMIT_EXCEEDED"
  },
  {
    "@type": "type.googleapis.com/google.rpc.Help",
    "links": [
      {
        "description": "Request a higher quota limit.",
        "url": "https://cloud.google.com/docs/quotas/help/request_increase"
      }
    ]
  }
]
, rateLimitExceeded
2026/08/08 18:27:04 NOTICE: Backups/backup_cerebro_20260728_164635/Foruns/v4_labs_espelhos/contratos_v4_gsn_espelho_ingles_v1.md: Can't follow symlink without -L/--copy-links
2026/08/08 18:27:04 NOTICE: Backups/backup_cerebro_20260728_164635/Foruns/v4_labs_espelhos/contratos_v4_cultura_v1.md: Can't follow symlink without -L/--copy-links
2026/08/08 18:27:04 NOTICE: Backups/backup_cerebro_20260728_164635/Foruns/v4_labs_espelhos/v4_memoria_carta_gpt56pro_autocura_imagens_v4_20260714.md: Can't follow symlink without -L/--copy-links
2026/08/08 18:27:04 NOTICE: Backups/backup_cerebro_20260728_164635/Foruns/v4_labs_espelhos/v4_memoria_forum_retomada_v4_imagens_drafts_20260716.md: Can't follow symlink without -L/--copy-links
2026/08/08 18:27:04 NOTICE: Backups/backup_cerebro_20260728_164635/Foruns/v4_labs_espelhos/labs_forum_autocura_imagens_v4_20260714.md: Can't follow symlink without -L/--copy-links
2026/08/08 18:27:04 NOTICE: Backups/backup_cerebro_20260728_164635/Foruns/v4_labs_espelhos/contratos_v4_ciencia_tecnologia_ia_v1.md: Can't follow symlink without -L/--copy-links
2026/08/08 18:27:04 NOTICE: Backups/backup_cerebro_20260728_164635/Foruns/v4_labs_espelhos/v4_memoria_forum_autocura_imagens_v4_20260714.md: Can't follow symlink without -L/--copy-links
2026/08/08 18:27:04 NOTICE: Backups/backup_cerebro_20260728_164635/Foruns/v4_labs_espelhos/labs_MANIFESTO.md: Can't follow symlink without -L/--copy-links
2026/08/08 18:27:04 NOTICE: Backups/backup_cerebro_20260728_164635/Foruns/v4_labs_espelhos/contratos_v4_internacional_v1.md: Can't follow symlink without -L/--copy-links
2026/08/08 18:27:04 NOTICE: Backups/backup_cerebro_20260728_164635/Foruns/v4_labs_espelhos/contratos_v4_nucleo_editorial_comum_v1.md: Can't follow symlink without -L/--copy-links
2026/08/08 18:27:04 NOTICE: Backups/backup_cerebro_20260728_164635/Foruns/v4_labs_espelhos/contratos_v4_nucleo_editorial_comum_v2.md: Can't follow symlink without -L/--copy-links
2026/08/08 18:27:04 NOTICE: Backups/backup_cerebro_20260728_164635/Foruns/v4_labs_espelhos/v4_memoria_MANIFESTO_PATCH_GPT56PRO_20260714.md: Can't follow symlink without -L/--copy-links
2026/08/08 18:27:04 NOTICE: Backups/backup_cerebro_20260728_164635/Foruns/v4_labs_espelhos/contratos_v4_nucleo_editorial_redacao_v1.md: Can't follow symlink without -L/--copy-links
2026/08/08 18:27:04 NOTICE: Backups/backup_cerebro_20260728_164635/Foruns/v4_labs_espelhos/v4_memoria_forum_arquitetura_cafezinho_media_group_v4_20260715.md: Can't follow symlink without -L/--copy-links
2026/08/08 18:27:04 NOTICE: Backups/backup_cerebro_20260728_164635/Foruns/v4_labs_espelhos/contratos_v4_repetidor_v1.md: Can't follow symlink without -L/--copy-links
2026/08/08 18:27:04 NOTICE: Backups/backup_cerebro_20260728_164635/Foruns/v4_labs_espelhos/contratos_forum_v4_qualidade_editorial_ciencia_ia_20260712.md: Can't follow symlink without -L/--copy-links
2026/08/08 18:27:04 NOTICE: Backups/backup_cerebro_20260728_164635/Foruns/v4_labs_espelhos/v4_memoria_forum_retomada_v4_imagens_drafts_20260716_run14.md: Can't follow symlink without -L/--copy-links
2026/08/08 18:27:04 NOTICE: Backups/backup_cerebro_20260728_164635/Foruns/v4_labs_espelhos/v4_memoria_forum_imagens_261602_20260714.md: Can't follow symlink without -L/--copy-links
2026/08/08 18:27:04 NOTICE: Backups/backup_cerebro_20260728_164635/Foruns/v4_labs_espelhos/contratos_v4_politica_economia_v1.md: Can't follow symlink without -L/--copy-links
2026/08/08 18:27:04 NOTICE: Backups/backup_cerebro_20260728_164635/Foruns/v4_labs_espelhos/v4_memoria_forum_retomada_v4_imagens_drafts_20260716_run6.md: Can't follow symlink without -L/--copy-links
2026/08/08 18:27:04 NOTICE: Backups/backup_cerebro_20260728_164635/Foruns/v4_labs_espelhos/v4_memoria_forum_retomada_v4_imagens_drafts_20260716_run11.md: Can't follow symlink without -L/--copy-links
2026/08/08 18:27:04 NOTICE: Backups/backup_cerebro_20260728_164635/Foruns/v4_labs_espelhos/v4_memoria_forum_resposta_gpt56pro_autocura_imagens_v4_20260714.md: Can't follow symlink without -L/--copy-links
2026/08/08 18:27:04 NOTICE: Backups/backup_cerebro_20260728_164635/Foruns/v4_labs_espelhos/v4_memoria_forum_retomada_v4_imagens_drafts_20260716_run9.md: Can't follow symlink without -L/--copy-links
2026/08/08 18:27:07 INFO  : backup_total_2026/logs: Set directory modification time (using SetModTime)
2026/08/08 18:27:11 INFO  : monitoramento_horario/bugs_encontrados: Set directory modification time (using SetModTime)
2026/08/08 18:27:11 INFO  : monitoramento_horario: Set directory modification time (using SetModTime)
2026/08/08 18:27:29 INFO  : backup_total_2026: Set directory modification time (using SetModTime)
2026/08/08 18:27:29 ERROR : Attempt 3/3 failed with 3 errors and: googleapi: Error 403: Quota exceeded for quota metric 'Queries' and limit 'Queries per minute' of service 'drive.googleapis.com' for consumer 'project_number:202264815644'.
Details:
[
  {
    "@type": "type.googleapis.com/google.rpc.ErrorInfo",
    "domain": "googleapis.com",
    "metadata": {
      "consumer": "projects/202264815644",
      "quota_limit": "defaultPerMinutePerProject",
      "quota_limit_value": "840000",
      "quota_location": "global",
      "quota_metric": "drive.googleapis.com/default",
      "quota_unit": "1/min/{project}",
      "service": "drive.googleapis.com"
    },
    "reason": "RATE_LIMIT_EXCEEDED"
  },
  {
    "@type": "type.googleapis.com/google.rpc.Help",
    "links": [
      {
        "description": "Request a higher quota limit.",
        "url": "https://cloud.google.com/docs/quotas/help/request_increase"
      }
    ]
  }
]
, rateLimitExceeded
2026/08/08 18:27:29 INFO  :     2.025 MiB / 2.025 MiB, 100%, 22.808 KiB/s, ETA 0s
2026/08/08 18:27:29 NOTICE: Failed to copy with 3 errors: last error was: googleapi: Error 403: Quota exceeded for quota metric 'Queries' and limit 'Queries per minute' of service 'drive.googleapis.com' for consumer 'project_number:202264815644'.
Details:
[
  {
    "@type": "type.googleapis.com/google.rpc.ErrorInfo",
    "domain": "googleapis.com",
    "metadata": {
      "consumer": "projects/202264815644",
      "quota_limit": "defaultPerMinutePerProject",
      "quota_limit_value": "840000",
      "quota_location": "global",
      "quota_metric": "drive.googleapis.com/default",
      "quota_unit": "1/min/{project}",
      "service": "drive.googleapis.com"
    },
    "reason": "RATE_LIMIT_EXCEEDED"
  },
  {
    "@type": "type.googleapis.com/google.rpc.Help",
    "links": [
      {
        "description": "Request a higher quota limit.",
        "url": "https://cloud.google.com/docs/quotas/help/request_increase"
      }
    ]
  }
]
, rateLimitExceeded
2026/08/08 18:56:10 INFO  :           0 B / 0 B, -, 0 B/s, ETA -
2026/08/08 18:56:11 INFO  : Aplicativos/Moka/backups: Set directory modification time (using SetModTime)
2026/08/08 18:56:40 INFO  : Aplicativos/Moka/Moka-Lab/.git: Set directory modification time (using SetModTime)
2026/08/08 18:56:48 INFO  : Aplicativos/Moka/Moka-Lab/.git/index: Copied (replaced existing)
2026/08/08 18:56:48 INFO  : Aplicativos/Moka/Moka-Lab/.git/COMMIT_EDITMSG: Copied (replaced existing)
2026/08/08 18:56:51 INFO  : Aplicativos/Moka/Moka-Lab/.git/objects/11: Set directory modification time (using SetModTime)
2026/08/08 18:56:51 INFO  : Aplicativos/Moka/Moka-Lab/.git/logs/HEAD: Copied (replaced existing)
2026/08/08 18:56:52 INFO  : Aplicativos/Moka/Moka-Lab/apps/web/tsconfig.tsbuildinfo: Copied (replaced existing)
2026/08/08 18:56:52 INFO  : Aplicativos/Moka/Moka-Lab/.git/objects/12: Set directory modification time (using SetModTime)
2026/08/08 18:56:53 INFO  : Aplicativos/Moka/Moka-Lab/.git/objects/15: Set directory modification time (using SetModTime)
2026/08/08 18:56:53 INFO  : Aplicativos/Moka/Moka-Lab/.git/objects/2c: Set directory modification time (using SetModTime)
2026/08/08 18:56:54 INFO  : Aplicativos/Moka/Moka-Lab/.git/objects/2e: Set directory modification time (using SetModTime)
2026/08/08 18:56:55 INFO  : Aplicativos/Moka/Moka-Lab/.git/objects/3c: Set directory modification time (using SetModTime)
2026/08/08 18:56:55 INFO  : Aplicativos/Moka/Moka-Lab/.git/refs/heads: Set directory modification time (using SetModTime)
2026/08/08 18:56:55 INFO  : Aplicativos/Moka/Moka-Lab/.git/objects/53: Set directory modification time (using SetModTime)
2026/08/08 18:56:55 INFO  : Aplicativos/Moka/backups/moka_lab_pre_correcoes_fase1_20260808_1027/src/app/globals.css.bak_zcode_20260723_pre_scroll_fix: Copied (new)
2026/08/08 18:56:55 INFO  : Aplicativos/Moka/backups/moka_lab_pre_correcoes_fase1_20260808_1027/src/app/globals.css: Copied (new)
2026/08/08 18:56:56 INFO  : Aplicativos/Moka/backups/moka_lab_pre_correcoes_fase1_20260808_1027/src/app/layout.tsx: Copied (new)
2026/08/08 18:56:56 INFO  : Aplicativos/Moka/backups/moka_lab_pre_correcoes_fase1_20260808_1027/src/app/page.tsx: Copied (new)
2026/08/08 18:56:56 INFO  : Aplicativos/Moka/Moka-Lab/.git/objects/5a: Set directory modification time (using SetModTime)
2026/08/08 18:56:56 INFO  : Aplicativos/Moka/Moka-Lab/.git/objects/60: Set directory modification time (using SetModTime)
2026/08/08 18:56:57 INFO  : Aplicativos/Moka/backups/moka_lab_pre_correcoes_fase1_20260808_1027/src/app/page.tsx.bak_zcode_20260723_pre_v3capa: Copied (new)
2026/08/08 18:56:57 INFO  : Aplicativos/Moka/backups/moka_lab_pre_correcoes_fase1_20260808_1027/src/components/AIPanel.tsx: Copied (new)
2026/08/08 18:56:57 INFO  : Aplicativos/Moka/backups/moka_lab_pre_correcoes_fase1_20260808_1027/src/app/page.tsx.bak_zcode_20260723_pre_prewarm: Copied (new)
2026/08/08 18:56:57 INFO  : Aplicativos/Moka/Moka-Lab/.git/objects/78: Set directory modification time (using SetModTime)
2026/08/08 18:56:57 INFO  : Aplicativos/Moka/backups/moka_lab_pre_correcoes_fase1_20260808_1027/src/components/AskModal.tsx: Copied (new)
2026/08/08 18:56:57 INFO  : Aplicativos/Moka/backups/moka_lab_pre_correcoes_fase1_20260808_1027/src/components/AuthGate.tsx: Copied (new)
2026/08/08 18:56:57 INFO  : Aplicativos/Moka/backups/moka_lab_pre_correcoes_fase1_20260808_1027/src/components/AuthButton.tsx: Copied (new)
2026/08/08 18:56:57 INFO  : Aplicativos/Moka/backups/moka_lab_pre_correcoes_fase1_20260808_1027/src/components/BackButton.tsx: Copied (new)
2026/08/08 18:56:57 INFO  : Aplicativos/Moka/backups/moka_lab_pre_correcoes_fase1_20260808_1027/src/components/AuthModal.tsx: Copied (new)
2026/08/08 18:56:58 INFO  : Aplicativos/Moka/Moka-Lab/.git/objects/85: Set directory modification time (using SetModTime)
2026/08/08 18:56:58 INFO  : Aplicativos/Moka/Moka-Lab/apps/web/src/app: Set directory modification time (using SetModTime)
2026/08/08 18:56:58 INFO  : Aplicativos/Moka/backups/moka_lab_pre_correcoes_fase1_20260808_1027/src/components/CafezinhoLogo.tsx: Copied (new)
2026/08/08 18:56:58 INFO  : Aplicativos/Moka/backups/moka_lab_pre_correcoes_fase1_20260808_1027/src/components/CloseAppButton.tsx: Copied (new)
2026/08/08 18:56:59 INFO  : Aplicativos/Moka/backups/moka_lab_pre_correcoes_fase1_20260808_1027/src/components/ContaButton.tsx: Copied (new)
2026/08/08 18:56:59 INFO  : Aplicativos/Moka/backups/moka_lab_pre_correcoes_fase1_20260808_1027/src/components/I18nProvider.tsx: Copied (new)
2026/08/08 18:56:59 INFO  : Aplicativos/Moka/backups/moka_lab_pre_correcoes_fase1_20260808_1027/src/components/InstallPrompt.tsx: Copied (new)
2026/08/08 18:56:59 INFO  : Aplicativos/Moka/backups/moka_lab_pre_correcoes_fase1_20260808_1027/src/components/LangSwitcher.tsx: Copied (new)
2026/08/08 18:57:00 INFO  : Aplicativos/Moka/backups/moka_lab_pre_correcoes_fase1_20260808_1027/src/components/LlmPriceRanking.tsx: Copied (new)
2026/08/08 18:57:00 INFO  : Aplicativos/Moka/Moka-Lab/.git/objects/87: Set directory modification time (using SetModTime)
2026/08/08 18:57:00 INFO  : Aplicativos/Moka/Moka-Lab/apps/web/src/components: Set directory modification time (using SetModTime)
2026/08/08 18:57:01 INFO  : Aplicativos/Moka/backups/moka_lab_pre_correcoes_fase1_20260808_1027/src/components/Markdown.tsx: Copied (new)
2026/08/08 18:57:01 INFO  : Aplicativos/Moka/backups/moka_lab_pre_correcoes_fase1_20260808_1027/src/components/ServiceWorkerRegister.tsx: Copied (new)
2026/08/08 18:57:01 INFO  : Aplicativos/Moka/backups/moka_lab_pre_correcoes_fase1_20260808_1027/src/components/SectionSwitcher.tsx: Copied (new)
2026/08/08 18:57:01 INFO  : Aplicativos/Moka/backups/moka_lab_pre_correcoes_fase1_20260808_1027/src/components/PageActionModal.tsx: Copied (new)
2026/08/08 18:57:01 INFO  : Aplicativos/Moka/backups/moka_lab_pre_correcoes_fase1_20260808_1027/src/components/PdfPageCanvas.tsx: Copied (new)
2026/08/08 18:57:01 INFO  : Aplicativos/Moka/backups/moka_lab_pre_correcoes_fase1_20260808_1027/src/components/Reader.tsx.bak_zcode_20260723_pre_pan_fix: Copied (new)
2026/08/08 18:57:02 INFO  : Aplicativos/Moka/backups/moka_lab_pre_correcoes_fase1_20260808_1027/src/components/Reader.tsx: Copied (new)
2026/08/08 18:57:03 INFO  : Aplicativos/Moka/Moka-Lab/.git/objects/90: Set directory modification time (using SetModTime)
2026/08/08 18:57:03 INFO  : Aplicativos/Moka/Moka-Lab/apps/web/src/lib: Set directory modification time (using SetModTime)
2026/08/08 18:57:10 INFO  :   958.393 KiB / 1.770 MiB, 53%, 31.289 KiB/s, ETA 27s (xfr#30/84)
2026/08/08 18:57:10 INFO  : Aplicativos/Moka/Moka-Lab/.git/objects/93: Set directory modification time (using SetModTime)
2026/08/08 18:58:10 INFO  :     1.010 MiB / 2.243 MiB, 45%, 824 B/s, ETA 26m7s (xfr#30/96)
2026/08/08 18:58:53 INFO  : Aplicativos/Moka/backups/moka_lab_pre_correcoes_fase1_20260808_1027/src/components/SiteFooter.tsx: Copied (new)
2026/08/08 18:58:55 INFO  : Aplicativos/Moka/backups/moka_lab_pre_correcoes_fase1_20260808_1027/src/components/VideoAskModal.tsx: Copied (new)
2026/08/08 18:58:56 INFO  : Aplicativos/Moka/backups/moka_lab_pre_correcoes_fase1_20260808_1027/src/components/VisitPing.tsx: Copied (new)
2026/08/08 18:58:59 INFO  : Aplicativos/Moka/backups/moka_lab_pre_correcoes_fase1_20260808_1027/src/app/ajuda/page.tsx.bak_zcode_20260724_pre_help_v3: Copied (new)
2026/08/08 18:59:01 INFO  : Aplicativos/Moka/backups/moka_lab_pre_correcoes_fase1_20260808_1027/src/app/ajuda/page.tsx: Copied (new)
2026/08/08 18:59:10 INFO  :     1.115 MiB / 2.316 MiB, 48%, 4.276 KiB/s, ETA 4m47s (xfr#35/98)
2026/08/08 18:59:45 INFO  : Aplicativos/Moka/Moka-Lab/.git/objects/9a: Set directory modification time (using SetModTime)
2026/08/08 18:59:46 INFO  : Aplicativos/Moka/Moka-Lab/.git/objects/a2: Set directory modification time (using SetModTime)
2026/08/08 18:59:46 INFO  : Aplicativos/Moka/Moka-Lab/.git/objects/b4: Set directory modification time (using SetModTime)
2026/08/08 18:59:47 INFO  : Aplicativos/Moka/Moka-Lab/.git/objects/d5: Set directory modification time (using SetModTime)
2026/08/08 18:59:48 INFO  : Aplicativos/Moka/Moka-Lab/.git/objects/dd: Set directory modification time (using SetModTime)
2026/08/08 18:59:48 INFO  : Aplicativos/Moka/Moka-Lab/.git/objects/f4: Set directory modification time (using SetModTime)
2026/08/08 19:00:04 INFO  : Aplicativos/Moka/Moka-Lab/apps/web/src/app/sobre: Set directory modification time (using SetModTime)
2026/08/08 19:00:10 INFO  :     1.429 MiB / 2.667 MiB, 54%, 13.993 KiB/s, ETA 1m30s (xfr#35/101)
2026/08/08 19:00:28 INFO  : Aplicativos/Moka/backups/moka_lab_pre_correcoes_fase1_20260808_1027/src/components/Uploader.tsx: Copied (new)
2026/08/08 19:00:28 INFO  : Aplicativos/Moka/Moka-Lab/apps/web/src/app/socios: Set directory modification time (using SetModTime)
2026/08/08 19:00:29 INFO  : Aplicativos/Moka/Moka-Lab/apps/web/src/app/video: Set directory modification time (using SetModTime)
2026/08/08 19:00:29 INFO  : Aplicativos/Moka/backups/moka_lab_pre_correcoes_fase1_20260808_1027/src/components/SummaryModal.tsx: Copied (new)
2026/08/08 19:00:29 INFO  : Aplicativos/Moka/Moka-Lab/apps/web/public/sw.js: Copied (replaced existing)
2026/08/08 19:00:29 INFO  : Aplicativos/Moka/backups/moka_lab_pre_correcoes_fase1_20260808_1027/src/components/TranslateBookModal.tsx: Copied (new)
2026/08/08 19:00:29 INFO  : Aplicativos/Moka/backups/moka_lab_pre_correcoes_fase1_20260808_1027/src/components/VideoAskModal.tsx.bak_zcode_20260723_pre_working_ui: Copied (new)
2026/08/08 19:00:30 INFO  : Aplicativos/Moka/backups/moka_lab_pre_correcoes_fase1_20260808_1027/src/components/SettingsForm.tsx.bak_zcode_20260723_pre_v3: Copied (new)
2026/08/08 19:00:31 INFO  : Aplicativos/Moka/backups/moka_lab_pre_correcoes_fase1_20260808_1027/src/hooks/useSpeechRecognition.ts: Copied (new)
2026/08/08 19:00:34 INFO  : Aplicativos/Moka/backups/moka_lab_pre_correcoes_fase1_20260808_1027/src/components/SettingsForm.tsx: Copied (new)
2026/08/08 19:01:10 INFO  :     1.600 MiB / 2.690 MiB, 59%, 1.103 KiB/s, ETA 16m52s (xfr#43/101)
2026/08/08 19:01:44 INFO  : Aplicativos/Moka/backups/moka_lab_pre_correcoes_fase1_20260808_1027/src/lib/book-translate.ts: Copied (new)
2026/08/08 19:01:44 INFO  : Aplicativos/Moka/backups/moka_lab_pre_correcoes_fase1_20260808_1027/src/lib/config.ts: Copied (new)
2026/08/08 19:01:44 INFO  : Aplicativos/Moka/backups/moka_lab_pre_correcoes_fase1_20260808_1027/src/lib/biblioteca-livre.ts: Copied (new)
2026/08/08 19:01:44 INFO  : Aplicativos/Moka/backups/moka_lab_pre_correcoes_fase1_20260808_1027/src/lib/auth.ts: Copied (new)
2026/08/08 19:01:44 INFO  : Aplicativos/Moka/backups/moka_lab_pre_correcoes_fase1_20260808_1027/src/lib/ai-client.ts: Copied (new)
2026/08/08 19:01:44 INFO  : Aplicativos/Moka/backups/moka_lab_pre_correcoes_fase1_20260808_1027/src/components/SettingsModal.tsx: Copied (new)
2026/08/08 19:01:44 INFO  : Aplicativos/Moka/backups/moka_lab_pre_correcoes_fase1_20260808_1027/src/lib/cover-generator.ts: Copied (new)
2026/08/08 19:01:45 INFO  : Aplicativos/Moka/backups/moka_lab_pre_correcoes_fase1_20260808_1027/src/lib/db.ts: Copied (new)
2026/08/08 19:01:45 INFO  : Aplicativos/Moka/backups/moka_lab_pre_correcoes_fase1_20260808_1027/src/lib/crypto.ts: Copied (new)
2026/08/08 19:01:45 INFO  : Aplicativos/Moka/backups/moka_lab_pre_correcoes_fase1_20260808_1027/src/lib/i18n.ts: Copied (new)
2026/08/08 19:01:45 INFO  : Aplicativos/Moka/backups/moka_lab_pre_correcoes_fase1_20260808_1027/src/lib/donate.ts: Copied (new)
2026/08/08 19:01:46 INFO  : Aplicativos/Moka/backups/moka_lab_pre_correcoes_fase1_20260808_1027/src/lib/lang-detect.ts: Copied (new)
2026/08/08 19:01:46 INFO  : Aplicativos/Moka/backups/moka_lab_pre_correcoes_fase1_20260808_1027/src/lib/llm-prices.ts: Copied (new)
2026/08/08 19:01:46 INFO  : Aplicativos/Moka/backups/moka_lab_pre_correcoes_fase1_20260808_1027/src/lib/messages.ts: Copied (new)
2026/08/08 19:01:47 INFO  : Aplicativos/Moka/backups/moka_lab_pre_correcoes_fase1_20260808_1027/src/lib/moka-conta.ts: Copied (new)
2026/08/08 19:01:47 INFO  : Aplicativos/Moka/backups/moka_lab_pre_correcoes_fase1_20260808_1027/src/lib/paginate.ts: Copied (new)
2026/08/08 19:01:47 INFO  : Aplicativos/Moka/backups/moka_lab_pre_correcoes_fase1_20260808_1027/src/lib/repository.ts: Copied (new)
2026/08/08 19:01:47 INFO  : Aplicativos/Moka/backups/moka_lab_pre_correcoes_fase1_20260808_1027/src/lib/pdf-cover.ts: Copied (new)
2026/08/08 19:01:47 INFO  : Aplicativos/Moka/backups/moka_lab_pre_correcoes_fase1_20260808_1027/src/lib/subscription.ts: Copied (new)
2026/08/08 19:01:47 INFO  : Aplicativos/Moka/backups/moka_lab_pre_correcoes_fase1_20260808_1027/src/lib/session.ts: Copied (new)
2026/08/08 19:01:48 INFO  : Aplicativos/Moka/backups/moka_lab_pre_correcoes_fase1_20260808_1027/src/lib/types.ts: Copied (new)
2026/08/08 19:01:49 INFO  : Aplicativos/Moka/Moka-Lab/.git/refs/heads/main: Copied (replaced existing)
2026/08/08 19:01:49 INFO  : Aplicativos/Moka/Moka-Lab/.git/logs/refs/heads/main: Copied (replaced existing)
2026/08/08 19:01:50 INFO  : Aplicativos/Moka/backups/moka_lab_pre_correcoes_fase1_20260808_1027/src/lib/supabase/client.ts: Copied (new)
2026/08/08 19:01:50 INFO  : Aplicativos/Moka/backups/moka_lab_pre_correcoes_fase1_20260808_1027/src/lib/ui-strings.ts: Copied (new)
2026/08/08 19:01:52 INFO  : Aplicativos/Moka/backups/moka_lab_pre_correcoes_fase1_20260808_1027/src/lib/supabase/server.ts: Copied (new)
2026/08/08 19:01:52 INFO  : Aplicativos/Moka/backups/moka_lab_pre_correcoes_fase1_20260808_1027/src/app/biblioteca/page.tsx: Copied (new)
2026/08/08 19:01:54 INFO  : Aplicativos/Moka/backups/moka_lab_pre_correcoes_fase1_20260808_1027/src/app/api/ingest/route.ts: Copied (new)
2026/08/08 19:01:56 INFO  : Aplicativos/Moka/backups/moka_lab_pre_correcoes_fase1_20260808_1027/src/app/auth/atualizar-senha/page.tsx: Copied (new)
2026/08/08 19:01:58 INFO  : Aplicativos/Moka/backups/moka_lab_pre_correcoes_fase1_20260808_1027/src/lib/video/ai-client.ts.bak_zcode_20260723_pre_ask_fix: Copied (new)
2026/08/08 19:01:59 INFO  : Aplicativos/Moka/backups/moka_lab_pre_correcoes_fase1_20260808_1027/src/lib/video/db.ts: Copied (new)
2026/08/08 19:02:10 INFO  :     2.217 MiB / 2.727 MiB, 81%, 10.528 KiB/s, ETA 49s (xfr#74/101)
2026/08/08 19:02:35 INFO  : Aplicativos/Moka/backups/moka_lab_pre_correcoes_fase1_20260808_1027/src/app/estante/page.tsx: Copied (new)
2026/08/08 19:02:35 INFO  : Aplicativos/Moka/backups/moka_lab_pre_correcoes_fase1_20260808_1027/src/hooks/useTTS.ts: Copied (new)
2026/08/08 19:02:36 INFO  : Aplicativos/Moka/backups/moka_lab_pre_correcoes_fase1_20260808_1027/src/app/api/proxy-stream/route.ts: Copied (new)
2026/08/08 19:02:51 INFO  : Aplicativos/Moka/backups/moka_lab_pre_correcoes_fase1_20260808_1027/src/app/book/[id]/page.tsx: Copied (new)
2026/08/08 19:02:51 INFO  : Aplicativos/Moka/backups/moka_lab_pre_correcoes_fase1_20260808_1027/src/app/auth/confirmado/page.tsx: Copied (new)
2026/08/08 19:02:51 INFO  : Aplicativos/Moka/backups/moka_lab_pre_correcoes_fase1_20260808_1027/src/lib/video/ai-client.ts: Copied (new)
2026/08/08 19:02:51 INFO  : Aplicativos/Moka/backups/moka_lab_pre_correcoes_fase1_20260808_1027/src/app/api/auth/callback/route.ts: Copied (new)
2026/08/08 19:02:51 INFO  : Aplicativos/Moka/backups/moka_lab_pre_correcoes_fase1_20260808_1027/src/lib/video/transkriptor.ts: Copied (new)
2026/08/08 19:02:53 INFO  : Aplicativos/Moka/Moka-Lab/apps/web/src/components/AuthGate.tsx: Copied (replaced existing)
2026/08/08 19:02:53 INFO  : Aplicativos/Moka/Moka-Lab/apps/web/src/components/AuthButton.tsx: Copied (replaced existing)
2026/08/08 19:02:53 INFO  : Aplicativos/Moka/Moka-Lab/apps/web/src/components/SiteFooter.tsx: Copied (replaced existing)
2026/08/08 19:02:53 INFO  : Aplicativos/Moka/backups/moka_lab_pre_correcoes_fase1_20260808_1027/src/app/experimente/page.tsx: Copied (new)
2026/08/08 19:02:54 INFO  : Aplicativos/Moka/Moka-Lab/apps/web/src/lib/auth.ts: Copied (replaced existing)
2026/08/08 19:02:55 INFO  : Aplicativos/Moka/Moka-Lab/apps/web/src/lib/ui-strings.ts: Copied (replaced existing)
2026/08/08 19:02:55 INFO  : Aplicativos/Moka/backups/moka_lab_pre_correcoes_fase1_20260808_1027/src/app/api/metrics/ping/route.ts: Copied (new)
2026/08/08 19:02:56 INFO  : Aplicativos/Moka/backups/moka_lab_pre_correcoes_fase1_20260808_1027/src/app/api/proxy/route.ts: Copied (new)
2026/08/08 19:02:58 INFO  : Aplicativos/Moka/Moka-Lab/apps/web/src/app/layout.tsx: Copied (replaced existing)
2026/08/08 19:03:00 INFO  : Aplicativos/Moka/backups/moka_lab_pre_correcoes_fase1_20260808_1027/src/app/api/metrics/summary/route.ts: Copied (new)
2026/08/08 19:03:10 INFO  :     2.685 MiB / 2.752 MiB, 98%, 10.761 KiB/s, ETA 6s (xfr#92/103)
2026/08/08 19:03:28 INFO  : Aplicativos/Moka/backups/moka_lab_pre_correcoes_fase1_20260808_1027/src/app/video/layout.tsx: Copied (new)
2026/08/08 19:03:28 INFO  : Aplicativos/Moka/backups/moka_lab_pre_correcoes_fase1_20260808_1027/src/app/privacidade/page.tsx: Copied (new)
2026/08/08 19:03:28 INFO  : Aplicativos/Moka/backups/moka_lab_pre_correcoes_fase1_20260808_1027/src/app/api/tts/route.ts: Copied (new)
2026/08/08 19:03:28 INFO  : Aplicativos/Moka/backups/moka_lab_pre_correcoes_fase1_20260808_1027/src/app/sobre/page.tsx: Copied (new)
2026/08/08 19:03:28 INFO  : Aplicativos/Moka/backups/moka_lab_pre_correcoes_fase1_20260808_1027/src/app/video/page.tsx: Copied (new)
2026/08/08 19:03:28 INFO  : Aplicativos/Moka/backups/moka_lab_pre_correcoes_fase1_20260808_1027/src/app/socios/page.tsx: Copied (new)
2026/08/08 19:03:28 INFO  : Aplicativos/Moka/backups/moka_lab_pre_correcoes_fase1_20260808_1027/src/app/premium/page.tsx: Copied (new)
2026/08/08 19:03:28 INFO  : Aplicativos/Moka/backups/moka_lab_pre_correcoes_fase1_20260808_1027/src/app/tutorial/page.tsx: Copied (new)
2026/08/08 19:03:29 INFO  : Aplicativos/Moka/Moka-Lab/apps/web/src/app/sobre/page.tsx: Copied (replaced existing)
2026/08/08 19:03:29 INFO  : Aplicativos/Moka/Moka-Lab/apps/web/src/app/socios/page.tsx: Copied (replaced existing)
2026/08/08 19:03:30 INFO  : Aplicativos/Moka/backups/moka_lab_pre_correcoes_fase1_20260808_1027/src/app/video/[id]/page.tsx: Copied (new)
2026/08/08 19:03:30 INFO  : Aplicativos/Moka/Moka-Lab/.git/objects/11/fcb2ca847ed9ac33f3ebd1a1ec4e7ebbc8dba9: Copied (new)
2026/08/08 19:03:30 INFO  : Aplicativos/Moka/Moka-Lab/.git/objects/12/332db5f48f320d13ffb5ac19d10600e0d6b6ff: Copied (new)
2026/08/08 19:03:31 INFO  : Aplicativos/Moka/Moka-Lab/.git/objects/15/88f67ec04b8ee36528c9d0dffe35ac78935256: Copied (new)
2026/08/08 19:03:32 INFO  : Aplicativos/Moka/Moka-Lab/apps/web/src/app/video/page.tsx: Copied (replaced existing)
2026/08/08 19:03:37 INFO  : Aplicativos/Moka/Moka-Lab/.git/objects/2c/f6ecc0f45a9f8dad2956040f30692215c2bb8b: Copied (new)
2026/08/08 19:03:38 INFO  : Aplicativos/Moka/Moka-Lab/.git/objects/2e/74bad5b86f8471e97791338d05318b76488131: Copied (new)
2026/08/08 19:03:44 INFO  : Aplicativos/Moka/Moka-Lab/.git/objects/3c/be870ba30c6036f0eaaa8c184ec718897fd1aa: Copied (new)
2026/08/08 19:03:52 INFO  : Aplicativos/Moka/Moka-Lab/.git/objects/53/39674aaf96d6efbd4c43caf737c248cf139838: Copied (new)
2026/08/08 19:03:55 INFO  : Aplicativos/Moka/Moka-Lab/.git/objects/5a/8d97df1e739454ff46bb20e0a2f3487eb4ead3: Copied (new)
2026/08/08 19:03:56 INFO  : Aplicativos/Moka/Moka-Lab/.git/objects/60/b8a2fd08e50de0968354b0f86089ed79dd5b0d: Copied (new)
2026/08/08 19:04:10 INFO  :     2.933 MiB / 2.937 MiB, 100%, 7.019 KiB/s, ETA 0s
2026/08/08 19:04:46 INFO  : Aplicativos/Moka/Moka-Lab/.git/objects/90/e880d92c379220faecc169b8dbb16f462be213: Copied (new)
2026/08/08 19:04:46 INFO  : Aplicativos/Moka/Moka-Lab/.git/objects/87/4e51b42f049d8ab2b17bb84900054fee9d1fb0: Copied (new)
2026/08/08 19:04:46 INFO  : Aplicativos/Moka/Moka-Lab/.git/objects/78/6154da954268d33e10e3ab0066f93d0c8de621: Copied (new)
2026/08/08 19:04:46 INFO  : Aplicativos/Moka/Moka-Lab/.git/objects/85/05f3e3341a4005da39fdb6c99995cffebeb83a: Copied (new)
2026/08/08 19:04:47 INFO  : Aplicativos/Moka/Moka-Lab/.git/objects/93/de6db4d2ce9145ff4128b0126118fda1227882: Copied (new)
2026/08/08 19:04:47 INFO  : Aplicativos/Moka/Moka-Lab/.git/objects/9a/a1f3c28b2c56267dc567af6c846444d681299c: Copied (new)
2026/08/08 19:04:48 INFO  : Aplicativos/Moka/Moka-Lab/.git/objects/a2/b567395f073cbb4d25180c089eb2360dc3cd62: Copied (new)
2026/08/08 19:04:49 INFO  : Aplicativos/Moka/Moka-Lab/.git/objects/b4/7ee6dc674aa71cec6acaaff39a048085afdd5f: Copied (new)
2026/08/08 19:04:50 INFO  : Aplicativos/Moka/Moka-Lab/.git/objects/dd/bfe27f69f0a0aa25efbb039b8784ef95dd5523: Copied (new)
2026/08/08 19:04:50 INFO  : Aplicativos/Moka/Moka-Lab/.git/objects/d5/1d9274b0a85584327218f6a3937670eb377b7c: Copied (new)
2026/08/08 19:04:51 INFO  : Aplicativos/Moka/Moka-Lab/.git/objects/f4/42edd15129d496ea6186c2ba3565646d24ef7d: Copied (new)
2026/08/08 19:04:52 INFO  : Aplicativos/Moka/backups/moka_lab_pre_correcoes_fase1_20260808_1027/src/app/api/auth/callback: Set directory modification time (using DirSetModTime)
2026/08/08 19:04:52 INFO  : Aplicativos/Moka/backups/moka_lab_pre_correcoes_fase1_20260808_1027/src/app/api/metrics/summary: Set directory modification time (using DirSetModTime)
2026/08/08 19:04:52 INFO  : Aplicativos/Moka/backups/moka_lab_pre_correcoes_fase1_20260808_1027/src/app/api/metrics/ping: Set directory modification time (using DirSetModTime)
2026/08/08 19:04:53 INFO  : Aplicativos/Moka/backups/moka_lab_pre_correcoes_fase1_20260808_1027/src/app/auth/atualizar-senha: Set directory modification time (using DirSetModTime)
2026/08/08 19:04:53 INFO  : Aplicativos/Moka/backups/moka_lab_pre_correcoes_fase1_20260808_1027/src/app/api/proxy: Set directory modification time (using DirSetModTime)
2026/08/08 19:04:53 INFO  : Aplicativos/Moka/backups/moka_lab_pre_correcoes_fase1_20260808_1027/src/app/api/auth: Set directory modification time (using DirSetModTime)
2026/08/08 19:04:53 INFO  : Aplicativos/Moka/backups/moka_lab_pre_correcoes_fase1_20260808_1027/src/app/api/ingest: Set directory modification time (using DirSetModTime)
2026/08/08 19:04:53 INFO  : Aplicativos/Moka/backups/moka_lab_pre_correcoes_fase1_20260808_1027/src/app/auth/confirmado: Set directory modification time (using DirSetModTime)
2026/08/08 19:04:53 INFO  : Aplicativos/Moka/backups/moka_lab_pre_correcoes_fase1_20260808_1027/src/app/api/proxy-stream: Set directory modification time (using DirSetModTime)
2026/08/08 19:04:53 INFO  : Aplicativos/Moka/backups/moka_lab_pre_correcoes_fase1_20260808_1027/src/app/api/tts: Set directory modification time (using DirSetModTime)
2026/08/08 19:04:53 INFO  : Aplicativos/Moka/backups/moka_lab_pre_correcoes_fase1_20260808_1027/src/app/api/metrics: Set directory modification time (using DirSetModTime)
2026/08/08 19:04:53 INFO  : Aplicativos/Moka/Moka-Lab/apps/web/src/app/sobre: Set directory modification time (using SetModTime)
2026/08/08 19:04:53 INFO  : Aplicativos/Moka/Moka-Lab/apps/web/src/app/socios: Set directory modification time (using SetModTime)
2026/08/08 19:04:53 INFO  : Aplicativos/Moka/backups/moka_lab_pre_correcoes_fase1_20260808_1027/src/app/book/[id]: Set directory modification time (using DirSetModTime)
2026/08/08 19:04:53 INFO  : Aplicativos/Moka/backups/moka_lab_pre_correcoes_fase1_20260808_1027/src/app/video/[id]: Set directory modification time (using DirSetModTime)
2026/08/08 19:04:53 INFO  : Aplicativos/Moka/Moka-Lab/apps/web/src/app/video: Set directory modification time (using SetModTime)
2026/08/08 19:04:54 INFO  : Aplicativos/Moka/backups/moka_lab_pre_correcoes_fase1_20260808_1027/src/app/ajuda: Set directory modification time (using DirSetModTime)
2026/08/08 19:04:54 INFO  : Aplicativos/Moka/backups/moka_lab_pre_correcoes_fase1_20260808_1027/src/app/biblioteca: Set directory modification time (using DirSetModTime)
2026/08/08 19:04:54 INFO  : Aplicativos/Moka/backups/moka_lab_pre_correcoes_fase1_20260808_1027/src/app/estante: Set directory modification time (using DirSetModTime)
2026/08/08 19:04:54 INFO  : Aplicativos/Moka/backups/moka_lab_pre_correcoes_fase1_20260808_1027/src/app/premium: Set directory modification time (using DirSetModTime)
2026/08/08 19:04:54 INFO  : Aplicativos/Moka/backups/moka_lab_pre_correcoes_fase1_20260808_1027/src/app/api: Set directory modification time (using DirSetModTime)
2026/08/08 19:04:54 INFO  : Aplicativos/Moka/backups/moka_lab_pre_correcoes_fase1_20260808_1027/src/app/auth: Set directory modification time (using DirSetModTime)
2026/08/08 19:04:54 INFO  : Aplicativos/Moka/backups/moka_lab_pre_correcoes_fase1_20260808_1027/src/app/experimente: Set directory modification time (using DirSetModTime)
2026/08/08 19:04:54 INFO  : Aplicativos/Moka/backups/moka_lab_pre_correcoes_fase1_20260808_1027/src/app/book: Set directory modification time (using DirSetModTime)
2026/08/08 19:04:54 INFO  : Aplicativos/Moka/backups/moka_lab_pre_correcoes_fase1_20260808_1027/src/app/privacidade: Set directory modification time (using DirSetModTime)
2026/08/08 19:04:54 INFO  : Aplicativos/Moka/Moka-Lab/.git/logs/refs/heads: Set directory modification time (using SetModTime)
2026/08/08 19:04:54 INFO  : Aplicativos/Moka/backups/moka_lab_pre_correcoes_fase1_20260808_1027/src/app/socios: Set directory modification time (using DirSetModTime)
2026/08/08 19:04:54 INFO  : Aplicativos/Moka/backups/moka_lab_pre_correcoes_fase1_20260808_1027/src/app/sobre: Set directory modification time (using DirSetModTime)
2026/08/08 19:04:54 INFO  : Aplicativos/Moka/backups/moka_lab_pre_correcoes_fase1_20260808_1027/src/app/tutorial: Set directory modification time (using DirSetModTime)
2026/08/08 19:04:54 INFO  : Aplicativos/Moka/backups/moka_lab_pre_correcoes_fase1_20260808_1027/src/app/video: Set directory modification time (using DirSetModTime)
2026/08/08 19:04:54 INFO  : Aplicativos/Moka/backups/moka_lab_pre_correcoes_fase1_20260808_1027/src/lib/supabase: Set directory modification time (using DirSetModTime)
2026/08/08 19:04:54 INFO  : Aplicativos/Moka/backups/moka_lab_pre_correcoes_fase1_20260808_1027/src/lib/video: Set directory modification time (using DirSetModTime)
2026/08/08 19:04:55 INFO  : Aplicativos/Moka/Moka-Lab/apps/web/src/lib: Set directory modification time (using SetModTime)
2026/08/08 19:04:55 INFO  : Aplicativos/Moka/Moka-Lab/apps/web/src/components: Set directory modification time (using SetModTime)
2026/08/08 19:04:55 INFO  : Aplicativos/Moka/Moka-Lab/apps/web/src/app: Set directory modification time (using SetModTime)
2026/08/08 19:04:55 INFO  : Aplicativos/Moka/Moka-Lab/.git/logs/refs: Set directory modification time (using SetModTime)
2026/08/08 19:04:55 INFO  : Aplicativos/Moka/Moka-Lab/.git/objects/11: Set directory modification time (using SetModTime)
2026/08/08 19:04:55 INFO  : Aplicativos/Moka/Moka-Lab/apps/web/public: Set directory modification time (using SetModTime)
2026/08/08 19:04:55 INFO  : Aplicativos/Moka/Moka-Lab/apps/web/src: Set directory modification time (using SetModTime)
2026/08/08 19:04:55 INFO  : Aplicativos/Moka/backups/moka_lab_pre_correcoes_fase1_20260808_1027/src/lib: Set directory modification time (using DirSetModTime)
2026/08/08 19:04:56 INFO  : Aplicativos/Moka/backups/moka_lab_pre_correcoes_fase1_20260808_1027/src/components: Set directory modification time (using DirSetModTime)
2026/08/08 19:04:56 INFO  : Aplicativos/Moka/backups/moka_lab_pre_correcoes_fase1_20260808_1027/src/hooks: Set directory modification time (using DirSetModTime)
2026/08/08 19:04:56 INFO  : Aplicativos/Moka/backups/moka_lab_pre_correcoes_fase1_20260808_1027/src/app: Set directory modification time (using DirSetModTime)
2026/08/08 19:04:56 INFO  : Aplicativos/Moka/Moka-Lab/.git/objects/3c: Set directory modification time (using SetModTime)
2026/08/08 19:04:56 INFO  : Aplicativos/Moka/Moka-Lab/.git/objects/15: Set directory modification time (using SetModTime)
2026/08/08 19:04:56 INFO  : Aplicativos/Moka/Moka-Lab/.git/objects/2c: Set directory modification time (using SetModTime)
2026/08/08 19:04:56 INFO  : Aplicativos/Moka/Moka-Lab/.git/objects/12: Set directory modification time (using SetModTime)
2026/08/08 19:04:56 INFO  : Aplicativos/Moka/Moka-Lab/.git/objects/2e: Set directory modification time (using SetModTime)
2026/08/08 19:04:56 INFO  : Aplicativos/Moka/Moka-Lab/.git/refs/heads: Set directory modification time (using SetModTime)
2026/08/08 19:04:56 INFO  : Aplicativos/Moka/Moka-Lab/.git/objects/53: Set directory modification time (using SetModTime)
2026/08/08 19:04:56 INFO  : Aplicativos/Moka/Moka-Lab/.git/objects/5a: Set directory modification time (using SetModTime)
2026/08/08 19:04:57 INFO  : Aplicativos/Moka/Moka-Lab/.git/objects/90: Set directory modification time (using SetModTime)
2026/08/08 19:04:57 INFO  : Aplicativos/Moka/Moka-Lab/.git/objects/87: Set directory modification time (using SetModTime)
2026/08/08 19:04:57 INFO  : Aplicativos/Moka/Moka-Lab/.git/objects/85: Set directory modification time (using SetModTime)
2026/08/08 19:04:57 INFO  : Aplicativos/Moka/Moka-Lab/.git/objects/60: Set directory modification time (using SetModTime)
2026/08/08 19:04:57 INFO  : Aplicativos/Moka/Moka-Lab/.git/objects/78: Set directory modification time (using SetModTime)
2026/08/08 19:04:57 INFO  : Aplicativos/Moka/Moka-Lab/.git/objects/93: Set directory modification time (using SetModTime)
2026/08/08 19:04:57 INFO  : Aplicativos/Moka/Moka-Lab/.git/objects/9a: Set directory modification time (using SetModTime)
2026/08/08 19:04:57 INFO  : Aplicativos/Moka/Moka-Lab/.git/objects/a2: Set directory modification time (using SetModTime)
2026/08/08 19:04:57 INFO  : Aplicativos/Moka/Moka-Lab/.git/objects/b4: Set directory modification time (using SetModTime)
2026/08/08 19:04:57 INFO  : Aplicativos/Moka/Moka-Lab/.git/objects/d5: Set directory modification time (using SetModTime)
2026/08/08 19:04:57 INFO  : Aplicativos/Moka/Moka-Lab/.git/objects/dd: Set directory modification time (using SetModTime)
2026/08/08 19:04:57 INFO  : Aplicativos/Moka/Moka-Lab/.git/objects/f4: Set directory modification time (using SetModTime)
2026/08/08 19:04:58 INFO  : Aplicativos/Moka/Moka-Lab/.git/objects: Set directory modification time (using SetModTime)
2026/08/08 19:04:58 INFO  : Aplicativos/Moka/Moka-Lab/.git/logs: Set directory modification time (using SetModTime)
2026/08/08 19:04:58 INFO  : Aplicativos/Moka/Moka-Lab/apps/web: Set directory modification time (using SetModTime)
2026/08/08 19:04:58 INFO  : Aplicativos/Moka/Moka-Lab/.git/refs: Set directory modification time (using SetModTime)
2026/08/08 19:04:58 INFO  : Aplicativos/Moka/backups/moka_lab_pre_correcoes_fase1_20260808_1027/src: Set directory modification time (using DirSetModTime)
2026/08/08 19:04:58 INFO  : Aplicativos/Moka/Moka-Lab/.git: Set directory modification time (using SetModTime)
2026/08/08 19:04:58 INFO  : Aplicativos/Moka/backups/moka_lab_pre_correcoes_fase1_20260808_1027: Set directory modification time (using DirSetModTime)
2026/08/08 19:04:58 INFO  : Aplicativos/Moka/Moka-Lab/apps: Set directory modification time (using SetModTime)
2026/08/08 19:04:59 INFO  : Aplicativos/Moka/Moka-Lab: Set directory modification time (using SetModTime)
2026/08/08 19:04:59 INFO  : Aplicativos/Moka/backups: Set directory modification time (using SetModTime)
2026/08/08 19:04:59 INFO  : Aplicativos/Moka: Set directory modification time (using SetModTime)
2026/08/08 19:05:00 INFO  : Aplicativos: Set directory modification time (using SetModTime)
2026/08/08 19:05:00 INFO  :     2.949 MiB / 2.949 MiB, 100%, 1.062 KiB/s, ETA 0s
2026/08/08 19:23:33 INFO  : Foruns: Set directory modification time (using SetModTime)
2026/08/08 19:23:34 INFO  : dados_baleia_azul: Set directory modification time (using SetModTime)
2026/08/08 19:23:34 NOTICE: Ponto de Retomada/Antigravity Desktop: Can't follow symlink without -L/--copy-links
2026/08/08 19:23:34 NOTICE: Foruns/carta_agy_ativacao_proxy_nyc_20260703.md: Can't follow symlink without -L/--copy-links
2026/08/08 19:23:34 NOTICE: Foruns/forum_v4_canario_ciencia_geopolitica_20260713.md: Can't follow symlink without -L/--copy-links
2026/08/08 19:23:34 NOTICE: Foruns/credenciais_pesquisa_petroleo.md: Can't follow symlink without -L/--copy-links
2026/08/08 19:23:34 NOTICE: Foruns/INDICE_FORUNS_SEMANAL.md: Can't follow symlink without -L/--copy-links
2026/08/08 19:23:34 NOTICE: Foruns/ensaio_geopolitica_petroleo_2026.md: Can't follow symlink without -L/--copy-links
2026/08/08 19:23:34 NOTICE: Foruns/carta_humanizada_codex_trindade_reforma_agentes_20260717.md: Can't follow symlink without -L/--copy-links
2026/08/08 19:23:34 NOTICE: Foruns/checkpoint_v4_ciencia_geopolitica_20260713.md: Can't follow symlink without -L/--copy-links
2026/08/08 19:23:34 NOTICE: Foruns/forum_saneamento_seo_automatizado_lotes_20260701.md: Can't follow symlink without -L/--copy-links
2026/08/08 19:23:34 NOTICE: Foruns/tutorial_pacer_monitor_20260707.md: Can't follow symlink without -L/--copy-links
2026/08/08 19:23:34 NOTICE: Foruns/forum_pautas_editoriais_20260701.md: Can't follow symlink without -L/--copy-links
2026/08/08 19:23:34 NOTICE: Foruns/forum_auditoria_indexacao_sites_tematicos_20260713.md: Can't follow symlink without -L/--copy-links
2026/08/08 19:23:34 NOTICE: Foruns/forum_backup_v4_tematicos_backblaze_20260717_004222.md: Can't follow symlink without -L/--copy-links
2026/08/08 19:23:34 NOTICE: Foruns/tutorial_publicacao_direta_wp_20260706.md: Can't follow symlink without -L/--copy-links
2026/08/08 19:23:34 NOTICE: Foruns/forum_coleta_dados_petroleo_20260711.md: Can't follow symlink without -L/--copy-links
2026/08/08 19:23:34 NOTICE: Foruns/forum_tutorial_acesso_dados_ibge_sidra_20260710.md: Can't follow symlink without -L/--copy-links
2026/08/08 19:23:34 NOTICE: Foruns/forum_reorganizacao_agentes_cafezinho_fase3_20260717.md: Can't follow symlink without -L/--copy-links
2026/08/08 19:23:34 NOTICE: Foruns/dossie_jason_miller_20260707.md: Can't follow symlink without -L/--copy-links
2026/08/08 19:23:34 NOTICE: Foruns/forum_exercicio_copia_cafezinho_news_20260629.md: Can't follow symlink without -L/--copy-links
2026/08/08 19:23:34 NOTICE: Foruns/forum_arquitetura_legendador_bbc.md: Can't follow symlink without -L/--copy-links
2026/08/08 19:23:34 NOTICE: Foruns/forum_explicativo_agentes_tematicos_20260714.md: Can't follow symlink without -L/--copy-links
2026/08/08 19:23:34 NOTICE: Foruns/forum_autocura_v3_20260703.md: Can't follow symlink without -L/--copy-links
2026/08/08 19:23:34 NOTICE: Foruns/carta_humanizada_codex_trindade_reforma_agentes_fase3_20260717.md: Can't follow symlink without -L/--copy-links
2026/08/08 19:23:34 NOTICE: Foruns/prompt_pesquisa_petroleo_gpt_claude.md: Can't follow symlink without -L/--copy-links
2026/08/08 19:23:34 NOTICE: Foruns/canal_claude_antigravity.md: Can't follow symlink without -L/--copy-links
2026/08/08 19:23:34 NOTICE: Foruns/sub_cerebro_antigravity_desktop.md: Can't follow symlink without -L/--copy-links
2026/08/08 19:23:34 NOTICE: Foruns/carta_agy_descoberta_gpt5_5_pro_api_20260701.md: Can't follow symlink without -L/--copy-links
2026/08/08 19:23:34 NOTICE: Foruns/artigo_panorama_petroleo_20260711.md: Can't follow symlink without -L/--copy-links
2026/08/08 19:23:34 NOTICE: Foruns/forum_auditoria_failover_crontab_20260701.md: Can't follow symlink without -L/--copy-links
2026/08/08 19:23:34 NOTICE: Foruns/forum_reorganizacao_agentes_cafezinho_20260717.md: Can't follow symlink without -L/--copy-links
2026/08/08 19:23:35 NOTICE: Foruns/inbox_trindade/pesquisas_tse_2026_tabela.csv: Can't follow symlink without -L/--copy-links
2026/08/08 19:23:35 NOTICE: Foruns/inbox_trindade/pesquisas_tse_2026_detalhes.json: Can't follow symlink without -L/--copy-links
2026/08/08 19:23:35 NOTICE: Foruns/inbox_trindade/pesqele_results_html.txt: Can't follow symlink without -L/--copy-links
2026/08/08 19:23:35 NOTICE: Foruns/inbox_trindade/publicar_pagina_direitos.py: Can't follow symlink without -L/--copy-links
2026/08/08 19:23:35 NOTICE: Foruns/inbox_trindade/test_quaest.js: Can't follow symlink without -L/--copy-links
2026/08/08 19:23:35 NOTICE: Foruns/inbox_trindade/pesquisas_tse_2026_todas_br.json: Can't follow symlink without -L/--copy-links
2026/08/08 19:23:35 NOTICE: Foruns/inbox_trindade/scraper_tse6.js: Can't follow symlink without -L/--copy-links
2026/08/08 19:23:35 NOTICE: Foruns/inbox_trindade/scraper_tse_custos.js: Can't follow symlink without -L/--copy-links
2026/08/08 19:23:35 NOTICE: Foruns/inbox_trindade/apresentacao_eidas.pdf: Can't follow symlink without -L/--copy-links
2026/08/08 19:23:35 NOTICE: Foruns/inbox_trindade/qwen_coding.md: Can't follow symlink without -L/--copy-links
2026/08/08 19:23:35 NOTICE: Foruns/inbox_trindade/pesqele_search_html.txt: Can't follow symlink without -L/--copy-links
2026/08/08 19:23:35 NOTICE: Foruns/inbox_trindade/pesqele_search_body.txt: Can't follow symlink without -L/--copy-links
2026/08/08 19:23:35 NOTICE: Foruns/inbox_trindade/scraper_tse_form.js: Can't follow symlink without -L/--copy-links
2026/08/08 19:23:35 NOTICE: Foruns/inbox_trindade/scraper_tse2.js: Can't follow symlink without -L/--copy-links
2026/08/08 19:23:35 NOTICE: Foruns/inbox_trindade/ming.md: Can't follow symlink without -L/--copy-links
2026/08/08 19:23:35 NOTICE: Foruns/inbox_trindade/pesquisas_tse_2026_processadas.json: Can't follow symlink without -L/--copy-links
2026/08/08 19:23:35 NOTICE: Foruns/inbox_trindade/resumo_pesquisas.json: Can't follow symlink without -L/--copy-links
2026/08/08 19:23:35 NOTICE: Foruns/inbox_trindade/pedido_ponto_de_retomada_20260628.md: Can't follow symlink without -L/--copy-links
2026/08/08 19:23:35 NOTICE: Foruns/inbox_trindade/scraper_tse_modals2.js: Can't follow symlink without -L/--copy-links
2026/08/08 19:23:35 NOTICE: Foruns/inbox_trindade/scraper_tse_todas_br.js: Can't follow symlink without -L/--copy-links
2026/08/08 19:23:35 NOTICE: Foruns/inbox_trindade/detalhar_page_html.txt: Can't follow symlink without -L/--copy-links
2026/08/08 19:23:35 NOTICE: Foruns/inbox_trindade/pesquisas_tse_2026.json: Can't follow symlink without -L/--copy-links
2026/08/08 19:23:35 NOTICE: Foruns/inbox_trindade/package.json: Can't follow symlink without -L/--copy-links
2026/08/08 19:23:35 NOTICE: Foruns/inbox_trindade/analise_ipca15_junho2026.md: Can't follow symlink without -L/--copy-links
2026/08/08 19:23:35 NOTICE: Foruns/inbox_trindade/package-lock.json: Can't follow symlink without -L/--copy-links
2026/08/08 19:23:35 NOTICE: Foruns/inbox_trindade/README.md: Can't follow symlink without -L/--copy-links
2026/08/08 19:23:35 NOTICE: Foruns/inbox_trindade/scraper_tse_detalhar_test.js: Can't follow symlink without -L/--copy-links
2026/08/08 19:23:35 NOTICE: Foruns/inbox_trindade/quaest_ipec.json: Can't follow symlink without -L/--copy-links
2026/08/08 19:23:35 NOTICE: Foruns/inbox_trindade/pesqele_home.png: Can't follow symlink without -L/--copy-links
2026/08/08 19:23:35 NOTICE: Foruns/inbox_trindade/scraper_tse_detalhes.js: Can't follow symlink without -L/--copy-links
2026/08/08 19:23:35 NOTICE: Foruns/inbox_trindade/pesquisas_tse_2026_full.json: Can't follow symlink without -L/--copy-links
2026/08/08 19:23:35 NOTICE: Foruns/inbox_trindade/pesqele_search.png: Can't follow symlink without -L/--copy-links
2026/08/08 19:23:35 NOTICE: Foruns/inbox_trindade/agy_cli.md: Can't follow symlink without -L/--copy-links
2026/08/08 19:23:35 NOTICE: Foruns/inbox_trindade/pesqele_body.txt: Can't follow symlink without -L/--copy-links
2026/08/08 19:23:35 NOTICE: Foruns/inbox_trindade/scraper_tse4.js: Can't follow symlink without -L/--copy-links
2026/08/08 19:23:35 NOTICE: Foruns/inbox_trindade/scraper_tse_paginator.js: Can't follow symlink without -L/--copy-links
2026/08/08 19:23:35 NOTICE: Foruns/inbox_trindade/materia_eidas_diagramada.pdf: Can't follow symlink without -L/--copy-links
2026/08/08 19:23:35 NOTICE: Foruns/inbox_trindade/parser_tse.js: Can't follow symlink without -L/--copy-links
2026/08/08 19:23:35 NOTICE: Foruns/inbox_trindade/materia_eidas_20260630.md: Can't follow symlink without -L/--copy-links
2026/08/08 19:23:35 NOTICE: Foruns/inbox_trindade/relatorio_pesquisas_2026.md: Can't follow symlink without -L/--copy-links
2026/08/08 19:23:35 NOTICE: Foruns/inbox_trindade/scraper_tse_isolated.js: Can't follow symlink without -L/--copy-links
2026/08/08 19:23:35 NOTICE: Foruns/inbox_trindade/scraper_tse_modals.js: Can't follow symlink without -L/--copy-links
2026/08/08 19:23:35 NOTICE: Foruns/inbox_trindade/scraper_tse_fast.js: Can't follow symlink without -L/--copy-links
2026/08/08 19:23:35 NOTICE: Foruns/inbox_trindade/antigravity_desktop.md: Can't follow symlink without -L/--copy-links
2026/08/08 19:23:35 NOTICE: Foruns/inbox_trindade/scraper_tse_modals3.js: Can't follow symlink without -L/--copy-links
2026/08/08 19:23:35 NOTICE: Foruns/inbox_trindade/pesqele_results.png: Can't follow symlink without -L/--copy-links
2026/08/08 19:23:35 NOTICE: Foruns/inbox_trindade/grok_coding.md: Can't follow symlink without -L/--copy-links
2026/08/08 19:23:35 NOTICE: Foruns/inbox_trindade/miguel.md: Can't follow symlink without -L/--copy-links
2026/08/08 19:23:35 NOTICE: Foruns/inbox_trindade/scraper_tse_full.js: Can't follow symlink without -L/--copy-links
2026/08/08 19:23:35 NOTICE: Foruns/inbox_trindade/glm_coding.md: Can't follow symlink without -L/--copy-links
2026/08/08 19:23:35 NOTICE: Foruns/inbox_trindade/parser_tse_quaest_fixed.js: Can't follow symlink without -L/--copy-links
2026/08/08 19:23:35 NOTICE: Foruns/inbox_trindade/scraper_tse5.js: Can't follow symlink without -L/--copy-links
2026/08/08 19:23:35 NOTICE: Foruns/inbox_trindade/parser_tse_quaest.js: Can't follow symlink without -L/--copy-links
2026/08/08 19:23:35 NOTICE: Foruns/inbox_trindade/gerar_pdfs.py: Can't follow symlink without -L/--copy-links
2026/08/08 19:23:35 NOTICE: Foruns/inbox_trindade/materia_eidas_diagramada.html: Can't follow symlink without -L/--copy-links
2026/08/08 19:23:35 NOTICE: Foruns/inbox_trindade/pesqele_results_body.txt: Can't follow symlink without -L/--copy-links
2026/08/08 19:23:35 NOTICE: Foruns/inbox_trindade/pesquisas_tse_2026_todas.json: Can't follow symlink without -L/--copy-links
2026/08/08 19:23:35 NOTICE: Foruns/inbox_trindade/pesquisas_tse_2026_raw_modals.json: Can't follow symlink without -L/--copy-links
2026/08/08 19:23:35 NOTICE: Foruns/inbox_trindade/scraper_tse.js: Can't follow symlink without -L/--copy-links
2026/08/08 19:23:35 NOTICE: Foruns/inbox_trindade/detalhar_page.txt: Can't follow symlink without -L/--copy-links
2026/08/08 19:23:35 NOTICE: Foruns/inbox_trindade/apresentacao_eidas.html: Can't follow symlink without -L/--copy-links
2026/08/08 19:23:35 NOTICE: Foruns/inbox_trindade/pesqele_html.txt: Can't follow symlink without -L/--copy-links
2026/08/08 19:23:35 NOTICE: Foruns/inbox_trindade/vibe_mistral_cli.md: Can't follow symlink without -L/--copy-links
2026/08/08 19:23:35 NOTICE: Foruns/inbox_trindade/pesqele_data.json: Can't follow symlink without -L/--copy-links
2026/08/08 19:23:35 NOTICE: Foruns/inbox_trindade/find_institutes.js: Can't follow symlink without -L/--copy-links
2026/08/08 19:23:35 NOTICE: Foruns/inbox_trindade/scraper_tse3.js: Can't follow symlink without -L/--copy-links
2026/08/08 19:23:35 NOTICE: Foruns/inbox_trindade/pesqele_form_html.txt: Can't follow symlink without -L/--copy-links
2026/08/08 19:23:35 INFO  : boletim_baleia_azul_20260807.md: Copied (replaced existing)
2026/08/08 19:23:35 INFO  : boletim_baleia_azul_20260808.md: Copied (new)
2026/08/08 19:23:35 INFO  : dados_baleia_azul/sinal_google_20260807.md: Updated modification time in destination
2026/08/08 19:23:35 NOTICE: sites-tematicos_LEGADO_NAO_USAR/cafezinhomediagroup/CLAUDE.md: Can't follow symlink without -L/--copy-links
2026/08/08 19:23:36 INFO  : agent_data/hero_tentativas.json: Copied (replaced existing)
2026/08/08 19:23:36 INFO  : dados_baleia_azul/audiencia_20260808.md: Copied (new)
2026/08/08 19:23:36 INFO  : sites-v4/aiatolah/.git: Set directory modification time (using SetModTime)
2026/08/08 19:23:36 INFO  : dados_baleia_azul/audiencia_20260808.json: Copied (new)
2026/08/08 19:23:36 INFO  : agent_data/heroes_usadas.json: Copied (replaced existing)
2026/08/08 19:23:36 INFO  : agent_data/heroes_hash_usadas.json: Copied (replaced existing)
2026/08/08 19:23:36 INFO  : Foruns/canal_trindade.md: Copied (replaced existing)
2026/08/08 19:23:36 INFO  : sites-v4/discoverbrazil/.git: Set directory modification time (using SetModTime)
2026/08/08 19:23:37 INFO  : sites-v4/ceara/.git: Set directory modification time (using SetModTime)
2026/08/08 19:23:37 INFO  : dados_baleia_azul/auditor_titulos_20260808.md: Copied (new)
2026/08/08 19:23:37 INFO  : dados_baleia_azul/auditor_titulos_20260808.json: Copied (new)
2026/08/08 19:23:37 INFO  : sites-v4/mapario/.git: Set directory modification time (using SetModTime)
2026/08/08 19:23:37 INFO  : sites-v4/globalsouth/.git: Set directory modification time (using SetModTime)
2026/08/08 19:23:37 INFO  : sites-v4/mundotrilhos/.git: Set directory modification time (using SetModTime)
2026/08/08 19:23:38 INFO  : sites-v4/railpost/.git: Set directory modification time (using SetModTime)
2026/08/08 19:23:38 INFO  : dados_baleia_azul/auditor_titulos_relatorio_20260808.md: Copied (new)
2026/08/08 19:23:38 INFO  : dados_baleia_azul/audiencia_20260807.json: Copied (replaced existing)
2026/08/08 19:23:38 INFO  : dados_baleia_azul/audiencia_atual.md: Copied (replaced existing)
2026/08/08 19:23:38 INFO  : dados_baleia_azul/coluna_kimi_20260808.md: Copied (new)
2026/08/08 19:23:38 INFO  : dados_baleia_azul/disco_tematicos_20260808.json: Copied (new)
2026/08/08 19:23:38 INFO  : dados_baleia_azul/disco_tematicos_20260808.md: Copied (new)
2026/08/08 19:23:38 INFO  : sites-v4/riocarta/.git: Set directory modification time (using SetModTime)
2026/08/08 19:23:38 INFO  : dados_baleia_azul/auditor_titulos_atual.md: Copied (replaced existing)
2026/08/08 19:23:39 INFO  : dados_baleia_azul/saude_site_20260808.json: Copied (new)
2026/08/08 19:23:39 INFO  : sites-v4/aiatolah/.git/objects: Set directory modification time (using SetModTime)
2026/08/08 19:23:39 INFO  : sites-v4/discoverbrazil/.git/objects: Set directory modification time (using SetModTime)
2026/08/08 19:23:39 INFO  : dados_baleia_azul/auditor_titulos_relatorio_20260807.md: Copied (replaced existing)
2026/08/08 19:23:39 INFO  : sites-v4/ceara/.git/objects: Set directory modification time (using SetModTime)
2026/08/08 19:23:39 INFO  : dados_baleia_azul/disco_tematicos_20260807.json: Copied (replaced existing)
2026/08/08 19:23:39 INFO  : dados_baleia_azul/saude_site_20260808.md: Copied (new)
2026/08/08 19:23:39 INFO  : dados_baleia_azul/auditor_titulos_20260807.md: Copied (replaced existing)
2026/08/08 19:23:39 INFO  : dados_baleia_azul/disco_tematicos_20260807.md: Copied (replaced existing)
2026/08/08 19:23:40 INFO  : dados_baleia_azul/disco_tematicos_historico.jsonl: Copied (replaced existing)
2026/08/08 19:23:40 INFO  : sites-v4/mapario/.git/objects: Set directory modification time (using SetModTime)
2026/08/08 19:23:40 INFO  : sites-v4/globalsouth/.git/objects: Set directory modification time (using SetModTime)
2026/08/08 19:23:40 INFO  : sites-v4/globalsouth/.git/HEAD: Updated modification time in destination
2026/08/08 19:23:40 INFO  : dados_baleia_azul/sinal_google_20260808.md: Copied (new)
2026/08/08 19:23:40 INFO  : dados_baleia_azul/saude_site_20260807.json: Copied (replaced existing)
2026/08/08 19:23:41 INFO  : dados_baleia_azul/auditor_titulos_20260807.json: Copied (replaced existing)
2026/08/08 19:23:41 INFO  : dados_baleia_azul/auditor_titulos_atual.json: Copied (replaced existing)
2026/08/08 19:23:41 INFO  : dados_baleia_azul/sinal_google_atual.md: Copied (replaced existing)
2026/08/08 19:23:41 INFO  : dados_baleia_azul/saude_site_20260807.md: Copied (replaced existing)
2026/08/08 19:23:41 INFO  : dados_baleia_azul/audiencia_20260807.md: Copied (replaced existing)
2026/08/08 19:23:41 INFO  : sites-v4/aiatolah/.git/COMMIT_EDITMSG: Copied (replaced existing)
2026/08/08 19:23:41 INFO  : sites-v4/aiatolah/.git/index: Copied (replaced existing)
2026/08/08 19:23:43 INFO  : sites-v4/mundotrilhos/.git/objects: Set directory modification time (using SetModTime)
2026/08/08 19:23:43 INFO  : sites-v4/aiatolah/.git/FETCH_HEAD: Copied (replaced existing)
2026/08/08 19:23:43 INFO  : sites-v4/discoverbrazil/.git/COMMIT_EDITMSG: Copied (replaced existing)
2026/08/08 19:23:43 INFO  : sites-v4/ceara/.git/COMMIT_EDITMSG: Copied (replaced existing)
2026/08/08 19:23:43 INFO  : sites-v4/discoverbrazil/.git/FETCH_HEAD: Copied (replaced existing)
2026/08/08 19:23:43 INFO  : sites-v4/ceara/.git/index: Copied (replaced existing)
2026/08/08 19:23:43 INFO  : sites-v4/mapario/.git/COMMIT_EDITMSG: Copied (replaced existing)
2026/08/08 19:23:43 INFO  : sites-v4/ceara/.git/FETCH_HEAD: Copied (replaced existing)
2026/08/08 19:23:44 INFO  : sites-v4/discoverbrazil/.git/index: Copied (replaced existing)
2026/08/08 19:23:45 INFO  : sites-v4/railpost/.git/objects: Set directory modification time (using SetModTime)
2026/08/08 19:23:46 INFO  : sites-v4/riocarta/.git/objects: Set directory modification time (using SetModTime)
2026/08/08 19:23:46 INFO  : sites-v4/mapario/.git/FETCH_HEAD: Copied (replaced existing)
2026/08/08 19:23:46 INFO  : sites-v4/globalsouth/.git/FETCH_HEAD: Copied (replaced existing)
2026/08/08 19:23:47 INFO  : sites-v4/mapario/.git/index: Copied (replaced existing)
2026/08/08 19:23:47 INFO  : sites-v4/globalsouth/.git/ORIG_HEAD: Copied (replaced existing)
2026/08/08 19:23:47 INFO  : sites-v4/globalsouth/.git/COMMIT_EDITMSG: Copied (replaced existing)
2026/08/08 19:23:47 INFO  : sites-v4/mundotrilhos/.git/COMMIT_EDITMSG: Copied (replaced existing)
2026/08/08 19:23:47 INFO  : sites-v4/globalsouth/.git/index: Copied (replaced existing)
2026/08/08 19:23:47 INFO  : sites-v4/mundotrilhos/.git/index: Copied (replaced existing)
2026/08/08 19:23:49 INFO  : sites-v4/discoverbrazil/public/hero: Set directory modification time (using SetModTime)
2026/08/08 19:23:50 INFO  : sites-v4/railpost/.git/FETCH_HEAD: Copied (replaced existing)
2026/08/08 19:23:50 INFO  : sites-v4/riocarta/.git/COMMIT_EDITMSG: Copied (replaced existing)
2026/08/08 19:23:50 INFO  : sites-v4/mundotrilhos/.git/FETCH_HEAD: Copied (replaced existing)
2026/08/08 19:23:50 INFO  : sites-v4/riocarta/.git/index: Copied (replaced existing)
2026/08/08 19:23:50 INFO  : sites-v4/riocarta/.git/FETCH_HEAD: Copied (replaced existing)
2026/08/08 19:23:50 INFO  : sites-v4/railpost/.git/index: Copied (replaced existing)
2026/08/08 19:23:50 INFO  : sites-v4/railpost/.git/COMMIT_EDITMSG: Copied (replaced existing)
2026/08/08 19:23:53 INFO  : sites-v4/globalsouth/public/hero: Set directory modification time (using SetModTime)
2026/08/08 19:23:55 INFO  : sites-v4/ceara/public/hero: Set directory modification time (using SetModTime)
2026/08/08 19:23:56 INFO  : sites-v4/mundotrilhos/public/hero: Set directory modification time (using SetModTime)
2026/08/08 19:23:57 INFO  : sites-v4/mapario/public/hero: Set directory modification time (using SetModTime)
2026/08/08 19:24:00 INFO  : sites-v4/railpost/public/hero: Set directory modification time (using SetModTime)
2026/08/08 19:24:01 INFO  : sites-v4/discoverbrazil/public/hero/capital-one-travel-curates-luxury-hotels-for-premium-cardhol.jpg: Copied (new)
2026/08/08 19:24:01 INFO  : sites-v4/discoverbrazil/public/hero/can-the-2027-indian-ocean-games-transform-tourism-in-comoros.jpg: Copied (new)
2026/08/08 19:24:01 INFO  : sites-v4/discoverbrazil/public/hero/global-travel-tourism-investment-tops-1-trillion-for-first-t.jpg: Copied (new)
2026/08/08 19:24:01 INFO  : sites-v4/aiatolah/.git/logs/HEAD: Copied (replaced existing)
2026/08/08 19:24:01 INFO  : sites-v4/discoverbrazil/.git/logs/HEAD: Copied (replaced existing)
2026/08/08 19:24:01 INFO  : sites-v4/discoverbrazil/public/hero/swiss-outshines-lufthansa-group-in-q2-earnings.jpg: Copied (new)
2026/08/08 19:24:21 INFO  : sites-v4/ceara/.git/logs/HEAD: Copied (replaced existing)
2026/08/08 19:24:21 INFO  : sites-v4/discoverbrazil/.git/objects/06: Set directory modification time (using SetModTime)
2026/08/08 19:24:32 INFO  :     3.737 MiB / 6.092 MiB, 61%, 54.544 KiB/s, ETA 44s (xfr#63/80)
2026/08/08 19:24:33 INFO  : sites-v4/discoverbrazil/.git/objects/0a: Set directory modification time (using SetModTime)
2026/08/08 19:24:34 INFO  : sites-v4/globalsouth/public/hero/senegal-president-visits-mali-for-talks-with-junta-leader-go.jpg: Copied (new)
2026/08/08 19:24:34 INFO  : sites-v4/discoverbrazil/.git/objects/0b: Set directory modification time (using SetModTime)
2026/08/08 19:24:34 INFO  : sites-v4/mapario/.git/logs/HEAD: Copied (replaced existing)
2026/08/08 19:24:34 INFO  : sites-v4/globalsouth/.git/logs/HEAD: Copied (replaced existing)
2026/08/08 19:24:35 INFO  : sites-v4/ceara/.git/objects/00: Set directory modification time (using SetModTime)
2026/08/08 19:24:35 INFO  : sites-v4/discoverbrazil/.git/objects/0e: Set directory modification time (using SetModTime)
2026/08/08 19:24:35 INFO  : sites-v4/riocarta/public/hero: Set directory modification time (using SetModTime)
2026/08/08 19:24:35 INFO  : sites-v4/globalsouth/public/hero/kinshasa-art-project-steers-street-children-away-from-drugs.jpg: Copied (new)
2026/08/08 19:24:35 INFO  : sites-v4/ceara/.git/objects/07: Set directory modification time (using SetModTime)
2026/08/08 19:24:35 INFO  : sites-v4/discoverbrazil/.git/objects/18: Set directory modification time (using SetModTime)
2026/08/08 19:24:36 INFO  : sites-v4/mundotrilhos/public/hero/metros-orbitais-singapura-conclui-circle-line-e-tendencia-cr.jpg: Copied (new)
2026/08/08 19:24:36 INFO  : sites-v4/ceara/.git/objects/0b: Set directory modification time (using SetModTime)
2026/08/08 19:24:36 INFO  : sites-v4/discoverbrazil/.git/objects/38: Set directory modification time (using SetModTime)
2026/08/08 19:24:36 INFO  : sites-v4/aiatolah/.git/objects/00: Set directory modification time (using SetModTime)
2026/08/08 19:24:37 INFO  : sites-v4/ceara/.git/objects/0d: Set directory modification time (using SetModTime)
2026/08/08 19:24:37 INFO  : sites-v4/discoverbrazil/.git/objects/39: Set directory modification time (using SetModTime)
2026/08/08 19:24:37 INFO  : sites-v4/aiatolah/.git/objects/06: Set directory modification time (using SetModTime)
2026/08/08 19:24:37 INFO  : sites-v4/mundotrilhos/public/hero/stadler-etr300-entra-em-operacao-na-rede-circumvesuviana.jpg: Copied (new)
2026/08/08 19:24:37 INFO  : sites-v4/globalsouth/public/hero/youtube--LSXA-kR7dA.jpg: Copied (new)
2026/08/08 19:24:37 INFO  : sites-v4/mundotrilhos/public/hero/a-battle-for-rail-capacity-in-europe.jpg: Copied (new)
2026/08/08 19:24:37 INFO  : sites-v4/globalsouth/public/hero/myanmar-student-leader-gets-37-years-for-protesting-junta-el.jpg: Copied (new)
2026/08/08 19:24:37 INFO  : sites-v4/ceara/.git/objects/0e: Set directory modification time (using SetModTime)
2026/08/08 19:24:37 INFO  : sites-v4/discoverbrazil/.git/objects/3c: Set directory modification time (using SetModTime)
2026/08/08 19:24:37 INFO  : sites-v4/aiatolah/.git/objects/07: Set directory modification time (using SetModTime)
2026/08/08 19:24:38 INFO  : sites-v4/ceara/public/hero/ceara-reduz-em-42-6-crimes-violentos-letais-nos-sete-primeir.jpg: Copied (new)
2026/08/08 19:24:38 INFO  : sites-v4/mapario/.git/objects/0e: Set directory modification time (using SetModTime)
2026/08/08 19:24:38 INFO  : sites-v4/globalsouth/public/hero/tunisia-heatwave-power-cuts-kill-200-000-chickens-destroy-mi.jpg: Copied (new)
2026/08/08 19:24:38 INFO  : sites-v4/globalsouth/.git/objects/03: Set directory modification time (using SetModTime)
2026/08/08 19:24:38 INFO  : sites-v4/ceara/.git/objects/13: Set directory modification time (using SetModTime)
2026/08/08 19:24:38 INFO  : sites-v4/discoverbrazil/.git/objects/40: Set directory modification time (using SetModTime)
2026/08/08 19:24:38 INFO  : sites-v4/aiatolah/.git/objects/0a: Set directory modification time (using SetModTime)
2026/08/08 19:24:38 INFO  : sites-v4/mapario/.git/objects/2c: Set directory modification time (using SetModTime)
2026/08/08 19:24:38 INFO  : sites-v4/mundotrilhos/public/hero/t2-de-bergamo-cumpre-prazo-da-ue-e-abre-caminho-para-operaca.jpg: Copied (new)
2026/08/08 19:24:38 INFO  : sites-v4/ceara/public/hero/dino-manda-pf-ampliar-investigacao-sobre-emendas-pix-que-che.jpg: Copied (new)
2026/08/08 19:24:39 INFO  : sites-v4/ceara/.git/objects/27: Set directory modification time (using SetModTime)
2026/08/08 19:24:39 INFO  : sites-v4/discoverbrazil/.git/objects/43: Set directory modification time (using SetModTime)
2026/08/08 19:24:39 INFO  : sites-v4/aiatolah/.git/objects/15: Set directory modification time (using SetModTime)
2026/08/08 19:24:39 INFO  : sites-v4/mapario/.git/objects/2f: Set directory modification time (using SetModTime)
2026/08/08 19:24:39 INFO  : sites-v4/ceara/public/hero/pf-cumpre-cinco-mandados-contra-abuso-sexual-infantojuvenil.jpg: Copied (new)
2026/08/08 19:24:39 INFO  : sites-v4/ceara/.git/objects/29: Set directory modification time (using SetModTime)
2026/08/08 19:24:39 INFO  : sites-v4/ceara/public/hero/luizianne-inicia-mobilizacao-de-rua-pela-vaga-ao-senado-em-2.jpg: Copied (new)
2026/08/08 19:24:39 INFO  : sites-v4/mundotrilhos/.git/logs/HEAD: Copied (replaced existing)
2026/08/08 19:24:39 INFO  : sites-v4/globalsouth/.git/objects/06: Set directory modification time (using SetModTime)
2026/08/08 19:24:39 INFO  : sites-v4/discoverbrazil/.git/objects/4c: Set directory modification time (using SetModTime)
2026/08/08 19:24:39 INFO  : sites-v4/aiatolah/.git/objects/1a: Set directory modification time (using SetModTime)
2026/08/08 19:24:39 INFO  : sites-v4/mapario/.git/objects/4c: Set directory modification time (using SetModTime)
2026/08/08 19:24:40 INFO  : sites-v4/mapario/public/hero/youtube-mtDqkpWEwaw.jpg: Copied (new)
2026/08/08 19:24:40 INFO  : sites-v4/ceara/.git/objects/30: Set directory modification time (using SetModTime)
2026/08/08 19:24:40 INFO  : sites-v4/globalsouth/.git/objects/0d: Set directory modification time (using SetModTime)
2026/08/08 19:24:40 INFO  : sites-v4/aiatolah/.git/objects/23: Set directory modification time (using SetModTime)
2026/08/08 19:24:40 INFO  : sites-v4/discoverbrazil/.git/objects/4f: Set directory modification time (using SetModTime)
2026/08/08 19:24:40 INFO  : sites-v4/railpost/public/hero/bergamo-t2-tramway-clears-eu-funding-deadline-opening-set-fo.jpg: Copied (new)
2026/08/08 19:24:40 INFO  : sites-v4/ceara/public/hero/policias-civis-fizeram-783-mil-atendimentos-a-mulheres-em-20.jpg: Copied (new)
2026/08/08 19:24:40 INFO  : sites-v4/mapario/.git/objects/7e: Set directory modification time (using SetModTime)
2026/08/08 19:24:40 INFO  : sites-v4/ceara/.git/objects/32: Set directory modification time (using SetModTime)
2026/08/08 19:24:40 INFO  : sites-v4/globalsouth/.git/objects/0f: Set directory modification time (using SetModTime)
2026/08/08 19:24:40 INFO  : sites-v4/aiatolah/.git/objects/25: Set directory modification time (using SetModTime)
2026/08/08 19:24:41 INFO  : sites-v4/discoverbrazil/.git/objects/58: Set directory modification time (using SetModTime)
2026/08/08 19:24:41 INFO  : sites-v4/mapario/.git/objects/92: Set directory modification time (using SetModTime)
2026/08/08 19:24:41 INFO  : sites-v4/railpost/public/hero/orbital-metros-gain-momentum-as-singapore-circle-line-comple.jpg: Copied (new)
2026/08/08 19:24:41 INFO  : sites-v4/railpost/public/hero/european-railways-face-intensifying-battle-for-scarce-capaci.jpg: Copied (new)
2026/08/08 19:24:41 INFO  : sites-v4/railpost/.git/logs/HEAD: Copied (replaced existing)
2026/08/08 19:24:41 INFO  : sites-v4/ceara/.git/objects/34: Set directory modification time (using SetModTime)
2026/08/08 19:24:41 INFO  : sites-v4/globalsouth/.git/objects/10: Set directory modification time (using SetModTime)
2026/08/08 19:24:41 INFO  : sites-v4/aiatolah/.git/objects/40: Set directory modification time (using SetModTime)
2026/08/08 19:24:41 INFO  : sites-v4/discoverbrazil/.git/objects/5d: Set directory modification time (using SetModTime)
2026/08/08 19:24:41 INFO  : sites-v4/mapario/.git/objects/a3: Set directory modification time (using SetModTime)
2026/08/08 19:24:41 INFO  : sites-v4/ceara/.git/objects/37: Set directory modification time (using SetModTime)
2026/08/08 19:24:41 INFO  : sites-v4/railpost/public/hero/stadler-etr300-trains-enter-service-on-circumvesuviana-netwo.jpg: Copied (new)
2026/08/08 19:24:42 INFO  : sites-v4/globalsouth/.git/objects/15: Set directory modification time (using SetModTime)
2026/08/08 19:24:42 INFO  : sites-v4/aiatolah/.git/objects/55: Set directory modification time (using SetModTime)
2026/08/08 19:24:42 INFO  : sites-v4/discoverbrazil/.git/objects/60: Set directory modification time (using SetModTime)
2026/08/08 19:24:42 INFO  : sites-v4/mapario/.git/objects/c8: Set directory modification time (using SetModTime)
2026/08/08 19:24:42 INFO  : sites-v4/ceara/.git/objects/39: Set directory modification time (using SetModTime)
2026/08/08 19:24:42 INFO  : sites-v4/aiatolah/.git/objects/59: Set directory modification time (using SetModTime)
2026/08/08 19:24:42 INFO  : sites-v4/globalsouth/.git/objects/1a: Set directory modification time (using SetModTime)
2026/08/08 19:24:42 INFO  : sites-v4/aiatolah/.git/refs/heads: Set directory modification time (using SetModTime)
2026/08/08 19:24:42 INFO  : sites-v4/discoverbrazil/.git/objects/6c: Set directory modification time (using SetModTime)
2026/08/08 19:24:43 INFO  : sites-v4/ceara/.git/objects/40: Set directory modification time (using SetModTime)
2026/08/08 19:24:43 INFO  : sites-v4/aiatolah/.git/objects/5a: Set directory modification time (using SetModTime)
2026/08/08 19:24:43 INFO  : sites-v4/globalsouth/.git/objects/1c: Set directory modification time (using SetModTime)
2026/08/08 19:24:43 INFO  : sites-v4/discoverbrazil/.git/refs/heads: Set directory modification time (using SetModTime)
2026/08/08 19:24:43 INFO  : sites-v4/discoverbrazil/.git/objects/8e: Set directory modification time (using SetModTime)
2026/08/08 19:24:43 INFO  : sites-v4/ceara/.git/objects/47: Set directory modification time (using SetModTime)
2026/08/08 19:24:43 INFO  : sites-v4/aiatolah/.git/objects/65: Set directory modification time (using SetModTime)
2026/08/08 19:24:44 INFO  : sites-v4/globalsouth/.git/objects/22: Set directory modification time (using SetModTime)
2026/08/08 19:24:44 INFO  : sites-v4/discoverbrazil/.git/objects/96: Set directory modification time (using SetModTime)
2026/08/08 19:24:44 INFO  : sites-v4/ceara/.git/objects/48: Set directory modification time (using SetModTime)
2026/08/08 19:24:44 INFO  : sites-v4/aiatolah/.git/objects/74: Set directory modification time (using SetModTime)
2026/08/08 19:24:44 INFO  : sites-v4/globalsouth/.git/objects/28: Set directory modification time (using SetModTime)
2026/08/08 19:24:44 INFO  : sites-v4/ceara/.git/refs/heads: Set directory modification time (using SetModTime)
2026/08/08 19:24:44 INFO  : sites-v4/riocarta/.git/logs/HEAD: Copied (replaced existing)
2026/08/08 19:24:45 INFO  : sites-v4/discoverbrazil/.git/objects/9b: Set directory modification time (using SetModTime)
2026/08/08 19:24:45 INFO  : sites-v4/ceara/.git/objects/4a: Set directory modification time (using SetModTime)
2026/08/08 19:24:46 INFO  : sites-v4/aiatolah/.git/objects/76: Set directory modification time (using SetModTime)
2026/08/08 19:24:46 INFO  : sites-v4/globalsouth/.git/objects/29: Set directory modification time (using SetModTime)
2026/08/08 19:24:46 INFO  : sites-v4/ceara/.git/objects/4e: Set directory modification time (using SetModTime)
2026/08/08 19:24:46 INFO  : sites-v4/discoverbrazil/.git/objects/9d: Set directory modification time (using SetModTime)
2026/08/08 19:24:46 INFO  : sites-v4/mundotrilhos/.git/objects/03: Set directory modification time (using SetModTime)
2026/08/08 19:24:46 INFO  : sites-v4/aiatolah/.git/objects/77: Set directory modification time (using SetModTime)
2026/08/08 19:24:46 INFO  : sites-v4/globalsouth/.git/objects/2f: Set directory modification time (using SetModTime)
2026/08/08 19:24:46 INFO  : sites-v4/ceara/.git/objects/53: Set directory modification time (using SetModTime)
2026/08/08 19:24:46 INFO  : sites-v4/discoverbrazil/.git/objects/a1: Set directory modification time (using SetModTime)
2026/08/08 19:24:47 INFO  : sites-v4/mundotrilhos/.git/objects/11: Set directory modification time (using SetModTime)
2026/08/08 19:24:48 INFO  : sites-v4/aiatolah/.git/objects/85: Set directory modification time (using SetModTime)
2026/08/08 19:24:48 INFO  : sites-v4/discoverbrazil/src/content/blog: Set directory modification time (using SetModTime)
2026/08/08 19:24:48 INFO  : sites-v4/globalsouth/.git/objects/38: Set directory modification time (using SetModTime)
2026/08/08 19:24:48 INFO  : sites-v4/ceara/.git/objects/54: Set directory modification time (using SetModTime)
2026/08/08 19:24:48 INFO  : sites-v4/discoverbrazil/.git/objects/b3: Set directory modification time (using SetModTime)
2026/08/08 19:24:48 INFO  : sites-v4/mundotrilhos/.git/objects/22: Set directory modification time (using SetModTime)
2026/08/08 19:24:48 INFO  : sites-v4/aiatolah/.git/objects/8d: Set directory modification time (using SetModTime)
2026/08/08 19:24:49 INFO  : sites-v4/ceara/.git/objects/5a: Set directory modification time (using SetModTime)
2026/08/08 19:24:49 INFO  : sites-v4/globalsouth/.git/objects/3c: Set directory modification time (using SetModTime)
2026/08/08 19:24:49 INFO  : sites-v4/discoverbrazil/.git/objects/b6: Set directory modification time (using SetModTime)
2026/08/08 19:24:49 INFO  : sites-v4/mundotrilhos/.git/objects/30: Set directory modification time (using SetModTime)
2026/08/08 19:24:49 INFO  : sites-v4/mapario/.git/refs/heads: Set directory modification time (using SetModTime)
2026/08/08 19:24:49 INFO  : sites-v4/aiatolah/.git/objects/8f: Set directory modification time (using SetModTime)
2026/08/08 19:24:49 INFO  : sites-v4/ceara/.git/objects/5b: Set directory modification time (using SetModTime)
2026/08/08 19:24:49 INFO  : sites-v4/railpost/.git/objects/05: Set directory modification time (using SetModTime)
2026/08/08 19:24:49 INFO  : sites-v4/aiatolah/.git/logs/refs/heads/main: Copied (replaced existing)
2026/08/08 19:24:49 INFO  : sites-v4/riocarta/public/hero/rio-celebra-10-anos-da-olimpiada-com-oficinas-e-homenagens-n.jpg: Copied (new)
2026/08/08 19:24:49 INFO  : sites-v4/globalsouth/.git/objects/3e: Set directory modification time (using SetModTime)
2026/08/08 19:24:49 INFO  : sites-v4/riocarta/public/hero/rio-e-aws-firmam-acordo-de-r-20-5-mi-em-creditos-de-nuvem-pa.jpg: Copied (new)
2026/08/08 19:24:50 INFO  : sites-v4/discoverbrazil/.git/objects/c6: Set directory modification time (using SetModTime)
2026/08/08 19:24:50 INFO  : sites-v4/discoverbrazil/.git/logs/refs/heads/main: Copied (replaced existing)
2026/08/08 19:24:50 INFO  : sites-v4/mundotrilhos/.git/objects/35: Set directory modification time (using SetModTime)
2026/08/08 19:24:51 INFO  : sites-v4/aiatolah/.git/objects/90: Set directory modification time (using SetModTime)
2026/08/08 19:24:51 INFO  : sites-v4/ceara/.git/objects/6b: Set directory modification time (using SetModTime)
2026/08/08 19:24:51 INFO  : sites-v4/discoverbrazil/.git/objects/cb: Set directory modification time (using SetModTime)
2026/08/08 19:24:51 INFO  : sites-v4/railpost/.git/objects/14: Set directory modification time (using SetModTime)
2026/08/08 19:24:51 INFO  : sites-v4/mundotrilhos/.git/objects/45: Set directory modification time (using SetModTime)
2026/08/08 19:24:51 INFO  : sites-v4/globalsouth/.git/objects/45: Set directory modification time (using SetModTime)
2026/08/08 19:24:51 INFO  : sites-v4/globalsouth/.git/refs/heads: Set directory modification time (using SetModTime)
2026/08/08 19:24:51 INFO  : sites-v4/discoverbrazil/.git/objects/d5: Set directory modification time (using SetModTime)
2026/08/08 19:24:51 INFO  : sites-v4/ceara/.git/objects/71: Set directory modification time (using SetModTime)
2026/08/08 19:24:51 INFO  : sites-v4/mundotrilhos/.git/objects/4b: Set directory modification time (using SetModTime)
2026/08/08 19:24:52 INFO  : sites-v4/railpost/.git/objects/16: Set directory modification time (using SetModTime)
2026/08/08 19:24:52 INFO  : sites-v4/aiatolah/.git/objects/92: Set directory modification time (using SetModTime)
2026/08/08 19:24:52 INFO  : sites-v4/globalsouth/.git/objects/5a: Set directory modification time (using SetModTime)
2026/08/08 19:24:52 INFO  : sites-v4/discoverbrazil/.git/objects/d7: Set directory modification time (using SetModTime)
2026/08/08 19:24:52 INFO  : sites-v4/ceara/.git/objects/75: Set directory modification time (using SetModTime)
2026/08/08 19:24:53 INFO  : sites-v4/mundotrilhos/.git/objects/4f: Set directory modification time (using SetModTime)
2026/08/08 19:24:53 INFO  : sites-v4/discoverbrazil/.git/objects/dc: Set directory modification time (using SetModTime)
2026/08/08 19:24:53 INFO  : sites-v4/railpost/.git/objects/2a: Set directory modification time (using SetModTime)
2026/08/08 19:24:53 INFO  : sites-v4/aiatolah/.git/objects/96: Set directory modification time (using SetModTime)
2026/08/08 19:24:53 INFO  : sites-v4/ceara/.git/objects/7c: Set directory modification time (using SetModTime)
2026/08/08 19:24:53 INFO  : sites-v4/globalsouth/.git/objects/62: Set directory modification time (using SetModTime)
2026/08/08 19:24:53 INFO  : sites-v4/mundotrilhos/.git/objects/5d: Set directory modification time (using SetModTime)
2026/08/08 19:24:53 INFO  : sites-v4/discoverbrazil/.git/objects/dd: Set directory modification time (using SetModTime)
2026/08/08 19:24:54 INFO  : sites-v4/railpost/.git/objects/38: Set directory modification time (using SetModTime)
2026/08/08 19:24:54 INFO  : sites-v4/aiatolah/.git/objects/97: Set directory modification time (using SetModTime)
2026/08/08 19:24:54 INFO  : sites-v4/ceara/.git/objects/7e: Set directory modification time (using SetModTime)
2026/08/08 19:24:54 INFO  : sites-v4/globalsouth/.git/objects/65: Set directory modification time (using SetModTime)
2026/08/08 19:24:55 INFO  : sites-v4/mundotrilhos/.git/objects/62: Set directory modification time (using SetModTime)
2026/08/08 19:24:55 INFO  : sites-v4/railpost/.git/objects/40: Set directory modification time (using SetModTime)
2026/08/08 19:24:55 INFO  : sites-v4/discoverbrazil/.git/objects/e7: Set directory modification time (using SetModTime)
2026/08/08 19:24:55 INFO  : sites-v4/aiatolah/.git/objects/9b: Set directory modification time (using SetModTime)
2026/08/08 19:24:55 INFO  : sites-v4/ceara/.git/objects/7f: Set directory modification time (using SetModTime)
2026/08/08 19:24:55 INFO  : sites-v4/ceara/.git/logs/refs/heads/main: Copied (replaced existing)
2026/08/08 19:24:55 INFO  : sites-v4/globalsouth/.git/objects/72: Set directory modification time (using SetModTime)
2026/08/08 19:24:55 INFO  : sites-v4/mundotrilhos/.git/objects/64: Set directory modification time (using SetModTime)
2026/08/08 19:24:56 INFO  : sites-v4/discoverbrazil/.git/objects/e8: Set directory modification time (using SetModTime)
2026/08/08 19:24:56 INFO  : sites-v4/railpost/.git/objects/47: Set directory modification time (using SetModTime)
2026/08/08 19:24:56 INFO  : sites-v4/aiatolah/.git/objects/a9: Set directory modification time (using SetModTime)
2026/08/08 19:24:56 INFO  : sites-v4/ceara/.git/objects/89: Set directory modification time (using SetModTime)
2026/08/08 19:24:56 INFO  : sites-v4/globalsouth/.git/objects/81: Set directory modification time (using SetModTime)
2026/08/08 19:24:56 INFO  : sites-v4/mundotrilhos/.git/objects/69: Set directory modification time (using SetModTime)
2026/08/08 19:24:56 INFO  : sites-v4/discoverbrazil/.git/objects/e9: Set directory modification time (using SetModTime)
2026/08/08 19:24:56 INFO  : sites-v4/railpost/.git/objects/4d: Set directory modification time (using SetModTime)
2026/08/08 19:24:56 INFO  : sites-v4/aiatolah/.git/objects/b0: Set directory modification time (using SetModTime)
2026/08/08 19:24:57 INFO  : sites-v4/ceara/.git/objects/92: Set directory modification time (using SetModTime)
2026/08/08 19:24:57 INFO  : sites-v4/globalsouth/.git/objects/88: Set directory modification time (using SetModTime)
2026/08/08 19:24:57 INFO  : sites-v4/mundotrilhos/.git/objects/70: Set directory modification time (using SetModTime)
2026/08/08 19:24:58 INFO  : sites-v4/discoverbrazil/.git/objects/ea: Set directory modification time (using SetModTime)
2026/08/08 19:24:58 INFO  : sites-v4/railpost/.git/objects/4f: Set directory modification time (using SetModTime)
2026/08/08 19:24:58 INFO  : sites-v4/aiatolah/.git/objects/b6: Set directory modification time (using SetModTime)
2026/08/08 19:24:58 INFO  : sites-v4/ceara/.git/objects/9b: Set directory modification time (using SetModTime)
2026/08/08 19:24:58 INFO  : sites-v4/globalsouth/.git/objects/8e: Set directory modification time (using SetModTime)
2026/08/08 19:24:58 INFO  : sites-v4/mundotrilhos/.git/objects/71: Set directory modification time (using SetModTime)
2026/08/08 19:24:58 INFO  : sites-v4/discoverbrazil/.git/objects/eb: Set directory modification time (using SetModTime)
2026/08/08 19:24:58 INFO  : sites-v4/railpost/.git/objects/59: Set directory modification time (using SetModTime)
2026/08/08 19:24:58 INFO  : sites-v4/aiatolah/.git/objects/b7: Set directory modification time (using SetModTime)
2026/08/08 19:24:58 INFO  : sites-v4/ceara/.git/objects/9d: Set directory modification time (using SetModTime)
2026/08/08 19:24:59 INFO  : sites-v4/globalsouth/.git/objects/94: Set directory modification time (using SetModTime)
2026/08/08 19:24:59 INFO  : sites-v4/mundotrilhos/.git/objects/7a: Set directory modification time (using SetModTime)
2026/08/08 19:25:00 INFO  : sites-v4/discoverbrazil/.git/objects/ec: Set directory modification time (using SetModTime)
2026/08/08 19:25:00 INFO  : sites-v4/railpost/.git/objects/5f: Set directory modification time (using SetModTime)
2026/08/08 19:25:00 INFO  : sites-v4/aiatolah/.git/objects/b8: Set directory modification time (using SetModTime)
2026/08/08 19:25:00 INFO  : sites-v4/discoverbrazil/.git/objects/ed: Set directory modification time (using SetModTime)
2026/08/08 19:25:00 INFO  : sites-v4/mundotrilhos/.git/objects/7d: Set directory modification time (using SetModTime)
2026/08/08 19:25:00 INFO  : sites-v4/ceara/.git/objects/a2: Set directory modification time (using SetModTime)
2026/08/08 19:25:00 INFO  : sites-v4/globalsouth/.git/objects/a3: Set directory modification time (using SetModTime)
2026/08/08 19:25:01 INFO  : sites-v4/railpost/.git/objects/6f: Set directory modification time (using SetModTime)
2026/08/08 19:25:01 INFO  : sites-v4/discoverbrazil/.git/objects/ee: Set directory modification time (using SetModTime)
2026/08/08 19:25:01 INFO  : sites-v4/aiatolah/.git/objects/ba: Set directory modification time (using SetModTime)
2026/08/08 19:25:01 INFO  : sites-v4/globalsouth/.git/objects/a4: Set directory modification time (using SetModTime)
2026/08/08 19:25:01 INFO  : sites-v4/mundotrilhos/.git/objects/8a: Set directory modification time (using SetModTime)
2026/08/08 19:25:01 INFO  : sites-v4/ceara/.git/objects/a9: Set directory modification time (using SetModTime)
2026/08/08 19:25:01 INFO  : sites-v4/railpost/.git/objects/72: Set directory modification time (using SetModTime)
2026/08/08 19:25:01 INFO  : sites-v4/discoverbrazil/.git/objects/ef: Set directory modification time (using SetModTime)
2026/08/08 19:25:01 INFO  : sites-v4/aiatolah/.git/objects/cb: Set directory modification time (using SetModTime)
2026/08/08 19:25:01 INFO  : sites-v4/mundotrilhos/.git/objects/8d: Set directory modification time (using SetModTime)
2026/08/08 19:25:01 INFO  : sites-v4/globalsouth/.git/objects/a7: Set directory modification time (using SetModTime)
2026/08/08 19:25:01 INFO  : sites-v4/mapario/.git/logs/refs/heads/main: Copied (replaced existing)
2026/08/08 19:25:02 INFO  : sites-v4/ceara/.git/objects/ac: Set directory modification time (using SetModTime)
2026/08/08 19:25:02 INFO  : sites-v4/railpost/.git/objects/74: Set directory modification time (using SetModTime)
2026/08/08 19:25:03 INFO  : sites-v4/discoverbrazil/.git/objects/f0: Set directory modification time (using SetModTime)
2026/08/08 19:25:03 INFO  : sites-v4/aiatolah/.git/objects/d2: Set directory modification time (using SetModTime)
2026/08/08 19:25:03 INFO  : sites-v4/railpost/.git/objects/91: Set directory modification time (using SetModTime)
2026/08/08 19:25:03 INFO  : sites-v4/mundotrilhos/.git/objects/90: Set directory modification time (using SetModTime)
2026/08/08 19:25:03 INFO  : sites-v4/globalsouth/.git/objects/a9: Set directory modification time (using SetModTime)
2026/08/08 19:25:03 INFO  : sites-v4/ceara/.git/objects/ae: Set directory modification time (using SetModTime)
2026/08/08 19:25:04 INFO  : sites-v4/discoverbrazil/.git/objects/f1: Set directory modification time (using SetModTime)
2026/08/08 19:25:04 INFO  : sites-v4/aiatolah/.git/objects/d3: Set directory modification time (using SetModTime)
2026/08/08 19:25:04 INFO  : sites-v4/railpost/.git/objects/a3: Set directory modification time (using SetModTime)
2026/08/08 19:25:04 INFO  : sites-v4/globalsouth/.git/objects/b0: Set directory modification time (using SetModTime)
2026/08/08 19:25:04 INFO  : sites-v4/mundotrilhos/.git/objects/98: Set directory modification time (using SetModTime)
2026/08/08 19:25:04 INFO  : sites-v4/ceara/.git/objects/b2: Set directory modification time (using SetModTime)
2026/08/08 19:25:04 INFO  : sites-v4/discoverbrazil/.git/objects/f2: Set directory modification time (using SetModTime)
2026/08/08 19:25:04 INFO  : sites-v4/railpost/.git/objects/a7: Set directory modification time (using SetModTime)
2026/08/08 19:25:04 INFO  : sites-v4/aiatolah/.git/objects/d4: Set directory modification time (using SetModTime)
2026/08/08 19:25:04 INFO  : sites-v4/globalsouth/.git/objects/b1: Set directory modification time (using SetModTime)
2026/08/08 19:25:06 INFO  : sites-v4/mundotrilhos/.git/objects/9a: Set directory modification time (using SetModTime)
2026/08/08 19:25:06 INFO  : sites-v4/ceara/.git/objects/b6: Set directory modification time (using SetModTime)
2026/08/08 19:25:06 INFO  : sites-v4/mundotrilhos/.git/objects/a3: Set directory modification time (using SetModTime)
2026/08/08 19:25:06 INFO  : sites-v4/ceara/.git/objects/c8: Set directory modification time (using SetModTime)
2026/08/08 19:25:07 INFO  : sites-v4/mundotrilhos/.git/objects/a9: Set directory modification time (using SetModTime)
2026/08/08 19:25:07 INFO  : sites-v4/ceara/.git/objects/cd: Set directory modification time (using SetModTime)
2026/08/08 19:25:07 INFO  : sites-v4/aiatolah/.git/objects/d5: Set directory modification time (using SetModTime)
2026/08/08 19:25:07 INFO  : sites-v4/discoverbrazil/.git/objects/f3: Set directory modification time (using SetModTime)
2026/08/08 19:25:07 INFO  : sites-v4/globalsouth/.git/objects/b3: Set directory modification time (using SetModTime)
2026/08/08 19:25:07 INFO  : sites-v4/mundotrilhos/.git/objects/ab: Set directory modification time (using SetModTime)
2026/08/08 19:25:08 INFO  : sites-v4/ceara/.git/objects/d2: Set directory modification time (using SetModTime)
2026/08/08 19:25:08 INFO  : sites-v4/railpost/.git/objects/aa: Set directory modification time (using SetModTime)
2026/08/08 19:25:08 INFO  : sites-v4/aiatolah/.git/objects/d6: Set directory modification time (using SetModTime)
2026/08/08 19:25:08 INFO  : sites-v4/globalsouth/.git/objects/b6: Set directory modification time (using SetModTime)
2026/08/08 19:25:08 INFO  : sites-v4/mundotrilhos/.git/objects/b3: Set directory modification time (using SetModTime)
2026/08/08 19:25:08 INFO  : sites-v4/railpost/.git/objects/b4: Set directory modification time (using SetModTime)
2026/08/08 19:25:08 INFO  : sites-v4/ceara/.git/objects/d6: Set directory modification time (using SetModTime)
2026/08/08 19:25:09 INFO  : sites-v4/aiatolah/.git/objects/d7: Set directory modification time (using SetModTime)
2026/08/08 19:25:09 INFO  : sites-v4/railpost/.git/objects/c3: Set directory modification time (using SetModTime)
2026/08/08 19:25:09 INFO  : sites-v4/ceara/.git/objects/dd: Set directory modification time (using SetModTime)
2026/08/08 19:25:09 INFO  : sites-v4/mundotrilhos/.git/objects/ba: Set directory modification time (using SetModTime)
2026/08/08 19:25:09 INFO  : sites-v4/aiatolah/.git/objects/d8: Set directory modification time (using SetModTime)
2026/08/08 19:25:09 INFO  : sites-v4/ceara/.git/objects/de: Set directory modification time (using SetModTime)
2026/08/08 19:25:09 INFO  : sites-v4/mundotrilhos/.git/objects/c2: Set directory modification time (using SetModTime)
2026/08/08 19:25:10 INFO  : sites-v4/ceara/.git/objects/df: Set directory modification time (using SetModTime)
2026/08/08 19:25:10 INFO  : sites-v4/mundotrilhos/.git/objects/c8: Set directory modification time (using SetModTime)
2026/08/08 19:25:10 INFO  : sites-v4/ceara/.git/objects/e0: Set directory modification time (using SetModTime)
2026/08/08 19:25:11 INFO  : sites-v4/mundotrilhos/.git/objects/e0: Set directory modification time (using SetModTime)
2026/08/08 19:25:11 INFO  : sites-v4/aiatolah/.git/objects/d9: Set directory modification time (using SetModTime)
2026/08/08 19:25:11 INFO  : sites-v4/discoverbrazil/.git/objects/f4: Set directory modification time (using SetModTime)
2026/08/08 19:25:11 INFO  : sites-v4/railpost/.git/objects/c5: Set directory modification time (using SetModTime)
2026/08/08 19:25:11 INFO  : sites-v4/globalsouth/.git/objects/b7: Set directory modification time (using SetModTime)
2026/08/08 19:25:11 INFO  : sites-v4/ceara/.git/objects/e1: Set directory modification time (using SetModTime)
2026/08/08 19:25:11 INFO  : sites-v4/mundotrilhos/.git/objects/e7: Set directory modification time (using SetModTime)
2026/08/08 19:25:11 INFO  : sites-v4/aiatolah/.git/objects/da: Set directory modification time (using SetModTime)
2026/08/08 19:25:11 INFO  : sites-v4/discoverbrazil/.git/objects/f5: Set directory modification time (using SetModTime)
2026/08/08 19:25:11 INFO  : sites-v4/railpost/.git/objects/c6: Set directory modification time (using SetModTime)
2026/08/08 19:25:12 INFO  : sites-v4/ceara/.git/objects/e2: Set directory modification time (using SetModTime)
2026/08/08 19:25:12 INFO  : sites-v4/mundotrilhos/.git/objects/e8: Set directory modification time (using SetModTime)
2026/08/08 19:25:12 INFO  : sites-v4/aiatolah/.git/objects/db: Set directory modification time (using SetModTime)
2026/08/08 19:25:12 INFO  : sites-v4/railpost/.git/objects/c9: Set directory modification time (using SetModTime)
2026/08/08 19:25:12 INFO  : sites-v4/discoverbrazil/.git/objects/f6: Set directory modification time (using SetModTime)
2026/08/08 19:25:12 INFO  : sites-v4/ceara/.git/objects/e3: Set directory modification time (using SetModTime)
2026/08/08 19:25:12 INFO  : sites-v4/mundotrilhos/.git/objects/e9: Set directory modification time (using SetModTime)
2026/08/08 19:25:13 INFO  : sites-v4/discoverbrazil/.git/objects/f8: Set directory modification time (using SetModTime)
2026/08/08 19:25:13 INFO  : sites-v4/railpost/.git/objects/d1: Set directory modification time (using SetModTime)
2026/08/08 19:25:13 INFO  : sites-v4/globalsouth/.git/objects/c1: Set directory modification time (using SetModTime)
2026/08/08 19:25:13 INFO  : sites-v4/aiatolah/.git/objects/dc: Set directory modification time (using SetModTime)
2026/08/08 19:25:13 INFO  : sites-v4/ceara/.git/objects/e4: Set directory modification time (using SetModTime)
2026/08/08 19:25:13 INFO  : sites-v4/discoverbrazil/.git/objects/f9: Set directory modification time (using SetModTime)
2026/08/08 19:25:13 INFO  : sites-v4/aiatolah/.git/objects/dd: Set directory modification time (using SetModTime)
2026/08/08 19:25:13 INFO  : sites-v4/globalsouth/.git/objects/c3: Set directory modification time (using SetModTime)
2026/08/08 19:25:14 INFO  : sites-v4/globalsouth/.git/objects/c9: Set directory modification time (using SetModTime)
2026/08/08 19:25:14 INFO  : sites-v4/railpost/.git/objects/d2: Set directory modification time (using SetModTime)
2026/08/08 19:25:14 INFO  : sites-v4/aiatolah/.git/objects/de: Set directory modification time (using SetModTime)
2026/08/08 19:25:14 INFO  : sites-v4/discoverbrazil/.git/objects/fa: Set directory modification time (using SetModTime)
2026/08/08 19:25:14 INFO  : sites-v4/mundotrilhos/.git/objects/ea: Set directory modification time (using SetModTime)
2026/08/08 19:25:14 INFO  : sites-v4/globalsouth/.git/objects/cf: Set directory modification time (using SetModTime)
2026/08/08 19:25:14 INFO  : sites-v4/aiatolah/.git/objects/df: Set directory modification time (using SetModTime)
2026/08/08 19:25:14 INFO  : sites-v4/railpost/.git/objects/d7: Set directory modification time (using SetModTime)
2026/08/08 19:25:14 INFO  : sites-v4/mundotrilhos/.git/objects/eb: Set directory modification time (using SetModTime)
2026/08/08 19:25:15 INFO  : sites-v4/aiatolah/.git/objects/e0: Set directory modification time (using SetModTime)
2026/08/08 19:25:15 INFO  : sites-v4/mundotrilhos/.git/objects/ec: Set directory modification time (using SetModTime)
2026/08/08 19:25:16 INFO  : sites-v4/aiatolah/.git/objects/e1: Set directory modification time (using SetModTime)
2026/08/08 19:25:28 INFO  : sites-v4/globalsouth/.git/objects/df: Set directory modification time (using SetModTime)
2026/08/08 19:25:28 INFO  : sites-v4/globalsouth/.git/objects/e7: Set directory modification time (using SetModTime)
2026/08/08 19:25:29 INFO  : sites-v4/globalsouth/.git/objects/e8: Set directory modification time (using SetModTime)
2026/08/08 19:25:29 INFO  : sites-v4/globalsouth/.git/objects/e9: Set directory modification time (using SetModTime)
2026/08/08 19:25:30 INFO  : sites-v4/globalsouth/.git/objects/ea: Set directory modification time (using SetModTime)
2026/08/08 19:25:30 INFO  : sites-v4/railpost/.git/objects/e0: Set directory modification time (using SetModTime)
2026/08/08 19:25:30 INFO  : sites-v4/aiatolah/.git/objects/e2: Set directory modification time (using SetModTime)
2026/08/08 19:25:30 INFO  : sites-v4/discoverbrazil/.git/objects/fb: Set directory modification time (using SetModTime)
2026/08/08 19:25:30 INFO  : sites-v4/ceara/.git/objects/e5: Set directory modification time (using SetModTime)
2026/08/08 19:25:31 INFO  : sites-v4/globalsouth/.git/objects/eb: Set directory modification time (using SetModTime)
2026/08/08 19:25:31 INFO  : sites-v4/globalsouth/.git/logs/refs/heads/main: Copied (replaced existing)
2026/08/08 19:25:31 INFO  : sites-v4/globalsouth/.git/objects/ec: Set directory modification time (using SetModTime)
2026/08/08 19:25:31 INFO  : sites-v4/aiatolah/.git/objects/e3: Set directory modification time (using SetModTime)
2026/08/08 19:25:32 INFO  : sites-v4/riocarta/.git/objects/03: Set directory modification time (using SetModTime)
2026/08/08 19:25:32 INFO  : sites-v4/ceara/.git/objects/e6: Set directory modification time (using SetModTime)
2026/08/08 19:25:32 INFO  : sites-v4/railpost/.git/objects/e5: Set directory modification time (using SetModTime)
2026/08/08 19:25:32 INFO  : sites-v4/mundotrilhos/.git/objects/ed: Set directory modification time (using SetModTime)
2026/08/08 19:25:32 INFO  : sites-v4/discoverbrazil/.git/objects/fc: Set directory modification time (using SetModTime)
2026/08/08 19:25:32 INFO  :     7.694 MiB / 7.694 MiB, 100%, 27.142 KiB/s, ETA 0s
2026/08/08 19:25:32 INFO  : sites-v4/aiatolah/.git/objects/e4: Set directory modification time (using SetModTime)
2026/08/08 19:25:32 INFO  : sites-v4/riocarta/.git/objects/0d: Set directory modification time (using SetModTime)
2026/08/08 19:25:32 INFO  : sites-v4/ceara/.git/objects/e7: Set directory modification time (using SetModTime)
2026/08/08 19:25:32 INFO  : sites-v4/globalsouth/.git/objects/ed: Set directory modification time (using SetModTime)
2026/08/08 19:25:32 INFO  : sites-v4/railpost/.git/objects/e7: Set directory modification time (using SetModTime)
2026/08/08 19:25:32 INFO  : sites-v4/discoverbrazil/.git/objects/fd: Set directory modification time (using SetModTime)
2026/08/08 19:25:32 INFO  : sites-v4/mundotrilhos/.git/objects/ee: Set directory modification time (using SetModTime)
2026/08/08 19:25:33 INFO  : sites-v4/globalsouth/.git/objects/ee: Set directory modification time (using SetModTime)
2026/08/08 19:25:33 INFO  : sites-v4/ceara/.git/objects/e8: Set directory modification time (using SetModTime)
2026/08/08 19:25:33 INFO  : sites-v4/mundotrilhos/.git/objects/ef: Set directory modification time (using SetModTime)
2026/08/08 19:25:33 INFO  : sites-v4/railpost/.git/objects/e8: Set directory modification time (using SetModTime)
2026/08/08 19:25:33 INFO  : sites-v4/aiatolah/.git/refs/heads/main: Copied (replaced existing)
2026/08/08 19:25:33 INFO  : sites-v4/mundotrilhos/.git/objects/f1: Set directory modification time (using SetModTime)
2026/08/08 19:25:33 INFO  : sites-v4/ceara/.git/objects/ea: Set directory modification time (using SetModTime)
2026/08/08 19:25:34 INFO  : sites-v4/railpost/.git/objects/e9: Set directory modification time (using SetModTime)
2026/08/08 19:25:34 INFO  : sites-v4/aiatolah/.git/objects/e5: Set directory modification time (using SetModTime)
2026/08/08 19:25:34 INFO  : sites-v4/mundotrilhos/.git/objects/f2: Set directory modification time (using SetModTime)
2026/08/08 19:25:34 INFO  : sites-v4/ceara/.git/objects/ec: Set directory modification time (using SetModTime)
2026/08/08 19:25:34 INFO  : sites-v4/discoverbrazil/.git/objects/fe: Set directory modification time (using SetModTime)
2026/08/08 19:25:34 INFO  : sites-v4/railpost/.git/objects/ea: Set directory modification time (using SetModTime)
2026/08/08 19:25:34 INFO  : sites-v4/mundotrilhos/.git/objects/f3: Set directory modification time (using SetModTime)
2026/08/08 19:25:34 INFO  : sites-v4/aiatolah/.git/objects/e6: Set directory modification time (using SetModTime)
2026/08/08 19:25:35 INFO  : sites-v4/ceara/.git/objects/ed: Set directory modification time (using SetModTime)
2026/08/08 19:25:35 INFO  : sites-v4/discoverbrazil/.git/objects/ff: Set directory modification time (using SetModTime)
2026/08/08 19:25:35 INFO  : sites-v4/aiatolah/.git/objects/e7: Set directory modification time (using SetModTime)
2026/08/08 19:25:35 INFO  : sites-v4/mundotrilhos/.git/objects/f5: Set directory modification time (using SetModTime)
2026/08/08 19:25:35 INFO  : sites-v4/ceara/.git/objects/ee: Set directory modification time (using SetModTime)
2026/08/08 19:25:35 INFO  : sites-v4/discoverbrazil/.git/objects/pack: Set directory modification time (using SetModTime)
2026/08/08 19:25:36 INFO  : sites-v4/riocarta/.git/objects/22: Set directory modification time (using SetModTime)
2026/08/08 19:25:36 INFO  : sites-v4/railpost/.git/objects/eb: Set directory modification time (using SetModTime)
2026/08/08 19:25:36 INFO  : sites-v4/aiatolah/.git/objects/e8: Set directory modification time (using SetModTime)
2026/08/08 19:25:36 INFO  : sites-v4/globalsouth/.git/objects/ef: Set directory modification time (using SetModTime)
2026/08/08 19:25:36 INFO  : sites-v4/ceara/.git/objects/ef: Set directory modification time (using SetModTime)
2026/08/08 19:25:36 INFO  : sites-v4/mundotrilhos/.git/objects/f7: Set directory modification time (using SetModTime)
2026/08/08 19:25:36 INFO  : sites-v4/railpost/.git/objects/ec: Set directory modification time (using SetModTime)
2026/08/08 19:25:36 INFO  : sites-v4/aiatolah/.git/objects/e9: Set directory modification time (using SetModTime)
2026/08/08 19:25:36 INFO  : sites-v4/riocarta/.git/objects/2a: Set directory modification time (using SetModTime)
2026/08/08 19:25:36 INFO  : sites-v4/mundotrilhos/.git/objects/f8: Set directory modification time (using SetModTime)
2026/08/08 19:25:36 INFO  : sites-v4/ceara/.git/objects/f0: Set directory modification time (using SetModTime)
2026/08/08 19:25:36 INFO  : sites-v4/globalsouth/.git/objects/f0: Set directory modification time (using SetModTime)
2026/08/08 19:25:37 INFO  : sites-v4/riocarta/.git/objects/2c: Set directory modification time (using SetModTime)
2026/08/08 19:25:37 INFO  : sites-v4/railpost/.git/objects/ed: Set directory modification time (using SetModTime)
2026/08/08 19:25:37 INFO  : sites-v4/mundotrilhos/.git/objects/f9: Set directory modification time (using SetModTime)
2026/08/08 19:25:37 INFO  : sites-v4/aiatolah/.git/objects/ea: Set directory modification time (using SetModTime)
2026/08/08 19:25:37 INFO  : sites-v4/ceara/.git/objects/f1: Set directory modification time (using SetModTime)
2026/08/08 19:25:37 INFO  : sites-v4/globalsouth/.git/objects/f1: Set directory modification time (using SetModTime)
2026/08/08 19:25:37 INFO  : sites-v4/railpost/.git/objects/ee: Set directory modification time (using SetModTime)
2026/08/08 19:25:37 INFO  : sites-v4/mundotrilhos/.git/objects/fa: Set directory modification time (using SetModTime)
2026/08/08 19:25:37 INFO  : sites-v4/aiatolah/.git/objects/eb: Set directory modification time (using SetModTime)
2026/08/08 19:25:37 INFO  : sites-v4/ceara/.git/objects/f2: Set directory modification time (using SetModTime)
2026/08/08 19:25:38 INFO  : sites-v4/globalsouth/.git/objects/f2: Set directory modification time (using SetModTime)
2026/08/08 19:25:38 INFO  : sites-v4/riocarta/.git/objects/50: Set directory modification time (using SetModTime)
2026/08/08 19:25:38 INFO  : sites-v4/mundotrilhos/.git/refs/heads: Set directory modification time (using SetModTime)
2026/08/08 19:25:38 INFO  : sites-v4/railpost/.git/objects/ef: Set directory modification time (using SetModTime)
2026/08/08 19:25:38 INFO  : sites-v4/mundotrilhos/.git/objects/fb: Set directory modification time (using SetModTime)
2026/08/08 19:25:38 INFO  : sites-v4/aiatolah/.git/objects/ec: Set directory modification time (using SetModTime)
2026/08/08 19:25:38 INFO  : sites-v4/ceara/.git/objects/f3: Set directory modification time (using SetModTime)
2026/08/08 19:25:38 INFO  : sites-v4/globalsouth/.git/objects/f3: Set directory modification time (using SetModTime)
2026/08/08 19:25:38 INFO  : sites-v4/riocarta/.git/objects/54: Set directory modification time (using SetModTime)
2026/08/08 19:25:38 INFO  : sites-v4/railpost/.git/objects/f0: Set directory modification time (using SetModTime)
2026/08/08 19:25:38 INFO  : sites-v4/mundotrilhos/.git/objects/fc: Set directory modification time (using SetModTime)
2026/08/08 19:25:38 INFO  : sites-v4/discoverbrazil/.git/refs/heads/main: Copied (replaced existing)
2026/08/08 19:25:39 INFO  : sites-v4/aiatolah/.git/objects/ed: Set directory modification time (using SetModTime)
2026/08/08 19:25:39 INFO  : sites-v4/ceara/.git/objects/f4: Set directory modification time (using SetModTime)
2026/08/08 19:25:39 INFO  : sites-v4/riocarta/.git/objects/5a: Set directory modification time (using SetModTime)
2026/08/08 19:25:39 INFO  : sites-v4/globalsouth/.git/objects/f4: Set directory modification time (using SetModTime)
2026/08/08 19:25:39 INFO  : sites-v4/railpost/.git/objects/f1: Set directory modification time (using SetModTime)
2026/08/08 19:25:39 INFO  : sites-v4/ceara/.git/refs/heads/main: Copied (replaced existing)
2026/08/08 19:25:39 INFO  : sites-v4/mundotrilhos/.git/objects/fd: Set directory modification time (using SetModTime)
2026/08/08 19:25:39 INFO  : sites-v4/aiatolah/.git/objects/ef: Set directory modification time (using SetModTime)
2026/08/08 19:25:39 INFO  : sites-v4/ceara/.git/objects/f5: Set directory modification time (using SetModTime)
2026/08/08 19:25:39 INFO  : sites-v4/riocarta/.git/objects/72: Set directory modification time (using SetModTime)
2026/08/08 19:25:39 INFO  : sites-v4/globalsouth/.git/objects/f5: Set directory modification time (using SetModTime)
2026/08/08 19:25:40 INFO  : sites-v4/railpost/.git/objects/f2: Set directory modification time (using SetModTime)
2026/08/08 19:25:40 INFO  : sites-v4/discoverbrazil/dist/tags/rio-de-janeiro: Set directory modification time (using SetModTime)
2026/08/08 19:25:40 INFO  : sites-v4/aiatolah/.git/objects/f0: Set directory modification time (using SetModTime)
2026/08/08 19:25:40 INFO  : sites-v4/ceara/.git/objects/f7: Set directory modification time (using SetModTime)
2026/08/08 19:25:40 INFO  : sites-v4/mundotrilhos/.git/objects/fe: Set directory modification time (using SetModTime)
2026/08/08 19:25:40 INFO  : sites-v4/globalsouth/.git/objects/f6: Set directory modification time (using SetModTime)
2026/08/08 19:25:40 INFO  : sites-v4/aiatolah/.git/objects/f1: Set directory modification time (using SetModTime)
2026/08/08 19:25:40 INFO  : sites-v4/railpost/.git/objects/f4: Set directory modification time (using SetModTime)
2026/08/08 19:25:40 INFO  : sites-v4/globalsouth/.git/objects/f7: Set directory modification time (using SetModTime)
2026/08/08 19:25:40 INFO  : sites-v4/ceara/.git/objects/f8: Set directory modification time (using SetModTime)
2026/08/08 19:25:41 INFO  : sites-v4/mundotrilhos/.git/objects/ff: Set directory modification time (using SetModTime)
2026/08/08 19:25:41 INFO  : sites-v4/aiatolah/.git/objects/f2: Set directory modification time (using SetModTime)
2026/08/08 19:25:41 INFO  : sites-v4/ceara/.git/objects/f9: Set directory modification time (using SetModTime)
2026/08/08 19:25:41 INFO  : sites-v4/mundotrilhos/.git/objects/pack: Set directory modification time (using SetModTime)
2026/08/08 19:25:41 INFO  : sites-v4/discoverbrazil/dist/tags/routes: Set directory modification time (using SetModTime)
2026/08/08 19:25:41 INFO  : sites-v4/globalsouth/.git/objects/f9: Set directory modification time (using SetModTime)
2026/08/08 19:25:41 INFO  : sites-v4/riocarta/.git/objects/74: Set directory modification time (using SetModTime)
2026/08/08 19:25:41 INFO  : sites-v4/railpost/.git/objects/f5: Set directory modification time (using SetModTime)
2026/08/08 19:25:42 INFO  : sites-v4/aiatolah/.git/objects/f3: Set directory modification time (using SetModTime)
2026/08/08 19:25:42 INFO  : sites-v4/ceara/.git/objects/fa: Set directory modification time (using SetModTime)
2026/08/08 19:25:42 INFO  : sites-v4/railpost/.git/refs/heads: Set directory modification time (using SetModTime)
2026/08/08 19:25:42 INFO  : sites-v4/globalsouth/.git/objects/fa: Set directory modification time (using SetModTime)
2026/08/08 19:25:42 INFO  : sites-v4/discoverbrazil/dist/tags/saadia zahidi: Set directory modification time (using SetModTime)
2026/08/08 19:25:42 INFO  : sites-v4/riocarta/.git/objects/75: Set directory modification time (using SetModTime)
2026/08/08 19:25:42 INFO  : sites-v4/railpost/.git/objects/f8: Set directory modification time (using SetModTime)
2026/08/08 19:25:42 INFO  : sites-v4/aiatolah/.git/objects/f4: Set directory modification time (using SetModTime)
2026/08/08 19:25:42 INFO  : sites-v4/ceara/.git/objects/fb: Set directory modification time (using SetModTime)
2026/08/08 19:25:42 INFO  : sites-v4/discoverbrazil/dist/tags/samba schools: Set directory modification time (using SetModTime)
2026/08/08 19:25:42 INFO  : sites-v4/globalsouth/.git/objects/fb: Set directory modification time (using SetModTime)
2026/08/08 19:25:43 INFO  : sites-v4/railpost/.git/objects/f9: Set directory modification time (using SetModTime)
2026/08/08 19:25:43 INFO  : sites-v4/riocarta/.git/objects/7e: Set directory modification time (using SetModTime)
2026/08/08 19:25:43 INFO  : sites-v4/aiatolah/.git/objects/f5: Set directory modification time (using SetModTime)
2026/08/08 19:25:43 INFO  : sites-v4/ceara/.git/objects/fc: Set directory modification time (using SetModTime)
2026/08/08 19:25:43 INFO  : sites-v4/globalsouth/.git/objects/fd: Set directory modification time (using SetModTime)
2026/08/08 19:25:43 INFO  : sites-v4/discoverbrazil/dist/tags/sambadrome: Set directory modification time (using SetModTime)
2026/08/08 19:25:43 INFO  : sites-v4/riocarta/.git/objects/82: Set directory modification time (using SetModTime)
2026/08/08 19:25:43 INFO  : sites-v4/railpost/.git/objects/fa: Set directory modification time (using SetModTime)
2026/08/08 19:25:43 INFO  : sites-v4/aiatolah/.git/objects/f6: Set directory modification time (using SetModTime)
2026/08/08 19:25:43 INFO  : sites-v4/ceara/.git/objects/fd: Set directory modification time (using SetModTime)
2026/08/08 19:25:44 INFO  : sites-v4/riocarta/.git/objects/83: Set directory modification time (using SetModTime)
2026/08/08 19:25:44 INFO  : sites-v4/globalsouth/.git/objects/fe: Set directory modification time (using SetModTime)
2026/08/08 19:25:44 INFO  : sites-v4/discoverbrazil/dist/tags/santa-catarina: Set directory modification time (using SetModTime)
2026/08/08 19:25:44 INFO  : sites-v4/railpost/.git/objects/fb: Set directory modification time (using SetModTime)
2026/08/08 19:25:44 INFO  : sites-v4/aiatolah/.git/objects/f7: Set directory modification time (using SetModTime)
2026/08/08 19:25:44 INFO  : sites-v4/ceara/.git/objects/fe: Set directory modification time (using SetModTime)
2026/08/08 19:25:44 INFO  : sites-v4/riocarta/.git/objects/85: Set directory modification time (using SetModTime)
2026/08/08 19:25:44 INFO  : sites-v4/globalsouth/.git/objects/ff: Set directory modification time (using SetModTime)
2026/08/08 19:25:44 INFO  : sites-v4/discoverbrazil/dist/tags/sao paulo: Set directory modification time (using SetModTime)
2026/08/08 19:25:44 INFO  : sites-v4/railpost/.git/objects/fc: Set directory modification time (using SetModTime)
2026/08/08 19:25:44 INFO  : sites-v4/mundotrilhos/.git/logs/refs/heads/main: Copied (replaced existing)
2026/08/08 19:25:45 INFO  : sites-v4/aiatolah/.git/objects/f9: Set directory modification time (using SetModTime)
2026/08/08 19:25:45 INFO  : sites-v4/ceara/.git/objects/ff: Set directory modification time (using SetModTime)
2026/08/08 19:25:45 INFO  : sites-v4/mundotrilhos/src/content/blog: Set directory modification time (using SetModTime)
2026/08/08 19:25:45 INFO  : sites-v4/riocarta/.git/objects/8e: Set directory modification time (using SetModTime)
2026/08/08 19:25:45 INFO  : sites-v4/globalsouth/.git/objects/pack: Set directory modification time (using SetModTime)
2026/08/08 19:25:45 INFO  : sites-v4/railpost/.git/objects/fd: Set directory modification time (using SetModTime)
2026/08/08 19:25:45 INFO  : sites-v4/discoverbrazil/dist/tags/sao-paulo: Set directory modification time (using SetModTime)
2026/08/08 19:25:45 INFO  : sites-v4/aiatolah/.git/objects/fa: Set directory modification time (using SetModTime)
2026/08/08 19:25:45 INFO  : sites-v4/ceara/.git/objects/pack: Set directory modification time (using SetModTime)
2026/08/08 19:25:45 INFO  : sites-v4/riocarta/.git/objects/9b: Set directory modification time (using SetModTime)
2026/08/08 19:25:45 INFO  : sites-v4/railpost/.git/objects/fe: Set directory modification time (using SetModTime)
2026/08/08 19:25:45 INFO  : sites-v4/discoverbrazil/dist/tags/security council: Set directory modification time (using SetModTime)
2026/08/08 19:25:45 INFO  : sites-v4/discoverbrazil/src/content/blog/20260808-capital-one-travel-curates-luxury-hotels-for-premium-cardhol.md: Copied (new)
2026/08/08 19:25:46 INFO  : sites-v4/discoverbrazil/src/content/blog/20260808-can-the-2027-indian-ocean-games-transform-tourism-in-comoros.md: Copied (new)
2026/08/08 19:25:46 INFO  : sites-v4/discoverbrazil/src/content/blog/20260808-global-travel-tourism-investment-tops-1-trillion-for-first-t.md: Copied (new)
2026/08/08 19:25:46 INFO  : sites-v4/discoverbrazil/src/content/blog/20260808-swiss-outshines-lufthansa-group-in-q2-earnings.md: Copied (new)
2026/08/08 19:25:46 INFO  : sites-v4/aiatolah/.git/objects/fb: Set directory modification time (using SetModTime)
2026/08/08 19:25:46 INFO  : sites-v4/riocarta/.git/objects/9f: Set directory modification time (using SetModTime)
2026/08/08 19:25:46 INFO  : sites-v4/railpost/.git/objects/pack: Set directory modification time (using SetModTime)
2026/08/08 19:25:46 INFO  : sites-v4/discoverbrazil/dist/tags/segurança: Set directory modification time (using SetModTime)
2026/08/08 19:25:46 INFO  : sites-v4/mapario/.git/refs/heads/main: Copied (replaced existing)
2026/08/08 19:25:46 INFO  : sites-v4/aiatolah/.git/objects/fc: Set directory modification time (using SetModTime)
2026/08/08 19:25:46 INFO  : sites-v4/riocarta/.git/objects/aa: Set directory modification time (using SetModTime)
2026/08/08 19:25:47 INFO  : sites-v4/globalsouth/.git/refs/heads/main: Copied (replaced existing)
2026/08/08 19:25:47 INFO  : sites-v4/discoverbrazil/dist/tags/settlement: Set directory modification time (using SetModTime)
2026/08/08 19:25:47 INFO  : sites-v4/mapario/src/content/blog: Set directory modification time (using SetModTime)
2026/08/08 19:25:47 INFO  : sites-v4/aiatolah/.git/objects/fd: Set directory modification time (using SetModTime)
2026/08/08 19:25:47 INFO  : sites-v4/riocarta/.git/objects/b6: Set directory modification time (using SetModTime)
2026/08/08 19:25:47 INFO  : sites-v4/discoverbrazil/dist/tags/short-term rentals: Set directory modification time (using SetModTime)
2026/08/08 19:25:47 INFO  : sites-v4/aiatolah/.git/objects/fe: Set directory modification time (using SetModTime)
2026/08/08 19:25:48 INFO  : sites-v4/railpost/.git/logs/refs/heads/main: Copied (replaced existing)
2026/08/08 19:25:48 INFO  : sites-v4/riocarta/.git/objects/ba: Set directory modification time (using SetModTime)
2026/08/08 19:25:48 INFO  : sites-v4/discoverbrazil/dist/tags/sinfonía: Set directory modification time (using SetModTime)
2026/08/08 19:25:48 INFO  : sites-v4/aiatolah/.git/objects/ff: Set directory modification time (using SetModTime)
2026/08/08 19:25:48 INFO  : sites-v4/railpost/src/content/blog: Set directory modification time (using SetModTime)
2026/08/08 19:25:48 INFO  : sites-v4/riocarta/.git/objects/c5: Set directory modification time (using SetModTime)
2026/08/08 19:25:48 INFO  : sites-v4/discoverbrazil/dist/tags/skift: Set directory modification time (using SetModTime)
2026/08/08 19:25:49 INFO  : sites-v4/aiatolah/.git/objects/pack: Set directory modification time (using SetModTime)
2026/08/08 19:25:49 INFO  : sites-v4/riocarta/.git/objects/ce: Set directory modification time (using SetModTime)
2026/08/08 19:25:49 INFO  : sites-v4/discoverbrazil/dist/tags/skiing: Set directory modification time (using SetModTime)
2026/08/08 19:25:49 INFO  : sites-v4/globalsouth/src/content/blog: Set directory modification time (using SetModTime)
2026/08/08 19:25:49 INFO  : sites-v4/riocarta/.git/objects/cf: Set directory modification time (using SetModTime)
2026/08/08 19:25:50 INFO  : sites-v4/discoverbrazil/dist/tags/smrs: Set directory modification time (using SetModTime)
2026/08/08 19:25:50 INFO  : sites-v4/riocarta/.git/refs/heads: Set directory modification time (using SetModTime)
2026/08/08 19:25:50 INFO  : sites-v4/riocarta/.git/objects/d3: Set directory modification time (using SetModTime)
2026/08/08 19:25:50 INFO  : sites-v4/discoverbrazil/dist/tags/sonder: Set directory modification time (using SetModTime)
2026/08/08 19:25:50 INFO  : sites-v4/aiatolah/.git/refs/remotes/origin: Set directory modification time (using SetModTime)
2026/08/08 19:25:52 INFO  : sites-v4/riocarta/.git/objects/d6: Set directory modification time (using SetModTime)
2026/08/08 19:25:52 INFO  : sites-v4/railpost/dist/tags/railone: Set directory modification time (using SetModTime)
2026/08/08 19:25:52 INFO  : sites-v4/discoverbrazil/dist/tags/south: Set directory modification time (using SetModTime)
2026/08/08 19:25:52 INFO  : sites-v4/discoverbrazil/.git/refs/remotes/origin: Set directory modification time (using SetModTime)
2026/08/08 19:25:52 INFO  : sites-v4/riocarta/.git/objects/d9: Set directory modification time (using SetModTime)
2026/08/08 19:25:52 INFO  : sites-v4/railpost/dist/tags/railway financing: Set directory modification time (using SetModTime)
2026/08/08 19:25:52 INFO  : sites-v4/discoverbrazil/dist/tags/southeast asia: Set directory modification time (using SetModTime)
2026/08/08 19:25:53 INFO  : sites-v4/ceara/.git/refs/remotes/origin: Set directory modification time (using SetModTime)
2026/08/08 19:25:53 INFO  : sites-v4/riocarta/.git/objects/dd: Set directory modification time (using SetModTime)
2026/08/08 19:25:53 INFO  : sites-v4/ceara/src/content/blog: Set directory modification time (using SetModTime)
2026/08/08 19:25:54 INFO  : sites-v4/railpost/dist/tags/railway manufacturing: Set directory modification time (using SetModTime)
2026/08/08 19:25:54 INFO  : sites-v4/discoverbrazil/dist/tags/southeast: Set directory modification time (using SetModTime)
2026/08/08 19:25:54 INFO  : sites-v4/riocarta/.git/objects/df: Set directory modification time (using SetModTime)
2026/08/08 19:25:54 INFO  : sites-v4/riocarta/.git/logs/refs/heads/main: Copied (replaced existing)
2026/08/08 19:25:55 INFO  : sites-v4/railpost/dist/tags/railway training: Set directory modification time (using SetModTime)
2026/08/08 19:25:55 INFO  : sites-v4/mundotrilhos/.git/refs/heads/main: Copied (replaced existing)
2026/08/08 19:25:55 INFO  : sites-v4/discoverbrazil/dist/tags/southern hemisphere: Set directory modification time (using SetModTime)
2026/08/08 19:25:55 INFO  : sites-v4/railpost/dist/tags/ransomware: Set directory modification time (using SetModTime)
2026/08/08 19:25:56 INFO  : sites-v4/riocarta/.git/objects/e1: Set directory modification time (using SetModTime)
2026/08/08 19:25:56 INFO  : sites-v4/discoverbrazil/dist/tags/southwest airlines: Set directory modification time (using SetModTime)
2026/08/08 19:25:56 INFO  : sites-v4/aiatolah/public/hero: Set directory modification time (using SetModTime)
2026/08/08 19:25:57 INFO  : sites-v4/aiatolah/.git/logs/refs/remotes/origin/main: Copied (replaced existing)
2026/08/08 19:25:57 INFO  : sites-v4/discoverbrazil/.git/logs/refs/remotes/origin/main: Copied (replaced existing)
2026/08/08 19:25:57 INFO  : sites-v4/railpost/.git/refs/heads/main: Copied (replaced existing)
2026/08/08 19:25:57 INFO  : sites-v4/mapario/.git/refs/remotes/origin: Set directory modification time (using SetModTime)
2026/08/08 19:25:57 INFO  : sites-v4/riocarta/.git/objects/e5: Set directory modification time (using SetModTime)
2026/08/08 19:25:57 INFO  : sites-v4/discoverbrazil/dist/tags/spain: Set directory modification time (using SetModTime)
2026/08/08 19:25:57 INFO  : sites-v4/railpost/dist/tags/ratp dev: Set directory modification time (using SetModTime)
2026/08/08 19:25:57 INFO  : sites-v4/globalsouth/.git/refs/remotes/origin: Set directory modification time (using SetModTime)
2026/08/08 19:25:58 INFO  : sites-v4/riocarta/.git/objects/e6: Set directory modification time (using SetModTime)
2026/08/08 19:25:58 INFO  : sites-v4/discoverbrazil/dist/tags/stabroek: Set directory modification time (using SetModTime)
2026/08/08 19:25:59 INFO  : sites-v4/railpost/dist/tags/regulatory barriers: Set directory modification time (using SetModTime)
2026/08/08 19:25:59 INFO  : sites-v4/riocarta/.git/objects/e7: Set directory modification time (using SetModTime)
2026/08/08 19:25:59 INFO  : sites-v4/discoverbrazil/dist/tags/startup: Set directory modification time (using SetModTime)
2026/08/08 19:26:00 INFO  : sites-v4/ceara/.git/logs/refs/remotes/origin/main: Copied (replaced existing)
2026/08/08 19:26:00 INFO  : sites-v4/mundotrilhos/src/content/blog/20260808-t2-de-bergamo-cumpre-prazo-da-ue-e-abre-caminho-para-operaca.md: Copied (new)
2026/08/08 19:26:00 INFO  : sites-v4/mundotrilhos/src/content/blog/20260808-a-battle-for-rail-capacity-in-europe.md: Copied (new)
2026/08/08 19:26:01 INFO  : sites-v4/railpost/dist/tags/reissujuna: Set directory modification time (using SetModTime)
2026/08/08 19:26:02 INFO  : sites-v4/railpost/dist/tags/restructuring: Set directory modification time (using SetModTime)
2026/08/08 19:26:02 INFO  : sites-v4/railpost/dist/tags/retrofit: Set directory modification time (using SetModTime)
2026/08/08 19:26:02 INFO  : sites-v4/riocarta/.git/objects/e8: Set directory modification time (using SetModTime)
2026/08/08 19:26:02 INFO  : sites-v4/discoverbrazil/dist/tags/stock exchange: Set directory modification time (using SetModTime)
2026/08/08 19:26:02 INFO  : sites-v4/mundotrilhos/dist/tags/polonia: Set directory modification time (using SetModTime)
2026/08/08 19:26:03 INFO  : sites-v4/discoverbrazil/dist/tags/switzerland: Set directory modification time (using SetModTime)
2026/08/08 19:26:03 INFO  : sites-v4/riocarta/.git/objects/e9: Set directory modification time (using SetModTime)
2026/08/08 19:26:03 INFO  : sites-v4/mundotrilhos/dist/tags/portos: Set directory modification time (using SetModTime)
2026/08/08 19:26:03 INFO  : sites-v4/riocarta/.git/objects/ea: Set directory modification time (using SetModTime)
2026/08/08 19:26:03 INFO  : sites-v4/discoverbrazil/dist/tags/tarifa: Set directory modification time (using SetModTime)
2026/08/08 19:26:03 INFO  : sites-v4/mundotrilhos/dist/tags/portugal: Set directory modification time (using SetModTime)
2026/08/08 19:26:04 INFO  : sites-v4/riocarta/.git/objects/eb: Set directory modification time (using SetModTime)
2026/08/08 19:26:05 INFO  : sites-v4/railpost/dist/tags/rijeka: Set directory modification time (using SetModTime)
2026/08/08 19:26:05 INFO  : sites-v4/mundotrilhos/dist/tags/praga: Set directory modification time (using SetModTime)
2026/08/08 19:26:05 INFO  : sites-v4/discoverbrazil/dist/tags/tarifas: Set directory modification time (using SetModTime)
2026/08/08 19:26:05 INFO  : sites-v4/riocarta/.git/objects/ec: Set directory modification time (using SetModTime)
2026/08/08 19:26:09 INFO  : sites-v4/railpost/dist/tags/riyadh metro: Set directory modification time (using SetModTime)
2026/08/08 19:26:09 INFO  : sites-v4/railpost/dist/tags/rolling stock maintenance: Set directory modification time (using SetModTime)
2026/08/08 19:26:10 INFO  : sites-v4/railpost/dist/tags/rolling stock: Set directory modification time (using SetModTime)
2026/08/08 19:26:11 INFO  : sites-v4/railpost/dist/tags/romania: Set directory modification time (using SetModTime)
2026/08/08 19:26:11 INFO  : sites-v4/railpost/dist/tags/rssb: Set directory modification time (using SetModTime)
2026/08/08 19:26:12 INFO  : sites-v4/mundotrilhos/dist/tags/preços: Set directory modification time (using SetModTime)
2026/08/08 19:26:12 INFO  : sites-v4/riocarta/.git/objects/ed: Set directory modification time (using SetModTime)
2026/08/08 19:26:12 INFO  : sites-v4/railpost/dist/tags/russia: Set directory modification time (using SetModTime)
2026/08/08 19:26:12 INFO  : sites-v4/mundotrilhos/dist/tags/produtividade: Set directory modification time (using SetModTime)
2026/08/08 19:26:13 INFO  : sites-v4/mundotrilhos/dist/tags/projeto: Set directory modification time (using SetModTime)
2026/08/08 19:26:13 INFO  : sites-v4/railpost/dist/tags/safety: Set directory modification time (using SetModTime)
2026/08/08 19:26:13 INFO  : sites-v4/riocarta/.git/objects/ee: Set directory modification time (using SetModTime)
2026/08/08 19:26:14 INFO  : sites-v4/riocarta/.git/objects/ef: Set directory modification time (using SetModTime)
2026/08/08 19:26:14 INFO  : sites-v4/railpost/dist/tags/san german: Set directory modification time (using SetModTime)
2026/08/08 19:26:23 INFO  : sites-v4/mundotrilhos/dist/tags/pátio mauá norte: Set directory modification time (using SetModTime)
2026/08/08 19:26:24 INFO  : sites-v4/mundotrilhos/dist/tags/quadrilátero ferrífero: Set directory modification time (using SetModTime)
2026/08/08 19:26:32 INFO  :     7.920 MiB / 7.988 MiB, 99%, 4.560 KiB/s, ETA 15s (xfr#113/129)
2026/08/08 19:26:39 INFO  : sites-v4/railpost/dist/tags/san sebastian: Set directory modification time (using SetModTime)
2026/08/08 19:26:39 INFO  : sites-v4/riocarta/.git/objects/f0: Set directory modification time (using SetModTime)
2026/08/08 19:26:39 INFO  : sites-v4/discoverbrazil/dist/tags/teatro adolfo mejía: Set directory modification time (using SetModTime)
2026/08/08 19:26:39 INFO  : sites-v4/mundotrilhos/dist/tags/railone: Set directory modification time (using SetModTime)
2026/08/08 19:26:39 INFO  : sites-v4/mundotrilhos/src/content/blog/20260808-metros-orbitais-singapura-conclui-circle-line-e-tendencia-cr.md: Copied (new)
2026/08/08 19:26:39 INFO  : sites-v4/railpost/dist/tags/sao paulo: Set directory modification time (using SetModTime)
2026/08/08 19:26:39 INFO  : sites-v4/riocarta/.git/objects/f1: Set directory modification time (using SetModTime)
2026/08/08 19:26:39 INFO  : sites-v4/discoverbrazil/dist/tags/tech: Set directory modification time (using SetModTime)
2026/08/08 19:26:40 INFO  : sites-v4/mundotrilhos/dist/tags/ransomware: Set directory modification time (using SetModTime)
2026/08/08 19:26:40 INFO  : sites-v4/mapario/.git/logs/refs/remotes/origin/main: Copied (replaced existing)
2026/08/08 19:26:40 INFO  : sites-v4/ceara/.git/objects/00/3d91eae51f299dd8e05aec4f5ff52ff8e3f480: Copied (new)
2026/08/08 19:26:40 INFO  : sites-v4/mapario/src/content/blog/20260808-garotinho-em-sabatina-propostas-e-polemicas-para-o-governo-d.md: Copied (new)
2026/08/08 19:26:40 INFO  : sites-v4/railpost/dist/tags/saudi arabia: Set directory modification time (using SetModTime)
2026/08/08 19:26:40 INFO  : sites-v4/discoverbrazil/dist/tags/thefork: Set directory modification time (using SetModTime)
2026/08/08 19:26:40 INFO  : sites-v4/mundotrilhos/dist/tags/recordes: Set directory modification time (using SetModTime)
2026/08/08 19:26:41 INFO  : sites-v4/discoverbrazil/dist/tags/tim: Set directory modification time (using SetModTime)
2026/08/08 19:26:41 INFO  : sites-v4/railpost/dist/tags/seattle: Set directory modification time (using SetModTime)
2026/08/08 19:26:41 INFO  : sites-v4/railpost/dist/tags/serdivan: Set directory modification time (using SetModTime)
2026/08/08 19:26:41 INFO  : sites-v4/discoverbrazil/dist/tags/timeshare: Set directory modification time (using SetModTime)
2026/08/08 19:26:41 INFO  : sites-v4/mundotrilhos/src/content/blog/20260808-stadler-etr300-entra-em-operacao-na-rede-circumvesuviana.md: Copied (new)
2026/08/08 19:26:42 INFO  : sites-v4/railpost/src/content/blog/20260808-stadler-etr300-trains-enter-service-on-circumvesuviana-netwo.md: Copied (new)
2026/08/08 19:26:42 INFO  : sites-v4/globalsouth/src/content/blog/20260808-kinshasa-art-project-steers-street-children-away-from-drugs.md: Copied (new)
2026/08/08 19:26:42 INFO  : sites-v4/mundotrilhos/dist/tags/regional: Set directory modification time (using SetModTime)
2026/08/08 19:26:42 INFO  : sites-v4/discoverbrazil/dist/tags/top destinations: Set directory modification time (using SetModTime)
2026/08/08 19:26:42 INFO  : sites-v4/railpost/dist/tags/series 90000: Set directory modification time (using SetModTime)
2026/08/08 19:26:42 INFO  : sites-v4/discoverbrazil/dist/tags/tourism: Set directory modification time (using SetModTime)
2026/08/08 19:26:42 INFO  : sites-v4/mundotrilhos/dist/tags/reissujuna: Set directory modification time (using SetModTime)
2026/08/08 19:26:43 INFO  : sites-v4/railpost/dist/tags/shunting robot: Set directory modification time (using SetModTime)
2026/08/08 19:26:43 INFO  : sites-v4/globalsouth/.git/logs/refs/remotes/origin/main: Copied (replaced existing)
2026/08/08 19:26:43 INFO  : sites-v4/railpost/src/content/blog/20260808-orbital-metros-gain-momentum-as-singapore-circle-line-comple.md: Copied (new)
2026/08/08 19:26:43 INFO  : sites-v4/discoverbrazil/dist/tags/tourist evacuation: Set directory modification time (using SetModTime)
2026/08/08 19:26:43 INFO  : sites-v4/mundotrilhos/dist/tags/renfe: Set directory modification time (using SetModTime)
2026/08/08 19:26:43 INFO  : sites-v4/aiatolah/.git/objects/00/00b7bda1c55bfdbde4e698f0917a0a352ef09c: Copied (new)
2026/08/08 19:26:43 INFO  : sites-v4/railpost/src/content/blog/20260808-bergamo-t2-tramway-clears-eu-funding-deadline-opening-set-fo.md: Copied (new)
2026/08/08 19:26:43 INFO  : sites-v4/railpost/dist/tags/siemens mobility: Set directory modification time (using SetModTime)
2026/08/08 19:26:43 INFO  : sites-v4/globalsouth/src/content/blog/20260808-senegal-president-visits-mali-for-talks-with-junta-leader-go.md: Copied (new)
2026/08/08 19:26:43 INFO  : sites-v4/riocarta/.git/objects/f2: Set directory modification time (using SetModTime)
2026/08/08 19:26:43 INFO  : sites-v4/globalsouth/src/content/blog/20260808-tunisia-heatwave-power-cuts-kill-200-000-chickens-destroy-mi.md: Copied (new)
2026/08/08 19:26:44 INFO  : sites-v4/mundotrilhos/dist/tags/republica tcheca: Set directory modification time (using SetModTime)
2026/08/08 19:26:44 INFO  : sites-v4/discoverbrazil/dist/tags/transportation: Set directory modification time (using SetModTime)
2026/08/08 19:26:44 INFO  : sites-v4/railpost/dist/tags/signalling: Set directory modification time (using SetModTime)
2026/08/08 19:26:44 INFO  : sites-v4/riocarta/.git/objects/f3: Set directory modification time (using SetModTime)
2026/08/08 19:26:44 INFO  : sites-v4/mundotrilhos/.git/refs/remotes/origin: Set directory modification time (using SetModTime)
2026/08/08 19:26:44 INFO  : sites-v4/railpost/dist/tags/sj: Set directory modification time (using SetModTime)
2026/08/08 19:26:44 INFO  : sites-v4/railpost/src/content/blog/20260808-european-railways-face-intensifying-battle-for-scarce-capaci.md: Copied (new)
2026/08/08 19:26:45 INFO  : sites-v4/riocarta/.git/refs/heads/main: Copied (replaced existing)
2026/08/08 19:26:45 INFO  : sites-v4/riocarta/.git/objects/f5: Set directory modification time (using SetModTime)
2026/08/08 19:26:45 INFO  : sites-v4/aiatolah/.git/refs/remotes/origin/main: Copied (replaced existing)
2026/08/08 19:26:45 INFO  : sites-v4/globalsouth/src/content/blog/20260808-myanmar-student-leader-gets-37-years-for-protesting-junta-el.md: Copied (new)
2026/08/08 19:26:45 INFO  : sites-v4/railpost/dist/tags/smart cities: Set directory modification time (using SetModTime)
2026/08/08 19:26:45 INFO  : sites-v4/discoverbrazil/dist/tags/travel advisors: Set directory modification time (using SetModTime)
2026/08/08 19:26:45 INFO  : sites-v4/mundotrilhos/dist/tags/rijeka: Set directory modification time (using SetModTime)
2026/08/08 19:26:45 INFO  : sites-v4/discoverbrazil/.git/refs/remotes/origin/main: Copied (replaced existing)
2026/08/08 19:26:45 INFO  : sites-v4/riocarta/.git/objects/f6: Set directory modification time (using SetModTime)
2026/08/08 19:26:45 INFO  : sites-v4/railpost/.git/refs/remotes/origin: Set directory modification time (using SetModTime)
2026/08/08 19:26:46 INFO  : sites-v4/discoverbrazil/dist/tags/travel booking: Set directory modification time (using SetModTime)
2026/08/08 19:26:46 INFO  : sites-v4/mundotrilhos/dist/tags/rio de janeiro: Set directory modification time (using SetModTime)
2026/08/08 19:26:46 INFO  : sites-v4/riocarta/.git/objects/f7: Set directory modification time (using SetModTime)
2026/08/08 19:26:46 INFO  : sites-v4/globalsouth/src/content/blog/brief-202608081436-alastair-crooke-if-the-west-thinks-that-russia-will-just-look-the-othe.md: Copied (new)
2026/08/08 19:26:46 INFO  : sites-v4/discoverbrazil/dist/tags/travel costs: Set directory modification time (using SetModTime)
2026/08/08 19:26:46 INFO  : sites-v4/mundotrilhos/dist/tags/rio-de-janeiro: Set directory modification time (using SetModTime)
2026/08/08 19:26:46 INFO  : sites-v4/riocarta/.git/objects/f8: Set directory modification time (using SetModTime)
2026/08/08 19:26:46 INFO  : sites-v4/ceara/.git/refs/remotes/origin/main: Copied (replaced existing)
2026/08/08 19:26:47 INFO  : sites-v4/discoverbrazil/dist/tags/travel guide: Set directory modification time (using SetModTime)
2026/08/08 19:26:47 INFO  : sites-v4/mundotrilhos/dist/tags/rio-grande-do-sul: Set directory modification time (using SetModTime)
2026/08/08 19:26:47 INFO  : sites-v4/ceara/src/content/blog/20260808-policias-civis-fizeram-783-mil-atendimentos-a-mulheres-em-20.md: Copied (new)
2026/08/08 19:26:47 INFO  : sites-v4/riocarta/.git/objects/f9: Set directory modification time (using SetModTime)
2026/08/08 19:26:47 INFO  : sites-v4/ceara/src/content/blog/20260808-ceara-reduz-em-42-6-crimes-violentos-letais-nos-sete-primeir.md: Copied (new)
2026/08/08 19:26:47 INFO  : sites-v4/ceara/src/content/blog/20260808-luizianne-inicia-mobilizacao-de-rua-pela-vaga-ao-senado-em-2.md: Copied (new)
2026/08/08 19:26:47 INFO  : sites-v4/ceara/src/content/blog/20260808-pf-cumpre-cinco-mandados-contra-abuso-sexual-infantojuvenil.md: Copied (new)
2026/08/08 19:26:47 INFO  : sites-v4/mundotrilhos/.git/logs/refs/remotes/origin/main: Copied (replaced existing)
2026/08/08 19:26:47 INFO  : sites-v4/railpost/dist/tags/sncf: Set directory modification time (using SetModTime)
2026/08/08 19:26:47 INFO  : sites-v4/discoverbrazil/dist/tags/travel industry: Set directory modification time (using SetModTime)
2026/08/08 19:26:47 INFO  : sites-v4/mundotrilhos/dist/tags/robô de manobra: Set directory modification time (using SetModTime)
2026/08/08 19:26:47 INFO  : sites-v4/riocarta/.git/objects/fa: Set directory modification time (using SetModTime)
2026/08/08 19:26:48 INFO  : sites-v4/railpost/dist/tags/sound transit: Set directory modification time (using SetModTime)
2026/08/08 19:26:48 INFO  : sites-v4/mundotrilhos/dist/tags/romênia: Set directory modification time (using SetModTime)
2026/08/08 19:26:48 INFO  : sites-v4/discoverbrazil/dist/tags/travel innovation: Set directory modification time (using SetModTime)
2026/08/08 19:26:48 INFO  : sites-v4/riocarta/.git/objects/fb: Set directory modification time (using SetModTime)
2026/08/08 19:26:48 INFO  : sites-v4/mapario/.git/refs/remotes/origin/main: Copied (replaced existing)
2026/08/08 19:26:48 INFO  : sites-v4/railpost/dist/tags/south korea: Set directory modification time (using SetModTime)
2026/08/08 19:26:48 INFO  : sites-v4/ceara/src/content/blog/20260808-dino-manda-pf-ampliar-investigacao-sobre-emendas-pix-que-che.md: Copied (new)
2026/08/08 19:26:49 INFO  : sites-v4/discoverbrazil/dist/tags/travel mobility: Set directory modification time (using SetModTime)
2026/08/08 19:26:49 INFO  : sites-v4/mundotrilhos/dist/tags/s-bahn: Set directory modification time (using SetModTime)
2026/08/08 19:26:49 INFO  : sites-v4/riocarta/.git/objects/fc: Set directory modification time (using SetModTime)
2026/08/08 19:26:49 INFO  : sites-v4/globalsouth/.git/refs/remotes/origin/main: Copied (replaced existing)
2026/08/08 19:26:49 INFO  : sites-v4/railpost/dist/tags/spain: Set directory modification time (using SetModTime)
2026/08/08 19:26:49 INFO  : sites-v4/railpost/.git/logs/refs/remotes/origin/main: Copied (replaced existing)
2026/08/08 19:26:49 INFO  : sites-v4/discoverbrazil/dist/tags/travel safety: Set directory modification time (using SetModTime)
2026/08/08 19:26:49 INFO  : sites-v4/aiatolah/public/hero/alemanha-bate-recorde-12-bilhoes-de-kwh-solares-na-rede-em-j.jpg: Copied (new)
2026/08/08 19:26:49 INFO  : sites-v4/riocarta/.git/objects/fd: Set directory modification time (using SetModTime)
2026/08/08 19:26:49 INFO  : sites-v4/aiatolah/public/hero/deepseek-v4-flash-roda-em-um-unico-amd-mi300x-com-168-tok-s.jpg: Copied (new)
2026/08/08 19:26:49 INFO  : sites-v4/mundotrilhos/dist/tags/sagunt: Set directory modification time (using SetModTime)
2026/08/08 19:26:49 INFO  : sites-v4/aiatolah/public/hero/a-casa-que-nao-sabia-que-a-humanidade-morreu-4-de-agosto-de.jpg: Copied (new)
2026/08/08 19:26:49 INFO  : sites-v4/aiatolah/public/hero/dominio-tecnico-e-a-chave-para-extrair-o-maximo-dos-llms.jpg: Copied (new)
2026/08/08 19:26:49 INFO  : sites-v4/railpost/dist/tags/srt: Set directory modification time (using SetModTime)
2026/08/08 19:26:50 INFO  : sites-v4/riocarta/.git/objects/ff: Set directory modification time (using SetModTime)
2026/08/08 19:26:50 INFO  : sites-v4/mundotrilhos/dist/tags/san sebastián: Set directory modification time (using SetModTime)
2026/08/08 19:26:50 INFO  : sites-v4/discoverbrazil/dist/tags/travel search: Set directory modification time (using SetModTime)
2026/08/08 19:26:50 INFO  : sites-v4/railpost/dist/tags/stadler: Set directory modification time (using SetModTime)
2026/08/08 19:26:51 INFO  : sites-v4/riocarta/.git/objects/pack: Set directory modification time (using SetModTime)
2026/08/08 19:26:51 INFO  : sites-v4/railpost/dist/tags/strategic framework: Set directory modification time (using SetModTime)
2026/08/08 19:26:51 INFO  : sites-v4/discoverbrazil/dist/tags/travel technology: Set directory modification time (using SetModTime)
2026/08/08 19:26:52 INFO  : sites-v4/mundotrilhos/dist/tags/santa-catarina: Set directory modification time (using SetModTime)
2026/08/08 19:26:52 INFO  : sites-v4/riocarta/src/content/blog: Set directory modification time (using SetModTime)
2026/08/08 19:26:52 INFO  : sites-v4/railpost/dist/tags/structural monitoring: Set directory modification time (using SetModTime)
2026/08/08 19:26:52 INFO  : sites-v4/discoverbrazil/dist/tags/travel trends: Set directory modification time (using SetModTime)
2026/08/08 19:26:52 INFO  : sites-v4/riocarta/.git/refs/remotes/origin: Set directory modification time (using SetModTime)
2026/08/08 19:26:53 INFO  : sites-v4/mundotrilhos/dist/tags/sao-paulo: Set directory modification time (using SetModTime)
2026/08/08 19:26:53 INFO  : sites-v4/mundotrilhos/dist/tags/segurança cibernética: Set directory modification time (using SetModTime)
2026/08/08 19:26:54 INFO  : sites-v4/discoverbrazil/dist/tags/travel video: Set directory modification time (using SetModTime)
2026/08/08 19:26:54 INFO  : sites-v4/railpost/dist/tags/study: Set directory modification time (using SetModTime)
2026/08/08 19:26:54 INFO  : sites-v4/mundotrilhos/dist/tags/segurança ferroviária: Set directory modification time (using SetModTime)
2026/08/08 19:26:54 INFO  : sites-v4/discoverbrazil/dist/tags/travel-ai: Set directory modification time (using SetModTime)
2026/08/08 19:26:54 INFO  : sites-v4/railpost/dist/tags/suburban rail: Set directory modification time (using SetModTime)
2026/08/08 19:26:56 INFO  : sites-v4/mundotrilhos/dist/tags/serviços de passageiros: Set directory modification time (using SetModTime)
2026/08/08 19:26:56 INFO  : sites-v4/discoverbrazil/dist/tags/travel-industry: Set directory modification time (using SetModTime)
2026/08/08 19:26:56 INFO  : sites-v4/railpost/dist/tags/supreme railways: Set directory modification time (using SetModTime)
2026/08/08 19:26:56 INFO  : sites-v4/riocarta/.git/logs/refs/remotes/origin/main: Copied (replaced existing)
2026/08/08 19:26:56 INFO  : sites-v4/mundotrilhos/dist/tags/shuttle selatan: Set directory modification time (using SetModTime)
2026/08/08 19:26:56 INFO  : sites-v4/discoverbrazil/dist/tags/travel-planning: Set directory modification time (using SetModTime)
2026/08/08 19:26:56 INFO  : sites-v4/railpost/dist/tags/sustainability: Set directory modification time (using SetModTime)
2026/08/08 19:26:57 INFO  : sites-v4/mundotrilhos/.git/refs/remotes/origin/main: Copied (replaced existing)
2026/08/08 19:26:58 INFO  : sites-v4/railpost/dist/tags/sustainable transport: Set directory modification time (using SetModTime)
2026/08/08 19:26:58 INFO  : sites-v4/discoverbrazil/dist/tags/travel-startups: Set directory modification time (using SetModTime)
2026/08/08 19:26:58 INFO  : sites-v4/mundotrilhos/dist/tags/siemens mobility: Set directory modification time (using SetModTime)
2026/08/08 19:26:59 INFO  : sites-v4/railpost/.git/refs/remotes/origin/main: Copied (replaced existing)
2026/08/08 19:26:59 INFO  : sites-v4/railpost/dist/tags/suzano: Set directory modification time (using SetModTime)
2026/08/08 19:27:00 INFO  : sites-v4/discoverbrazil/dist/tags/travel-trends: Set directory modification time (using SetModTime)
2026/08/08 19:27:00 INFO  : sites-v4/mundotrilhos/dist/tags/sinalização ferroviária: Set directory modification time (using SetModTime)
2026/08/08 19:27:00 INFO  : sites-v4/railpost/dist/tags/sweden: Set directory modification time (using SetModTime)
2026/08/08 19:27:00 INFO  : sites-v4/discoverbrazil/dist/tags/travel: Set directory modification time (using SetModTime)
2026/08/08 19:27:00 INFO  : sites-v4/mundotrilhos/dist/tags/sinalização: Set directory modification time (using SetModTime)
2026/08/08 19:27:00 INFO  : sites-v4/railpost/dist/tags/swiss engineering: Set directory modification time (using SetModTime)
2026/08/08 19:27:02 INFO  : sites-v4/railpost/dist/tags/switzerland: Set directory modification time (using SetModTime)
2026/08/08 19:27:02 INFO  : sites-v4/discoverbrazil/dist/tags/travelai: Set directory modification time (using SetModTime)
2026/08/08 19:27:02 INFO  : sites-v4/globalsouth/dist/tags/hunger: Set directory modification time (using SetModTime)
2026/08/08 19:27:02 INFO  : sites-v4/mundotrilhos/dist/tags/sj250: Set directory modification time (using SetModTime)
2026/08/08 19:27:02 INFO  : sites-v4/discoverbrazil/dist/tags/trip.com: Set directory modification time (using SetModTime)
2026/08/08 19:27:02 INFO  : sites-v4/railpost/dist/tags/sydney: Set directory modification time (using SetModTime)
2026/08/08 19:27:04 INFO  : sites-v4/globalsouth/dist/tags/hypocrisy: Set directory modification time (using SetModTime)
2026/08/08 19:27:04 INFO  : sites-v4/mundotrilhos/dist/tags/sj: Set directory modification time (using SetModTime)
2026/08/08 19:27:04 INFO  : sites-v4/discoverbrazil/dist/tags/tripadvisor: Set directory modification time (using SetModTime)
2026/08/08 19:27:04 INFO  : sites-v4/railpost/dist/tags/talgo: Set directory modification time (using SetModTime)
2026/08/08 19:27:05 INFO  : sites-v4/globalsouth/dist/tags/immigration: Set directory modification time (using SetModTime)
2026/08/08 19:27:05 INFO  : sites-v4/mundotrilhos/dist/tags/sncf: Set directory modification time (using SetModTime)
2026/08/08 19:27:05 INFO  : sites-v4/discoverbrazil/dist/tags/turismo: Set directory modification time (using SetModTime)
2026/08/08 19:27:05 INFO  : sites-v4/railpost/dist/tags/tatra t3: Set directory modification time (using SetModTime)
2026/08/08 19:27:05 INFO  : sites-v4/globalsouth/dist/tags/impeachment: Set directory modification time (using SetModTime)
2026/08/08 19:27:05 INFO  : sites-v4/discoverbrazil/dist/tags/turnaround: Set directory modification time (using SetModTime)
2026/08/08 19:27:06 INFO  : sites-v4/globalsouth/dist/tags/india: Set directory modification time (using SetModTime)
2026/08/08 19:27:06 INFO  : sites-v4/discoverbrazil/dist/tags/uae passport: Set directory modification time (using SetModTime)
2026/08/08 19:27:06 INFO  : sites-v4/discoverbrazil/dist/tags/uber moto: Set directory modification time (using SetModTime)
2026/08/08 19:27:07 INFO  : sites-v4/globalsouth/dist/tags/infrastructure: Set directory modification time (using SetModTime)
2026/08/08 19:27:07 INFO  : sites-v4/discoverbrazil/dist/tags/un: Set directory modification time (using SetModTime)
2026/08/08 19:27:11 INFO  : sites-v4/globalsouth/dist/tags/innovation: Set directory modification time (using SetModTime)
2026/08/08 19:27:11 INFO  : sites-v4/mundotrilhos/dist/tags/sound transit: Set directory modification time (using SetModTime)
2026/08/08 19:27:11 INFO  : sites-v4/discoverbrazil/dist/tags/unesco: Set directory modification time (using SetModTime)
2026/08/08 19:27:12 INFO  : sites-v4/globalsouth/dist/tags/insecurity: Set directory modification time (using SetModTime)
2026/08/08 19:27:12 INFO  : sites-v4/mundotrilhos/dist/tags/srt: Set directory modification time (using SetModTime)
2026/08/08 19:27:12 INFO  : sites-v4/discoverbrazil/dist/tags/us passport: Set directory modification time (using SetModTime)
2026/08/08 19:27:12 INFO  : sites-v4/globalsouth/dist/tags/inspection: Set directory modification time (using SetModTime)
2026/08/08 19:27:13 INFO  : sites-v4/discoverbrazil/dist/tags/vacation-ownership: Set directory modification time (using SetModTime)
2026/08/08 19:27:13 INFO  : sites-v4/globalsouth/dist/tags/interest rates: Set directory modification time (using SetModTime)
2026/08/08 19:27:13 INFO  : sites-v4/discoverbrazil/dist/tags/valle nevado: Set directory modification time (using SetModTime)
2026/08/08 19:27:13 INFO  : sites-v4/mundotrilhos/dist/tags/stadler: Set directory modification time (using SetModTime)
2026/08/08 19:27:13 INFO  : sites-v4/railpost/dist/tags/teruel-sagunt: Set directory modification time (using SetModTime)
2026/08/08 19:27:14 INFO  : sites-v4/globalsouth/dist/tags/international cooperation: Set directory modification time (using SetModTime)
2026/08/08 19:27:14 INFO  : sites-v4/railpost/dist/tags/thailand: Set directory modification time (using SetModTime)
2026/08/08 19:27:14 INFO  : sites-v4/globalsouth/dist/tags/investigation: Set directory modification time (using SetModTime)
2026/08/08 19:27:32 INFO  : sites-v4/mundotrilhos/dist/tags/startup: Set directory modification time (using SetModTime)
2026/08/08 19:27:32 INFO  :     8.482 MiB / 8.486 MiB, 100%, 6.681 KiB/s, ETA 0s
2026/08/08 19:27:33 INFO  : sites-v4/mundotrilhos/dist/tags/sustentabilidade: Set directory modification time (using SetModTime)
2026/08/08 19:27:33 INFO  : sites-v4/mundotrilhos/dist/tags/suzano: Set directory modification time (using SetModTime)
2026/08/08 19:27:34 INFO  : sites-v4/discoverbrazil/dist/tags/valuation: Set directory modification time (using SetModTime)
2026/08/08 19:27:34 INFO  : sites-v4/railpost/dist/tags/ticketing: Set directory modification time (using SetModTime)
2026/08/08 19:27:34 INFO  : sites-v4/mundotrilhos/dist/tags/suécia: Set directory modification time (using SetModTime)
2026/08/08 19:27:34 INFO  : sites-v4/discoverbrazil/dist/tags/visa-free travel: Set directory modification time (using SetModTime)
2026/08/08 19:27:34 INFO  : sites-v4/railpost/dist/tags/tobu railway: Set directory modification time (using SetModTime)
2026/08/08 19:27:34 INFO  : sites-v4/riocarta/.git/refs/remotes/origin/main: Copied (replaced existing)
2026/08/08 19:27:35 INFO  : sites-v4/globalsouth/.git/objects/03/35d2ebdfee83e4aedd9627cd34bfbeac8df89d: Copied (new)
2026/08/08 19:27:35 INFO  : sites-v4/railpost/dist/tags/tojo line: Set directory modification time (using SetModTime)
2026/08/08 19:27:35 INFO  : sites-v4/discoverbrazil/dist/tags/wildfires: Set directory modification time (using SetModTime)
2026/08/08 19:27:35 INFO  : sites-v4/globalsouth/dist/tags/investment: Set directory modification time (using SetModTime)
2026/08/08 19:27:35 INFO  : sites-v4/railpost/dist/tags/topo: Set directory modification time (using SetModTime)
2026/08/08 19:27:35 INFO  : sites-v4/discoverbrazil/dist/tags/wildlife tours: Set directory modification time (using SetModTime)
2026/08/08 19:27:36 INFO  : sites-v4/globalsouth/dist/tags/iran: Set directory modification time (using SetModTime)
2026/08/08 19:27:36 INFO  : sites-v4/railpost/dist/tags/toronto: Set directory modification time (using SetModTime)
2026/08/08 19:27:36 INFO  : sites-v4/discoverbrazil/dist/tags/wttc: Set directory modification time (using SetModTime)
2026/08/08 19:27:36 INFO  : sites-v4/globalsouth/dist/tags/israeli army: Set directory modification time (using SetModTime)
2026/08/08 19:27:36 INFO  : sites-v4/mundotrilhos/.git/objects/03/88b98612f27201bae37d636fff24ccfecaa4f3: Copied (new)
2026/08/08 19:27:37 INFO  : sites-v4/railpost/dist/tags/toshkent: Set directory modification time (using SetModTime)
2026/08/08 19:27:37 INFO  : sites-v4/railpost/dist/tags/trabzon: Set directory modification time (using SetModTime)
2026/08/08 19:27:37 INFO  : sites-v4/mundotrilhos/dist/tags/sydney: Set directory modification time (using SetModTime)
2026/08/08 19:27:37 INFO  : sites-v4/globalsouth/dist/tags/italy: Set directory modification time (using SetModTime)
2026/08/08 19:27:37 INFO  : sites-v4/discoverbrazil/dist/tags/wwf: Set directory modification time (using SetModTime)
2026/08/08 19:27:38 INFO  : sites-v4/railpost/dist/tags/tram-train: Set directory modification time (using SetModTime)
2026/08/08 19:27:38 INFO  : sites-v4/discoverbrazil/dist/tags/wyndham: Set directory modification time (using SetModTime)
2026/08/08 19:27:38 INFO  : sites-v4/globalsouth/dist/tags/jason-miller: Set directory modification time (using SetModTime)
2026/08/08 19:27:38 INFO  : sites-v4/railpost/dist/tags/trams: Set directory modification time (using SetModTime)
2026/08/08 19:27:38 INFO  : sites-v4/discoverbrazil/dist/tags/xixuaú: Set directory modification time (using SetModTime)
2026/08/08 19:27:39 INFO  : sites-v4/globalsouth/dist/tags/jihadist insurgency: Set directory modification time (using SetModTime)
2026/08/08 19:27:39 INFO  : sites-v4/railpost/dist/tags/tramway: Set directory modification time (using SetModTime)
2026/08/08 19:27:39 INFO  : sites-v4/globalsouth/dist/tags/jobs: Set directory modification time (using SetModTime)
2026/08/08 19:27:40 INFO  : sites-v4/railpost/dist/tags/trans-saharan railway: Set directory modification time (using SetModTime)
2026/08/08 19:27:40 INFO  : sites-v4/globalsouth/dist/tags/judging-freedom: Set directory modification time (using SetModTime)
2026/08/08 19:27:40 INFO  : sites-v4/railpost/dist/tags/transit expansion: Set directory modification time (using SetModTime)
2026/08/08 19:27:40 INFO  : sites-v4/globalsouth/dist/tags/junta: Set directory modification time (using SetModTime)
2026/08/08 19:27:41 INFO  : sites-v4/mundotrilhos/dist/tags/são paulo: Set directory modification time (using SetModTime)
2026/08/08 19:27:41 INFO  : sites-v4/railpost/dist/tags/ttc: Set directory modification time (using SetModTime)
2026/08/08 19:27:41 INFO  : sites-v4/globalsouth/dist/tags/kaduna: Set directory modification time (using SetModTime)
2026/08/08 19:27:41 INFO  : sites-v4/mundotrilhos/dist/tags/série 90000: Set directory modification time (using SetModTime)
2026/08/08 19:27:41 INFO  : sites-v4/railpost/dist/tags/turkey: Set directory modification time (using SetModTime)
2026/08/08 19:27:42 INFO  : sites-v4/globalsouth/dist/tags/kais saied: Set directory modification time (using SetModTime)
2026/08/08 19:27:42 INFO  : sites-v4/mundotrilhos/dist/tags/tailandia: Set directory modification time (using SetModTime)
2026/08/08 19:27:42 INFO  : sites-v4/railpost/dist/tags/twist 3.0: Set directory modification time (using SetModTime)
2026/08/08 19:27:42 INFO  : sites-v4/mundotrilhos/dist/tags/talbot services: Set directory modification time (using SetModTime)
2026/08/08 19:27:42 INFO  : sites-v4/globalsouth/dist/tags/kenya: Set directory modification time (using SetModTime)
2026/08/08 19:27:42 INFO  : sites-v4/railpost/dist/tags/ultra-wideband: Set directory modification time (using SetModTime)
2026/08/08 19:27:43 INFO  : sites-v4/mundotrilhos/dist/tags/tatra t3: Set directory modification time (using SetModTime)
2026/08/08 19:27:43 INFO  : sites-v4/globalsouth/dist/tags/kiray: Set directory modification time (using SetModTime)
2026/08/08 19:27:43 INFO  : sites-v4/railpost/dist/tags/underground station: Set directory modification time (using SetModTime)
2026/08/08 19:27:43 INFO  : sites-v4/riocarta/src/content/blog/20260808-rio-celebra-10-anos-da-olimpiada-com-oficinas-e-homenagens-n.md: Copied (new)
2026/08/08 19:27:43 INFO  : sites-v4/riocarta/src/content/blog/20260808-rio-e-aws-firmam-acordo-de-r-20-5-mi-em-creditos-de-nuvem-pa.md: Copied (new)
2026/08/08 19:27:43 INFO  : sites-v4/globalsouth/dist/tags/latin america: Set directory modification time (using SetModTime)
2026/08/08 19:27:43 INFO  : sites-v4/mundotrilhos/dist/tags/tecnologia ferroviária: Set directory modification time (using SetModTime)
2026/08/08 19:27:44 INFO  : sites-v4/railpost/dist/tags/underground: Set directory modification time (using SetModTime)
2026/08/08 19:27:44 INFO  : sites-v4/globalsouth/dist/tags/latin-america: Set directory modification time (using SetModTime)
2026/08/08 19:27:44 INFO  : sites-v4/mundotrilhos/dist/tags/teruel: Set directory modification time (using SetModTime)
2026/08/08 19:27:45 INFO  : sites-v4/globalsouth/dist/tags/lesotho: Set directory modification time (using SetModTime)
2026/08/08 19:27:45 INFO  : sites-v4/mundotrilhos/dist/tags/tic: Set directory modification time (using SetModTime)
2026/08/08 19:27:45 INFO  : sites-v4/globalsouth/dist/tags/liberia: Set directory modification time (using SetModTime)
2026/08/08 19:27:45 INFO  : sites-v4/mundotrilhos/dist/tags/tim: Set directory modification time (using SetModTime)
2026/08/08 19:27:46 INFO  : sites-v4/globalsouth/dist/tags/libya: Set directory modification time (using SetModTime)
2026/08/08 19:27:46 INFO  : sites-v4/mundotrilhos/dist/tags/tobu railway: Set directory modification time (using SetModTime)
2026/08/08 19:27:46 INFO  : sites-v4/railpost/dist/tags/upgrade: Set directory modification time (using SetModTime)
2026/08/08 19:27:46 INFO  : sites-v4/globalsouth/dist/tags/licence: Set directory modification time (using SetModTime)
2026/08/08 19:27:46 INFO  : sites-v4/mundotrilhos/dist/tags/topo: Set directory modification time (using SetModTime)
2026/08/08 19:27:47 INFO  : sites-v4/railpost/dist/tags/urban mobility: Set directory modification time (using SetModTime)
2026/08/08 19:27:47 INFO  : sites-v4/globalsouth/dist/tags/loan: Set directory modification time (using SetModTime)
2026/08/08 19:27:47 INFO  : sites-v4/mundotrilhos/dist/tags/toronto: Set directory modification time (using SetModTime)
2026/08/08 19:27:47 INFO  : sites-v4/railpost/dist/tags/urban rail: Set directory modification time (using SetModTime)
2026/08/08 19:27:47 INFO  : sites-v4/globalsouth/dist/tags/lula: Set directory modification time (using SetModTime)
2026/08/08 19:27:48 INFO  : sites-v4/mundotrilhos/dist/tags/trabzon: Set directory modification time (using SetModTime)
2026/08/08 19:27:48 INFO  : sites-v4/railpost/dist/tags/urban-mobility: Set directory modification time (using SetModTime)
2026/08/08 19:27:48 INFO  : sites-v4/globalsouth/dist/tags/mali: Set directory modification time (using SetModTime)
2026/08/08 19:27:48 INFO  : sites-v4/mundotrilhos/dist/tags/tram-trem: Set directory modification time (using SetModTime)
2026/08/08 19:27:48 INFO  : sites-v4/railpost/dist/tags/usa: Set directory modification time (using SetModTime)
2026/08/08 19:27:49 INFO  : sites-v4/globalsouth/dist/tags/maluti mountains: Set directory modification time (using SetModTime)
2026/08/08 19:27:49 INFO  : sites-v4/railpost/dist/tags/velaro: Set directory modification time (using SetModTime)
2026/08/08 19:27:49 INFO  : sites-v4/globalsouth/dist/tags/mamluk architecture: Set directory modification time (using SetModTime)
2026/08/08 19:27:50 INFO  : sites-v4/railpost/dist/tags/via rail: Set directory modification time (using SetModTime)
2026/08/08 19:27:50 INFO  : sites-v4/globalsouth/dist/tags/manila: Set directory modification time (using SetModTime)
2026/08/08 19:27:50 INFO  : sites-v4/mundotrilhos/dist/tags/transit commission: Set directory modification time (using SetModTime)
2026/08/08 19:27:50 INFO  : sites-v4/railpost/dist/tags/vollert: Set directory modification time (using SetModTime)
2026/08/08 19:27:50 INFO  : sites-v4/globalsouth/dist/tags/marine life: Set directory modification time (using SetModTime)
2026/08/08 19:27:51 INFO  : sites-v4/railpost/.git/objects/05/75c25b3687e4c097a9e27701f64c992794575c: Copied (new)
2026/08/08 19:27:52 INFO  : sites-v4/mundotrilhos/dist/tags/transporte de minério: Set directory modification time (using SetModTime)
2026/08/08 19:27:52 INFO  : sites-v4/globalsouth/dist/tags/mccarthyism: Set directory modification time (using SetModTime)
2026/08/08 19:27:52 INFO  : sites-v4/railpost/dist/tags/vossloh: Set directory modification time (using SetModTime)
2026/08/08 19:27:54 INFO  : sites-v4/mundotrilhos/dist/tags/transporte de passageiros: Set directory modification time (using SetModTime)
2026/08/08 19:27:54 INFO  : sites-v4/globalsouth/dist/tags/media-map: Set directory modification time (using SetModTime)
2026/08/08 19:27:54 INFO  : sites-v4/railpost/dist/tags/workshop: Set directory modification time (using SetModTime)
2026/08/08 19:27:54 INFO  : sites-v4/mundotrilhos/dist/tags/transporte ferroviário: Set directory modification time (using SetModTime)
2026/08/08 19:27:54 INFO  : sites-v4/globalsouth/dist/tags/mediators: Set directory modification time (using SetModTime)
2026/08/08 19:27:54 INFO  : sites-v4/railpost/dist/tags/wyss&lila: Set directory modification time (using SetModTime)
2026/08/08 19:27:55 INFO  : sites-v4/discoverbrazil/.git/objects/06/7fab359b0663901ad64c28537e288eeca75b55: Copied (new)
2026/08/08 19:27:55 INFO  : sites-v4/riocarta/.git/objects/03/a4b84a4c4f1832e1cbbc0ac45830e59631e3a9: Copied (new)
2026/08/08 19:27:56 INFO  : sites-v4/mundotrilhos/dist/tags/transporte público: Set directory modification time (using SetModTime)
2026/08/08 19:27:56 INFO  : sites-v4/globalsouth/dist/tags/meiway: Set directory modification time (using SetModTime)
2026/08/08 19:27:56 INFO  : sites-v4/railpost/dist/tags/x250: Set directory modification time (using SetModTime)
2026/08/08 19:27:57 INFO  : sites-v4/mundotrilhos/dist/tags/transporte sobre trilhos: Set directory modification time (using SetModTime)
2026/08/08 19:27:58 INFO  : sites-v4/globalsouth/.git/objects/06/403bb01110a2b5ca885ffccfc3c4c4807621d9: Copied (new)
2026/08/08 19:27:58 INFO  : sites-v4/globalsouth/dist/tags/mellitah: Set directory modification time (using SetModTime)
2026/08/08 19:27:58 INFO  : sites-v4/mundotrilhos/dist/tags/treinamento ferroviário: Set directory modification time (using SetModTime)
2026/08/08 19:27:59 INFO  : sites-v4/globalsouth/dist/tags/mental health: Set directory modification time (using SetModTime)
2026/08/08 19:28:00 INFO  : sites-v4/mundotrilhos/dist/tags/trem a bateria: Set directory modification time (using SetModTime)
2026/08/08 19:28:00 INFO  : sites-v4/globalsouth/dist/tags/migrants: Set directory modification time (using SetModTime)
2026/08/08 19:28:00 INFO  : sites-v4/mundotrilhos/dist/tags/trem a hidrogênio: Set directory modification time (using SetModTime)
2026/08/08 19:28:01 INFO  : sites-v4/riocarta/dist/client/preview/rascunhos/smoke-202605131505-policia-civil-do-estado-do-rio-ria-coordenadoria-especializada-em-operacoes-com-drones: Set directory modification time (using SetModTime)
2026/08/08 19:28:02 INFO  : sites-v4/globalsouth/dist/tags/migration: Set directory modification time (using SetModTime)
2026/08/08 19:28:02 INFO  : sites-v4/mundotrilhos/dist/tags/trem de alta velocidade: Set directory modification time (using SetModTime)
2026/08/08 19:28:02 INFO  : sites-v4/riocarta/dist/client/preview/rascunhos/smoke-202605131505-policia-prende-14-pessoas-em-operacao-contra-expansao-do-cv-na-zona-oeste: Set directory modification time (using SetModTime)
2026/08/08 19:28:02 INFO  : sites-v4/globalsouth/dist/tags/milei: Set directory modification time (using SetModTime)
2026/08/08 19:28:04 INFO  : sites-v4/riocarta/dist/client/preview/rascunhos/smoke-202605131505-policial-do-bope-salva-homem-que-sofria-convulsao-em-arraial-do-cabo: Set directory modification time (using SetModTime)
2026/08/08 19:28:04 INFO  : sites-v4/mundotrilhos/dist/tags/trem intercidades: Set directory modification time (using SetModTime)
2026/08/08 19:28:05 INFO  : sites-v4/globalsouth/dist/tags/military: Set directory modification time (using SetModTime)
2026/08/08 19:28:06 INFO  : sites-v4/globalsouth/dist/tags/moncada: Set directory modification time (using SetModTime)
2026/08/08 19:28:06 INFO  : sites-v4/globalsouth/dist/tags/monetary system: Set directory modification time (using SetModTime)
2026/08/08 19:28:08 INFO  : sites-v4/globalsouth/dist/tags/monetary union: Set directory modification time (using SetModTime)
2026/08/08 19:28:08 INFO  : sites-v4/mundotrilhos/dist/tags/trem metropolitano: Set directory modification time (using SetModTime)
2026/08/08 19:28:27 INFO  : sites-v4/globalsouth/dist/tags/monrovia: Set directory modification time (using SetModTime)
2026/08/08 19:28:28 INFO  : sites-v4/globalsouth/dist/tags/montreal: Set directory modification time (using SetModTime)
2026/08/08 19:28:28 INFO  : sites-v4/globalsouth/dist/tags/morocco: Set directory modification time (using SetModTime)
2026/08/08 19:28:29 INFO  : sites-v4/globalsouth/dist/tags/motorcycle ban: Set directory modification time (using SetModTime)
2026/08/08 19:28:29 INFO  : sites-v4/globalsouth/dist/tags/movie: Set directory modification time (using SetModTime)
2026/08/08 19:28:30 INFO  : sites-v4/globalsouth/dist/tags/multilateralism: Set directory modification time (using SetModTime)
2026/08/08 19:28:31 INFO  : sites-v4/globalsouth/dist/tags/multipolar-world: Set directory modification time (using SetModTime)
2026/08/08 19:28:32 INFO  :     8.775 MiB / 8.776 MiB, 100%, 3.107 KiB/s, ETA 0s
2026/08/08 19:28:43 INFO  : sites-v4/mundotrilhos/dist/tags/trem noturno: Set directory modification time (using SetModTime)
2026/08/08 19:28:44 INFO  : sites-v4/mundotrilhos/dist/tags/trem suburbano: Set directory modification time (using SetModTime)
2026/08/08 19:28:45 INFO  : sites-v4/mundotrilhos/dist/tags/trem turistico: Set directory modification time (using SetModTime)
2026/08/08 19:28:45 INFO  : sites-v4/globalsouth/dist/tags/multipolar: Set directory modification time (using SetModTime)
2026/08/08 19:28:45 INFO  : sites-v4/aiatolah/src/pages/en/posts: Set directory modification time (using SetModTime)
2026/08/08 19:28:45 INFO  : sites-v4/globalsouth/dist/tags/multipolarity: Set directory modification time (using SetModTime)
2026/08/08 19:28:46 INFO  : sites-v4/aiatolah/.git/objects/06/f7bde175c4b607b203b32089c12fa6aa91eb40: Copied (new)
2026/08/08 19:28:46 INFO  : sites-v4/globalsouth/dist/tags/national unity: Set directory modification time (using SetModTime)
2026/08/08 19:28:46 INFO  : sites-v4/mundotrilhos/dist/tags/trem: Set directory modification time (using SetModTime)
2026/08/08 19:28:46 INFO  : sites-v4/riocarta/dist/client/preview/rascunhos/smoke-202605131505-policial-e-baleado-na-regiao-oceanica-de-niteroi: Set directory modification time (using SetModTime)
2026/08/08 19:28:47 INFO  : sites-v4/globalsouth/dist/tags/natural resources: Set directory modification time (using SetModTime)
2026/08/08 19:28:47 INFO  : sites-v4/mundotrilhos/dist/tags/trens elétricos: Set directory modification time (using SetModTime)
2026/08/08 19:28:47 INFO  : sites-v4/riocarta/dist/client/preview/rascunhos/smoke-202605131505-supervia-e-autuada-por-problemas-de-acessibilidade-e-conservacao-na-estacao-de-madureira: Set directory modification time (using SetModTime)
2026/08/08 19:28:47 INFO  : sites-v4/globalsouth/dist/tags/negotiations: Set directory modification time (using SetModTime)
2026/08/08 19:28:47 INFO  : sites-v4/mundotrilhos/dist/tags/trens suburbanos: Set directory modification time (using SetModTime)
2026/08/08 19:28:47 INFO  : sites-v4/riocarta/dist/client/preview/rascunhos/smoke-202605131505-unidos-de-vila-isabel-leva-torto-arado-de-itamar-vieira-junior-para-a-sapucai-em-2027: Set directory modification time (using SetModTime)
2026/08/08 19:28:47 INFO  : sites-v4/ceara/.git/objects/07/11aef3413b6ae18e4243b93d55e114efc8ba63: Copied (new)
2026/08/08 19:28:48 INFO  : sites-v4/globalsouth/dist/tags/nigeria: Set directory modification time (using SetModTime)
2026/08/08 19:28:48 INFO  : sites-v4/mundotrilhos/dist/tags/trens: Set directory modification time (using SetModTime)
2026/08/08 19:28:48 INFO  : sites-v4/riocarta/dist/client/preview/rascunhos/smoke-202605131605-angela-azevedo-conquista-ouro-e-bronze-no-pan-american-open-e-confirma-ascensao-no-taekwondo-int: Set directory modification time (using SetModTime)
2026/08/08 19:28:48 INFO  : sites-v4/globalsouth/dist/tags/north kordofan: Set directory modification time (using SetModTime)
2026/08/08 19:28:48 INFO  : sites-v4/mundotrilhos/dist/tags/turismo: Set directory modification time (using SetModTime)
2026/08/08 19:28:48 INFO  : sites-v4/riocarta/dist/client/preview/rascunhos/smoke-202605131605-arraial-do-cabo-utiliza-sistema-de-monitoramento-durante-comemoracao-dos-41-anos: Set directory modification time (using SetModTime)
2026/08/08 19:28:49 INFO  : sites-v4/globalsouth/dist/tags/nubian giraffe: Set directory modification time (using SetModTime)
2026/08/08 19:28:49 INFO  : sites-v4/riocarta/dist/client/preview/rascunhos/smoke-202605131605-condenado-por-estupro-contra-crianca-de-13-anos-e-preso-em-friburgo: Set directory modification time (using SetModTime)
2026/08/08 19:28:49 INFO  : sites-v4/mundotrilhos/dist/tags/turquia: Set directory modification time (using SetModTime)
2026/08/08 19:28:50 INFO  : sites-v4/globalsouth/dist/tags/nuits d'afrique: Set directory modification time (using SetModTime)
2026/08/08 19:28:50 INFO  : sites-v4/riocarta/dist/client/preview/rascunhos/smoke-202605131605-crime-organizado-amplia-controle-no-rj-e-ja-opera-em-mais-de-100-pontos-da-regiao-metropolitana: Set directory modification time (using SetModTime)
2026/08/08 19:28:50 INFO  : sites-v4/mundotrilhos/dist/tags/twist 3.0: Set directory modification time (using SetModTime)
2026/08/08 19:28:50 INFO  : sites-v4/aiatolah/.git/objects/07/8d447bab62b3091df941761b25656aa946d326: Copied (new)
2026/08/08 19:28:50 INFO  : sites-v4/riocarta/dist/client/preview/rascunhos/smoke-202605131605-em-audio-divulgado-pelo-intercept-flavio-bolsonaro-pede-dinheiro-a-vocaro-para-filme: Set directory modification time (using SetModTime)
2026/08/08 19:28:50 INFO  : sites-v4/mundotrilhos/dist/tags/túnel ferroviário: Set directory modification time (using SetModTime)
2026/08/08 19:28:51 INFO  : sites-v4/globalsouth/dist/tags/oil crisis: Set directory modification time (using SetModTime)
2026/08/08 19:28:51 INFO  : sites-v4/riocarta/dist/client/preview/rascunhos/smoke-202605131605-governo-do-estado-repassa-r-248-milhoes-aos-municipios-fluminenses: Set directory modification time (using SetModTime)
2026/08/08 19:28:51 INFO  : sites-v4/mundotrilhos/dist/tags/usina: Set directory modification time (using SetModTime)
2026/08/08 19:28:51 INFO  : sites-v4/aiatolah/src/pages/pt/posts: Set directory modification time (using SetModTime)
2026/08/08 19:28:51 INFO  : sites-v4/globalsouth/dist/tags/oil: Set directory modification time (using SetModTime)
2026/08/08 19:28:51 INFO  : sites-v4/riocarta/dist/client/preview/rascunhos/smoke-202605131605-infraestrutura-em-niteroi-edital-milionario-preve-revitalizacao-completa-do-morro-da-penha: Set directory modification time (using SetModTime)
2026/08/08 19:28:51 INFO  : sites-v4/mundotrilhos/dist/tags/uwb: Set directory modification time (using SetModTime)
2026/08/08 19:28:52 INFO  : sites-v4/globalsouth/dist/tags/olympic medalists: Set directory modification time (using SetModTime)
2026/08/08 19:28:52 INFO  : sites-v4/mundotrilhos/dist/tags/vagao de luxo: Set directory modification time (using SetModTime)
2026/08/08 19:28:52 INFO  : sites-v4/riocarta/dist/client/preview/rascunhos/smoke-202605131605-macae-reafirma-protagonismo-energetico-como-um-dos-maiores-ativos-de-gas-natural-do-pais: Set directory modification time (using SetModTime)
2026/08/08 19:28:52 INFO  : sites-v4/globalsouth/dist/tags/opensource: Set directory modification time (using SetModTime)
2026/08/08 19:28:52 INFO  : sites-v4/riocarta/dist/client/preview/rascunhos/smoke-202605131605-marica-212-anos-ludmilla-xama-fafa-de-belem-e-os-paralamas-do-sucesso-sao-destaques-da-segunda-s: Set directory modification time (using SetModTime)
2026/08/08 19:28:53 INFO  : sites-v4/mundotrilhos/dist/tags/velaro: Set directory modification time (using SetModTime)
2026/08/08 19:28:53 INFO  : sites-v4/riocarta/dist/client/preview/rascunhos/smoke-202605131605-predio-comercial-e-demolido-no-vidigal-a-construcao-era-ilegal: Set directory modification time (using SetModTime)
2026/08/08 19:28:53 INFO  : sites-v4/mundotrilhos/dist/tags/via rail: Set directory modification time (using SetModTime)
2026/08/08 19:28:53 INFO  : sites-v4/globalsouth/dist/tags/opposition: Set directory modification time (using SetModTime)
2026/08/08 19:28:53 INFO  : sites-v4/aiatolah/src/pages/en/posts/20260808-deepseek-v4-flash-runs-on-a-single-amd-mi300x-with-168-tok-s.md: Copied (new)
2026/08/08 19:28:53 INFO  : sites-v4/aiatolah/src/pages/en/posts/20260808-technical-expertise-is-the-key-to-getting-the-most-out-of-ll.md: Copied (new)
2026/08/08 19:28:53 INFO  : sites-v4/aiatolah/src/pages/en/posts/20260808-the-house-that-didn-t-know-humanity-died-august-4-2026.md: Copied (new)
2026/08/08 19:28:54 INFO  : sites-v4/mundotrilhos/dist/tags/vlt: Set directory modification time (using SetModTime)
2026/08/08 19:28:54 INFO  : sites-v4/riocarta/dist/client/preview/rascunhos/smoke-202605131605-prefeitura-de-volta-redonda-inicia-curso-de-libras-para-servidores-municipais: Set directory modification time (using SetModTime)
2026/08/08 19:28:54 INFO  : sites-v4/globalsouth/dist/tags/oral tradition: Set directory modification time (using SetModTime)
2026/08/08 19:28:54 INFO  : sites-v4/mundotrilhos/dist/tags/vollert: Set directory modification time (using SetModTime)
2026/08/08 19:28:54 INFO  : sites-v4/riocarta/dist/client/preview/rascunhos/smoke-202605131605-prefeitura-propoe-mudar-regra-do-auxilio-alimentacao-dos-servidores-em-buzios: Set directory modification time (using SetModTime)
2026/08/08 19:28:55 INFO  : sites-v4/globalsouth/dist/tags/ousmane sonko: Set directory modification time (using SetModTime)
2026/08/08 19:28:55 INFO  : sites-v4/riocarta/.vercel/output/static/preview/rascunhos/smoke-202605131505-motoboy-preso-por-engano-e-solto-pela-justica-na-manha-desta-quarta-feira-13: Set directory modification time (using SetModTime)
2026/08/08 19:28:55 INFO  : sites-v4/mundotrilhos/dist/tags/vossloh: Set directory modification time (using SetModTime)
2026/08/08 19:28:55 INFO  : sites-v4/riocarta/dist/client/preview/rascunhos/smoke-202605131605-sao-goncalo-sedia-forum-sobre-educacao-de-jovens-e-adultos-eja: Set directory modification time (using SetModTime)
2026/08/08 19:28:55 INFO  : sites-v4/globalsouth/dist/tags/outbreak: Set directory modification time (using SetModTime)
2026/08/08 19:28:55 INFO  : sites-v4/riocarta/.vercel/output/static/preview/rascunhos/smoke-202605131505-motorista-de-app-da-regiao-dos-lagos-desaparece-a-caminho-de-niteroi: Set directory modification time (using SetModTime)
2026/08/08 19:28:55 INFO  : sites-v4/mundotrilhos/dist/tags/wakasa route: Set directory modification time (using SetModTime)
2026/08/08 19:28:55 INFO  : sites-v4/riocarta/dist/client/preview/rascunhos/smoke-202605131605-servicos-assistidos-por-animais-ganham-regulamentacao-no-rj: Set directory modification time (using SetModTime)
2026/08/08 19:28:56 INFO  : sites-v4/aiatolah/src/pages/en/posts/20260808-germany-sets-record-12-billion-kwh-of-solar-power-fed-into-t.md: Copied (new)
2026/08/08 19:28:57 INFO  : sites-v4/globalsouth/dist/tags/palestine: Set directory modification time (using SetModTime)
2026/08/08 19:28:57 INFO  : sites-v4/riocarta/.vercel/output/static/preview/rascunhos/smoke-202605131505-policia-civil-do-estado-do-rio-ria-coordenadoria-especializada-em-operacoes-com-drones: Set directory modification time (using SetModTime)
2026/08/08 19:28:57 INFO  : sites-v4/mundotrilhos/dist/tags/wyss&lila: Set directory modification time (using SetModTime)
2026/08/08 19:28:57 INFO  : sites-v4/riocarta/dist/client/preview/rascunhos/smoke-202605131605-tre-rj-nega-pedido-do-psd-contra-reuniao-politica-com-douglas-ruas-na-prefeitura-de-cabo-frio: Set directory modification time (using SetModTime)
2026/08/08 19:28:57 INFO  : sites-v4/globalsouth/dist/tags/pastef: Set directory modification time (using SetModTime)
2026/08/08 19:28:57 INFO  : sites-v4/riocarta/.vercel/output/static/preview/rascunhos/smoke-202605131505-policia-prende-14-pessoas-em-operacao-contra-expansao-do-cv-na-zona-oeste: Set directory modification time (using SetModTime)
2026/08/08 19:28:58 INFO  : sites-v4/mundotrilhos/dist/tags/áfrica: Set directory modification time (using SetModTime)
2026/08/08 19:28:58 INFO  : sites-v4/riocarta/dist/client/preview/rascunhos/smoke-202605131705-alerj-cria-comissao-para-fiscalizar-gastos-do-estado-e-promete-comecar-pela-propria-casa: Set directory modification time (using SetModTime)
2026/08/08 19:28:59 INFO  : sites-v4/globalsouth/dist/tags/paul biya: Set directory modification time (using SetModTime)
2026/08/08 19:28:59 INFO  : sites-v4/riocarta/dist/client/preview/rascunhos/smoke-202605131705-camara-de-cabo-frio-recebe-novos-parlamentares-apos-mudancas-no-governo-municipal: Set directory modification time (using SetModTime)
2026/08/08 19:28:59 INFO  : sites-v4/riocarta/.vercel/output/static/preview/rascunhos/smoke-202605131505-policial-do-bope-salva-homem-que-sofria-convulsao-em-arraial-do-cabo: Set directory modification time (using SetModTime)
2026/08/08 19:29:00 INFO  : sites-v4/globalsouth/dist/tags/paulo-figueiredo: Set directory modification time (using SetModTime)
2026/08/08 19:29:00 INFO  : sites-v4/riocarta/dist/client/preview/rascunhos/smoke-202605131705-campanha-visa-arrecadacao-de-doacoes-para-composicao-de-kits-para-pessoas-em-situacao-de-rua: Set directory modification time (using SetModTime)
2026/08/08 19:29:01 INFO  : sites-v4/riocarta/.vercel/output/static/preview/rascunhos/smoke-202605131505-policial-e-baleado-na-regiao-oceanica-de-niteroi: Set directory modification time (using SetModTime)
2026/08/08 19:29:01 INFO  : sites-v4/globalsouth/dist/tags/philippines: Set directory modification time (using SetModTime)
2026/08/08 19:29:01 INFO  : sites-v4/riocarta/dist/client/preview/rascunhos/smoke-202605131705-espetaculo-expressoes-ibericas-tem-apresentacao-unica-no-theatro-municipal-de-niteroi-no-dia-13: Set directory modification time (using SetModTime)
2026/08/08 19:29:01 INFO  : sites-v4/riocarta/.vercel/output/static/preview/rascunhos/smoke-202605131505-supervia-e-autuada-por-problemas-de-acessibilidade-e-conservacao-na-estacao-de-madureira: Set directory modification time (using SetModTime)
2026/08/08 19:29:02 INFO  : sites-v4/globalsouth/dist/tags/police brutality: Set directory modification time (using SetModTime)
2026/08/08 19:29:02 INFO  : sites-v4/riocarta/dist/client/preview/rascunhos/smoke-202605131705-festival-aldeia-gastronomica-entra-nos-ultimos-dias-em-sao-pedro-da-aldeia: Set directory modification time (using SetModTime)
2026/08/08 19:29:04 INFO  : sites-v4/riocarta/.vercel/output/static/preview/rascunhos/smoke-202605131505-unidos-de-vila-isabel-leva-torto-arado-de-itamar-vieira-junior-para-a-sapucai-em-2027: Set directory modification time (using SetModTime)
2026/08/08 19:29:04 INFO  : sites-v4/globalsouth/dist/tags/political rift: Set directory modification time (using SetModTime)
2026/08/08 19:29:04 INFO  : sites-v4/riocarta/dist/client/preview/rascunhos/smoke-202605131705-fim-do-dinheiro-nos-onibus-rio-inicia-transicao-para-pagamento-exclusivo-via-cartao-e-gera-polem: Set directory modification time (using SetModTime)
2026/08/08 19:29:07 INFO  : sites-v4/riocarta/.vercel/output/static/preview/rascunhos/smoke-202605131605-angela-azevedo-conquista-ouro-e-bronze-no-pan-american-open-e-confirma-ascensao-no-taekwondo-int: Set directory modification time (using SetModTime)
2026/08/08 19:29:08 INFO  : sites-v4/riocarta/.vercel/output/static/preview/rascunhos/smoke-202605131605-arraial-do-cabo-utiliza-sistema-de-monitoramento-durante-comemoracao-dos-41-anos: Set directory modification time (using SetModTime)
2026/08/08 19:29:08 INFO  : sites-v4/riocarta/.vercel/output/static/preview/rascunhos/smoke-202605131605-condenado-por-estupro-contra-crianca-de-13-anos-e-preso-em-friburgo: Set directory modification time (using SetModTime)
2026/08/08 19:29:09 INFO  : sites-v4/riocarta/dist/client/preview/rascunhos/smoke-202605131705-homem-com-historico-de-violencia-domestica-e-preso-em-cabo-frio: Set directory modification time (using SetModTime)
2026/08/08 19:29:09 INFO  : sites-v4/globalsouth/dist/tags/port: Set directory modification time (using SetModTime)
2026/08/08 19:29:09 INFO  : sites-v4/riocarta/dist/client/preview/rascunhos/smoke-202605131705-javali-e-flagrado-em-video-no-parque-nacional-do-itatiaia: Set directory modification time (using SetModTime)
2026/08/08 19:29:10 INFO  : sites-v4/riocarta/.vercel/output/static/preview/rascunhos/smoke-202605131605-crime-organizado-amplia-controle-no-rj-e-ja-opera-em-mais-de-100-pontos-da-regiao-metropolitana: Set directory modification time (using SetModTime)
2026/08/08 19:29:10 INFO  : sites-v4/globalsouth/dist/tags/power cuts: Set directory modification time (using SetModTime)
2026/08/08 19:29:12 INFO  : sites-v4/riocarta/.vercel/output/static/preview/rascunhos/smoke-202605131605-em-audio-divulgado-pelo-intercept-flavio-bolsonaro-pede-dinheiro-a-vocaro-para-filme: Set directory modification time (using SetModTime)
2026/08/08 19:29:13 INFO  : sites-v4/riocarta/.vercel/output/static/preview/rascunhos/smoke-202605131605-governo-do-estado-repassa-r-248-milhoes-aos-municipios-fluminenses: Set directory modification time (using SetModTime)
2026/08/08 19:29:13 INFO  : sites-v4/riocarta/.vercel/output/static/preview/rascunhos/smoke-202605131605-infraestrutura-em-niteroi-edital-milionario-preve-revitalizacao-completa-do-morro-da-penha: Set directory modification time (using SetModTime)
2026/08/08 19:29:21 INFO  : sites-v4/riocarta/.vercel/output/static/preview/rascunhos/smoke-202605131605-macae-reafirma-protagonismo-energetico-como-um-dos-maiores-ativos-de-gas-natural-do-pais: Set directory modification time (using SetModTime)
2026/08/08 19:29:21 INFO  : sites-v4/riocarta/dist/client/preview/rascunhos/smoke-202605131705-maio-laranja-projetos-culturais-na-baixada-se-tornam-escudo-contra-o-abuso-infantil: Set directory modification time (using SetModTime)
2026/08/08 19:29:29 INFO  : sites-v4/globalsouth/dist/tags/presidential absence: Set directory modification time (using SetModTime)
2026/08/08 19:29:29 INFO  : sites-v4/globalsouth/dist/tags/press freedom: Set directory modification time (using SetModTime)
2026/08/08 19:29:30 INFO  : sites-v4/globalsouth/dist/tags/propaganda: Set directory modification time (using SetModTime)
2026/08/08 19:29:30 INFO  : sites-v4/globalsouth/dist/tags/protectionism: Set directory modification time (using SetModTime)
2026/08/08 19:29:31 INFO  : sites-v4/globalsouth/dist/tags/protest: Set directory modification time (using SetModTime)
2026/08/08 19:29:31 INFO  : sites-v4/riocarta/.vercel/output/static/preview/rascunhos/smoke-202605131605-marica-212-anos-ludmilla-xama-fafa-de-belem-e-os-paralamas-do-sucesso-sao-destaques-da-segunda-s: Set directory modification time (using SetModTime)
2026/08/08 19:29:31 INFO  : sites-v4/riocarta/dist/client/preview/rascunhos/smoke-202605131705-mulheres-aprendem-producao-de-salgados-na-casa-da-mulher-meritiense: Set directory modification time (using SetModTime)
2026/08/08 19:29:32 INFO  : sites-v4/globalsouth/dist/tags/protests: Set directory modification time (using SetModTime)
2026/08/08 19:29:32 INFO  : sites-v4/riocarta/.vercel/output/static/preview/rascunhos/smoke-202605131605-predio-comercial-e-demolido-no-vidigal-a-construcao-era-ilegal: Set directory modification time (using SetModTime)
2026/08/08 19:29:32 INFO  : sites-v4/riocarta/dist/client/preview/rascunhos/smoke-202605131705-pm-apreende-drogas-e-prende-suspeitos-no-morro-da-fortaleza-em-angra: Set directory modification time (using SetModTime)
2026/08/08 19:29:32 INFO  :     9.011 MiB / 9.022 MiB, 100%, 3.072 KiB/s, ETA 3s
2026/08/08 19:29:32 INFO  : sites-v4/aiatolah/src/pages/pt/posts/20260808-deepseek-v4-flash-roda-em-um-unico-amd-mi300x-com-168-tok-s.md: Copied (new)
2026/08/08 19:29:32 INFO  : sites-v4/aiatolah/src/pages/pt/posts/20260808-a-casa-que-nao-sabia-que-a-humanidade-morreu-4-de-agosto-de.md: Copied (new)
2026/08/08 19:29:32 INFO  : sites-v4/globalsouth/dist/tags/public-health: Set directory modification time (using SetModTime)
2026/08/08 19:29:32 INFO  : sites-v4/riocarta/dist/client/preview/rascunhos/smoke-202605131705-rio-aprova-inclusao-do-mandarim-nas-escolas-estaduais: Set directory modification time (using SetModTime)
2026/08/08 19:29:32 INFO  : sites-v4/riocarta/.vercel/output/static/preview/rascunhos/smoke-202605131605-prefeitura-de-volta-redonda-inicia-curso-de-libras-para-servidores-municipais: Set directory modification time (using SetModTime)
2026/08/08 19:29:33 INFO  : sites-v4/riocarta/dist/client/preview/rascunhos/smoke-202605131705-rio-das-ostras-reforca-protocolo-de-prevencao-a-raiva-apos-ataques-de-animais: Set directory modification time (using SetModTime)
2026/08/08 19:29:33 INFO  : sites-v4/riocarta/.vercel/output/static/preview/rascunhos/smoke-202605131605-prefeitura-propoe-mudar-regra-do-auxilio-alimentacao-dos-servidores-em-buzios: Set directory modification time (using SetModTime)
2026/08/08 19:29:33 INFO  : sites-v4/riocarta/dist/client/preview/rascunhos/smoke-202605131705-rio-inicia-aplicacao-de-vacina-atualizada-contra-covid-19-em-idosos-e-gestantes: Set directory modification time (using SetModTime)
2026/08/08 19:29:33 INFO  : sites-v4/riocarta/.vercel/output/static/preview/rascunhos/smoke-202605131605-sao-goncalo-sedia-forum-sobre-educacao-de-jovens-e-adultos-eja: Set directory modification time (using SetModTime)
2026/08/08 19:29:34 INFO  : sites-v4/riocarta/.vercel/output/static/preview/rascunhos/smoke-202605131605-servicos-assistidos-por-animais-ganham-regulamentacao-no-rj: Set directory modification time (using SetModTime)
2026/08/08 19:29:34 INFO  : sites-v4/riocarta/dist/client/preview/rascunhos/smoke-202605131705-tatiana-roque-propoe-parque-municipal-em-area-de-mata-atlantica-em-laranjeiras: Set directory modification time (using SetModTime)
2026/08/08 19:29:35 INFO  : sites-v4/riocarta/dist/client/preview/rascunhos/smoke-202605131805-alerj-cria-comissao-para-revisar-despesas-e-reforcar-controle-fiscal-do-estado-do-rio: Set directory modification time (using SetModTime)
2026/08/08 19:29:35 INFO  : sites-v4/riocarta/.vercel/output/static/preview/rascunhos/smoke-202605131605-tre-rj-nega-pedido-do-psd-contra-reuniao-politica-com-douglas-ruas-na-prefeitura-de-cabo-frio: Set directory modification time (using SetModTime)
2026/08/08 19:29:35 INFO  : sites-v4/aiatolah/.git/objects/0a/d3f6a6329a819ba479963d441dbd83b7aca229: Copied (new)
2026/08/08 19:29:35 INFO  : sites-v4/aiatolah/src/pages/pt/posts/20260808-dominio-tecnico-e-a-chave-para-extrair-o-maximo-dos-llms.md: Copied (new)
2026/08/08 19:29:35 INFO  : sites-v4/mapario/.git/objects/0e/e61927f6c355a4e31fa0b1a1aece698038b93e: Copied (new)
2026/08/08 19:29:35 INFO  : sites-v4/riocarta/dist/client/preview/rascunhos/smoke-202605131805-araruama-implanta-sistema-integrado-para-marcacao-de-consultas-na-rede-municipal-de-saude: Set directory modification time (using SetModTime)
2026/08/08 19:29:35 INFO  : sites-v4/riocarta/.vercel/output/static/preview/rascunhos/smoke-202605131705-alerj-cria-comissao-para-fiscalizar-gastos-do-estado-e-promete-comecar-pela-propria-casa: Set directory modification time (using SetModTime)
2026/08/08 19:29:36 INFO  : sites-v4/riocarta/dist/client/preview/rascunhos/smoke-202605131805-celia-jordao-e-escolhida-pelo-psd-para-integrar-comissao-da-alerj-que-vai-revisar-gastos-dos-tre: Set directory modification time (using SetModTime)
2026/08/08 19:29:36 INFO  : sites-v4/riocarta/.vercel/output/static/preview/rascunhos/smoke-202605131705-camara-de-cabo-frio-recebe-novos-parlamentares-apos-mudancas-no-governo-municipal: Set directory modification time (using SetModTime)
2026/08/08 19:29:36 INFO  : sites-v4/riocarta/dist/client/preview/rascunhos/smoke-202605131805-familia-de-vendedor-aflita-com-sumico-de-jovem-no-centro-de-niteroi-24-horas-dificeis: Set directory modification time (using SetModTime)
2026/08/08 19:29:36 INFO  : sites-v4/riocarta/.vercel/output/static/preview/rascunhos/smoke-202605131705-campanha-visa-arrecadacao-de-doacoes-para-composicao-de-kits-para-pessoas-em-situacao-de-rua: Set directory modification time (using SetModTime)
2026/08/08 19:29:37 INFO  : sites-v4/aiatolah/src/pages/pt/posts/20260808-alemanha-bate-recorde-12-bilhoes-de-kwh-solares-na-rede-em-j.md: Copied (new)
2026/08/08 19:29:37 INFO  : sites-v4/riocarta/dist/client/preview/rascunhos/smoke-202605131805-flavio-bolsonaro-teria-negociado-r-134-milhoes-com-daniel-vorcaro-para-financiar-filme-sobre-jai: Set directory modification time (using SetModTime)
2026/08/08 19:29:37 INFO  : sites-v4/globalsouth/dist/tags/rabat: Set directory modification time (using SetModTime)
2026/08/08 19:29:37 INFO  : sites-v4/riocarta/.vercel/output/static/preview/rascunhos/smoke-202605131705-espetaculo-expressoes-ibericas-tem-apresentacao-unica-no-theatro-municipal-de-niteroi-no-dia-13: Set directory modification time (using SetModTime)
2026/08/08 19:29:37 INFO  : sites-v4/riocarta/dist/client/preview/rascunhos/smoke-202605131805-macae-reforca-protagonismo-energetico-em-reuniao-sobre-avancos-do-projeto-raia: Set directory modification time (using SetModTime)
2026/08/08 19:29:37 INFO  : sites-v4/globalsouth/dist/tags/raids: Set directory modification time (using SetModTime)
2026/08/08 19:29:38 INFO  : sites-v4/discoverbrazil/.git/objects/0b/548bbfb22096418966933f0aae23343d404418: Copied (new)
2026/08/08 19:29:38 INFO  : sites-v4/globalsouth/dist/tags/ramaphosa: Set directory modification time (using SetModTime)
2026/08/08 19:29:38 INFO  : sites-v4/discoverbrazil/.git/objects/0a/8d660a146312ccd24840a90b020aeae1370335: Copied (new)
2026/08/08 19:29:38 INFO  : sites-v4/riocarta/.vercel/output/static/preview/rascunhos/smoke-202605131705-festival-aldeia-gastronomica-entra-nos-ultimos-dias-em-sao-pedro-da-aldeia: Set directory modification time (using SetModTime)
2026/08/08 19:29:39 INFO  : sites-v4/riocarta/.vercel/output/static/preview/rascunhos/smoke-202605131705-fim-do-dinheiro-nos-onibus-rio-inicia-transicao-para-pagamento-exclusivo-via-cartao-e-gera-polem: Set directory modification time (using SetModTime)
2026/08/08 19:29:39 INFO  : sites-v4/ceara/.git/objects/0b/76ba3c7b47a3e547d4b48f2b6afeca11aff636: Copied (new)
2026/08/08 19:29:39 INFO  : sites-v4/riocarta/.vercel/output/static/preview/rascunhos/smoke-202605131705-homem-com-historico-de-violencia-domestica-e-preso-em-cabo-frio: Set directory modification time (using SetModTime)
2026/08/08 19:29:39 INFO  : sites-v4/riocarta/dist/client/preview/rascunhos/smoke-202605131805-marica-prepara-festa-de-comemoracao-pelos-seus-212-anos-com-2-finais-semana-de-shows: Set directory modification time (using SetModTime)
2026/08/08 19:29:39 INFO  : sites-v4/globalsouth/dist/tags/rapid support forces: Set directory modification time (using SetModTime)
2026/08/08 19:29:40 INFO  : sites-v4/riocarta/.vercel/output/static/preview/rascunhos/smoke-202605131705-javali-e-flagrado-em-video-no-parque-nacional-do-itatiaia: Set directory modification time (using SetModTime)
2026/08/08 19:29:40 INFO  : sites-v4/riocarta/dist/client/preview/rascunhos/smoke-202605131805-micro-onibus-tomba-e-deixa-varios-feridos-na-rj-230-em-campos: Set directory modification time (using SetModTime)
2026/08/08 19:29:40 INFO  : sites-v4/globalsouth/dist/tags/reconstruction: Set directory modification time (using SetModTime)
2026/08/08 19:29:40 INFO  : sites-v4/riocarta/dist/client/preview/rascunhos/smoke-202605131805-operacoes-da-pm-apreendem-adolescentes-e-drogas-em-bairros-de-resende: Set directory modification time (using SetModTime)
2026/08/08 19:29:41 INFO  : sites-v4/riocarta/.vercel/output/static/preview/rascunhos/smoke-202605131705-maio-laranja-projetos-culturais-na-baixada-se-tornam-escudo-contra-o-abuso-infantil: Set directory modification time (using SetModTime)
2026/08/08 19:29:41 INFO  : sites-v4/riocarta/.vercel/output/static/preview/rascunhos/smoke-202605131705-mulheres-aprendem-producao-de-salgados-na-casa-da-mulher-meritiense: Set directory modification time (using SetModTime)
2026/08/08 19:29:41 INFO  : sites-v4/riocarta/dist/client/preview/rascunhos/smoke-202605131805-pf-recupera-pecas-sacras-em-prata-de-igreja-historica-no-centro-do-rio: Set directory modification time (using SetModTime)
2026/08/08 19:29:42 INFO  : sites-v4/riocarta/.vercel/output/static/preview/rascunhos/smoke-202605131705-pm-apreende-drogas-e-prende-suspeitos-no-morro-da-fortaleza-em-angra: Set directory modification time (using SetModTime)
2026/08/08 19:29:42 INFO  : sites-v4/riocarta/dist/client/preview/rascunhos/smoke-202605131805-praca-onze-maravilha-prefeitura-desiste-de-mergulhao-na-presidente-vargas: Set directory modification time (using SetModTime)
2026/08/08 19:29:42 INFO  : sites-v4/globalsouth/dist/tags/recovery: Set directory modification time (using SetModTime)
2026/08/08 19:29:42 INFO  : sites-v4/riocarta/dist/client/preview/rascunhos/smoke-202605131805-prolagos-inicia-cadastro-de-moradores-que-vao-receber-agua-tratada-no-manoel-correa-em-cabo-frio: Set directory modification time (using SetModTime)
2026/08/08 19:29:42 INFO  : sites-v4/riocarta/.vercel/output/static/preview/rascunhos/smoke-202605131705-rio-aprova-inclusao-do-mandarim-nas-escolas-estaduais: Set directory modification time (using SetModTime)
2026/08/08 19:29:43 INFO  : sites-v4/globalsouth/dist/tags/red-scare: Set directory modification time (using SetModTime)
2026/08/08 19:29:43 INFO  : sites-v4/riocarta/dist/client/preview/rascunhos/smoke-202605131805-rj-registra-a-menor-temperatura-do-brasil-com-6-8oc-no-pico-das-agulhas-negras: Set directory modification time (using SetModTime)
2026/08/08 19:29:43 INFO  : sites-v4/riocarta/.vercel/output/static/preview/rascunhos/smoke-202605131705-rio-das-ostras-reforca-protocolo-de-prevencao-a-raiva-apos-ataques-de-animais: Set directory modification time (using SetModTime)
2026/08/08 19:29:43 INFO  : sites-v4/globalsouth/dist/tags/regional integration: Set directory modification time (using SetModTime)
2026/08/08 19:29:43 INFO  : sites-v4/riocarta/dist/client/preview/rascunhos/smoke-202605131805-servidores-de-cabo-frio-passam-por-formacao-pra-entender-e-acolher-alunos-com-tea: Set directory modification time (using SetModTime)
2026/08/08 19:29:44 INFO  : sites-v4/riocarta/.vercel/output/static/preview/rascunhos/smoke-202605131705-rio-inicia-aplicacao-de-vacina-atualizada-contra-covid-19-em-idosos-e-gestantes: Set directory modification time (using SetModTime)
2026/08/08 19:29:44 INFO  : sites-v4/globalsouth/dist/tags/repatriation: Set directory modification time (using SetModTime)
2026/08/08 19:29:44 INFO  : sites-v4/riocarta/.vercel/output/static/preview/rascunhos/smoke-202605131705-tatiana-roque-propoe-parque-municipal-em-area-de-mata-atlantica-em-laranjeiras: Set directory modification time (using SetModTime)
2026/08/08 19:29:44 INFO  : sites-v4/riocarta/dist/client/preview/rascunhos/smoke-202605131805-stj-restringe-aluguel-por-temporada-em-condominios-e-decisao-divide-opinioes-no-rio: Set directory modification time (using SetModTime)
2026/08/08 19:29:45 INFO  : sites-v4/globalsouth/dist/tags/reserve currency: Set directory modification time (using SetModTime)
2026/08/08 19:29:45 INFO  : sites-v4/riocarta/.vercel/output/static/preview/rascunhos/smoke-202605131805-alerj-cria-comissao-para-revisar-despesas-e-reforcar-controle-fiscal-do-estado-do-rio: Set directory modification time (using SetModTime)
2026/08/08 19:29:45 INFO  : sites-v4/riocarta/dist/client/preview/rascunhos/smoke-202605131905-audio-vazado-de-flavio-para-vorcaro-revela-cobranca-de-r-134-milhoes-para-filme-de-bolsonaro: Set directory modification time (using SetModTime)
2026/08/08 19:29:45 INFO  : sites-v4/globalsouth/dist/tags/resource consumption: Set directory modification time (using SetModTime)
2026/08/08 19:29:45 INFO  : sites-v4/riocarta/dist/client/preview/rascunhos/smoke-202605131905-biblioteca-do-ciep-265-e-reinaugurada-com-acervo-historico-em-sao-joao-da-barra: Set directory modification time (using SetModTime)
2026/08/08 19:29:45 INFO  : sites-v4/riocarta/.vercel/output/static/preview/rascunhos/smoke-202605131805-araruama-implanta-sistema-integrado-para-marcacao-de-consultas-na-rede-municipal-de-saude: Set directory modification time (using SetModTime)
2026/08/08 19:29:46 INFO  : sites-v4/globalsouth/dist/tags/restoration: Set directory modification time (using SetModTime)
2026/08/08 19:29:46 INFO  : sites-v4/riocarta/dist/client/preview/rascunhos/smoke-202605131905-camara-do-rio-inicia-rodada-de-audiencias-publicas-para-debater-revisao-do-iptu-na-cidade: Set directory modification time (using SetModTime)
2026/08/08 19:29:46 INFO  : sites-v4/globalsouth/.git/objects/0d/499975b238859863442121f62fbb559909405a: Copied (new)
2026/08/08 19:29:46 INFO  : sites-v4/riocarta/.vercel/output/static/preview/rascunhos/smoke-202605131805-celia-jordao-e-escolhida-pelo-psd-para-integrar-comissao-da-alerj-que-vai-revisar-gastos-dos-tre: Set directory modification time (using SetModTime)
2026/08/08 19:29:46 INFO  : sites-v4/ceara/.git/objects/0d/d3033e698e21bfc0cc078f00cc744114c8d0f0: Copied (new)
2026/08/08 19:29:47 INFO  : sites-v4/globalsouth/dist/tags/retaliation: Set directory modification time (using SetModTime)
2026/08/08 19:29:48 INFO  : sites-v4/globalsouth/dist/tags/revolution: Set directory modification time (using SetModTime)
2026/08/08 19:29:48 INFO  : sites-v4/riocarta/.vercel/output/static/preview/rascunhos/smoke-202605131805-familia-de-vendedor-aflita-com-sumico-de-jovem-no-centro-de-niteroi-24-horas-dificeis: Set directory modification time (using SetModTime)
2026/08/08 19:29:48 INFO  : sites-v4/riocarta/dist/client/preview/rascunhos/smoke-202605131905-camara-municipal-de-marica-concede-titulo-de-cidadao-a-lula-netuno-e-o-unico-a-votar-contra: Set directory modification time (using SetModTime)
2026/08/08 19:29:48 INFO  : sites-v4/globalsouth/dist/tags/rio de janeiro: Set directory modification time (using SetModTime)
2026/08/08 19:29:48 INFO  : sites-v4/riocarta/.vercel/output/static/preview/rascunhos/smoke-202605131805-flavio-bolsonaro-teria-negociado-r-134-milhoes-com-daniel-vorcaro-para-financiar-filme-sobre-jai: Set directory modification time (using SetModTime)
2026/08/08 19:29:48 INFO  : sites-v4/riocarta/dist/client/preview/rascunhos/smoke-202605131905-flavio-bolsonaro-admite-que-procurou-vorcaro-para-recursos-filme-e-nega-que-ofereceu-vantagens: Set directory modification time (using SetModTime)
2026/08/08 19:29:49 INFO  : sites-v4/discoverbrazil/.git/objects/0e/1ba38e10f9e8130166ea12e531235d9ac411da: Copied (new)
2026/08/08 19:29:50 INFO  : sites-v4/globalsouth/dist/tags/sahel: Set directory modification time (using SetModTime)
2026/08/08 19:29:50 INFO  : sites-v4/riocarta/.vercel/output/static/preview/rascunhos/smoke-202605131805-macae-reforca-protagonismo-energetico-em-reuniao-sobre-avancos-do-projeto-raia: Set directory modification time (using SetModTime)
2026/08/08 19:29:50 INFO  : sites-v4/riocarta/dist/client/preview/rascunhos/smoke-202605131905-hospital-municipal-da-japuiba-avanca-em-modernizacao-e-vai-ganhar-setor-de-hemodinamica: Set directory modification time (using SetModTime)
2026/08/08 19:29:51 INFO  : sites-v4/globalsouth/dist/tags/sanctions: Set directory modification time (using SetModTime)
2026/08/08 19:29:52 INFO  : sites-v4/riocarta/.vercel/output/static/preview/rascunhos/smoke-202605131805-marica-prepara-festa-de-comemoracao-pelos-seus-212-anos-com-2-finais-semana-de-shows: Set directory modification time (using SetModTime)
2026/08/08 19:29:52 INFO  : sites-v4/riocarta/dist/client/preview/rascunhos/smoke-202605131905-marica-abre-inscricoes-para-cursinho-pre-enem-gratuito-com-aulas-online-saiba-como-participar: Set directory modification time (using SetModTime)
2026/08/08 19:29:52 INFO  : sites-v4/globalsouth/dist/tags/santo domingo: Set directory modification time (using SetModTime)
2026/08/08 19:29:52 INFO  : sites-v4/riocarta/.vercel/output/static/preview/rascunhos/smoke-202605131805-micro-onibus-tomba-e-deixa-varios-feridos-na-rj-230-em-campos: Set directory modification time (using SetModTime)
2026/08/08 19:29:52 INFO  : sites-v4/riocarta/dist/client/preview/rascunhos/smoke-202605131905-parque-nacional-do-itatiaia-alerta-sobre-presenca-de-javalis-na-reserva: Set directory modification time (using SetModTime)
2026/08/08 19:29:53 INFO  : sites-v4/globalsouth/dist/tags/saudi arabia: Set directory modification time (using SetModTime)
2026/08/08 19:29:53 INFO  : sites-v4/ceara/.git/objects/0e/13a11162deb872b9a450e3cafbf352a4e4d862: Copied (new)
2026/08/08 19:29:53 INFO  : sites-v4/riocarta/.vercel/output/static/preview/rascunhos/smoke-202605131805-operacoes-da-pm-apreendem-adolescentes-e-drogas-em-bairros-de-resende: Set directory modification time (using SetModTime)
2026/08/08 19:29:54 INFO  : sites-v4/riocarta/.vercel/output/static/preview/rascunhos/smoke-202605131805-pf-recupera-pecas-sacras-em-prata-de-igreja-historica-no-centro-do-rio: Set directory modification time (using SetModTime)
2026/08/08 19:29:54 INFO  : sites-v4/riocarta/dist/client/preview/rascunhos/smoke-202605131905-petropolis-tera-grupos-reflexivos-para-homens-autores-de-violencia-domestica: Set directory modification time (using SetModTime)
2026/08/08 19:29:54 INFO  : sites-v4/globalsouth/dist/tags/security council: Set directory modification time (using SetModTime)
2026/08/08 19:29:55 INFO  : sites-v4/riocarta/.vercel/output/static/preview/rascunhos/smoke-202605131805-praca-onze-maravilha-prefeitura-desiste-de-mergulhao-na-presidente-vargas: Set directory modification time (using SetModTime)
2026/08/08 19:29:55 INFO  : sites-v4/riocarta/dist/client/preview/rascunhos/smoke-202605131905-policia-civil-cria-coordenadoria-especializada-em-operacoes-com-drones-video: Set directory modification time (using SetModTime)
2026/08/08 19:29:56 INFO  : sites-v4/globalsouth/dist/tags/security crisis: Set directory modification time (using SetModTime)
2026/08/08 19:29:56 INFO  : sites-v4/riocarta/.vercel/output/static/preview/rascunhos/smoke-202605131805-prolagos-inicia-cadastro-de-moradores-que-vao-receber-agua-tratada-no-manoel-correa-em-cabo-frio: Set directory modification time (using SetModTime)
2026/08/08 19:29:56 INFO  : sites-v4/riocarta/dist/client/preview/rascunhos/smoke-202605131905-policia-fecha-deposito-clandestino-de-remedios-e-prende-mulher-no-rio: Set directory modification time (using SetModTime)
2026/08/08 19:29:56 INFO  : sites-v4/globalsouth/dist/tags/security: Set directory modification time (using SetModTime)
2026/08/08 19:29:58 INFO  : sites-v4/riocarta/.vercel/output/static/preview/rascunhos/smoke-202605131805-rj-registra-a-menor-temperatura-do-brasil-com-6-8oc-no-pico-das-agulhas-negras: Set directory modification time (using SetModTime)
2026/08/08 19:29:59 INFO  : sites-v4/riocarta/.vercel/output/static/preview/rascunhos/smoke-202605131805-servidores-de-cabo-frio-passam-por-formacao-pra-entender-e-acolher-alunos-com-tea: Set directory modification time (using SetModTime)
2026/08/08 19:29:59 INFO  : sites-v4/riocarta/.vercel/output/static/preview/rascunhos/smoke-202605131805-stj-restringe-aluguel-por-temporada-em-condominios-e-decisao-divide-opinioes-no-rio: Set directory modification time (using SetModTime)
2026/08/08 19:29:59 INFO  : sites-v4/riocarta/dist/client/preview/rascunhos/smoke-202605131905-prefeitura-de-cabo-frio-firma-parceria-com-o-waze-para-monitorar-ocorrencias-na-cidade: Set directory modification time (using SetModTime)
2026/08/08 19:29:59 INFO  : sites-v4/globalsouth/dist/tags/senegal: Set directory modification time (using SetModTime)
2026/08/08 19:30:00 INFO  : sites-v4/riocarta/.vercel/output/static/preview/rascunhos/smoke-202605131905-audio-vazado-de-flavio-para-vorcaro-revela-cobranca-de-r-134-milhoes-para-filme-de-bolsonaro: Set directory modification time (using SetModTime)
2026/08/08 19:30:00 INFO  : sites-v4/riocarta/dist/client/preview/rascunhos/smoke-202605131905-quer-fazer-mestrado-sesc-rj-abre-vagas-para-curso-preparatorio-gratuito-no-rio: Set directory modification time (using SetModTime)
2026/08/08 19:30:00 INFO  : sites-v4/globalsouth/dist/tags/series: Set directory modification time (using SetModTime)
2026/08/08 19:30:00 INFO  : sites-v4/riocarta/.vercel/output/static/preview/rascunhos/smoke-202605131905-biblioteca-do-ciep-265-e-reinaugurada-com-acervo-historico-em-sao-joao-da-barra: Set directory modification time (using SetModTime)
2026/08/08 19:30:00 INFO  : sites-v4/globalsouth/.git/objects/0f/cc8b634254356b023a5c1c3308d0284236d14e: Copied (new)
2026/08/08 19:30:00 INFO  : sites-v4/riocarta/dist/client/preview/rascunhos/smoke-202605131905-revisao-do-iptu-em-pauta-comissao-especial-ouve-prefeitura-e-sociedade-civil-em-primeira-audienc: Set directory modification time (using SetModTime)
2026/08/08 19:30:00 INFO  : sites-v4/globalsouth/dist/tags/single currency: Set directory modification time (using SetModTime)
2026/08/08 19:30:02 INFO  : sites-v4/riocarta/.vercel/output/static/preview/rascunhos/smoke-202605131905-camara-do-rio-inicia-rodada-de-audiencias-publicas-para-debater-revisao-do-iptu-na-cidade: Set directory modification time (using SetModTime)
2026/08/08 19:30:02 INFO  : sites-v4/globalsouth/dist/tags/skiing: Set directory modification time (using SetModTime)
2026/08/08 19:30:02 INFO  : sites-v4/riocarta/dist/client/preview/rascunhos/smoke-202605131905-vila-isabel-anuncia-enredo-inspirado-em-torto-arado-para-o-carnaval-2027: Set directory modification time (using SetModTime)
2026/08/08 19:30:05 INFO  : sites-v4/globalsouth/dist/tags/solar-powered ambulance: Set directory modification time (using SetModTime)
2026/08/08 19:30:06 INFO  : sites-v4/globalsouth/dist/tags/solidarity: Set directory modification time (using SetModTime)
2026/08/08 19:30:06 INFO  : sites-v4/globalsouth/dist/tags/south africa: Set directory modification time (using SetModTime)
2026/08/08 19:30:07 INFO  : sites-v4/riocarta/dist/client/preview/rascunhos/smoke-202605132005-acidente-entre-trator-e-cinco-veiculos-deixa-13-pessoas-feridas-em-niteroi: Set directory modification time (using SetModTime)
2026/08/08 19:30:07 INFO  : sites-v4/riocarta/.vercel/output/static/preview/rascunhos/smoke-202605131905-camara-municipal-de-marica-concede-titulo-de-cidadao-a-lula-netuno-e-o-unico-a-votar-contra: Set directory modification time (using SetModTime)
2026/08/08 19:30:07 INFO  : sites-v4/riocarta/.vercel/output/static/preview/rascunhos/smoke-202605131905-flavio-bolsonaro-admite-que-procurou-vorcaro-para-recursos-filme-e-nega-que-ofereceu-vantagens: Set directory modification time (using SetModTime)
2026/08/08 19:30:08 INFO  : sites-v4/riocarta/.vercel/output/static/preview/rascunhos/smoke-202605131905-hospital-municipal-da-japuiba-avanca-em-modernizacao-e-vai-ganhar-setor-de-hemodinamica: Set directory modification time (using SetModTime)
2026/08/08 19:30:09 INFO  : sites-v4/riocarta/.vercel/output/static/preview/rascunhos/smoke-202605131905-marica-abre-inscricoes-para-cursinho-pre-enem-gratuito-com-aulas-online-saiba-como-participar: Set directory modification time (using SetModTime)
2026/08/08 19:30:09 INFO  : sites-v4/riocarta/.vercel/output/static/preview/rascunhos/smoke-202605131905-parque-nacional-do-itatiaia-alerta-sobre-presenca-de-javalis-na-reserva: Set directory modification time (using SetModTime)
2026/08/08 19:30:09 INFO  : sites-v4/globalsouth/dist/tags/south-south trade: Set directory modification time (using SetModTime)
2026/08/08 19:30:09 INFO  : sites-v4/riocarta/dist/client/preview/rascunhos/smoke-202605132005-alivio-nas-contas-rio-projeta-economia-de-r-300-milhoes-com-adesao-ao-propag-ate-junho: Set directory modification time (using SetModTime)
2026/08/08 19:30:10 INFO  : sites-v4/riocarta/.vercel/output/static/preview/rascunhos/smoke-202605131905-petropolis-tera-grupos-reflexivos-para-homens-autores-de-violencia-domestica: Set directory modification time (using SetModTime)
2026/08/08 19:30:10 INFO  : sites-v4/riocarta/dist/client/preview/rascunhos/smoke-202605132005-bebe-de-8-meses-e-internado-em-estado-grave-apos-suspeita-de-abuso-em-marica: Set directory modification time (using SetModTime)
2026/08/08 19:30:11 INFO  : sites-v4/riocarta/.vercel/output/static/preview/rascunhos/smoke-202605131905-policia-civil-cria-coordenadoria-especializada-em-operacoes-com-drones-video: Set directory modification time (using SetModTime)
2026/08/08 19:30:11 INFO  : sites-v4/riocarta/.vercel/output/static/preview/rascunhos/smoke-202605131905-policia-fecha-deposito-clandestino-de-remedios-e-prende-mulher-no-rio: Set directory modification time (using SetModTime)
2026/08/08 19:30:12 INFO  : sites-v4/riocarta/dist/client/preview/rascunhos/smoke-202605132005-boca-miuda-os-bastidores-da-politica-na-regiao-dos-lagos-nesta-quarta-feira-13: Set directory modification time (using SetModTime)
2026/08/08 19:30:13 INFO  : sites-v4/riocarta/dist/client/preview/rascunhos/smoke-202605132005-cabo-frio-fecha-parceria-com-waze-e-mostra-informacoes-do-transito-ao-vivo: Set directory modification time (using SetModTime)
2026/08/08 19:30:14 INFO  : sites-v4/globalsouth/dist/tags/sovereignty: Set directory modification time (using SetModTime)
2026/08/08 19:30:18 INFO  : sites-v4/riocarta/dist/client/preview/rascunhos/smoke-202605132005-caso-de-vereadora-ameacada-em-teresopolis-provoca-reacao-da-alerj-e-cobranca-por-investigacao: Set directory modification time (using SetModTime)
2026/08/08 19:30:18 INFO  : sites-v4/globalsouth/dist/tags/spain: Set directory modification time (using SetModTime)
2026/08/08 19:30:18 INFO  : sites-v4/riocarta/.vercel/output/static/preview/rascunhos/smoke-202605131905-prefeitura-de-cabo-frio-firma-parceria-com-o-waze-para-monitorar-ocorrencias-na-cidade: Set directory modification time (using SetModTime)
2026/08/08 19:30:18 INFO  : sites-v4/globalsouth/dist/tags/sports: Set directory modification time (using SetModTime)
2026/08/08 19:30:18 INFO  : sites-v4/riocarta/dist/client/preview/rascunhos/smoke-202605132005-comissao-da-alerj-aprova-parecer-da-ldo-2027-e-discute-desafios-fiscais-do-rio: Set directory modification time (using SetModTime)
2026/08/08 19:30:19 INFO  : sites-v4/globalsouth/dist/tags/state tv: Set directory modification time (using SetModTime)
2026/08/08 19:30:28 INFO  : sites-v4/globalsouth/.git/objects/10/373c9daf515b21ec3dad9b74cb41f7fa641609: Copied (new)
2026/08/08 19:30:28 INFO  : sites-v4/riocarta/dist/client/preview/rascunhos/smoke-202605132005-lyon-cobra-divida-de-aproximadamente-r-1-bi-do-botafogo: Set directory modification time (using SetModTime)
2026/08/08 19:30:29 INFO  : sites-v4/riocarta/dist/client/preview/rascunhos/smoke-202605132005-macae-consolida-avancos-nas-politicas-publicas-voltadas-ao-publico-feminino: Set directory modification time (using SetModTime)
2026/08/08 19:30:29 INFO  : sites-v4/mundotrilhos/.git/objects/11/c0a0b72ffb4d30424377b72b2961b80841cbac: Copied (new)
2026/08/08 19:30:29 INFO  : sites-v4/riocarta/dist/client/preview/rascunhos/smoke-202605132005-mais-de-75-dos-moradores-da-ilha-grande-ja-aderiram-ao-viva-angra-sistema-digital-de-turism: Set directory modification time (using SetModTime)
2026/08/08 19:30:30 INFO  : sites-v4/riocarta/.vercel/output/static/preview/rascunhos/smoke-202605131905-quer-fazer-mestrado-sesc-rj-abre-vagas-para-curso-preparatorio-gratuito-no-rio: Set directory modification time (using SetModTime)
2026/08/08 19:30:30 INFO  : sites-v4/globalsouth/dist/tags/stella juva: Set directory modification time (using SetModTime)
2026/08/08 19:30:30 INFO  : sites-v4/riocarta/dist/client/preview/rascunhos/smoke-202605132005-mulher-morre-atropelada-por-caminhao-em-iguaba-grande: Set directory modification time (using SetModTime)
2026/08/08 19:30:31 INFO  : sites-v4/globalsouth/dist/tags/storytelling: Set directory modification time (using SetModTime)
2026/08/08 19:30:31 INFO  : sites-v4/riocarta/dist/client/preview/rascunhos/smoke-202605132005-pm-executado-a-tiros-e-sepultado-no-cemiterio-de-sao-goncalo: Set directory modification time (using SetModTime)
2026/08/08 19:30:31 INFO  : sites-v4/globalsouth/dist/tags/sudan: Set directory modification time (using SetModTime)
2026/08/08 19:30:31 INFO  : sites-v4/riocarta/.vercel/output/static/preview/rascunhos/smoke-202605131905-revisao-do-iptu-em-pauta-comissao-especial-ouve-prefeitura-e-sociedade-civil-em-primeira-audienc: Set directory modification time (using SetModTime)
2026/08/08 19:30:31 INFO  : sites-v4/riocarta/dist/client/preview/rascunhos/smoke-202605132005-propag-deve-aliviar-contas-do-rio-e-adesao-e-prevista-ate-junho-diz-secretario-de-fazenda: Set directory modification time (using SetModTime)
2026/08/08 19:30:32 INFO  : sites-v4/riocarta/.vercel/output/static/preview/rascunhos/smoke-202605131905-vila-isabel-anuncia-enredo-inspirado-em-torto-arado-para-o-carnaval-2027: Set directory modification time (using SetModTime)
2026/08/08 19:30:32 INFO  : sites-v4/globalsouth/dist/tags/sultan qaytbay: Set directory modification time (using SetModTime)
2026/08/08 19:30:32 INFO  :     9.648 MiB / 9.648 MiB, 100%, 19.150 KiB/s, ETA 0s
2026/08/08 19:30:32 INFO  : sites-v4/riocarta/.vercel/output/static/preview/rascunhos/smoke-202605132005-acidente-entre-trator-e-cinco-veiculos-deixa-13-pessoas-feridas-em-niteroi: Set directory modification time (using SetModTime)
2026/08/08 19:30:32 INFO  : sites-v4/globalsouth/dist/tags/sustainability: Set directory modification time (using SetModTime)
2026/08/08 19:30:33 INFO  : sites-v4/riocarta/dist/client/preview/rascunhos/smoke-202605132005-sem-acordo-rodoviarios-do-rio-mantem-ameaca-de-greve-apos-nova-rodada-de-negociacoes: Set directory modification time (using SetModTime)
2026/08/08 19:30:33 INFO  : sites-v4/riocarta/.vercel/output/static/preview/rascunhos/smoke-202605132005-alivio-nas-contas-rio-projeta-economia-de-r-300-milhoes-com-adesao-ao-propag-ate-junho: Set directory modification time (using SetModTime)
2026/08/08 19:30:33 INFO  : sites-v4/globalsouth/dist/tags/sustainable development: Set directory modification time (using SetModTime)
2026/08/08 19:30:33 INFO  : sites-v4/riocarta/dist/client/preview/rascunhos/smoke-202605132005-vereadores-aprovam-propostas-voltadas-aos-adolescentes-e-pcd: Set directory modification time (using SetModTime)
2026/08/08 19:30:33 INFO  : sites-v4/riocarta/.vercel/output/static/preview/rascunhos/smoke-202605132005-bebe-de-8-meses-e-internado-em-estado-grave-apos-suspeita-de-abuso-em-marica: Set directory modification time (using SetModTime)
2026/08/08 19:30:34 INFO  : sites-v4/riocarta/dist/client/preview/rascunhos/smoke-202605132105-carreta-oftalmologica-ja-supera-os-2-mil-atendimentos: Set directory modification time (using SetModTime)
2026/08/08 19:30:34 INFO  : sites-v4/riocarta/.vercel/output/static/preview/rascunhos/smoke-202605132005-boca-miuda-os-bastidores-da-politica-na-regiao-dos-lagos-nesta-quarta-feira-13: Set directory modification time (using SetModTime)
2026/08/08 19:30:35 INFO  : sites-v4/riocarta/.vercel/output/static/preview/rascunhos/smoke-202605132005-cabo-frio-fecha-parceria-com-waze-e-mostra-informacoes-do-transito-ao-vivo: Set directory modification time (using SetModTime)
2026/08/08 19:30:35 INFO  : sites-v4/riocarta/dist/client/preview/rascunhos/smoke-202605132105-deputados-pedem-investigacao-sobre-relacao-de-flavio-bolsonaro-com-dono-do-banco-master: Set directory modification time (using SetModTime)
2026/08/08 19:30:35 INFO  : sites-v4/riocarta/dist/client/preview/rascunhos/smoke-202605132105-deputados-pedem-investigacao-sobre-relacao-entre-vorcaro-e-flavio: Set directory modification time (using SetModTime)
2026/08/08 19:30:35 INFO  : sites-v4/riocarta/.vercel/output/static/preview/rascunhos/smoke-202605132005-caso-de-vereadora-ameacada-em-teresopolis-provoca-reacao-da-alerj-e-cobranca-por-investigacao: Set directory modification time (using SetModTime)
2026/08/08 19:30:36 INFO  : sites-v4/riocarta/.vercel/output/static/preview/rascunhos/smoke-202605132005-comissao-da-alerj-aprova-parecer-da-ldo-2027-e-discute-desafios-fiscais-do-rio: Set directory modification time (using SetModTime)
2026/08/08 19:30:36 INFO  : sites-v4/riocarta/dist/client/preview/rascunhos/smoke-202605132105-etapa-de-saquarema-da-wsl-tera-shows-com-buchecha-veigh-e-cidade-negra: Set directory modification time (using SetModTime)
2026/08/08 19:30:36 INFO  : sites-v4/globalsouth/dist/tags/syria: Set directory modification time (using SetModTime)
2026/08/08 19:30:36 INFO  : sites-v4/ceara/.git/objects/13/f694cc3ce6d9d33e0171ba7784e9508b97819d: Copied (new)
2026/08/08 19:30:36 INFO  : sites-v4/riocarta/dist/client/preview/rascunhos/smoke-202605132105-flavio-bolsonaro-conversou-com-vorcaro-quando-investigacoes-sobre-o-master-ja-eram-publicas: Set directory modification time (using SetModTime)
2026/08/08 19:30:36 INFO  : sites-v4/riocarta/.vercel/output/static/preview/rascunhos/smoke-202605132005-lyon-cobra-divida-de-aproximadamente-r-1-bi-do-botafogo: Set directory modification time (using SetModTime)
2026/08/08 19:30:37 INFO  : sites-v4/globalsouth/dist/tags/t20: Set directory modification time (using SetModTime)
2026/08/08 19:30:37 INFO  : sites-v4/riocarta/.vercel/output/static/preview/rascunhos/smoke-202605132005-macae-consolida-avancos-nas-politicas-publicas-voltadas-ao-publico-feminino: Set directory modification time (using SetModTime)
2026/08/08 19:30:37 INFO  : sites-v4/railpost/.git/objects/14/a2b8658918ffeaf693d8a63cb34e27cd221763: Copied (new)
2026/08/08 19:30:37 INFO  : sites-v4/globalsouth/dist/tags/tariffs: Set directory modification time (using SetModTime)
2026/08/08 19:30:38 INFO  : sites-v4/riocarta/.vercel/output/static/preview/rascunhos/smoke-202605132005-mais-de-75-dos-moradores-da-ilha-grande-ja-aderiram-ao-viva-angra-sistema-digital-de-turism: Set directory modification time (using SetModTime)
2026/08/08 19:30:38 INFO  : sites-v4/globalsouth/dist/tags/technology: Set directory modification time (using SetModTime)
2026/08/08 19:30:38 INFO  : sites-v4/riocarta/dist/client/preview/rascunhos/smoke-202605132105-gabriel-david-sobre-reeleicao-na-liesa-independente-de-quem-estiver-la-quero-estar-perto: Set directory modification time (using SetModTime)
2026/08/08 19:30:38 INFO  : sites-v4/riocarta/.vercel/output/static/preview/rascunhos/smoke-202605132005-mulher-morre-atropelada-por-caminhao-em-iguaba-grande: Set directory modification time (using SetModTime)
2026/08/08 19:30:38 INFO  : sites-v4/globalsouth/dist/tags/tourism: Set directory modification time (using SetModTime)
2026/08/08 19:30:39 INFO  : sites-v4/riocarta/dist/client/preview/rascunhos/smoke-202605132105-lindbergh-aciona-stf-e-pf-contra-flavio-bolsonaro: Set directory modification time (using SetModTime)
2026/08/08 19:30:39 INFO  : sites-v4/riocarta/.vercel/output/static/preview/rascunhos/smoke-202605132005-pm-executado-a-tiros-e-sepultado-no-cemiterio-de-sao-goncalo: Set directory modification time (using SetModTime)
2026/08/08 19:30:39 INFO  : sites-v4/globalsouth/dist/tags/trade war: Set directory modification time (using SetModTime)
2026/08/08 19:30:39 INFO  : sites-v4/riocarta/.vercel/output/static/preview/rascunhos/smoke-202605132005-propag-deve-aliviar-contas-do-rio-e-adesao-e-prevista-ate-junho-diz-secretario-de-fazenda: Set directory modification time (using SetModTime)
2026/08/08 19:30:39 INFO  : sites-v4/globalsouth/dist/tags/trade: Set directory modification time (using SetModTime)
2026/08/08 19:30:40 INFO  : sites-v4/riocarta/.vercel/output/static/preview/rascunhos/smoke-202605132005-sem-acordo-rodoviarios-do-rio-mantem-ameaca-de-greve-apos-nova-rodada-de-negociacoes: Set directory modification time (using SetModTime)
2026/08/08 19:30:40 INFO  : sites-v4/globalsouth/dist/tags/training: Set directory modification time (using SetModTime)
2026/08/08 19:30:40 INFO  : sites-v4/riocarta/.vercel/output/static/preview/rascunhos/smoke-202605132005-vereadores-aprovam-propostas-voltadas-aos-adolescentes-e-pcd: Set directory modification time (using SetModTime)
2026/08/08 19:30:40 INFO  : sites-v4/railpost/.git/objects/15/dab66b663c113c39ad1219d007867d1fcd8271: Copied (new)
2026/08/08 19:30:41 INFO  : sites-v4/riocarta/dist/client/preview/rascunhos/smoke-202605132105-ludmilla-xama-fafa-de-belem-e-paralamas-do-sucesso-sao-destaques-da-segunda-semana-de-shows-dos: Set directory modification time (using SetModTime)
2026/08/08 19:30:41 INFO  : sites-v4/globalsouth/dist/tags/troops: Set directory modification time (using SetModTime)
2026/08/08 19:30:41 INFO  : sites-v4/riocarta/.vercel/output/static/preview/rascunhos/smoke-202605132105-carreta-oftalmologica-ja-supera-os-2-mil-atendimentos: Set directory modification time (using SetModTime)
2026/08/08 19:30:41 INFO  : sites-v4/globalsouth/dist/tags/trump: Set directory modification time (using SetModTime)
2026/08/08 19:30:41 INFO  : sites-v4/riocarta/dist/client/preview/rascunhos/smoke-202605132105-mc-poze-do-rodo-deixa-prisao-apos-determinacao-do-trf-3: Set directory modification time (using SetModTime)
2026/08/08 19:30:42 INFO  : sites-v4/riocarta/.vercel/output/static/preview/rascunhos/smoke-202605132105-deputados-pedem-investigacao-sobre-relacao-de-flavio-bolsonaro-com-dono-do-banco-master: Set directory modification time (using SetModTime)
2026/08/08 19:30:42 INFO  : sites-v4/globalsouth/dist/tags/tunisia: Set directory modification time (using SetModTime)
2026/08/08 19:30:42 INFO  : sites-v4/riocarta/dist/client/preview/rascunhos/smoke-202605132105-pf-e-pgr-investigam-relacao-entre-flavio-bolsonaro-vorcaro-e-filme-sobre-jair-bolsonaro: Set directory modification time (using SetModTime)
2026/08/08 19:30:42 INFO  : sites-v4/riocarta/.vercel/output/static/preview/rascunhos/smoke-202605132105-deputados-pedem-investigacao-sobre-relacao-entre-vorcaro-e-flavio: Set directory modification time (using SetModTime)
2026/08/08 19:30:42 INFO  : sites-v4/globalsouth/dist/tags/turkey: Set directory modification time (using SetModTime)
2026/08/08 19:30:42 INFO  : sites-v4/globalsouth/.git/objects/15/05dbc4b72046cd22d82ad35ee12a7c5fb3a900: Copied (new)
2026/08/08 19:30:42 INFO  : sites-v4/riocarta/dist/client/preview/rascunhos/smoke-202605132105-prefeitura-de-resende-realiza-manutencao-na-serra-de-maua-para-melhorar-seguranca: Set directory modification time (using SetModTime)
2026/08/08 19:30:43 INFO  : sites-v4/riocarta/.vercel/output/static/preview/rascunhos/smoke-202605132105-etapa-de-saquarema-da-wsl-tera-shows-com-buchecha-veigh-e-cidade-negra: Set directory modification time (using SetModTime)
2026/08/08 19:30:43 INFO  : sites-v4/riocarta/dist/client/preview/rascunhos/smoke-202605132105-projeto-saude-com-voce-levara-atendimentos-ao-parque-mambucaba: Set directory modification time (using SetModTime)
2026/08/08 19:30:43 INFO  : sites-v4/globalsouth/dist/tags/uganda: Set directory modification time (using SetModTime)
2026/08/08 19:30:43 INFO  : sites-v4/railpost/.git/objects/16/8b145032578aa7a99cb75090763c90cde631dd: Copied (new)
2026/08/08 19:30:43 INFO  : sites-v4/riocarta/.vercel/output/static/preview/rascunhos/smoke-202605132105-flavio-bolsonaro-conversou-com-vorcaro-quando-investigacoes-sobre-o-master-ja-eram-publicas: Set directory modification time (using SetModTime)
2026/08/08 19:30:43 INFO  : sites-v4/riocarta/dist/client/preview/rascunhos/smoke-202605132105-publicitario-detalha-aporte-de-r-62-milhoes-de-vorcaro-a-filme-de-bolsonaro: Set directory modification time (using SetModTime)
2026/08/08 19:30:43 INFO  : sites-v4/globalsouth/dist/tags/uk: Set directory modification time (using SetModTime)
2026/08/08 19:30:44 INFO  : sites-v4/aiatolah/.git/objects/15/86d8416bb9d8d28fc90ea6dbe308ea9a2d28b0: Copied (new)
2026/08/08 19:30:45 INFO  : sites-v4/riocarta/dist/client/preview/rascunhos/smoke-202605132105-tres-rios-sedia-encontro-regional-sobre-inovacao-ia-e-mercado-de-tecnologia: Set directory modification time (using SetModTime)
2026/08/08 19:30:45 INFO  : sites-v4/riocarta/.vercel/output/static/preview/rascunhos/smoke-202605132105-gabriel-david-sobre-reeleicao-na-liesa-independente-de-quem-estiver-la-quero-estar-perto: Set directory modification time (using SetModTime)
2026/08/08 19:30:45 INFO  : sites-v4/globalsouth/dist/tags/un report: Set directory modification time (using SetModTime)
2026/08/08 19:30:46 INFO  : sites-v4/riocarta/dist/client/preview/rascunhos/smoke-202605132105-vinhos-fluminenses-viram-tema-de-congresso-na-alerj: Set directory modification time (using SetModTime)
2026/08/08 19:30:46 INFO  : sites-v4/riocarta/.vercel/output/static/preview/rascunhos/smoke-202605132105-lindbergh-aciona-stf-e-pf-contra-flavio-bolsonaro: Set directory modification time (using SetModTime)
2026/08/08 19:30:47 INFO  : sites-v4/riocarta/.vercel/output/static/preview/rascunhos/smoke-202605132105-ludmilla-xama-fafa-de-belem-e-paralamas-do-sucesso-sao-destaques-da-segunda-semana-de-shows-dos: Set directory modification time (using SetModTime)
2026/08/08 19:30:47 INFO  : sites-v4/riocarta/dist/client/preview/rascunhos/smoke-202605132205-apos-mentir-flavio-bolsonaro-se-vitimiza-e-admite-contrato-milionario: Set directory modification time (using SetModTime)
2026/08/08 19:30:47 INFO  : sites-v4/globalsouth/dist/tags/un: Set directory modification time (using SetModTime)
2026/08/08 19:30:47 INFO  : sites-v4/riocarta/.vercel/output/static/preview/rascunhos/smoke-202605132105-mc-poze-do-rodo-deixa-prisao-apos-determinacao-do-trf-3: Set directory modification time (using SetModTime)
2026/08/08 19:30:48 INFO  : sites-v4/riocarta/dist/client/preview/rascunhos/smoke-202605132205-base-do-governo-critica-flavio-por-pedido-a-vorcaro-para-financiar-filme: Set directory modification time (using SetModTime)
2026/08/08 19:30:48 INFO  : sites-v4/globalsouth/dist/tags/unaids: Set directory modification time (using SetModTime)
2026/08/08 19:30:49 INFO  : sites-v4/globalsouth/dist/tags/unctad: Set directory modification time (using SetModTime)
2026/08/08 19:30:49 INFO  : sites-v4/riocarta/.vercel/output/static/preview/rascunhos/smoke-202605132105-pf-e-pgr-investigam-relacao-entre-flavio-bolsonaro-vorcaro-e-filme-sobre-jair-bolsonaro: Set directory modification time (using SetModTime)
2026/08/08 19:30:49 INFO  : sites-v4/riocarta/dist/client/preview/rascunhos/smoke-202605132205-caso-vorcaro-leva-pt-a-ampliar-ataques-contra-flavio-bolsonaro-no-congresso-e-nas-redes: Set directory modification time (using SetModTime)
2026/08/08 19:30:49 INFO  : sites-v4/globalsouth/dist/tags/united nations: Set directory modification time (using SetModTime)
2026/08/08 19:30:51 INFO  : sites-v4/riocarta/.vercel/output/static/preview/rascunhos/smoke-202605132105-prefeitura-de-resende-realiza-manutencao-na-serra-de-maua-para-melhorar-seguranca: Set directory modification time (using SetModTime)
2026/08/08 19:30:51 INFO  : sites-v4/riocarta/dist/client/preview/rascunhos/smoke-202605132205-comissao-de-orcamento-da-alerj-aprova-parecer-da-ldo-2027: Set directory modification time (using SetModTime)
2026/08/08 19:30:51 INFO  : sites-v4/riocarta/.vercel/output/static/preview/rascunhos/smoke-202605132105-projeto-saude-com-voce-levara-atendimentos-ao-parque-mambucaba: Set directory modification time (using SetModTime)
2026/08/08 19:30:51 INFO  : sites-v4/globalsouth/dist/tags/united states: Set directory modification time (using SetModTime)
2026/08/08 19:30:54 INFO  : sites-v4/riocarta/dist/client/preview/rascunhos/smoke-202605132205-dani-monteiro-protocola-pl-para-zerar-icms-de-compras-internacionais-de-ate-us-50-no-rio: Set directory modification time (using SetModTime)
2026/08/08 19:30:54 INFO  : sites-v4/globalsouth/dist/tags/united-states: Set directory modification time (using SetModTime)
2026/08/08 19:30:54 INFO  : sites-v4/riocarta/.vercel/output/static/preview/rascunhos/smoke-202605132105-publicitario-detalha-aporte-de-r-62-milhoes-de-vorcaro-a-filme-de-bolsonaro: Set directory modification time (using SetModTime)
2026/08/08 19:30:54 INFO  : sites-v4/discoverbrazil/.git/objects/18/2dc581c453053be625bfbc490158d6823ebdaa: Copied (new)
2026/08/08 19:30:55 INFO  : sites-v4/globalsouth/dist/tags/us state department: Set directory modification time (using SetModTime)
2026/08/08 19:30:55 INFO  : sites-v4/riocarta/dist/client/preview/rascunhos/smoke-202605132205-flavio-bolsonaro-admite-cobranca-a-vorcaro-por-dinheiro-para-filme-sobre-pai: Set directory modification time (using SetModTime)
2026/08/08 19:30:55 INFO  : sites-v4/riocarta/.vercel/output/static/preview/rascunhos/smoke-202605132105-tres-rios-sedia-encontro-regional-sobre-inovacao-ia-e-mercado-de-tecnologia: Set directory modification time (using SetModTime)
2026/08/08 19:30:55 INFO  : sites-v4/riocarta/.vercel/output/static/preview/rascunhos/smoke-202605132105-vinhos-fluminenses-viram-tema-de-congresso-na-alerj: Set directory modification time (using SetModTime)
2026/08/08 19:30:55 INFO  : sites-v4/globalsouth/dist/tags/us-politics: Set directory modification time (using SetModTime)
2026/08/08 19:30:55 INFO  : sites-v4/riocarta/dist/client/preview/rascunhos/smoke-202605132205-flavio-bolsonaro-negou-contato-com-vorcaro-e-agora-admite-pedido-de-dinheiro-para-filme: Set directory modification time (using SetModTime)
2026/08/08 19:30:57 INFO  : sites-v4/globalsouth/dist/tags/us: Set directory modification time (using SetModTime)
2026/08/08 19:30:57 INFO  : sites-v4/riocarta/.vercel/output/static/preview/rascunhos/smoke-202605132205-apos-mentir-flavio-bolsonaro-se-vitimiza-e-admite-contrato-milionario: Set directory modification time (using SetModTime)
2026/08/08 19:30:57 INFO  : sites-v4/riocarta/dist/client/preview/rascunhos/smoke-202605132205-flavio-bolsonaro-negou-pedido-de-dinheiro-antes-de-audio-vir-a-tona-e-mentira: Set directory modification time (using SetModTime)
2026/08/08 19:30:58 INFO  : sites-v4/globalsouth/dist/tags/venezuela: Set directory modification time (using SetModTime)
2026/08/08 19:30:59 INFO  : sites-v4/globalsouth/dist/tags/war: Set directory modification time (using SetModTime)
2026/08/08 19:30:59 INFO  : sites-v4/riocarta/dist/client/preview/rascunhos/smoke-202605132205-justica-decreta-prisao-da-mae-de-bebe-internado-em-estado-grave-apos-suspeita-de-abuso-em-marica: Set directory modification time (using SetModTime)
2026/08/08 19:31:00 INFO  : sites-v4/globalsouth/dist/tags/west africa: Set directory modification time (using SetModTime)
2026/08/08 19:31:00 INFO  : sites-v4/riocarta/dist/client/preview/rascunhos/smoke-202605132205-noite-de-graves-acidentes-e-morte-em-sao-goncalo-e-niteroi: Set directory modification time (using SetModTime)
2026/08/08 19:31:00 INFO  : sites-v4/globalsouth/.git/objects/1a/b5f525b9df057c2c8e85fabc3a83f30768e69a: Copied (new)
2026/08/08 19:31:00 INFO  : sites-v4/globalsouth/dist/tags/west bank: Set directory modification time (using SetModTime)
2026/08/08 19:31:01 INFO  : sites-v4/riocarta/dist/client/preview/rascunhos/smoke-202605132205-pagamentos-de-vorcaro-ao-filme-de-bolsonaro-superam-orcamento-de-indicados-ao-oscar: Set directory modification time (using SetModTime)
2026/08/08 19:31:01 INFO  : sites-v4/riocarta/.vercel/output/static/preview/rascunhos/smoke-202605132205-base-do-governo-critica-flavio-por-pedido-a-vorcaro-para-financiar-filme: Set directory modification time (using SetModTime)
2026/08/08 19:31:01 INFO  : sites-v4/globalsouth/dist/tags/west-asia: Set directory modification time (using SetModTime)
2026/08/08 19:31:01 INFO  : sites-v4/riocarta/.vercel/output/static/preview/rascunhos/smoke-202605132205-caso-vorcaro-leva-pt-a-ampliar-ataques-contra-flavio-bolsonaro-no-congresso-e-nas-redes: Set directory modification time (using SetModTime)
2026/08/08 19:31:01 INFO  : sites-v4/riocarta/dist/client/preview/rascunhos/smoke-202605132205-paraiso-do-tuiuti-2027-leia-a-sinopse-do-enredo: Set directory modification time (using SetModTime)
2026/08/08 19:31:02 INFO  : sites-v4/riocarta/.vercel/output/static/preview/rascunhos/smoke-202605132205-comissao-de-orcamento-da-alerj-aprova-parecer-da-ldo-2027: Set directory modification time (using SetModTime)
2026/08/08 19:31:02 INFO  : sites-v4/riocarta/dist/client/preview/rascunhos/smoke-202605132205-policia-federal-deflagra-a-operacao-vigilantia-velata-na-regiao-dos-lagos: Set directory modification time (using SetModTime)
2026/08/08 19:31:03 INFO  : sites-v4/globalsouth/dist/tags/whales: Set directory modification time (using SetModTime)
2026/08/08 19:31:03 INFO  : sites-v4/globalsouth/dist/tags/whaling ban: Set directory modification time (using SetModTime)
2026/08/08 19:31:04 INFO  : sites-v4/globalsouth/dist/tags/who: Set directory modification time (using SetModTime)
2026/08/08 19:31:05 INFO  : sites-v4/globalsouth/dist/tags/wildfires: Set directory modification time (using SetModTime)
2026/08/08 19:31:32 INFO  :     9.659 MiB / 9.793 MiB, 99%, 1.350 KiB/s, ETA 1m41s
2026/08/08 19:31:40 INFO  : sites-v4/riocarta/.vercel/output/static/preview/rascunhos/smoke-202605132205-dani-monteiro-protocola-pl-para-zerar-icms-de-compras-internacionais-de-ate-us-50-no-rio: Set directory modification time (using SetModTime)
2026/08/08 19:31:41 INFO  : sites-v4/riocarta/.vercel/output/static/preview/rascunhos/smoke-202605132205-flavio-bolsonaro-admite-cobranca-a-vorcaro-por-dinheiro-para-filme-sobre-pai: Set directory modification time (using SetModTime)
2026/08/08 19:31:41 INFO  : sites-v4/riocarta/.vercel/output/static/preview/rascunhos/smoke-202605132205-flavio-bolsonaro-negou-contato-com-vorcaro-e-agora-admite-pedido-de-dinheiro-para-filme: Set directory modification time (using SetModTime)
2026/08/08 19:31:57 INFO  : sites-v4/riocarta/dist/client/preview/rascunhos/smoke-202605132205-quaqua-anuncia-rompimento-de-apoio-a-candidatura-de-benedita-da-silva: Set directory modification time (using SetModTime)
2026/08/08 19:31:58 INFO  : sites-v4/globalsouth/dist/tags/winter sports: Set directory modification time (using SetModTime)
2026/08/08 19:31:59 INFO  : sites-v4/globalsouth/dist/tags/world bank: Set directory modification time (using SetModTime)
2026/08/08 19:31:59 INFO  : sites-v4/riocarta/dist/client/preview/rascunhos/smoke-202605132205-semana-da-enfermagem-2026-e-iniciada-com-homenagens-e-reconhecimento-da-profissao: Set directory modification time (using SetModTime)
2026/08/08 19:31:59 INFO  : sites-v4/globalsouth/dist/tags/xenophobia: Set directory modification time (using SetModTime)
2026/08/08 19:32:00 INFO  : sites-v4/riocarta/.vercel/output/static/preview/rascunhos/smoke-202605132205-flavio-bolsonaro-negou-pedido-de-dinheiro-antes-de-audio-vir-a-tona-e-mentira: Set directory modification time (using SetModTime)
2026/08/08 19:32:00 INFO  : sites-v4/globalsouth/dist/tags/yemen: Set directory modification time (using SetModTime)
2026/08/08 19:32:00 INFO  : sites-v4/riocarta/.vercel/output/static/preview/rascunhos/smoke-202605132205-justica-decreta-prisao-da-mae-de-bebe-internado-em-estado-grave-apos-suspeita-de-abuso-em-marica: Set directory modification time (using SetModTime)
2026/08/08 19:32:00 INFO  : sites-v4/riocarta/dist/client/preview/rascunhos/smoke-202605132305-corpo-de-bombeiros-capacitam-membros-para-atendimento-em-libras: Set directory modification time (using SetModTime)
2026/08/08 19:32:01 INFO  : sites-v4/riocarta/.vercel/output/static/preview/rascunhos/smoke-202605132205-noite-de-graves-acidentes-e-morte-em-sao-goncalo-e-niteroi: Set directory modification time (using SetModTime)
2026/08/08 19:32:01 INFO  : sites-v4/globalsouth/dist/tags/youth: Set directory modification time (using SetModTime)
2026/08/08 19:32:01 INFO  : sites-v4/riocarta/dist/client/preview/rascunhos/smoke-202605132305-crise-bolsomaster-apavora-aliados-e-fragiliza-flavio-bolsonaro: Set directory modification time (using SetModTime)
2026/08/08 19:32:01 INFO  : sites-v4/riocarta/.vercel/output/static/preview/rascunhos/smoke-202605132205-pagamentos-de-vorcaro-ao-filme-de-bolsonaro-superam-orcamento-de-indicados-ao-oscar: Set directory modification time (using SetModTime)
2026/08/08 19:32:01 INFO  : sites-v4/globalsouth/dist/tags/zimbabwe: Set directory modification time (using SetModTime)
2026/08/08 19:32:01 INFO  : sites-v4/riocarta/dist/client/preview/rascunhos/smoke-202605132305-csn-abre-vagas-de-emprego-e-estagio-no-sul-do-estado-rj: Set directory modification time (using SetModTime)
2026/08/08 19:32:02 INFO  : sites-v4/riocarta/.vercel/output/static/preview/rascunhos/smoke-202605132205-paraiso-do-tuiuti-2027-leia-a-sinopse-do-enredo: Set directory modification time (using SetModTime)
2026/08/08 19:32:03 INFO  : sites-v4/riocarta/.vercel/output/static/preview/rascunhos/smoke-202605132205-policia-federal-deflagra-a-operacao-vigilantia-velata-na-regiao-dos-lagos: Set directory modification time (using SetModTime)
2026/08/08 19:32:03 INFO  : sites-v4/riocarta/.vercel/output/static/preview/rascunhos/smoke-202605132205-quaqua-anuncia-rompimento-de-apoio-a-candidatura-de-benedita-da-silva: Set directory modification time (using SetModTime)
2026/08/08 19:32:32 INFO  :    10.059 MiB / 10.193 MiB, 99%, 3.804 KiB/s, ETA 36s
2026/08/08 19:32:45 INFO  : sites-v4/riocarta/.vercel/output/static/preview/rascunhos/smoke-202605132205-semana-da-enfermagem-2026-e-iniciada-com-homenagens-e-reconhecimento-da-profissao: Set directory modification time (using SetModTime)
2026/08/08 19:32:46 INFO  : sites-v4/riocarta/.vercel/output/static/preview/rascunhos/smoke-202605132305-corpo-de-bombeiros-capacitam-membros-para-atendimento-em-libras: Set directory modification time (using SetModTime)
2026/08/08 19:32:46 INFO  : sites-v4/riocarta/.vercel/output/static/preview/rascunhos/smoke-202605132305-crise-bolsomaster-apavora-aliados-e-fragiliza-flavio-bolsonaro: Set directory modification time (using SetModTime)
2026/08/08 19:32:47 INFO  : sites-v4/riocarta/.vercel/output/static/preview/rascunhos/smoke-202605132305-csn-abre-vagas-de-emprego-e-estagio-no-sul-do-estado-rj: Set directory modification time (using SetModTime)
2026/08/08 19:32:48 INFO  : sites-v4/riocarta/.vercel/output/static/preview/rascunhos/smoke-202605132305-estudante-da-unirio-tera-que-pagar-r-720-mil-por-ocupar-vaga-de-cota-racial: Set directory modification time (using SetModTime)
2026/08/08 19:32:48 INFO  : sites-v4/riocarta/.vercel/output/static/preview/rascunhos/smoke-202605132305-festival-de-pipas-em-niteroi-fenomeno-atrai-2-mil-pessoas-e-colore-o-ceu-da-cidade: Set directory modification time (using SetModTime)
2026/08/08 19:32:49 INFO  : sites-v4/riocarta/.vercel/output/static/preview/rascunhos/smoke-202605132305-flavio-bolsonaro-admite-pedido-milionario-a-banqueiro-para-filme-sobre-jair-bolsonaro-e-reage-co: Set directory modification time (using SetModTime)
2026/08/08 19:32:50 INFO  : sites-v4/riocarta/.vercel/output/static/preview/rascunhos/smoke-202605132305-flavio-bolsonaro-que-pediu-dinheiro-a-daniel-vorcaro: Set directory modification time (using SetModTime)
2026/08/08 19:32:50 INFO  : sites-v4/riocarta/.vercel/output/static/preview/rascunhos/smoke-202605132305-flavio-bolsonaro-recebe-apoio-do-pl-apos-revelacao-de-pedido-de-dinheiro-a-daniel-vorcaro: Set directory modification time (using SetModTime)
2026/08/08 19:32:51 INFO  : sites-v4/riocarta/.vercel/output/static/preview/rascunhos/smoke-202605132305-homem-e-preso-com-grande-quantidade-de-drogas-em-condominio-de-volta-redonda: Set directory modification time (using SetModTime)
2026/08/08 19:33:01 INFO  : sites-v4/riocarta/dist/client/preview/rascunhos/smoke-202605132305-estudante-da-unirio-tera-que-pagar-r-720-mil-por-ocupar-vaga-de-cota-racial: Set directory modification time (using SetModTime)
2026/08/08 19:33:02 INFO  : sites-v4/riocarta/dist/client/preview/rascunhos/smoke-202605132305-festival-de-pipas-em-niteroi-fenomeno-atrai-2-mil-pessoas-e-colore-o-ceu-da-cidade: Set directory modification time (using SetModTime)
2026/08/08 19:33:20 INFO  : sites-v4/riocarta/.vercel/output/static/preview/rascunhos/smoke-202605132305-moradores-de-baixada-em-desespero-ao-ter-valores-bloqueados-por-cobrancas-de-iptu-entenda: Set directory modification time (using SetModTime)
2026/08/08 19:33:21 INFO  : sites-v4/riocarta/dist/client/preview/rascunhos/smoke-202605132305-flavio-bolsonaro-admite-pedido-milionario-a-banqueiro-para-filme-sobre-jair-bolsonaro-e-reage-co: Set directory modification time (using SetModTime)
2026/08/08 19:33:27 INFO  : sites-v4/riocarta/.vercel/output/static/preview/rascunhos/smoke-202605132305-taxa-de-turismo-em-angra-volta-ao-debate-em-audiencia-da-alerj-na-ilha-grande: Set directory modification time (using SetModTime)
2026/08/08 19:33:27 INFO  : sites-v4/riocarta/dist/client/preview/rascunhos/smoke-202605132305-flavio-bolsonaro-que-pediu-dinheiro-a-daniel-vorcaro: Set directory modification time (using SetModTime)
2026/08/08 19:33:27 INFO  : sites-v4/riocarta/.vercel/output/static/preview/rascunhos/smoke-202605132305-tutuca-participa-de-evento-da-aproaco-e-defende-fortalecimento-da-industria: Set directory modification time (using SetModTime)
2026/08/08 19:33:27 INFO  : sites-v4/riocarta/dist/client/preview/rascunhos/smoke-202605132305-flavio-bolsonaro-recebe-apoio-do-pl-apos-revelacao-de-pedido-de-dinheiro-a-daniel-vorcaro: Set directory modification time (using SetModTime)
2026/08/08 19:33:28 INFO  : sites-v4/globalsouth/.git/objects/1c/af97443e7fe433bdc9375073d85c758c3a81c8: Copied (new)
2026/08/08 19:33:28 INFO  : sites-v4/aiatolah/.git/objects/1a/41b60abd459d3394b0a8478df6089d46eb0b5b: Copied (new)
2026/08/08 19:33:28 INFO  : sites-v4/riocarta/.vercel/output/static/preview/rascunhos/smoke-202605132305-vacina-atualizada-contra-a-covid-saiba-quem-ja-pode-se-imunizar-no-rio: Set directory modification time (using SetModTime)
2026/08/08 19:33:28 INFO  : sites-v4/riocarta/dist/client/preview/rascunhos/smoke-202605132305-homem-e-preso-com-grande-quantidade-de-drogas-em-condominio-de-volta-redonda: Set directory modification time (using SetModTime)
2026/08/08 19:33:29 INFO  : sites-v4/riocarta/.vercel/output/static/preview/rascunhos/smoke-202605150001-alerj-aprova-politica-estadual-para-prevencao-da-mortalidade-materna-e-infantil: Set directory modification time (using SetModTime)
2026/08/08 19:33:29 INFO  : sites-v4/riocarta/dist/client/preview/rascunhos/smoke-202605132305-moradores-de-baixada-em-desespero-ao-ter-valores-bloqueados-por-cobrancas-de-iptu-entenda: Set directory modification time (using SetModTime)
2026/08/08 19:33:29 INFO  : sites-v4/riocarta/.vercel/output/static/preview/rascunhos/smoke-202605150001-concursos-de-casimiro-de-abreu-passam-a-ter-vagas-reservadas-a-pretos-pardos-indigenas-e-quilomb: Set directory modification time (using SetModTime)
2026/08/08 19:33:29 INFO  : sites-v4/riocarta/dist/client/preview/rascunhos/smoke-202605132305-taxa-de-turismo-em-angra-volta-ao-debate-em-audiencia-da-alerj-na-ilha-grande: Set directory modification time (using SetModTime)
2026/08/08 19:33:30 INFO  : sites-v4/mapario/.git/objects/22/f82013eeb149f8d53d23b8d77596103562544e: Copied (new)
2026/08/08 19:33:30 INFO  : sites-v4/riocarta/dist/client/preview/rascunhos/smoke-202605132305-tutuca-participa-de-evento-da-aproaco-e-defende-fortalecimento-da-industria: Set directory modification time (using SetModTime)
2026/08/08 19:33:30 INFO  : sites-v4/riocarta/.vercel/output/static/preview/rascunhos/smoke-202605150001-douglas-ruas-anuncia-comissao-de-corte-de-gastos-e-ajuste-fiscal-do-estado: Set directory modification time (using SetModTime)
2026/08/08 19:33:30 INFO  : sites-v4/riocarta/dist/client/preview/rascunhos/smoke-202605132305-vacina-atualizada-contra-a-covid-saiba-quem-ja-pode-se-imunizar-no-rio: Set directory modification time (using SetModTime)
2026/08/08 19:33:30 INFO  : sites-v4/riocarta/.vercel/output/static/preview/rascunhos/smoke-202605150001-grave-acidente-caminhao-atinge-carros-igreja-e-deixa-3-mortos-e-4-feridos-em-nova-friburgo: Set directory modification time (using SetModTime)
2026/08/08 19:33:31 INFO  : sites-v4/riocarta/dist/client/preview/rascunhos/smoke-202605150001-alerj-aprova-politica-estadual-para-prevencao-da-mortalidade-materna-e-infantil: Set directory modification time (using SetModTime)
2026/08/08 19:33:31 INFO  : sites-v4/riocarta/.vercel/output/static/preview/rascunhos/smoke-202605150001-mc-poze-do-rodo-deixa-presidio-em-bangu-apos-decisao-da-justica-federal: Set directory modification time (using SetModTime)
2026/08/08 19:33:32 INFO  : sites-v4/riocarta/dist/client/preview/rascunhos/smoke-202605150001-concursos-de-casimiro-de-abreu-passam-a-ter-vagas-reservadas-a-pretos-pardos-indigenas-e-quilomb: Set directory modification time (using SetModTime)
2026/08/08 19:33:32 INFO  : sites-v4/riocarta/.vercel/output/static/preview/rascunhos/smoke-202605150001-mprj-afasta-medico-e-servidora-acusados-de-venda-ilegal-de-mounjaro-em-upa-da-baixada: Set directory modification time (using SetModTime)
2026/08/08 19:33:32 INFO  :    10.330 MiB / 10.330 MiB, 100%, 11.450 KiB/s, ETA 0s
2026/08/08 19:33:32 INFO  : sites-v4/riocarta/dist/client/preview/rascunhos/smoke-202605150001-douglas-ruas-anuncia-comissao-de-corte-de-gastos-e-ajuste-fiscal-do-estado: Set directory modification time (using SetModTime)
2026/08/08 19:33:33 INFO  : sites-v4/riocarta/.vercel/output/static/preview/rascunhos/smoke-202605150001-pai-de-daniel-vorcaro-e-preso-na-6a-fase-da-operacao-compliance-zero: Set directory modification time (using SetModTime)
2026/08/08 19:33:33 INFO  : sites-v4/riocarta/dist/client/preview/rascunhos/smoke-202605150001-grave-acidente-caminhao-atinge-carros-igreja-e-deixa-3-mortos-e-4-feridos-em-nova-friburgo: Set directory modification time (using SetModTime)
2026/08/08 19:33:33 INFO  : sites-v4/riocarta/.vercel/output/static/preview/rascunhos/smoke-202605150001-pf-aponta-que-vorcaro-mantinha-no-rio-de-janeiro-grupo-ligado-a-jogo-do-bicho-e-milicia-para-faz: Set directory modification time (using SetModTime)
2026/08/08 19:33:33 INFO  : sites-v4/riocarta/dist/client/preview/rascunhos/smoke-202605150001-mc-poze-do-rodo-deixa-presidio-em-bangu-apos-decisao-da-justica-federal: Set directory modification time (using SetModTime)
2026/08/08 19:33:34 INFO  : sites-v4/riocarta/.vercel/output/static/preview/rascunhos/smoke-202605150001-pf-liga-daniel-vorcaro-ao-bicho-e-a-turma-da-coacao: Set directory modification time (using SetModTime)
2026/08/08 19:33:34 INFO  : sites-v4/riocarta/dist/client/preview/rascunhos/smoke-202605150001-mprj-afasta-medico-e-servidora-acusados-de-venda-ilegal-de-mounjaro-em-upa-da-baixada: Set directory modification time (using SetModTime)
2026/08/08 19:33:34 INFO  : sites-v4/riocarta/.vercel/output/static/preview/rascunhos/smoke-202605150001-pm-e-denunciado-por-constrangimento-ilegal-apos-invadir-posto-de-saude-para-confrontar-vigilante: Set directory modification time (using SetModTime)
2026/08/08 19:33:35 INFO  : sites-v4/riocarta/dist/client/preview/rascunhos/smoke-202605150001-pai-de-daniel-vorcaro-e-preso-na-6a-fase-da-operacao-compliance-zero: Set directory modification time (using SetModTime)
2026/08/08 19:33:35 INFO  : sites-v4/riocarta/.vercel/output/static/preview/rascunhos/smoke-202605150001-policia-federal-aponta-vinculos-de-vorcaro-com-milicia-e-jogo-do-bicho-no-rio: Set directory modification time (using SetModTime)
2026/08/08 19:33:35 INFO  : sites-v4/riocarta/dist/client/preview/rascunhos/smoke-202605150001-pf-aponta-que-vorcaro-mantinha-no-rio-de-janeiro-grupo-ligado-a-jogo-do-bicho-e-milicia-para-faz: Set directory modification time (using SetModTime)
2026/08/08 19:33:36 INFO  : sites-v4/riocarta/.vercel/output/static/preview/rascunhos/smoke-202605150001-rio-bane-dinheiro-nos-onibus-e-isola-motorista: Set directory modification time (using SetModTime)
2026/08/08 19:33:36 INFO  : sites-v4/mapario/.git/objects/2c/697f877839b988ceb79f94d1a8db46a29ecd43: Copied (new)
2026/08/08 19:33:36 INFO  : sites-v4/riocarta/dist/client/preview/rascunhos/smoke-202605150001-pf-liga-daniel-vorcaro-ao-bicho-e-a-turma-da-coacao: Set directory modification time (using SetModTime)
2026/08/08 19:33:36 INFO  : sites-v4/globalsouth/.git/objects/22/f0f27a6d86c32120d5b386e4ce58eecf1d1f68: Copied (new)
2026/08/08 19:33:37 INFO  : sites-v4/mundotrilhos/.git/objects/22/ce28194c721b5be13d7e3ed8030177c8fa7dde: Copied (new)
2026/08/08 19:33:38 INFO  : sites-v4/mundotrilhos/.git/objects/22/fb0f82d3839de02159eb095f746212f18ca726: Copied (new)
2026/08/08 19:33:38 INFO  : sites-v4/riocarta/.vercel/output/static/preview/rascunhos/smoke-202605150001-rodrigo-neves-mobiliza-vereadores-e-fortalece-palanque-de-eduardo-paes-em-niteroi: Set directory modification time (using SetModTime)
2026/08/08 19:33:38 INFO  : sites-v4/riocarta/dist/client/preview/rascunhos/smoke-202605150001-pm-e-denunciado-por-constrangimento-ilegal-apos-invadir-posto-de-saude-para-confrontar-vigilante: Set directory modification time (using SetModTime)
2026/08/08 19:33:40 INFO  : sites-v4/riocarta/.vercel/output/static/preview/rascunhos/smoke-202605150001-tce-rj-suspende-julgamento-das-contas-de-fabiano-horta-em-marica-entenda-o-que-pode-mudar: Set directory modification time (using SetModTime)
2026/08/08 19:33:40 INFO  : sites-v4/riocarta/dist/client/preview/rascunhos/smoke-202605150001-policia-federal-aponta-vinculos-de-vorcaro-com-milicia-e-jogo-do-bicho-no-rio: Set directory modification time (using SetModTime)
2026/08/08 19:33:40 INFO  : sites-v4/riocarta/.vercel/output/static/preview/rascunhos/smoke-202605150005-acidentes-com-bikes-eletricas-disparam-no-rio-e-preocupam-pedestres-na-zona-sul: Set directory modification time (using SetModTime)
2026/08/08 19:33:40 INFO  : sites-v4/riocarta/dist/client/preview/rascunhos/smoke-202605150001-rio-bane-dinheiro-nos-onibus-e-isola-motorista: Set directory modification time (using SetModTime)
2026/08/08 19:33:42 INFO  : sites-v4/riocarta/dist/client/preview/rascunhos/smoke-202605150001-rodrigo-neves-mobiliza-vereadores-e-fortalece-palanque-de-eduardo-paes-em-niteroi: Set directory modification time (using SetModTime)
2026/08/08 19:33:42 INFO  : sites-v4/riocarta/.vercel/output/static/preview/rascunhos/smoke-202605150005-alerj-reage-ao-fim-do-dinheiro-nos-onibus-da-cidade-do-rio: Set directory modification time (using SetModTime)
2026/08/08 19:33:42 INFO  : sites-v4/riocarta/dist/client/preview/rascunhos/smoke-202605150001-tce-rj-suspende-julgamento-das-contas-de-fabiano-horta-em-marica-entenda-o-que-pode-mudar: Set directory modification time (using SetModTime)
2026/08/08 19:33:43 INFO  : sites-v4/riocarta/.vercel/output/static/preview/rascunhos/smoke-202605150005-cantor-poze-do-rodo-e-solto-apos-decisao-judicial: Set directory modification time (using SetModTime)
2026/08/08 19:33:44 INFO  : sites-v4/riocarta/dist/client/preview/rascunhos/smoke-202605150005-acidentes-com-bikes-eletricas-disparam-no-rio-e-preocupam-pedestres-na-zona-sul: Set directory modification time (using SetModTime)
2026/08/08 19:33:45 INFO  : sites-v4/riocarta/.vercel/output/static/preview/rascunhos/smoke-202605150005-centro-dia-para-idosos-com-alzheimer-de-vr-e-destaque-em-summit-internacional: Set directory modification time (using SetModTime)
2026/08/08 19:33:45 INFO  : sites-v4/aiatolah/.git/objects/23/db55e6be0da9b2b5b1267c9bef78d2eede3e61: Copied (new)
2026/08/08 19:33:45 INFO  : sites-v4/mapario/.git/objects/2f/a70c2c26dc87b9af2943fc09c93561b709d46e: Copied (new)
2026/08/08 19:33:45 INFO  : sites-v4/riocarta/.vercel/output/static/preview/rascunhos/smoke-202605150005-comissao-de-educacao-da-camara-realiza-audiencia-em-bangu-para-discutir-situacao-das-escolas-da: Set directory modification time (using SetModTime)
2026/08/08 19:33:45 INFO  : sites-v4/riocarta/dist/client/preview/rascunhos/smoke-202605150005-alerj-reage-ao-fim-do-dinheiro-nos-onibus-da-cidade-do-rio: Set directory modification time (using SetModTime)
2026/08/08 19:33:47 INFO  : sites-v4/riocarta/.vercel/output/static/preview/rascunhos/smoke-202605150005-comissao-de-transportes-vai-notificar-prefeitura-do-rio-por-proibir-pagamento-em-dinheiro-nos-on: Set directory modification time (using SetModTime)
2026/08/08 19:33:47 INFO  : sites-v4/riocarta/.vercel/output/static/preview/rascunhos/smoke-202605150005-der-vai-instalar-dois-semaforos-na-rj-140-apos-pedidos-de-moradores-e-comerciantes-em-sao-pedro: Set directory modification time (using SetModTime)
2026/08/08 19:33:47 INFO  : sites-v4/riocarta/dist/client/preview/rascunhos/smoke-202605150005-cantor-poze-do-rodo-e-solto-apos-decisao-judicial: Set directory modification time (using SetModTime)
2026/08/08 19:33:48 INFO  : sites-v4/riocarta/.vercel/output/static/preview/rascunhos/smoke-202605150005-discursos-masculinistas-sequestram-a-ansiedade-dos-meninos-diz-documentarista: Set directory modification time (using SetModTime)
2026/08/08 19:33:49 INFO  : sites-v4/aiatolah/.git/objects/25/067766fd441c7a6acc1fd816ba2b593523dc81: Copied (new)
2026/08/08 19:33:49 INFO  : sites-v4/riocarta/dist/client/preview/rascunhos/smoke-202605150005-centro-dia-para-idosos-com-alzheimer-de-vr-e-destaque-em-summit-internacional: Set directory modification time (using SetModTime)
2026/08/08 19:33:49 INFO  : sites-v4/riocarta/.vercel/output/static/preview/rascunhos/smoke-202605150005-itaborai-193-anos-ludmilla-dennis-natanzinho-lima-e-aline-barros-sao-as-atracoes-do-aniversario: Set directory modification time (using SetModTime)
2026/08/08 19:33:50 INFO  : sites-v4/riocarta/dist/client/preview/rascunhos/smoke-202605150005-comissao-de-educacao-da-camara-realiza-audiencia-em-bangu-para-discutir-situacao-das-escolas-da: Set directory modification time (using SetModTime)
2026/08/08 19:33:50 INFO  : sites-v4/riocarta/.vercel/output/static/preview/rascunhos/smoke-202605150005-mae-e-detida-em-marica-apos-bebe-ser-internado-em-estado-gravissimo-com-sinais-de-tortura: Set directory modification time (using SetModTime)
2026/08/08 19:33:51 INFO  : sites-v4/riocarta/dist/client/preview/rascunhos/smoke-202605150005-comissao-de-transportes-vai-notificar-prefeitura-do-rio-por-proibir-pagamento-em-dinheiro-nos-on: Set directory modification time (using SetModTime)
2026/08/08 19:33:51 INFO  : sites-v4/riocarta/.vercel/output/static/preview/rascunhos/smoke-202605150005-mc-poze-do-rodo-e-solto-apos-justica-conceder-habeas-corpus: Set directory modification time (using SetModTime)
2026/08/08 19:33:53 INFO  : sites-v4/riocarta/.vercel/output/static/preview/rascunhos/smoke-202605150005-pf-aponta-grupo-no-rio-ligado-a-jogo-do-bicho-e-milicia-em-investigacao-sobre-banco-master: Set directory modification time (using SetModTime)
2026/08/08 19:33:54 INFO  : sites-v4/riocarta/.vercel/output/static/preview/rascunhos/smoke-202605150005-pressao-por-cpi-do-banco-master-cresce-na-alerj-apos-audios-de-flavio-bolsonaro: Set directory modification time (using SetModTime)
2026/08/08 19:33:55 INFO  : sites-v4/riocarta/.vercel/output/static/preview/rascunhos/smoke-202605150005-projecao-fiscal-do-estado-do-rio-reduz-deficit-previsto-para-2027-em-quase-32: Set directory modification time (using SetModTime)
2026/08/08 19:33:55 INFO  : sites-v4/riocarta/dist/client/preview/rascunhos/smoke-202605150005-der-vai-instalar-dois-semaforos-na-rj-140-apos-pedidos-de-moradores-e-comerciantes-em-sao-pedro: Set directory modification time (using SetModTime)
2026/08/08 19:33:55 INFO  : sites-v4/riocarta/.vercel/output/static/preview/rascunhos/smoke-202605150005-projeto-de-alan-mansur-propoe-sigilo-funcional-para-servidoras-sob-medida-protetiva: Set directory modification time (using SetModTime)
2026/08/08 19:33:55 INFO  : sites-v4/riocarta/dist/client/preview/rascunhos/smoke-202605150005-discursos-masculinistas-sequestram-a-ansiedade-dos-meninos-diz-documentarista: Set directory modification time (using SetModTime)
2026/08/08 19:33:58 INFO  : sites-v4/riocarta/.vercel/output/static/preview/rascunhos/smoke-202605150105-alerj-concede-medalha-tiradentes-a-lazaro-ramos-por-impacto-cultural: Set directory modification time (using SetModTime)
2026/08/08 19:33:58 INFO  : sites-v4/riocarta/dist/client/preview/rascunhos/smoke-202605150005-itaborai-193-anos-ludmilla-dennis-natanzinho-lima-e-aline-barros-sao-as-atracoes-do-aniversario: Set directory modification time (using SetModTime)
2026/08/08 19:33:58 INFO  : sites-v4/globalsouth/.git/objects/28/18ae75c00254d73e96a03321cde1c6ee1a1a5d: Copied (new)
2026/08/08 19:33:58 INFO  : sites-v4/globalsouth/.git/objects/28/a0393e1dde13f1041d597924b95cd09d5539b7: Copied (new)
2026/08/08 19:33:58 INFO  : sites-v4/riocarta/.vercel/output/static/preview/rascunhos/smoke-202605150105-angra-ordena-comercio-de-pescado-na-praca-do-peixe: Set directory modification time (using SetModTime)
2026/08/08 19:33:58 INFO  : sites-v4/riocarta/dist/client/preview/rascunhos/smoke-202605150005-mae-e-detida-em-marica-apos-bebe-ser-internado-em-estado-gravissimo-com-sinais-de-tortura: Set directory modification time (using SetModTime)
2026/08/08 19:33:58 INFO  : sites-v4/ceara/.git/objects/27/6817f8091abe0732d33ab52777bbbff7a1d468: Copied (new)
2026/08/08 19:34:00 INFO  : sites-v4/riocarta/.vercel/output/static/preview/rascunhos/smoke-202605150105-assalto-a-farmacia-em-botafogo-gera-prejuizo-de-r-50-mil-canetas-emagrecedoras-e-medicamentos: Set directory modification time (using SetModTime)
2026/08/08 19:34:00 INFO  : sites-v4/riocarta/dist/client/preview/rascunhos/smoke-202605150005-mc-poze-do-rodo-e-solto-apos-justica-conceder-habeas-corpus: Set directory modification time (using SetModTime)
2026/08/08 19:34:01 INFO  : sites-v4/riocarta/.vercel/output/static/preview/rascunhos/smoke-202605150105-cantor-mc-poze-do-rodo-deixa-a-prisao-em-bangu-apos-decisao-judicial: Set directory modification time (using SetModTime)
2026/08/08 19:34:01 INFO  : sites-v4/riocarta/dist/client/preview/rascunhos/smoke-202605150005-pf-aponta-grupo-no-rio-ligado-a-jogo-do-bicho-e-milicia-em-investigacao-sobre-banco-master: Set directory modification time (using SetModTime)
2026/08/08 19:34:01 INFO  : sites-v4/globalsouth/.git/objects/29/666f2e3a4361ab8db62bcf33717f1968010261: Copied (new)
2026/08/08 19:34:02 INFO  : sites-v4/riocarta/dist/client/preview/rascunhos/smoke-202605150005-pressao-por-cpi-do-banco-master-cresce-na-alerj-apos-audios-de-flavio-bolsonaro: Set directory modification time (using SetModTime)
2026/08/08 19:34:02 INFO  : sites-v4/riocarta/.vercel/output/static/preview/rascunhos/smoke-202605150105-casa-do-empreendedor-de-volta-redonda-ganha-selo-diamante-de-referencia-em-atendimento-do-sebrae: Set directory modification time (using SetModTime)
2026/08/08 19:34:05 INFO  : sites-v4/riocarta/dist/client/preview/rascunhos/smoke-202605150005-projecao-fiscal-do-estado-do-rio-reduz-deficit-previsto-para-2027-em-quase-32: Set directory modification time (using SetModTime)
2026/08/08 19:34:05 INFO  : sites-v4/riocarta/.vercel/output/static/preview/rascunhos/smoke-202605150105-cedae-inicia-testes-da-nova-eta-sao-pedro-em-nova-iguacu-e-amplia-abastecimento: Set directory modification time (using SetModTime)
2026/08/08 19:34:05 INFO  : sites-v4/riocarta/dist/client/preview/rascunhos/smoke-202605150005-projeto-de-alan-mansur-propoe-sigilo-funcional-para-servidoras-sob-medida-protetiva: Set directory modification time (using SetModTime)
2026/08/08 19:34:06 INFO  : sites-v4/riocarta/dist/client/preview/rascunhos/smoke-202605150105-alerj-concede-medalha-tiradentes-a-lazaro-ramos-por-impacto-cultural: Set directory modification time (using SetModTime)
2026/08/08 19:34:06 INFO  : sites-v4/riocarta/.vercel/output/static/preview/rascunhos/smoke-202605150105-comeca-hoje-festival-internacional-de-cinema-de-cabo-frio-reune-producoes-de-cinco-paises-e-deba: Set directory modification time (using SetModTime)
2026/08/08 19:34:10 INFO  : sites-v4/riocarta/dist/client/preview/rascunhos/smoke-202605150105-angra-ordena-comercio-de-pescado-na-praca-do-peixe: Set directory modification time (using SetModTime)
2026/08/08 19:34:29 INFO  : sites-v4/riocarta/.vercel/output/static/preview/rascunhos/smoke-202605150105-familia-acusado-de-trafico-roubos-e-de-tentar-matar-a-ex-em-sg-e-preso-em-niteroi: Set directory modification time (using SetModTime)
2026/08/08 19:34:29 INFO  : sites-v4/riocarta/dist/client/preview/rascunhos/smoke-202605150105-assalto-a-farmacia-em-botafogo-gera-prejuizo-de-r-50-mil-canetas-emagrecedoras-e-medicamentos: Set directory modification time (using SetModTime)
2026/08/08 19:34:29 INFO  : sites-v4/mundotrilhos/.git/objects/30/ba4b8e775df1cab6f2eee10371d78c7237a81f: Copied (new)
2026/08/08 19:34:30 INFO  : sites-v4/riocarta/dist/client/preview/rascunhos/smoke-202605150105-cantor-mc-poze-do-rodo-deixa-a-prisao-em-bangu-apos-decisao-judicial: Set directory modification time (using SetModTime)
2026/08/08 19:34:30 INFO  : sites-v4/riocarta/.vercel/output/static/preview/rascunhos/smoke-202605150105-filho-de-quaqua-volta-a-ser-alvo-de-polemica-apos-foto-com-fuzil-nas-redes-sociais: Set directory modification time (using SetModTime)
2026/08/08 19:34:30 INFO  : sites-v4/railpost/.git/objects/2a/0817916e7cdafa7e06f8689918e40efa91734b: Copied (new)
2026/08/08 19:34:30 INFO  : sites-v4/riocarta/dist/client/preview/rascunhos/smoke-202605150105-casa-do-empreendedor-de-volta-redonda-ganha-selo-diamante-de-referencia-em-atendimento-do-sebrae: Set directory modification time (using SetModTime)
2026/08/08 19:34:30 INFO  : sites-v4/riocarta/.vercel/output/static/preview/rascunhos/smoke-202605150105-marcelo-freixo-lanca-autobiografia-sobre-politica-e-crime-organizado-no-rio: Set directory modification time (using SetModTime)
2026/08/08 19:34:31 INFO  : sites-v4/riocarta/dist/client/preview/rascunhos/smoke-202605150105-cedae-inicia-testes-da-nova-eta-sao-pedro-em-nova-iguacu-e-amplia-abastecimento: Set directory modification time (using SetModTime)
2026/08/08 19:34:31 INFO  : sites-v4/riocarta/.vercel/output/static/preview/rascunhos/smoke-202605150105-marica-inicia-programacao-de-aniversario-com-grandes-nomes-do-samba-confira-a-programacao: Set directory modification time (using SetModTime)
2026/08/08 19:34:31 INFO  : sites-v4/riocarta/.git/objects/2c/2bc7dd7be889d10ed1164c5e53883b3101c2c0: Copied (new)
2026/08/08 19:34:31 INFO  : sites-v4/riocarta/dist/client/preview/rascunhos/smoke-202605150105-comeca-hoje-festival-internacional-de-cinema-de-cabo-frio-reune-producoes-de-cinco-paises-e-deba: Set directory modification time (using SetModTime)
2026/08/08 19:34:32 INFO  : sites-v4/riocarta/.vercel/output/static/preview/rascunhos/smoke-202605150105-policia-civil-prende-integrante-de-esquema-de-piramide-financeira-em-niteroi: Set directory modification time (using SetModTime)
2026/08/08 19:34:32 INFO  :    10.378 MiB / 10.378 MiB, 100%, 2.567 KiB/s, ETA 0s
2026/08/08 19:34:32 INFO  : sites-v4/riocarta/dist/client/preview/rascunhos/smoke-202605150105-familia-acusado-de-trafico-roubos-e-de-tentar-matar-a-ex-em-sg-e-preso-em-niteroi: Set directory modification time (using SetModTime)
2026/08/08 19:34:32 INFO  : sites-v4/riocarta/.vercel/output/static/preview/rascunhos/smoke-202605150105-quaqua-inicia-conversas-com-banqueiro-para-possivel-instalacao-de-data-center-do-btg-pactual-em: Set directory modification time (using SetModTime)
2026/08/08 19:34:33 INFO  : sites-v4/riocarta/dist/client/preview/rascunhos/smoke-202605150105-filho-de-quaqua-volta-a-ser-alvo-de-polemica-apos-foto-com-fuzil-nas-redes-sociais: Set directory modification time (using SetModTime)
2026/08/08 19:34:33 INFO  : sites-v4/riocarta/.vercel/output/static/preview/rascunhos/smoke-202605150105-rio-podera-contar-com-banco-municipal-de-alimentos-batizado-em-homenagem-a-betinho: Set directory modification time (using SetModTime)
2026/08/08 19:34:33 INFO  : sites-v4/riocarta/dist/client/preview/rascunhos/smoke-202605150105-marcelo-freixo-lanca-autobiografia-sobre-politica-e-crime-organizado-no-rio: Set directory modification time (using SetModTime)
2026/08/08 19:34:33 INFO  : sites-v4/riocarta/.vercel/output/static/preview/rascunhos/smoke-202605150105-unidade-movel-do-ministerio-da-saude-supera-previsao-de-cirurgias-de-catarata-em-rio-das-ostras: Set directory modification time (using SetModTime)
2026/08/08 19:34:34 INFO  : sites-v4/globalsouth/.git/objects/2f/2871134aae614208b2442114656b5a6b6e68db: Copied (new)
2026/08/08 19:34:34 INFO  : sites-v4/riocarta/dist/client/preview/rascunhos/smoke-202605150105-marica-inicia-programacao-de-aniversario-com-grandes-nomes-do-samba-confira-a-programacao: Set directory modification time (using SetModTime)
2026/08/08 19:34:34 INFO  : sites-v4/riocarta/.vercel/output/static/preview/rascunhos/smoke-202605150205-aos-83-anos-morre-irmao-do-criador-do-rock-in-rio: Set directory modification time (using SetModTime)
2026/08/08 19:34:34 INFO  : sites-v4/riocarta/dist/client/preview/rascunhos/smoke-202605150105-policia-civil-prende-integrante-de-esquema-de-piramide-financeira-em-niteroi: Set directory modification time (using SetModTime)
2026/08/08 19:34:35 INFO  : sites-v4/riocarta/.vercel/output/static/preview/rascunhos/smoke-202605150205-barra-do-pirai-lanca-programa-digital-de-atendimento-a-populacao: Set directory modification time (using SetModTime)
2026/08/08 19:34:35 INFO  : sites-v4/riocarta/.vercel/output/static/preview/rascunhos/smoke-202605150205-deputado-munir-neto-cobra-regulamentacao-de-leis-estaduais: Set directory modification time (using SetModTime)
2026/08/08 19:34:36 INFO  : sites-v4/riocarta/dist/client/preview/rascunhos/smoke-202605150105-quaqua-inicia-conversas-com-banqueiro-para-possivel-instalacao-de-data-center-do-btg-pactual-em: Set directory modification time (using SetModTime)
2026/08/08 19:34:36 INFO  : sites-v4/riocarta/.vercel/output/static/preview/rascunhos/smoke-202605150205-e-hoje-alexandre-pires-abre-programacao-de-shows-pelos-41-anos-de-arraial-do-cabo-na-praia-dos-a: Set directory modification time (using SetModTime)
2026/08/08 19:34:36 INFO  : sites-v4/mundotrilhos/.git/objects/35/0d5daeb89f620b0e00932a7b2c47a25eef21b0: Copied (new)
2026/08/08 19:34:36 INFO  : sites-v4/riocarta/.vercel/output/static/preview/rascunhos/smoke-202605150205-faturas-da-enel-rio-terao-informacoes-para-mulheres-vitimas-de-violencia: Set directory modification time (using SetModTime)
2026/08/08 19:34:37 INFO  : sites-v4/riocarta/dist/client/preview/rascunhos/smoke-202605150105-rio-podera-contar-com-banco-municipal-de-alimentos-batizado-em-homenagem-a-betinho: Set directory modification time (using SetModTime)
2026/08/08 19:34:37 INFO  : sites-v4/riocarta/.vercel/output/static/preview/rascunhos/smoke-202605150205-governo-manda-retirar-acao-da-pge-contra-piso-do-magisterio-no-stf: Set directory modification time (using SetModTime)
2026/08/08 19:34:38 INFO  : sites-v4/riocarta/dist/client/preview/rascunhos/smoke-202605150105-unidade-movel-do-ministerio-da-saude-supera-previsao-de-cirurgias-de-catarata-em-rio-das-ostras: Set directory modification time (using SetModTime)
2026/08/08 19:34:38 INFO  : sites-v4/riocarta/.vercel/output/static/preview/rascunhos/smoke-202605150205-gravidez-na-adolescencia-cai-62-em-dez-anos-no-rio: Set directory modification time (using SetModTime)
2026/08/08 19:34:38 INFO  : sites-v4/riocarta/dist/client/preview/rascunhos/smoke-202605150205-aos-83-anos-morre-irmao-do-criador-do-rock-in-rio: Set directory modification time (using SetModTime)
2026/08/08 19:34:38 INFO  : sites-v4/riocarta/.vercel/output/static/preview/rascunhos/smoke-202605150205-homem-e-preso-por-violencia-domestica-em-itaocaia-valley-em-marica: Set directory modification time (using SetModTime)
2026/08/08 19:34:39 INFO  : sites-v4/riocarta/dist/client/preview/rascunhos/smoke-202605150205-barra-do-pirai-lanca-programa-digital-de-atendimento-a-populacao: Set directory modification time (using SetModTime)
2026/08/08 19:34:39 INFO  : sites-v4/riocarta/.vercel/output/static/preview/rascunhos/smoke-202605150205-jardim-primavera-ganha-14a-clinica-da-familia-de-duque-de-caxias: Set directory modification time (using SetModTime)
2026/08/08 19:34:40 INFO  : sites-v4/riocarta/.vercel/output/static/preview/rascunhos/smoke-202605150205-macae-fortalece-posicao-no-setor-de-energia-com-avanco-do-projeto-raia: Set directory modification time (using SetModTime)
2026/08/08 19:34:40 INFO  : sites-v4/riocarta/dist/client/preview/rascunhos/smoke-202605150205-deputado-munir-neto-cobra-regulamentacao-de-leis-estaduais: Set directory modification time (using SetModTime)
2026/08/08 19:34:40 INFO  : sites-v4/riocarta/dist/client/preview/rascunhos/smoke-202605150205-e-hoje-alexandre-pires-abre-programacao-de-shows-pelos-41-anos-de-arraial-do-cabo-na-praia-dos-a: Set directory modification time (using SetModTime)
2026/08/08 19:34:40 INFO  : sites-v4/riocarta/.vercel/output/static/preview/rascunhos/smoke-202605150205-orcamento-do-rio-para-2027-avanca-na-camara-com-meta-de-arrecadacao-de-r-45-1-bilhoes: Set directory modification time (using SetModTime)
2026/08/08 19:34:41 INFO  : sites-v4/riocarta/dist/client/preview/rascunhos/smoke-202605150205-faturas-da-enel-rio-terao-informacoes-para-mulheres-vitimas-de-violencia: Set directory modification time (using SetModTime)
2026/08/08 19:34:41 INFO  : sites-v4/riocarta/.vercel/output/static/preview/rascunhos/smoke-202605150205-policial-militar-e-denunciado-pelo-mprj-por-invadir-armado-posto-de-saude-em-marica: Set directory modification time (using SetModTime)
2026/08/08 19:34:41 INFO  : sites-v4/riocarta/.vercel/output/static/preview/rascunhos/smoke-202605150205-prefeito-de-rio-das-ostras-anuncia-reinauguracao-do-pier-de-costazul-para-4-de-junho: Set directory modification time (using SetModTime)
2026/08/08 19:34:41 INFO  : sites-v4/riocarta/dist/client/preview/rascunhos/smoke-202605150205-governo-manda-retirar-acao-da-pge-contra-piso-do-magisterio-no-stf: Set directory modification time (using SetModTime)
2026/08/08 19:34:42 INFO  : sites-v4/riocarta/.vercel/output/static/preview/rascunhos/smoke-202605150205-subtenente-do-corpo-de-bombeiros-e-condenado-por-morte-de-motociclista-em-2024: Set directory modification time (using SetModTime)
2026/08/08 19:34:42 INFO  : sites-v4/riocarta/dist/client/preview/rascunhos/smoke-202605150205-gravidez-na-adolescencia-cai-62-em-dez-anos-no-rio: Set directory modification time (using SetModTime)
2026/08/08 19:34:42 INFO  : sites-v4/riocarta/dist/client/preview/rascunhos/smoke-202605150205-homem-e-preso-por-violencia-domestica-em-itaocaia-valley-em-marica: Set directory modification time (using SetModTime)
2026/08/08 19:34:42 INFO  : sites-v4/riocarta/.vercel/output/static/preview/rascunhos/smoke-202605150205-varre-sai-busca-acordo-para-casas-populares-na-prata: Set directory modification time (using SetModTime)
2026/08/08 19:34:43 INFO  : sites-v4/globalsouth/.git/objects/33/03c567b7af4263585813d47e679dfbd837f73c: Copied (new)
2026/08/08 19:34:44 INFO  : sites-v4/riocarta/.vercel/output/static/preview/rascunhos/smoke-202605150305-acusado-de-tentativa-de-estupro-no-braga-e-preso-pela-romu-em-cabo-frio: Set directory modification time (using SetModTime)
2026/08/08 19:34:44 INFO  : sites-v4/riocarta/dist/client/preview/rascunhos/smoke-202605150205-jardim-primavera-ganha-14a-clinica-da-familia-de-duque-de-caxias: Set directory modification time (using SetModTime)
2026/08/08 19:34:45 INFO  : sites-v4/riocarta/.vercel/output/static/preview/rascunhos/smoke-202605150305-alerj-aprova-ccj-projeto-que-considera-porchat-persona-non-grata-no-estado-do-rj: Set directory modification time (using SetModTime)
2026/08/08 19:34:45 INFO  : sites-v4/riocarta/dist/client/preview/rascunhos/smoke-202605150205-macae-fortalece-posicao-no-setor-de-energia-com-avanco-do-projeto-raia: Set directory modification time (using SetModTime)
2026/08/08 19:34:47 INFO  : sites-v4/riocarta/.vercel/output/static/preview/rascunhos/smoke-202605150305-comissao-de-educacao-da-camara-do-rio-realiza-audiencia-publica-em-bangu-para-discutir-situacao: Set directory modification time (using SetModTime)
2026/08/08 19:34:48 INFO  : sites-v4/riocarta/dist/client/preview/rascunhos/smoke-202605150205-orcamento-do-rio-para-2027-avanca-na-camara-com-meta-de-arrecadacao-de-r-45-1-bilhoes: Set directory modification time (using SetModTime)
2026/08/08 19:34:48 INFO  : sites-v4/riocarta/.vercel/output/static/preview/rascunhos/smoke-202605150305-copacabana-tera-arena-gratuita-para-transmissao-dos-jogos-do-brasil-na-copa-de-2026: Set directory modification time (using SetModTime)
2026/08/08 19:34:49 INFO  : sites-v4/riocarta/dist/client/preview/rascunhos/smoke-202605150205-policial-militar-e-denunciado-pelo-mprj-por-invadir-armado-posto-de-saude-em-marica: Set directory modification time (using SetModTime)
2026/08/08 19:34:49 INFO  : sites-v4/riocarta/dist/client/preview/rascunhos/smoke-202605150205-prefeito-de-rio-das-ostras-anuncia-reinauguracao-do-pier-de-costazul-para-4-de-junho: Set directory modification time (using SetModTime)
2026/08/08 19:34:50 INFO  : sites-v4/riocarta/.vercel/output/static/preview/rascunhos/smoke-202605150305-deputado-reage-a-decisao-da-ccj-da-alerj-e-propoe-medalha-tiradentes-para-fabio-porchat: Set directory modification time (using SetModTime)
2026/08/08 19:34:50 INFO  : sites-v4/riocarta/dist/client/preview/rascunhos/smoke-202605150205-subtenente-do-corpo-de-bombeiros-e-condenado-por-morte-de-motociclista-em-2024: Set directory modification time (using SetModTime)
2026/08/08 19:34:50 INFO  : sites-v4/riocarta/.vercel/output/static/preview/rascunhos/smoke-202605150305-homem-e-preso-suspeito-de-estuprar-propria-filha-em-volta-redonda: Set directory modification time (using SetModTime)
2026/08/08 19:34:52 INFO  : sites-v4/riocarta/dist/client/preview/rascunhos/smoke-202605150205-varre-sai-busca-acordo-para-casas-populares-na-prata: Set directory modification time (using SetModTime)
2026/08/08 19:34:52 INFO  : sites-v4/riocarta/.vercel/output/static/preview/rascunhos/smoke-202605150305-itatiaia-vai-representar-o-rj-em-premio-nacional-do-sebrae: Set directory modification time (using SetModTime)
2026/08/08 19:34:53 INFO  : sites-v4/riocarta/dist/client/preview/rascunhos/smoke-202605150305-acusado-de-tentativa-de-estupro-no-braga-e-preso-pela-romu-em-cabo-frio: Set directory modification time (using SetModTime)
2026/08/08 19:34:54 INFO  : sites-v4/riocarta/dist/client/preview/rascunhos/smoke-202605150305-alerj-aprova-ccj-projeto-que-considera-porchat-persona-non-grata-no-estado-do-rj: Set directory modification time (using SetModTime)
2026/08/08 19:34:54 INFO  : sites-v4/riocarta/.vercel/output/static/preview/rascunhos/smoke-202605150305-navio-abandonado-em-niteroi-recebe-decisao-judicial-sobre-salarios-de-tripulacao-entenda-o-caso: Set directory modification time (using SetModTime)
2026/08/08 19:34:56 INFO  : sites-v4/globalsouth/.git/objects/38/a224b0326d647dc590dbb585fb393154cddbe4: Copied (new)
2026/08/08 19:34:56 INFO  : sites-v4/riocarta/dist/client/preview/rascunhos/smoke-202605150305-comissao-de-educacao-da-camara-do-rio-realiza-audiencia-publica-em-bangu-para-discutir-situacao: Set directory modification time (using SetModTime)
2026/08/08 19:34:56 INFO  : sites-v4/riocarta/.vercel/output/static/preview/rascunhos/smoke-202605150305-nova-iguacu-afasta-medico-e-servidora-suspeitos-de-vender-canetas-emagrecedoras-em-upa: Set directory modification time (using SetModTime)
2026/08/08 19:34:57 INFO  : sites-v4/riocarta/dist/client/preview/rascunhos/smoke-202605150305-copacabana-tera-arena-gratuita-para-transmissao-dos-jogos-do-brasil-na-copa-de-2026: Set directory modification time (using SetModTime)
2026/08/08 19:34:57 INFO  : sites-v4/riocarta/.vercel/output/static/preview/rascunhos/smoke-202605150305-policia-apreende-r-117-mil-em-drogas-e-causa-prejuizo-ao-trafico-em-sao-pedro-da-aldeia: Set directory modification time (using SetModTime)
2026/08/08 19:34:57 INFO  : sites-v4/discoverbrazil/.git/objects/38/7894fe7bf083ba49b91a8086b5d10566fb37e8: Copied (new)
2026/08/08 19:34:58 INFO  : sites-v4/riocarta/.vercel/output/static/preview/rascunhos/smoke-202605150305-prefeitura-do-rio-quebra-o-pacto-ao-restringir-moeda-nacional-no-onibus: Set directory modification time (using SetModTime)
2026/08/08 19:34:58 INFO  : sites-v4/riocarta/dist/client/preview/rascunhos/smoke-202605150305-deputado-reage-a-decisao-da-ccj-da-alerj-e-propoe-medalha-tiradentes-para-fabio-porchat: Set directory modification time (using SetModTime)
2026/08/08 19:35:01 INFO  : sites-v4/railpost/.git/objects/38/1f2bdad1fad8545cb03a5d7e2c9a90d187e735: Copied (new)
2026/08/08 19:35:01 INFO  : sites-v4/riocarta/.vercel/output/static/preview/rascunhos/smoke-202605150305-r-8-milhoes-de-debitos-do-ipva-2026-fluminense-sao-parcelados-no-cartao: Set directory modification time (using SetModTime)
2026/08/08 19:35:01 INFO  : sites-v4/riocarta/dist/client/preview/rascunhos/smoke-202605150305-homem-e-preso-suspeito-de-estuprar-propria-filha-em-volta-redonda: Set directory modification time (using SetModTime)
2026/08/08 19:35:01 INFO  : sites-v4/riocarta/.vercel/output/static/preview/rascunhos/smoke-202605150305-regiao-dos-lagos-registra-aumento-de-resgates-no-mar-durante-abril: Set directory modification time (using SetModTime)
2026/08/08 19:35:01 INFO  : sites-v4/riocarta/dist/client/preview/rascunhos/smoke-202605150305-itatiaia-vai-representar-o-rj-em-premio-nacional-do-sebrae: Set directory modification time (using SetModTime)
2026/08/08 19:35:01 INFO  : sites-v4/discoverbrazil/.git/objects/39/3360f23302f04a746f467fa60e4bc3908ff0c2: Copied (new)
2026/08/08 19:35:03 INFO  : sites-v4/riocarta/dist/client/preview/rascunhos/smoke-202605150305-navio-abandonado-em-niteroi-recebe-decisao-judicial-sobre-salarios-de-tripulacao-entenda-o-caso: Set directory modification time (using SetModTime)
2026/08/08 19:35:03 INFO  : sites-v4/riocarta/.vercel/output/static/preview/rascunhos/smoke-202605150305-sao-jose-do-vale-do-rio-preto-tera-retotalizacao-dos-votos-apos-anulacao-da-chapa-do-agir-por-fr: Set directory modification time (using SetModTime)
2026/08/08 19:35:12 INFO  : sites-v4/riocarta/dist/client/preview/rascunhos/smoke-202605150305-nova-iguacu-afasta-medico-e-servidora-suspeitos-de-vender-canetas-emagrecedoras-em-upa: Set directory modification time (using SetModTime)
2026/08/08 19:35:12 INFO  : sites-v4/riocarta/.vercel/output/static/preview/rascunhos/smoke-202605150305-suspeito-de-gerenciar-trafico-do-bom-pastor-e-preso-em-barra-mansa: Set directory modification time (using SetModTime)
2026/08/08 19:35:12 INFO  : sites-v4/riocarta/.vercel/output/static/preview/rascunhos/smoke-202605150405-buzios-abre-inscricoes-para-cursos-gratuitos-em-parceria-com-senai: Set directory modification time (using SetModTime)
2026/08/08 19:35:32 INFO  :    11.018 MiB / 11.029 MiB, 100%, 5.411 KiB/s, ETA 2s
2026/08/08 19:35:35 INFO  : sites-v4/riocarta/.vercel/output/static/preview/rascunhos/smoke-202605150405-caravana-firjan-sesi-cine-na-estrada-leva-sessoes-gratuitas-de-cinema-a-barra-mansa: Set directory modification time (using SetModTime)
2026/08/08 19:35:36 INFO  : sites-v4/riocarta/.vercel/output/static/preview/rascunhos/smoke-202605150405-como-funciona-o-bilhete-unico-margaridas-nova-integracao-tarifaria-para-quem-sai-da-baixada-flum: Set directory modification time (using SetModTime)
2026/08/08 19:35:37 INFO  : sites-v4/riocarta/.vercel/output/static/preview/rascunhos/smoke-202605150405-como-vao-funcionar-as-motofaixas-da-zona-sul-do-rio: Set directory modification time (using SetModTime)
2026/08/08 19:35:37 INFO  : sites-v4/riocarta/.vercel/output/static/preview/rascunhos/smoke-202605150405-creche-e-invadida-na-mare-e-tem-equipamentos-furtados-video: Set directory modification time (using SetModTime)
2026/08/08 19:35:38 INFO  : sites-v4/riocarta/.vercel/output/static/preview/rascunhos/smoke-202605150405-guarda-municipal-efetua-prisao-com-auxilio-das-cameras-de-monitoramento-com-reconhecimento-facia: Set directory modification time (using SetModTime)
2026/08/08 19:35:39 INFO  : sites-v4/riocarta/.vercel/output/static/preview/rascunhos/smoke-202605150405-hospital-municipal-de-olhos-sera-inaugurado-neste-sabado-em-barra-mansa: Set directory modification time (using SetModTime)
2026/08/08 19:35:54 INFO  : sites-v4/riocarta/dist/client/preview/rascunhos/smoke-202605150305-policia-apreende-r-117-mil-em-drogas-e-causa-prejuizo-ao-trafico-em-sao-pedro-da-aldeia: Set directory modification time (using SetModTime)
2026/08/08 19:35:54 INFO  : sites-v4/riocarta/.vercel/output/static/preview/rascunhos/smoke-202605150405-jair-bittencourt-presidira-comissao-especial-de-corte-de-gastos-da-alerj: Set directory modification time (using SetModTime)
2026/08/08 19:35:54 INFO  : sites-v4/discoverbrazil/.git/objects/3c/5cca4cddcf7f641dd330abdc7132a13cdbb217: Copied (new)
2026/08/08 19:35:55 INFO  : sites-v4/riocarta/dist/client/preview/rascunhos/smoke-202605150305-prefeitura-do-rio-quebra-o-pacto-ao-restringir-moeda-nacional-no-onibus: Set directory modification time (using SetModTime)
2026/08/08 19:35:55 INFO  : sites-v4/riocarta/.vercel/output/static/preview/rascunhos/smoke-202605150405-memorial-zumbi-recebe-semana-nacional-de-museus-em-volta-redonda: Set directory modification time (using SetModTime)
2026/08/08 19:35:55 INFO  : sites-v4/globalsouth/.git/objects/3c/95a01640a13f853ab074e91ba630928adc98ce: Copied (new)
2026/08/08 19:35:55 INFO  : sites-v4/globalsouth/.git/objects/3c/bab733750e697b74e640e28819634cb014f61c: Copied (new)
2026/08/08 19:35:55 INFO  : sites-v4/riocarta/.vercel/output/static/preview/rascunhos/smoke-202605150405-moradores-de-porto-real-denunciam-pessima-qualidade-da-agua-e-problemas-de-abastecimento: Set directory modification time (using SetModTime)
2026/08/08 19:35:55 INFO  : sites-v4/riocarta/dist/client/preview/rascunhos/smoke-202605150305-r-8-milhoes-de-debitos-do-ipva-2026-fluminense-sao-parcelados-no-cartao: Set directory modification time (using SetModTime)
2026/08/08 19:35:56 INFO  : sites-v4/globalsouth/.git/objects/3e/8cb221faf63c215d9544e5d73e80ab12674260: Copied (new)
2026/08/08 19:35:56 INFO  : sites-v4/riocarta/.vercel/output/static/preview/rascunhos/smoke-202605150405-onibus-colide-com-trem-em-costa-barros: Set directory modification time (using SetModTime)
2026/08/08 19:35:56 INFO  : sites-v4/riocarta/dist/client/preview/rascunhos/smoke-202605150305-regiao-dos-lagos-registra-aumento-de-resgates-no-mar-durante-abril: Set directory modification time (using SetModTime)
2026/08/08 19:35:56 INFO  : sites-v4/mapario/.git/objects/4c/5bf8b0c23f023590d5a427dff99ffeb8f11add: Copied (new)
2026/08/08 19:35:57 INFO  : sites-v4/riocarta/.vercel/output/static/preview/rascunhos/smoke-202605150405-pai-de-daniel-vorcaro-e-preso-durante-operacao-da-policia-federal: Set directory modification time (using SetModTime)
2026/08/08 19:35:57 INFO  : sites-v4/riocarta/dist/client/preview/rascunhos/smoke-202605150305-sao-jose-do-vale-do-rio-preto-tera-retotalizacao-dos-votos-apos-anulacao-da-chapa-do-agir-por-fr: Set directory modification time (using SetModTime)
2026/08/08 19:35:57 INFO  : sites-v4/mundotrilhos/.git/objects/45/44a30e8b209ca7d43b0ca5268d135c58251b3c: Copied (new)
2026/08/08 19:35:57 INFO  : sites-v4/riocarta/dist/client/preview/rascunhos/smoke-202605150305-suspeito-de-gerenciar-trafico-do-bom-pastor-e-preso-em-barra-mansa: Set directory modification time (using SetModTime)
2026/08/08 19:35:57 INFO  : sites-v4/riocarta/.vercel/output/static/preview/rascunhos/smoke-202605150405-prefeitura-lanca-operacao-da-linha-ilha-tijuca-com-onibus-novos-e-pagamento-so-por-cartao: Set directory modification time (using SetModTime)
2026/08/08 19:35:58 INFO  : sites-v4/riocarta/dist/client/preview/rascunhos/smoke-202605150405-buzios-abre-inscricoes-para-cursos-gratuitos-em-parceria-com-senai: Set directory modification time (using SetModTime)
2026/08/08 19:35:58 INFO  : sites-v4/riocarta/.vercel/output/static/preview/rascunhos/smoke-202605150405-rafael-bokor-demolicao-escancara-especulacao-imobiliaria-em-ipanema: Set directory modification time (using SetModTime)
2026/08/08 19:35:58 INFO  : sites-v4/riocarta/dist/client/preview/rascunhos/smoke-202605150405-caravana-firjan-sesi-cine-na-estrada-leva-sessoes-gratuitas-de-cinema-a-barra-mansa: Set directory modification time (using SetModTime)
2026/08/08 19:35:58 INFO  : sites-v4/riocarta/.vercel/output/static/preview/rascunhos/smoke-202605150405-sao-goncalo-realiza-blitz-educativa-com-motociclistas-na-parada-40: Set directory modification time (using SetModTime)
2026/08/08 19:35:59 INFO  : sites-v4/riocarta/dist/client/preview/rascunhos/smoke-202605150405-como-funciona-o-bilhete-unico-margaridas-nova-integracao-tarifaria-para-quem-sai-da-baixada-flum: Set directory modification time (using SetModTime)
2026/08/08 19:35:59 INFO  : sites-v4/riocarta/.vercel/output/static/preview/rascunhos/smoke-202605150505-acessos-a-ponte-voltam-a-travar-em-niteroi: Set directory modification time (using SetModTime)
2026/08/08 19:36:00 INFO  : sites-v4/riocarta/dist/client/preview/rascunhos/smoke-202605150405-como-vao-funcionar-as-motofaixas-da-zona-sul-do-rio: Set directory modification time (using SetModTime)
2026/08/08 19:36:00 INFO  : sites-v4/riocarta/.vercel/output/static/preview/rascunhos/smoke-202605150505-aliados-de-flavio-bolsonaro-admitem-prejuizo-politico-apos-revelacao-de-conversas-com-banqueiro: Set directory modification time (using SetModTime)
2026/08/08 19:36:00 INFO  : sites-v4/riocarta/dist/client/preview/rascunhos/smoke-202605150405-creche-e-invadida-na-mare-e-tem-equipamentos-furtados-video: Set directory modification time (using SetModTime)
2026/08/08 19:36:00 INFO  : sites-v4/riocarta/.vercel/output/static/preview/rascunhos/smoke-202605150505-aniversario-de-flavio-valle-amizades-em-todas-as-geracoes: Set directory modification time (using SetModTime)
2026/08/08 19:36:00 INFO  : sites-v4/aiatolah/.git/objects/40/988d2901f95a473798d64f80254c28d6be2d66: Copied (new)
2026/08/08 19:36:01 INFO  : sites-v4/riocarta/dist/client/preview/rascunhos/smoke-202605150405-guarda-municipal-efetua-prisao-com-auxilio-das-cameras-de-monitoramento-com-reconhecimento-facia: Set directory modification time (using SetModTime)
2026/08/08 19:36:01 INFO  : sites-v4/discoverbrazil/.git/objects/40/813959c244f249154eeccbe67c8803bf51fafa: Copied (new)
2026/08/08 19:36:01 INFO  : sites-v4/riocarta/.vercel/output/static/preview/rascunhos/smoke-202605150505-apos-polemica-com-trans-em-banheiro-cassia-kis-vai-ganhar-medalha-em-niteroi: Set directory modification time (using SetModTime)
2026/08/08 19:36:01 INFO  : sites-v4/railpost/.git/objects/40/8a449209b894b9a2778610d08aacde3becf917: Copied (new)
2026/08/08 19:36:02 INFO  : sites-v4/riocarta/dist/client/preview/rascunhos/smoke-202605150405-hospital-municipal-de-olhos-sera-inaugurado-neste-sabado-em-barra-mansa: Set directory modification time (using SetModTime)
2026/08/08 19:36:03 INFO  : sites-v4/riocarta/.vercel/output/static/preview/rascunhos/smoke-202605150505-boom-do-mercado-imobiliario-um-terco-dos-estudios-foi-comprado-por-gringos: Set directory modification time (using SetModTime)
2026/08/08 19:36:27 INFO  : sites-v4/riocarta/dist/client/preview/rascunhos/smoke-202605150405-jair-bittencourt-presidira-comissao-especial-de-corte-de-gastos-da-alerj: Set directory modification time (using SetModTime)
2026/08/08 19:36:28 INFO  : sites-v4/riocarta/dist/client/preview/rascunhos/smoke-202605150405-memorial-zumbi-recebe-semana-nacional-de-museus-em-volta-redonda: Set directory modification time (using SetModTime)
2026/08/08 19:36:28 INFO  : sites-v4/riocarta/dist/client/preview/rascunhos/smoke-202605150405-moradores-de-porto-real-denunciam-pessima-qualidade-da-agua-e-problemas-de-abastecimento: Set directory modification time (using SetModTime)
2026/08/08 19:36:29 INFO  : sites-v4/riocarta/.vercel/output/static/preview/rascunhos/smoke-202605150505-claudio-castro-se-reune-com-dino-e-moraes-em-meio-a-crise-politica-no-rio: Set directory modification time (using SetModTime)
2026/08/08 19:36:29 INFO  : sites-v4/riocarta/dist/client/preview/rascunhos/smoke-202605150405-onibus-colide-com-trem-em-costa-barros: Set directory modification time (using SetModTime)
2026/08/08 19:36:30 INFO  : sites-v4/riocarta/dist/client/preview/rascunhos/smoke-202605150405-pai-de-daniel-vorcaro-e-preso-durante-operacao-da-policia-federal: Set directory modification time (using SetModTime)
2026/08/08 19:36:30 INFO  : sites-v4/riocarta/.vercel/output/static/preview/rascunhos/smoke-202605150505-clima-quente-vitor-junior-diz-que-douglas-ruas-e-o-hd-do-governo-e-ouve-reacao-de-filippe-poubel: Set directory modification time (using SetModTime)
2026/08/08 19:36:30 INFO  : sites-v4/mundotrilhos/.git/objects/4b/98a9657dcf2ddc80dabfeb1ef0d224e9c4d864: Copied (new)
2026/08/08 19:36:30 INFO  : sites-v4/riocarta/dist/client/preview/rascunhos/smoke-202605150405-prefeitura-lanca-operacao-da-linha-ilha-tijuca-com-onibus-novos-e-pagamento-so-por-cartao: Set directory modification time (using SetModTime)
2026/08/08 19:36:30 INFO  : sites-v4/riocarta/.vercel/output/static/preview/rascunhos/smoke-202605150505-garotinho-volta-a-disputa-pelo-estado-do-rio: Set directory modification time (using SetModTime)
2026/08/08 19:36:31 INFO  : sites-v4/riocarta/dist/client/preview/rascunhos/smoke-202605150405-rafael-bokor-demolicao-escancara-especulacao-imobiliaria-em-ipanema: Set directory modification time (using SetModTime)
2026/08/08 19:36:31 INFO  : sites-v4/riocarta/.vercel/output/static/preview/rascunhos/smoke-202605150505-jogos-escolares-do-rio-de-janeiro-comecam-no-fim-de-maio-com-recorde-de-inscricoes: Set directory modification time (using SetModTime)
2026/08/08 19:36:32 INFO  : sites-v4/riocarta/.vercel/output/static/preview/rascunhos/smoke-202605150505-justica-manda-soltar-mc-poze-do-rodo-mas-impoe-medidas-cautelares: Set directory modification time (using SetModTime)
2026/08/08 19:36:32 INFO  :    11.194 MiB / 11.286 MiB, 99%, 2.568 KiB/s, ETA 36s
2026/08/08 19:36:32 INFO  : sites-v4/riocarta/.vercel/output/static/preview/rascunhos/smoke-202605150505-medalhista-olimpico-flavio-canto-abre-semana-juventude-em-volta-redonda: Set directory modification time (using SetModTime)
2026/08/08 19:36:32 INFO  : sites-v4/globalsouth/.git/objects/45/0d0f204da77661922be11afe637befdca1fa60: Copied (new)
2026/08/08 19:36:33 INFO  : sites-v4/riocarta/.vercel/output/static/preview/rascunhos/smoke-202605150505-operacao-fecha-peixariae-expoe-risco-sanitario: Set directory modification time (using SetModTime)
2026/08/08 19:36:33 INFO  : sites-v4/riocarta/dist/client/preview/rascunhos/smoke-202605150405-sao-goncalo-realiza-blitz-educativa-com-motociclistas-na-parada-40: Set directory modification time (using SetModTime)
2026/08/08 19:36:33 INFO  : sites-v4/riocarta/.vercel/output/static/preview/rascunhos/smoke-202605150505-sao-goncalo-da-inicio-aos-trabalhos-para-elaboracao-de-plano-municipal-de-reducao-de-riscos: Set directory modification time (using SetModTime)
2026/08/08 19:36:33 INFO  : sites-v4/riocarta/dist/client/preview/rascunhos/smoke-202605150505-acessos-a-ponte-voltam-a-travar-em-niteroi: Set directory modification time (using SetModTime)
2026/08/08 19:36:34 INFO  : sites-v4/riocarta/.vercel/output/static/preview/rascunhos/smoke-202605150505-stf-nega-recurso-de-falso-quimico-preso-em-mansao-no-rio-com-laboratorio-clandestino-de-anaboliz: Set directory modification time (using SetModTime)
2026/08/08 19:36:34 INFO  : sites-v4/discoverbrazil/.git/objects/43/6e8b51da9d9a6105c6265c7dacf72dff1a9ff6: Copied (new)
2026/08/08 19:36:34 INFO  : sites-v4/riocarta/dist/client/preview/rascunhos/smoke-202605150505-aliados-de-flavio-bolsonaro-admitem-prejuizo-politico-apos-revelacao-de-conversas-com-banqueiro: Set directory modification time (using SetModTime)
2026/08/08 19:36:35 INFO  : sites-v4/riocarta/.vercel/output/static/preview/rascunhos/smoke-202605150505-subtenente-dos-bombeiros-e-condenado-a-8-anos-por-morte-apos-briga-de-transito: Set directory modification time (using SetModTime)
2026/08/08 19:36:35 INFO  : sites-v4/riocarta/dist/client/preview/rascunhos/smoke-202605150505-aniversario-de-flavio-valle-amizades-em-todas-as-geracoes: Set directory modification time (using SetModTime)
2026/08/08 19:36:35 INFO  : sites-v4/riocarta/.vercel/output/static/preview/rascunhos/smoke-202605150605-alerj-aprova-projeto-para-tornar-fabio-porchat-persona-non-grata-no-rio-entenda: Set directory modification time (using SetModTime)
2026/08/08 19:36:35 INFO  : sites-v4/riocarta/dist/client/preview/rascunhos/smoke-202605150505-apos-polemica-com-trans-em-banheiro-cassia-kis-vai-ganhar-medalha-em-niteroi: Set directory modification time (using SetModTime)
2026/08/08 19:36:36 INFO  : sites-v4/riocarta/.vercel/output/static/preview/rascunhos/smoke-202605150605-camara-de-japeri-aprova-eleicao-indireta-em-caso-de-dupla-vacancia-na-prefeitura: Set directory modification time (using SetModTime)
2026/08/08 19:36:36 INFO  : sites-v4/riocarta/dist/client/preview/rascunhos/smoke-202605150505-boom-do-mercado-imobiliario-um-terco-dos-estudios-foi-comprado-por-gringos: Set directory modification time (using SetModTime)
2026/08/08 19:36:36 INFO  : sites-v4/riocarta/.vercel/output/static/preview/rascunhos/smoke-202605150605-caso-vorcaro-vira-municao-politica-contra-flavio-bolsonaro-e-pressiona-pre-candidatura-ao-planal: Set directory modification time (using SetModTime)
2026/08/08 19:36:36 INFO  : sites-v4/riocarta/dist/client/preview/rascunhos/smoke-202605150505-claudio-castro-se-reune-com-dino-e-moraes-em-meio-a-crise-politica-no-rio: Set directory modification time (using SetModTime)
2026/08/08 19:36:37 INFO  : sites-v4/riocarta/.vercel/output/static/preview/rascunhos/smoke-202605150605-domingo-e-dia-da-marcha-das-mulheres-negras-e-indigenas: Set directory modification time (using SetModTime)
2026/08/08 19:36:37 INFO  : sites-v4/riocarta/dist/client/preview/rascunhos/smoke-202605150505-clima-quente-vitor-junior-diz-que-douglas-ruas-e-o-hd-do-governo-e-ouve-reacao-de-filippe-poubel: Set directory modification time (using SetModTime)
2026/08/08 19:36:37 INFO  : sites-v4/mundotrilhos/.git/objects/4f/2a0008f956356b790871d56ed7d1847893e3b8: Copied (new)
2026/08/08 19:36:37 INFO  : sites-v4/riocarta/.vercel/output/static/preview/rascunhos/smoke-202605150605-igua-rio-coleta-residuos-no-complexo-lagunar-de-jacarepagua-em-acao-com-pacto-global-da-onu: Set directory modification time (using SetModTime)
2026/08/08 19:36:37 INFO  : sites-v4/mundotrilhos/.git/objects/4f/67a65ed6e0e8a93635a3e13038093e47cd72f9: Copied (new)
2026/08/08 19:36:38 INFO  : sites-v4/riocarta/dist/client/preview/rascunhos/smoke-202605150505-garotinho-volta-a-disputa-pelo-estado-do-rio: Set directory modification time (using SetModTime)
2026/08/08 19:36:38 INFO  : sites-v4/ceara/.git/objects/47/108b4392c85779eef8e8f9770eb4fb63c17cc2: Copied (new)
2026/08/08 19:36:38 INFO  : sites-v4/riocarta/.vercel/output/static/preview/rascunhos/smoke-202605150605-juiza-tula-mello-recebe-medalha-tiradentes-nesta-quinta-feira-na-alerj: Set directory modification time (using SetModTime)
2026/08/08 19:36:38 INFO  : sites-v4/riocarta/dist/client/preview/rascunhos/smoke-202605150505-jogos-escolares-do-rio-de-janeiro-comecam-no-fim-de-maio-com-recorde-de-inscricoes: Set directory modification time (using SetModTime)
2026/08/08 19:36:39 INFO  : sites-v4/riocarta/.vercel/output/static/preview/rascunhos/smoke-202605150605-lindbergh-aciona-pf-para-investigar-rede-de-financiamento-bolsonarista-nos-eua: Set directory modification time (using SetModTime)
2026/08/08 19:36:39 INFO  : sites-v4/riocarta/dist/client/preview/rascunhos/smoke-202605150505-justica-manda-soltar-mc-poze-do-rodo-mas-impoe-medidas-cautelares: Set directory modification time (using SetModTime)
2026/08/08 19:36:39 INFO  : sites-v4/ceara/.git/objects/48/b9c7fde9cf30d3c89345311d447e689e413fdb: Copied (new)
2026/08/08 19:36:39 INFO  : sites-v4/riocarta/.vercel/output/static/preview/rascunhos/smoke-202605150605-mamografia-amplia-rede-de-atendimento-da-saude-em-sao-goncalo: Set directory modification time (using SetModTime)
2026/08/08 19:36:39 INFO  : sites-v4/railpost/.git/objects/47/19936b497d60d60df39a3d65875621456f52e4: Copied (new)
2026/08/08 19:36:39 INFO  : sites-v4/riocarta/dist/client/preview/rascunhos/smoke-202605150505-medalhista-olimpico-flavio-canto-abre-semana-juventude-em-volta-redonda: Set directory modification time (using SetModTime)
2026/08/08 19:36:40 INFO  : sites-v4/riocarta/.vercel/output/static/preview/rascunhos/smoke-202605150605-mulher-acusada-de-aliciamento-e-presa-em-operacao-contra-exploracao-sexual-infantil: Set directory modification time (using SetModTime)
2026/08/08 19:36:41 INFO  : sites-v4/riocarta/dist/client/preview/rascunhos/smoke-202605150505-operacao-fecha-peixariae-expoe-risco-sanitario: Set directory modification time (using SetModTime)
2026/08/08 19:36:41 INFO  : sites-v4/riocarta/.vercel/output/static/preview/rascunhos/smoke-202605150605-no-corre-da-saude-complexo-do-alemao-ganha-consultorio-especializado-em-prevencao-ao-hiv-e-ists: Set directory modification time (using SetModTime)
2026/08/08 19:36:42 INFO  : sites-v4/riocarta/dist/client/preview/rascunhos/smoke-202605150505-sao-goncalo-da-inicio-aos-trabalhos-para-elaboracao-de-plano-municipal-de-reducao-de-riscos: Set directory modification time (using SetModTime)
2026/08/08 19:36:43 INFO  : sites-v4/ceara/.git/objects/4a/cbe77916cc4b5a38cee9c98d06dea152f6937d: Copied (new)
2026/08/08 19:36:43 INFO  : sites-v4/ceara/.git/objects/4a/c75635812cddb86891eeea958c3079acfe541c: Copied (new)
2026/08/08 19:36:44 INFO  : sites-v4/riocarta/dist/client/preview/rascunhos/smoke-202605150505-stf-nega-recurso-de-falso-quimico-preso-em-mansao-no-rio-com-laboratorio-clandestino-de-anaboliz: Set directory modification time (using SetModTime)
2026/08/08 19:36:44 INFO  : sites-v4/riocarta/.vercel/output/static/preview/rascunhos/smoke-202605150605-paula-parisot-e-o-direito-ontologico-de-narrar-se: Set directory modification time (using SetModTime)
2026/08/08 19:36:44 INFO  : sites-v4/riocarta/.vercel/output/static/preview/rascunhos/smoke-202605150605-pm-e-baleado-em-operacao-no-engenho-do-mato: Set directory modification time (using SetModTime)
2026/08/08 19:36:44 INFO  : sites-v4/riocarta/dist/client/preview/rascunhos/smoke-202605150505-subtenente-dos-bombeiros-e-condenado-a-8-anos-por-morte-apos-briga-de-transito: Set directory modification time (using SetModTime)
2026/08/08 19:36:45 INFO  : sites-v4/discoverbrazil/.git/objects/4c/7f9235ba9a65986d8575bb0582392457d51c27: Copied (new)
2026/08/08 19:36:46 INFO  : sites-v4/riocarta/dist/client/preview/rascunhos/smoke-202605150605-alerj-aprova-projeto-para-tornar-fabio-porchat-persona-non-grata-no-rio-entenda: Set directory modification time (using SetModTime)
2026/08/08 19:36:46 INFO  : sites-v4/riocarta/.vercel/output/static/preview/rascunhos/smoke-202605150605-quem-tem-carro-fabricado-ate-2010-no-rio-nao-paga-ipva-mas-precisa-fazer-isso-ate-31-5-para-nao: Set directory modification time (using SetModTime)
2026/08/08 19:36:48 INFO  : sites-v4/riocarta/.vercel/output/static/preview/rascunhos/smoke-202605150605-rio-de-janeiro-leva-cachacas-fluminenses-ao-maior-evento-do-setor-na-europa: Set directory modification time (using SetModTime)
2026/08/08 19:36:48 INFO  : sites-v4/riocarta/dist/client/preview/rascunhos/smoke-202605150605-camara-de-japeri-aprova-eleicao-indireta-em-caso-de-dupla-vacancia-na-prefeitura: Set directory modification time (using SetModTime)
2026/08/08 19:36:49 INFO  : sites-v4/railpost/.git/objects/4d/ce4358cf1a67f7a3f84aa68fb7e4c62db43aca: Copied (new)
2026/08/08 19:36:50 INFO  : sites-v4/riocarta/dist/client/preview/rascunhos/smoke-202605150605-caso-vorcaro-vira-municao-politica-contra-flavio-bolsonaro-e-pressiona-pre-candidatura-ao-planal: Set directory modification time (using SetModTime)
2026/08/08 19:36:50 INFO  : sites-v4/riocarta/.vercel/output/static/preview/rascunhos/smoke-202605150605-sao-goncalo-sorteia-vagas-para-centros-de-autismo: Set directory modification time (using SetModTime)
2026/08/08 19:36:52 INFO  : sites-v4/riocarta/dist/client/preview/rascunhos/smoke-202605150605-domingo-e-dia-da-marcha-das-mulheres-negras-e-indigenas: Set directory modification time (using SetModTime)
2026/08/08 19:36:52 INFO  : sites-v4/riocarta/.vercel/output/static/preview/rascunhos/smoke-202605150705-anthony-garotinho-lanca-pre-candidatura-ao-governo-do-rio-pelo-republicanos: Set directory modification time (using SetModTime)
2026/08/08 19:36:53 INFO  : sites-v4/riocarta/.vercel/output/static/preview/rascunhos/smoke-202605150705-bairros-de-nova-iguacu-podem-ter-abastecimento-afetado-por-manutencao-da-cedae: Set directory modification time (using SetModTime)
2026/08/08 19:36:53 INFO  : sites-v4/riocarta/dist/client/preview/rascunhos/smoke-202605150605-igua-rio-coleta-residuos-no-complexo-lagunar-de-jacarepagua-em-acao-com-pacto-global-da-onu: Set directory modification time (using SetModTime)
2026/08/08 19:36:54 INFO  : sites-v4/discoverbrazil/.git/objects/4f/4988c4b89ce8b764e20bb3d04bdc7067190c00: Copied (new)
2026/08/08 19:36:54 INFO  : sites-v4/riocarta/.vercel/output/static/preview/rascunhos/smoke-202605150705-clinica-de-estetica-e-interditada-na-zona-norte-por-bronzeamento-artificial-proibido: Set directory modification time (using SetModTime)
2026/08/08 19:36:55 INFO  : sites-v4/riocarta/dist/client/preview/rascunhos/smoke-202605150605-juiza-tula-mello-recebe-medalha-tiradentes-nesta-quinta-feira-na-alerj: Set directory modification time (using SetModTime)
2026/08/08 19:36:55 INFO  : sites-v4/ceara/.git/objects/4e/bcc7584e03815a6b8f36d65434d80f5114814b: Copied (new)
2026/08/08 19:36:55 INFO  : sites-v4/railpost/.git/objects/4f/e45c306b970cece8e2253507659ba6ef8d8ef3: Copied (new)
2026/08/08 19:36:56 INFO  : sites-v4/railpost/.git/objects/4f/ed310b0b76e25df3251d55fcfd46d06f51be5b: Copied (new)
2026/08/08 19:36:56 INFO  : sites-v4/riocarta/.vercel/output/static/preview/rascunhos/smoke-202605150705-conservatoria-recebe-3a-mostra-arte-sonora-com-musica-teatro-e-cultura-no-vale-do-cafe: Set directory modification time (using SetModTime)
2026/08/08 19:36:56 INFO  : sites-v4/riocarta/dist/client/preview/rascunhos/smoke-202605150605-lindbergh-aciona-pf-para-investigar-rede-de-financiamento-bolsonarista-nos-eua: Set directory modification time (using SetModTime)
2026/08/08 19:36:58 INFO  : sites-v4/riocarta/dist/client/preview/rascunhos/smoke-202605150605-mamografia-amplia-rede-de-atendimento-da-saude-em-sao-goncalo: Set directory modification time (using SetModTime)
2026/08/08 19:36:58 INFO  : sites-v4/riocarta/.vercel/output/static/preview/rascunhos/smoke-202605150705-correndo-o-risco-de-virar-persona-non-grata-porchat-faz-piada-com-heteros: Set directory modification time (using SetModTime)
2026/08/08 19:37:00 INFO  : sites-v4/riocarta/dist/client/preview/rascunhos/smoke-202605150605-mulher-acusada-de-aliciamento-e-presa-em-operacao-contra-exploracao-sexual-infantil: Set directory modification time (using SetModTime)
2026/08/08 19:37:00 INFO  : sites-v4/riocarta/.vercel/output/static/preview/rascunhos/smoke-202605150705-econ-voce-democratiza-acesso-a-universidade-no-rio: Set directory modification time (using SetModTime)
2026/08/08 19:37:00 INFO  : sites-v4/riocarta/dist/client/preview/rascunhos/smoke-202605150605-no-corre-da-saude-complexo-do-alemao-ganha-consultorio-especializado-em-prevencao-ao-hiv-e-ists: Set directory modification time (using SetModTime)
2026/08/08 19:37:01 INFO  : sites-v4/riocarta/.vercel/output/static/preview/rascunhos/smoke-202605150705-eduardo-cavaliere-chama-de-fake-news-critica-sobre-fim-do-dinheiro-nos-onibus: Set directory modification time (using SetModTime)
2026/08/08 19:37:01 INFO  : sites-v4/riocarta/.vercel/output/static/preview/rascunhos/smoke-202605150705-flavio-bolsonaro-barra-michelle-e-mantem-candidatura-sob-cerco: Set directory modification time (using SetModTime)
2026/08/08 19:37:01 INFO  : sites-v4/riocarta/dist/client/preview/rascunhos/smoke-202605150605-paula-parisot-e-o-direito-ontologico-de-narrar-se: Set directory modification time (using SetModTime)
2026/08/08 19:37:04 INFO  : sites-v4/riocarta/.vercel/output/static/preview/rascunhos/smoke-202605150705-flavio-valle-lanca-pre-candidatura-a-alerj-em-festa-com-liderancas-politicas: Set directory modification time (using SetModTime)
2026/08/08 19:37:27 INFO  : sites-v4/riocarta/.vercel/output/static/preview/rascunhos/smoke-202605150705-onibus-bate-em-trem-em-costa-barros-e-altera-circulacao-do-ramal-belford-roxo: Set directory modification time (using SetModTime)
2026/08/08 19:37:28 INFO  : sites-v4/riocarta/.vercel/output/static/preview/rascunhos/smoke-202605150705-onibus-do-rio-nao-vao-mais-aceitar-pagamento-em-dinheiro-a-partir-de-30-de-maio-entenda-a-medida: Set directory modification time (using SetModTime)
2026/08/08 19:37:28 INFO  : sites-v4/riocarta/dist/client/preview/rascunhos/smoke-202605150605-pm-e-baleado-em-operacao-no-engenho-do-mato: Set directory modification time (using SetModTime)
2026/08/08 19:37:28 INFO  : sites-v4/riocarta/.vercel/output/static/preview/rascunhos/smoke-202605150705-quando-os-onibus-municipais-do-rio-vao-deixar-de-aceitar-dinheiro: Set directory modification time (using SetModTime)
2026/08/08 19:37:29 INFO  : sites-v4/riocarta/dist/client/preview/rascunhos/smoke-202605150605-quem-tem-carro-fabricado-ate-2010-no-rio-nao-paga-ipva-mas-precisa-fazer-isso-ate-31-5-para-nao: Set directory modification time (using SetModTime)
2026/08/08 19:37:29 INFO  : sites-v4/riocarta/.vercel/output/static/preview/rascunhos/smoke-202605150705-rio-recebe-conferencia-internacional-sobre-expansao-da-musica-latina: Set directory modification time (using SetModTime)
2026/08/08 19:37:29 INFO  : sites-v4/aiatolah/.git/objects/50/da70d4317ff228256274c53e288e697962d8df: Copied (new)
2026/08/08 19:37:29 INFO  : sites-v4/riocarta/dist/client/preview/rascunhos/smoke-202605150605-rio-de-janeiro-leva-cachacas-fluminenses-ao-maior-evento-do-setor-na-europa: Set directory modification time (using SetModTime)
2026/08/08 19:37:30 INFO  : sites-v4/riocarta/.vercel/output/static/preview/rascunhos/smoke-202605150705-temporada-de-montanhismo-movimenta-petropolis-com-trilhas-na-serra-dos-orgaos: Set directory modification time (using SetModTime)
2026/08/08 19:37:30 INFO  : sites-v4/riocarta/dist/client/preview/rascunhos/smoke-202605150605-sao-goncalo-sorteia-vagas-para-centros-de-autismo: Set directory modification time (using SetModTime)
2026/08/08 19:37:30 INFO  : sites-v4/riocarta/.vercel/output/static/preview/rascunhos/smoke-202605150705-vila-olimpica-do-mato-alto-recebe-primeiro-festival-pcd-esportes-sem-limites: Set directory modification time (using SetModTime)
2026/08/08 19:37:30 INFO  : sites-v4/riocarta/dist/client/preview/rascunhos/smoke-202605150705-anthony-garotinho-lanca-pre-candidatura-ao-governo-do-rio-pelo-republicanos: Set directory modification time (using SetModTime)
2026/08/08 19:37:31 INFO  : sites-v4/riocarta/.vercel/output/static/preview/rascunhos/smoke-202605150805-argentino-procurado-pela-interpol-e-preso-no-rj: Set directory modification time (using SetModTime)
2026/08/08 19:37:31 INFO  : sites-v4/riocarta/dist/client/preview/rascunhos/smoke-202605150705-bairros-de-nova-iguacu-podem-ter-abastecimento-afetado-por-manutencao-da-cedae: Set directory modification time (using SetModTime)
2026/08/08 19:37:31 INFO  : sites-v4/riocarta/.vercel/output/static/preview/rascunhos/smoke-202605150805-camara-aprova-salas-de-espera-adaptadas-para-pessoas-com-tea-em-hospitais-do-rio: Set directory modification time (using SetModTime)
2026/08/08 19:37:32 INFO  : sites-v4/riocarta/dist/client/preview/rascunhos/smoke-202605150705-clinica-de-estetica-e-interditada-na-zona-norte-por-bronzeamento-artificial-proibido: Set directory modification time (using SetModTime)
2026/08/08 19:37:32 INFO  : sites-v4/discoverbrazil/.git/objects/56/f2cf4589175ed0ba4084a422bc72639d70515c: Copied (new)
2026/08/08 19:37:32 INFO  :    11.343 MiB / 11.343 MiB, 100%, 1.780 KiB/s, ETA 0s
2026/08/08 19:37:32 INFO  : sites-v4/riocarta/.vercel/output/static/preview/rascunhos/smoke-202605150805-light-e-aguas-do-rio-lideram-ranking-de-reclamacoes-do-procon-carioca-em-2026: Set directory modification time (using SetModTime)
2026/08/08 19:37:32 INFO  : sites-v4/riocarta/dist/client/preview/rascunhos/smoke-202605150705-conservatoria-recebe-3a-mostra-arte-sonora-com-musica-teatro-e-cultura-no-vale-do-cafe: Set directory modification time (using SetModTime)
2026/08/08 19:37:33 INFO  : sites-v4/riocarta/dist/client/preview/rascunhos/smoke-202605150705-correndo-o-risco-de-virar-persona-non-grata-porchat-faz-piada-com-heteros: Set directory modification time (using SetModTime)
2026/08/08 19:37:33 INFO  : sites-v4/riocarta/.vercel/output/static/preview/rascunhos/smoke-202605150805-maio-amarelo-leva-educacao-no-transito-a-120-alunos-na-quinta-da-boa-vista: Set directory modification time (using SetModTime)
2026/08/08 19:37:33 INFO  : sites-v4/ceara/.git/objects/53/ee0433cc00ae8da4601c05ff12a555a8c87616: Copied (new)
2026/08/08 19:37:33 INFO  : sites-v4/riocarta/.vercel/output/static/preview/rascunhos/smoke-202605150805-moradores-de-nova-iguacu-ganham-novas-conexoes-com-o-brt-no-trevo-das-margaridas: Set directory modification time (using SetModTime)
2026/08/08 19:37:34 INFO  : sites-v4/riocarta/dist/client/preview/rascunhos/smoke-202605150705-econ-voce-democratiza-acesso-a-universidade-no-rio: Set directory modification time (using SetModTime)
2026/08/08 19:37:34 INFO  : sites-v4/ceara/.git/objects/54/042f117d467b956f8ecf211099639bbde3816d: Copied (new)
2026/08/08 19:37:34 INFO  : sites-v4/riocarta/.vercel/output/static/preview/rascunhos/smoke-202605150805-projeto-social-na-rocinha-abre-vagas-para-oficinas-de-literatura-arte-e-cultura: Set directory modification time (using SetModTime)
2026/08/08 19:37:34 INFO  : sites-v4/riocarta/dist/client/preview/rascunhos/smoke-202605150705-eduardo-cavaliere-chama-de-fake-news-critica-sobre-fim-do-dinheiro-nos-onibus: Set directory modification time (using SetModTime)
2026/08/08 19:37:35 INFO  : sites-v4/riocarta/.vercel/output/static/preview/rascunhos/smoke-202605150805-rio-aprova-criacao-de-iml-veterinario-para-investigar-crimes-contra-animais: Set directory modification time (using SetModTime)
2026/08/08 19:37:35 INFO  : sites-v4/discoverbrazil/.git/objects/58/4803ac304e0e2778448649a40c350ece863397: Copied (new)
2026/08/08 19:37:35 INFO  : sites-v4/riocarta/dist/client/preview/rascunhos/smoke-202605150705-flavio-bolsonaro-barra-michelle-e-mantem-candidatura-sob-cerco: Set directory modification time (using SetModTime)
2026/08/08 19:37:35 INFO  : sites-v4/riocarta/.vercel/output/static/preview/rascunhos/smoke-202605150805-ultima-semana-de-inscricoes-para-o-vestibular-cederj-7-505-vagas-para-as-universidades-publicas: Set directory modification time (using SetModTime)
2026/08/08 19:37:35 INFO  : sites-v4/mundotrilhos/.git/objects/5d/bbb83abefb85ee3447e49c7164ca13ec39d550: Copied (new)
2026/08/08 19:37:36 INFO  : sites-v4/riocarta/dist/client/preview/rascunhos/smoke-202605150705-flavio-valle-lanca-pre-candidatura-a-alerj-em-festa-com-liderancas-politicas: Set directory modification time (using SetModTime)
2026/08/08 19:37:36 INFO  : sites-v4/riocarta/.vercel/output/static/preview/rascunhos/smoke-202605150805-varejo-do-rio-ve-risco-de-perda-bilionaria-com-mudanca-na-taxa-das-blusinhas: Set directory modification time (using SetModTime)
2026/08/08 19:37:36 INFO  : sites-v4/riocarta/dist/client/preview/rascunhos/smoke-202605150705-onibus-bate-em-trem-em-costa-barros-e-altera-circulacao-do-ramal-belford-roxo: Set directory modification time (using SetModTime)
2026/08/08 19:37:36 INFO  : sites-v4/riocarta/.vercel/output/static/preview/rascunhos/smoke-202605150805-vereador-propoe-motobox-e-faixas-de-seguranca-para-motos-em-vias-de-grande-fluxo: Set directory modification time (using SetModTime)
2026/08/08 19:37:37 INFO  : sites-v4/riocarta/dist/client/preview/rascunhos/smoke-202605150705-onibus-do-rio-nao-vao-mais-aceitar-pagamento-em-dinheiro-a-partir-de-30-de-maio-entenda-a-medida: Set directory modification time (using SetModTime)
2026/08/08 19:37:37 INFO  : sites-v4/riocarta/.vercel/output/static/preview/rascunhos/smoke-202605151305-crm-cassa-registro-profissional-do-dr-bumbum-no-df: Set directory modification time (using SetModTime)
2026/08/08 19:37:37 INFO  : sites-v4/aiatolah/.git/objects/55/338e04cb54d5efcd3a2cca15d696a2903c4d7e: Copied (new)
2026/08/08 19:37:37 INFO  : sites-v4/mundotrilhos/.git/objects/5e/585f208364cc5eab9bae69e81cb2d473a053f3: Copied (new)
2026/08/08 19:37:37 INFO  : sites-v4/riocarta/dist/client/preview/rascunhos/smoke-202605150705-quando-os-onibus-municipais-do-rio-vao-deixar-de-aceitar-dinheiro: Set directory modification time (using SetModTime)
2026/08/08 19:37:38 INFO  : sites-v4/riocarta/.vercel/output/static/preview/rascunhos/smoke-202605151305-dr-bumbum-sofre-de-sindrome-do-panico-e-vai-negociar-ida-a-policia-diz-advogada: Set directory modification time (using SetModTime)
2026/08/08 19:37:38 INFO  : sites-v4/riocarta/dist/client/preview/rascunhos/smoke-202605150705-rio-recebe-conferencia-internacional-sobre-expansao-da-musica-latina: Set directory modification time (using SetModTime)
2026/08/08 19:37:38 INFO  : sites-v4/riocarta/.vercel/output/static/preview/rascunhos/smoke-202605151305-helio-eichbauer-cenografo-que-marcou-teatro-musica-e-cinema-no-brasil-morre-aos-76-anos-no-rio: Set directory modification time (using SetModTime)
2026/08/08 19:37:39 INFO  : sites-v4/riocarta/dist/client/preview/rascunhos/smoke-202605150705-temporada-de-montanhismo-movimenta-petropolis-com-trilhas-na-serra-dos-orgaos: Set directory modification time (using SetModTime)
2026/08/08 19:37:39 INFO  : sites-v4/riocarta/.vercel/output/static/preview/rascunhos/smoke-202605151305-homem-preso-injustamente-no-rio-processa-o-estado-perde-e-e-condenado-a-pagar-quase-meio-milhao: Set directory modification time (using SetModTime)
2026/08/08 19:37:40 INFO  : sites-v4/riocarta/dist/client/preview/rascunhos/smoke-202605150705-vila-olimpica-do-mato-alto-recebe-primeiro-festival-pcd-esportes-sem-limites: Set directory modification time (using SetModTime)
2026/08/08 19:37:40 INFO  : sites-v4/riocarta/.vercel/output/static/preview/rascunhos/smoke-202605151305-international-favelas-conference-promotes-a-dis-integrated-city-from-erasing-favela-residents-to: Set directory modification time (using SetModTime)
2026/08/08 19:37:41 INFO  : sites-v4/riocarta/dist/client/preview/rascunhos/smoke-202605150805-argentino-procurado-pela-interpol-e-preso-no-rj: Set directory modification time (using SetModTime)
2026/08/08 19:37:41 INFO  : sites-v4/riocarta/.vercel/output/static/preview/rascunhos/smoke-202605151305-justica-pode-derrubar-laudemio-de-60-mil-imoveis-em-botafogo: Set directory modification time (using SetModTime)
2026/08/08 19:37:41 INFO  : sites-v4/riocarta/dist/client/preview/rascunhos/smoke-202605150805-camara-aprova-salas-de-espera-adaptadas-para-pessoas-com-tea-em-hospitais-do-rio: Set directory modification time (using SetModTime)
2026/08/08 19:37:41 INFO  : sites-v4/mundotrilhos/.git/objects/60/6bf66f05769a1824a0af3537c45daa7b3657c1: Copied (new)
2026/08/08 19:37:42 INFO  : sites-v4/riocarta/.vercel/output/static/preview/rascunhos/smoke-202605151305-maca-inteligente-criada-por-alunos-da-faetec-disputara-premio-em-portugal: Set directory modification time (using SetModTime)
2026/08/08 19:37:42 INFO  : sites-v4/riocarta/dist/client/preview/rascunhos/smoke-202605150805-light-e-aguas-do-rio-lideram-ranking-de-reclamacoes-do-procon-carioca-em-2026: Set directory modification time (using SetModTime)
2026/08/08 19:37:42 INFO  : sites-v4/globalsouth/.git/objects/5a/3360c6ba62484ba0e032b1f82e7d01ab365a3f: Copied (new)
2026/08/08 19:37:43 INFO  : sites-v4/railpost/.git/objects/59/65d8050736bd335110e5a9115e5e78d2c23b5a: Copied (new)
2026/08/08 19:37:43 INFO  : sites-v4/riocarta/.vercel/output/static/preview/rascunhos/smoke-202605151305-maioria-do-armamento-apreendido-em-ms-seria-levado-para-o-rj-diz-prf: Set directory modification time (using SetModTime)
2026/08/08 19:37:43 INFO  : sites-v4/riocarta/dist/client/preview/rascunhos/smoke-202605150805-maio-amarelo-leva-educacao-no-transito-a-120-alunos-na-quinta-da-boa-vista: Set directory modification time (using SetModTime)
2026/08/08 19:37:44 INFO  : sites-v4/riocarta/dist/client/preview/rascunhos/smoke-202605150805-moradores-de-nova-iguacu-ganham-novas-conexoes-com-o-brt-no-trevo-das-margaridas: Set directory modification time (using SetModTime)
2026/08/08 19:37:44 INFO  : sites-v4/riocarta/.vercel/output/static/preview/rascunhos/smoke-202605151305-marica-cria-unimar-primeira-universidade-municipal-da-cidade: Set directory modification time (using SetModTime)
2026/08/08 19:37:46 INFO  : sites-v4/riocarta/.vercel/output/static/preview/rascunhos/smoke-202605151305-revitalizacao-do-moinho-ainda-pode-levar-mais-uma-decada: Set directory modification time (using SetModTime)
2026/08/08 19:37:46 INFO  : sites-v4/riocarta/dist/client/preview/rascunhos/smoke-202605150805-projeto-social-na-rocinha-abre-vagas-para-oficinas-de-literatura-arte-e-cultura: Set directory modification time (using SetModTime)
2026/08/08 19:37:46 INFO  : sites-v4/riocarta/dist/client/preview/rascunhos/smoke-202605150805-rio-aprova-criacao-de-iml-veterinario-para-investigar-crimes-contra-animais: Set directory modification time (using SetModTime)
2026/08/08 19:37:46 INFO  : sites-v4/riocarta/.vercel/output/static/preview/rascunhos/smoke-202605151305-rio-civil-society-forms-front-to-defend-trees-from-city-hall: Set directory modification time (using SetModTime)
2026/08/08 19:37:47 INFO  : sites-v4/aiatolah/.git/objects/59/4d25d58720345208f271db7f0f3de209020198: Copied (new)
2026/08/08 19:37:47 INFO  : sites-v4/aiatolah/.git/objects/59/7d30c58d860f72543ef5f6ec548ada7bd5c963: Copied (new)
2026/08/08 19:37:48 INFO  : sites-v4/riocarta/dist/client/preview/rascunhos/smoke-202605150805-ultima-semana-de-inscricoes-para-o-vestibular-cederj-7-505-vagas-para-as-universidades-publicas: Set directory modification time (using SetModTime)
2026/08/08 19:37:48 INFO  : sites-v4/discoverbrazil/.git/objects/5d/1a9ba42f11966369367f37e465309ae6edb637: Copied (new)
2026/08/08 19:37:48 INFO  : sites-v4/riocarta/.vercel/output/static/preview/rascunhos/smoke-202605151305-rio-das-ostras-atinge-pontuacao-perfeita-em-mostra-estadual-de-saude: Set directory modification time (using SetModTime)
2026/08/08 19:37:50 INFO  : sites-v4/riocarta/dist/client/preview/rascunhos/smoke-202605150805-varejo-do-rio-ve-risco-de-perda-bilionaria-com-mudanca-na-taxa-das-blusinhas: Set directory modification time (using SetModTime)
2026/08/08 19:37:50 INFO  : sites-v4/riocarta/.vercel/output/static/preview/rascunhos/smoke-202605151305-the-who-and-why-of-sustainability-without-retraining-waste-pickers-have-been-on-losing-end-of-gr: Set directory modification time (using SetModTime)
2026/08/08 19:37:50 INFO  : sites-v4/riocarta/dist/client/preview/rascunhos/smoke-202605150805-vereador-propoe-motobox-e-faixas-de-seguranca-para-motos-em-vias-de-grande-fluxo: Set directory modification time (using SetModTime)
2026/08/08 19:37:50 INFO  : sites-v4/mundotrilhos/.git/objects/62/e89a22737da02e493c1ab335ffa65c2b55e466: Copied (new)
2026/08/08 19:37:50 INFO  : sites-v4/riocarta/.vercel/output/static/preview/rascunhos/smoke-202605151405-bolsonarista-claudio-castro-e-alvo-da-pf-em-operacao-que-apreendeu-r-500-mil-em-caixas-de-sapato: Set directory modification time (using SetModTime)
2026/08/08 19:37:51 INFO  : sites-v4/aiatolah/.git/objects/5a/7e1ce39da867a87ce1b62820473a201fc67c97: Copied (new)
2026/08/08 19:37:52 INFO  : sites-v4/riocarta/.vercel/output/static/preview/rascunhos/smoke-202605151405-claudio-castro-e-alvo-de-operacao-da-policia-federal: Set directory modification time (using SetModTime)
2026/08/08 19:37:52 INFO  : sites-v4/riocarta/dist/client/preview/rascunhos/smoke-202605151305-crm-cassa-registro-profissional-do-dr-bumbum-no-df: Set directory modification time (using SetModTime)
2026/08/08 19:37:54 INFO  : sites-v4/riocarta/.vercel/output/static/preview/rascunhos/smoke-202605151405-craque-do-amanha-recebe-apoio-de-empresa-internacional-e-muda-a-realidade-de-centenas-de-jovens: Set directory modification time (using SetModTime)
2026/08/08 19:37:54 INFO  : sites-v4/riocarta/dist/client/preview/rascunhos/smoke-202605151305-dr-bumbum-sofre-de-sindrome-do-panico-e-vai-negociar-ida-a-policia-diz-advogada: Set directory modification time (using SetModTime)
2026/08/08 19:37:55 INFO  : sites-v4/riocarta/.vercel/output/static/preview/rascunhos/smoke-202605151405-data-centers-ai-and-the-social-costs-for-rio-de-janeiro-what-does-it-mean-in-practice-to-become: Set directory modification time (using SetModTime)
2026/08/08 19:37:55 INFO  : sites-v4/riocarta/dist/client/preview/rascunhos/smoke-202605151305-helio-eichbauer-cenografo-que-marcou-teatro-musica-e-cinema-no-brasil-morre-aos-76-anos-no-rio: Set directory modification time (using SetModTime)
2026/08/08 19:37:55 INFO  : sites-v4/mundotrilhos/.git/objects/64/abb7375c2d17386c05d414e767a247a6c1c263: Copied (new)
2026/08/08 19:37:56 INFO  : sites-v4/riocarta/dist/client/preview/rascunhos/smoke-202605151305-homem-preso-injustamente-no-rio-processa-o-estado-perde-e-e-condenado-a-pagar-quase-meio-milhao: Set directory modification time (using SetModTime)
2026/08/08 19:37:56 INFO  : sites-v4/riocarta/.vercel/output/static/preview/rascunhos/smoke-202605151405-estado-do-rio-registra-a-menor-temperatura-do-brasil-6-8oc: Set directory modification time (using SetModTime)
2026/08/08 19:37:58 INFO  : sites-v4/riocarta/dist/client/preview/rascunhos/smoke-202605151305-international-favelas-conference-promotes-a-dis-integrated-city-from-erasing-favela-residents-to: Set directory modification time (using SetModTime)
2026/08/08 19:37:58 INFO  : sites-v4/discoverbrazil/.git/objects/60/b7e76ae5d2685394c4f2e1b1496a6b888556e6: Copied (new)
2026/08/08 19:37:58 INFO  : sites-v4/riocarta/.vercel/output/static/preview/rascunhos/smoke-202605151405-ex-governador-claudio-castro-e-alvo-da-pf-em-operacao-sobre-fraudes-fiscais-no-rio: Set directory modification time (using SetModTime)
2026/08/08 19:38:00 INFO  : sites-v4/riocarta/dist/client/preview/rascunhos/smoke-202605151305-justica-pode-derrubar-laudemio-de-60-mil-imoveis-em-botafogo: Set directory modification time (using SetModTime)
2026/08/08 19:38:00 INFO  : sites-v4/riocarta/.vercel/output/static/preview/rascunhos/smoke-202605151405-ex-governador-claudio-castro-vira-alvo-de-megaoperacao-da-policia-federal-nessa-sexta-15: Set directory modification time (using SetModTime)
2026/08/08 19:38:01 INFO  : sites-v4/railpost/.git/objects/5f/6dfc05007a3ba0e840b21886ae9648eae7b1b8: Copied (new)
2026/08/08 19:38:02 INFO  : sites-v4/riocarta/.vercel/output/static/preview/rascunhos/smoke-202605151405-marica-inaugura-esquina-do-malandro-com-homenagens-a-beth-carvalho-e-claudinho-guimaraes: Set directory modification time (using SetModTime)
2026/08/08 19:38:02 INFO  : sites-v4/riocarta/dist/client/preview/rascunhos/smoke-202605151305-maca-inteligente-criada-por-alunos-da-faetec-disputara-premio-em-portugal: Set directory modification time (using SetModTime)
2026/08/08 19:38:02 INFO  : sites-v4/riocarta/.vercel/output/static/preview/rascunhos/smoke-202605151405-menina-de-12-anos-denuncia-ter-sido-estuprada-por-oito-meninos-em-campo-grande: Set directory modification time (using SetModTime)
2026/08/08 19:38:03 INFO  : sites-v4/riocarta/dist/client/preview/rascunhos/smoke-202605151305-maioria-do-armamento-apreendido-em-ms-seria-levado-para-o-rj-diz-prf: Set directory modification time (using SetModTime)
2026/08/08 19:38:04 INFO  : sites-v4/riocarta/.vercel/output/static/preview/rascunhos/smoke-202605151405-operacao-sem-refino-claudio-castro-e-alvo-de-busca-e-apreensao: Set directory modification time (using SetModTime)
2026/08/08 19:38:05 INFO  : sites-v4/riocarta/dist/client/preview/rascunhos/smoke-202605151305-marica-cria-unimar-primeira-universidade-municipal-da-cidade: Set directory modification time (using SetModTime)
2026/08/08 19:38:06 INFO  : sites-v4/riocarta/.vercel/output/static/preview/rascunhos/smoke-202605151405-pf-descreve-rio-capturado-pela-refit-durante-a-pessima-gestao-de-claudio-castro: Set directory modification time (using SetModTime)
2026/08/08 19:38:06 INFO  : sites-v4/riocarta/dist/client/preview/rascunhos/smoke-202605151305-revitalizacao-do-moinho-ainda-pode-levar-mais-uma-decada: Set directory modification time (using SetModTime)
2026/08/08 19:38:06 INFO  : sites-v4/riocarta/.vercel/output/static/preview/rascunhos/smoke-202605151405-planetario-do-rio-inscreve-para-um-dia-de-atividades-nas-ferias: Set directory modification time (using SetModTime)
2026/08/08 19:38:07 INFO  : sites-v4/riocarta/.vercel/output/static/preview/rascunhos/smoke-202605151405-plataforma-digital-para-conectar-pcds-e-empresas-e-lancada-pela-prefeitura-de-volta-redonda: Set directory modification time (using SetModTime)
2026/08/08 19:38:09 INFO  : sites-v4/riocarta/dist/client/preview/rascunhos/smoke-202605151305-rio-civil-society-forms-front-to-defend-trees-from-city-hall: Set directory modification time (using SetModTime)
2026/08/08 19:38:30 INFO  : sites-v4/globalsouth/.git/objects/62/3cf3e6c8d57dc03883d7bed8f68c61f4a0c547: Copied (new)
2026/08/08 19:38:30 INFO  : sites-v4/riocarta/.vercel/output/static/preview/rascunhos/smoke-202605151405-tribunal-de-justica-tranca-acao-penal-contra-advogado-que-havia-recebido-voz-de-prisao-no-forum: Set directory modification time (using SetModTime)
2026/08/08 19:38:30 INFO  : sites-v4/riocarta/dist/client/preview/rascunhos/smoke-202605151305-rio-das-ostras-atinge-pontuacao-perfeita-em-mostra-estadual-de-saude: Set directory modification time (using SetModTime)
2026/08/08 19:38:31 INFO  : sites-v4/riocarta/dist/client/preview/rascunhos/smoke-202605151305-the-who-and-why-of-sustainability-without-retraining-waste-pickers-have-been-on-losing-end-of-gr: Set directory modification time (using SetModTime)
2026/08/08 19:38:31 INFO  : sites-v4/riocarta/.vercel/output/static/preview/rascunhos/smoke-202605151405-vans-de-rio-das-ostras-tem-liberacao-para-entrar-no-terminal-parque-de-tubos-em-macae: Set directory modification time (using SetModTime)
2026/08/08 19:38:32 INFO  : sites-v4/riocarta/dist/client/preview/rascunhos/smoke-202605151405-bolsonarista-claudio-castro-e-alvo-da-pf-em-operacao-que-apreendeu-r-500-mil-em-caixas-de-sapato: Set directory modification time (using SetModTime)
2026/08/08 19:38:32 INFO  : sites-v4/globalsouth/.git/objects/62/5a5a6752daf8175a3bbc89f970e7a77a84cdce: Copied (new)
2026/08/08 19:38:32 INFO  : sites-v4/riocarta/.vercel/output/static/preview/rascunhos/smoke-202605151805-andre-ceciliano-intensifica-agenda-no-sul-fluminense-e-reforca-ponte-com-brasilia-para-novos-inv: Set directory modification time (using SetModTime)
2026/08/08 19:38:32 INFO  :    11.599 MiB / 11.599 MiB, 100%, 1.867 KiB/s, ETA 0s
2026/08/08 19:38:32 INFO  : sites-v4/riocarta/dist/client/preview/rascunhos/smoke-202605151405-claudio-castro-e-alvo-de-operacao-da-policia-federal: Set directory modification time (using SetModTime)
2026/08/08 19:38:32 INFO  : sites-v4/riocarta/.vercel/output/static/preview/rascunhos/smoke-202605151805-cooptacao-integral-do-estado-pf-diz-que-castro-mobilizou-orgaos-do-rj-em-favor-da-refit: Set directory modification time (using SetModTime)
2026/08/08 19:38:33 INFO  : sites-v4/mundotrilhos/.git/objects/69/8304995ed27c4e772a6efc7a6d28932a2455f6: Copied (new)
2026/08/08 19:38:33 INFO  : sites-v4/riocarta/dist/client/preview/rascunhos/smoke-202605151405-craque-do-amanha-recebe-apoio-de-empresa-internacional-e-muda-a-realidade-de-centenas-de-jovens: Set directory modification time (using SetModTime)
2026/08/08 19:38:33 INFO  : sites-v4/riocarta/.vercel/output/static/preview/rascunhos/smoke-202605151805-marica-212-anos-shows-comecam-nesta-sexta-feira-15-confira-toda-a-programacao: Set directory modification time (using SetModTime)
2026/08/08 19:38:33 INFO  : sites-v4/riocarta/dist/client/preview/rascunhos/smoke-202605151405-data-centers-ai-and-the-social-costs-for-rio-de-janeiro-what-does-it-mean-in-practice-to-become: Set directory modification time (using SetModTime)
2026/08/08 19:38:34 INFO  : sites-v4/riocarta/.vercel/output/static/preview/rascunhos/smoke-202605151805-por-que-o-ex-governador-claudio-castro-virou-alvo-da-policia-federal: Set directory modification time (using SetModTime)
2026/08/08 19:38:34 INFO  : sites-v4/riocarta/dist/client/preview/rascunhos/smoke-202605151405-estado-do-rio-registra-a-menor-temperatura-do-brasil-6-8oc: Set directory modification time (using SetModTime)
2026/08/08 19:38:34 INFO  : sites-v4/riocarta/.vercel/output/static/preview/rascunhos/smoke-202605151805-projeto-de-lei-quer-proibir-venda-de-sangue-animal-no-rio-de-janeiro: Set directory modification time (using SetModTime)
2026/08/08 19:38:35 INFO  : sites-v4/riocarta/dist/client/preview/rascunhos/smoke-202605151405-ex-governador-claudio-castro-e-alvo-da-pf-em-operacao-sobre-fraudes-fiscais-no-rio: Set directory modification time (using SetModTime)
2026/08/08 19:38:35 INFO  : sites-v4/riocarta/.vercel/output/static/preview/rascunhos/smoke-202605151805-so-para-dizer-mantem-cassada-pf-aponta-influencia-de-operador-da-refit-no-governo-castro: Set directory modification time (using SetModTime)
2026/08/08 19:38:35 INFO  : sites-v4/riocarta/dist/client/preview/rascunhos/smoke-202605151405-ex-governador-claudio-castro-vira-alvo-de-megaoperacao-da-policia-federal-nessa-sexta-15: Set directory modification time (using SetModTime)
2026/08/08 19:38:35 INFO  : sites-v4/riocarta/.vercel/output/static/preview/rascunhos/smoke-202605151805-suspeito-de-assediar-e-ameacar-estudantes-e-preso-pela-pm-em-praca-de-cabo-frio: Set directory modification time (using SetModTime)
2026/08/08 19:38:36 INFO  : sites-v4/riocarta/dist/client/preview/rascunhos/smoke-202605151405-marica-inaugura-esquina-do-malandro-com-homenagens-a-beth-carvalho-e-claudinho-guimaraes: Set directory modification time (using SetModTime)
2026/08/08 19:38:36 INFO  : sites-v4/riocarta/.vercel/output/static/preview/rascunhos/smoke-202605162023-academicos-de-medicina-do-ugb-participam-de-cerimonia-em-homenagem-a-cadaver-desconhecido: Set directory modification time (using SetModTime)
2026/08/08 19:38:36 INFO  : sites-v4/riocarta/.vercel/output/static/preview/rascunhos/smoke-202605162023-adrenalina-sobre-duas-rodas-sao-fidelis-vai-receber-etapa-do-estadual-de-moto-super-cross: Set directory modification time (using SetModTime)
2026/08/08 19:38:36 INFO  : sites-v4/riocarta/dist/client/preview/rascunhos/smoke-202605151405-menina-de-12-anos-denuncia-ter-sido-estuprada-por-oito-meninos-em-campo-grande: Set directory modification time (using SetModTime)
2026/08/08 19:38:37 INFO  : sites-v4/riocarta/.vercel/output/static/preview/rascunhos/smoke-202605162023-boca-miuda-os-bastidores-da-politica-na-regiao-dos-lagos-nesta-sexta-feira-15: Set directory modification time (using SetModTime)
2026/08/08 19:38:37 INFO  : sites-v4/globalsouth/.git/objects/65/502ea8359cd520b11648e3f8fe9227a0d8f28e: Copied (new)
2026/08/08 19:38:37 INFO  : sites-v4/riocarta/dist/client/preview/rascunhos/smoke-202605151405-operacao-sem-refino-claudio-castro-e-alvo-de-busca-e-apreensao: Set directory modification time (using SetModTime)
2026/08/08 19:38:38 INFO  : sites-v4/riocarta/.vercel/output/static/preview/rascunhos/smoke-202605162023-douglas-ruas-cumpriu-agendas-na-capital-e-na-baixada-fluminense-no-sabado: Set directory modification time (using SetModTime)
2026/08/08 19:38:38 INFO  : sites-v4/riocarta/dist/client/preview/rascunhos/smoke-202605151405-pf-descreve-rio-capturado-pela-refit-durante-a-pessima-gestao-de-claudio-castro: Set directory modification time (using SetModTime)
2026/08/08 19:38:38 INFO  : sites-v4/riocarta/.vercel/output/static/preview/rascunhos/smoke-202605162023-ilha-do-governador-ganha-nova-linha-de-onibus-24h-da-mobi-rio: Set directory modification time (using SetModTime)
2026/08/08 19:38:38 INFO  : sites-v4/riocarta/dist/client/preview/rascunhos/smoke-202605151405-planetario-do-rio-inscreve-para-um-dia-de-atividades-nas-ferias: Set directory modification time (using SetModTime)
2026/08/08 19:38:39 INFO  : sites-v4/riocarta/dist/client/preview/rascunhos/smoke-202605151405-plataforma-digital-para-conectar-pcds-e-empresas-e-lancada-pela-prefeitura-de-volta-redonda: Set directory modification time (using SetModTime)
2026/08/08 19:38:39 INFO  : sites-v4/riocarta/.vercel/output/static/preview/rascunhos/smoke-202605162023-prefeitura-de-niteroi-reformara-quadra-do-academicos-do-cubango: Set directory modification time (using SetModTime)
2026/08/08 19:38:39 INFO  : sites-v4/mapario/.git/objects/7e/1a995d8255587a8e43295286880e3fe00431ab: Copied (new)
2026/08/08 19:38:39 INFO  : sites-v4/riocarta/dist/client/preview/rascunhos/smoke-202605151405-tribunal-de-justica-tranca-acao-penal-contra-advogado-que-havia-recebido-voz-de-prisao-no-forum: Set directory modification time (using SetModTime)
2026/08/08 19:38:39 INFO  : sites-v4/riocarta/.vercel/output/static/preview/rascunhos/smoke-202605162023-prefeitura-de-niteroi-usa-tomografia-pra-acompanhar-saude-de-arvores: Set directory modification time (using SetModTime)
2026/08/08 19:38:40 INFO  : sites-v4/riocarta/.vercel/output/static/preview/rascunhos/smoke-202605162023-projeto-na-camara-propoe-transformar-rio-das-pedras-em-bairro-oficial-do-rio: Set directory modification time (using SetModTime)
2026/08/08 19:38:40 INFO  : sites-v4/riocarta/dist/client/preview/rascunhos/smoke-202605151405-vans-de-rio-das-ostras-tem-liberacao-para-entrar-no-terminal-parque-de-tubos-em-macae: Set directory modification time (using SetModTime)
2026/08/08 19:38:41 INFO  : sites-v4/riocarta/.vercel/output/static/preview/rascunhos/smoke-202605162023-servidor-da-rede-municipal-e-afastado-apos-denuncia-de-abuso-em-escola-de-marica: Set directory modification time (using SetModTime)
2026/08/08 19:38:41 INFO  : sites-v4/riocarta/dist/client/preview/rascunhos/smoke-202605151805-andre-ceciliano-intensifica-agenda-no-sul-fluminense-e-reforca-ponte-com-brasilia-para-novos-inv: Set directory modification time (using SetModTime)
2026/08/08 19:38:41 INFO  : sites-v4/discoverbrazil/.git/objects/6c/cc24a1d5218c8b02c39b425cf62835b988dc76: Copied (new)
2026/08/08 19:38:41 INFO  : sites-v4/riocarta/.vercel/output/static/preview/rascunhos/smoke-202605162023-vereador-do-psd-lidera-vaquinha-on-line-no-pais-no-primeiro-dia-de-arrecadacao: Set directory modification time (using SetModTime)
2026/08/08 19:38:41 INFO  : sites-v4/riocarta/dist/client/preview/rascunhos/smoke-202605151805-cooptacao-integral-do-estado-pf-diz-que-castro-mobilizou-orgaos-do-rj-em-favor-da-refit: Set directory modification time (using SetModTime)
2026/08/08 19:38:42 INFO  : sites-v4/riocarta/dist/client/preview/rascunhos/smoke-202605151805-marica-212-anos-shows-comecam-nesta-sexta-feira-15-confira-toda-a-programacao: Set directory modification time (using SetModTime)
2026/08/08 19:38:42 INFO  : sites-v4/riocarta/.vercel/output/static/preview/rascunhos/smoke-202605162123-governo-do-rio-antecipa-primeira-parcela-do-13o-salario-para-maio: Set directory modification time (using SetModTime)
2026/08/08 19:38:42 INFO  : sites-v4/riocarta/.vercel/output/static/preview/rascunhos/smoke-202605162123-marica-f-c-busca-vitoria-em-casa-para-subir-na-tabela-do-campeonato-brasileiro-serie-d: Set directory modification time (using SetModTime)
2026/08/08 19:38:42 INFO  : sites-v4/riocarta/dist/client/preview/rascunhos/smoke-202605151805-por-que-o-ex-governador-claudio-castro-virou-alvo-da-policia-federal: Set directory modification time (using SetModTime)
2026/08/08 19:38:43 INFO  : sites-v4/discoverbrazil/.git/objects/6c/5cb217ad85cae9f5e6f4e6586ef5963e252d47: Copied (new)
2026/08/08 19:38:43 INFO  : sites-v4/globalsouth/.git/objects/69/8e93471b67c4b35ebb5a6a4d1ac889aa49411e: Copied (new)
2026/08/08 19:38:43 INFO  : sites-v4/aiatolah/.git/objects/65/296409ad6f2d03cd27af168ccacd87c273f04e: Copied (new)
2026/08/08 19:38:43 INFO  : sites-v4/riocarta/dist/client/preview/rascunhos/smoke-202605151805-projeto-de-lei-quer-proibir-venda-de-sangue-animal-no-rio-de-janeiro: Set directory modification time (using SetModTime)
2026/08/08 19:38:43 INFO  : sites-v4/riocarta/.vercel/output/static/preview/rascunhos/smoke-202605162123-regiao-entra-em-alerta-para-risco-de-tempestades-com-avanco-de-frentes-frias: Set directory modification time (using SetModTime)
2026/08/08 19:38:43 INFO  : sites-v4/riocarta/.vercel/output/static/preview/rascunhos/smoke-202605162123-rio-das-ostras-tera-cursos-gratuitos-de-ia-na-semana-do-mei-do-sebrae: Set directory modification time (using SetModTime)
2026/08/08 19:38:43 INFO  : sites-v4/riocarta/dist/client/preview/rascunhos/smoke-202605151805-so-para-dizer-mantem-cassada-pf-aponta-influencia-de-operador-da-refit-no-governo-castro: Set directory modification time (using SetModTime)
2026/08/08 19:38:44 INFO  : sites-v4/ceara/.git/objects/6b/57a9b411e986ae2968875ddcd1d39ccccecc8c: Copied (new)
2026/08/08 19:38:45 INFO  : sites-v4/riocarta/dist/client/preview/rascunhos/smoke-202605151805-suspeito-de-assediar-e-ameacar-estudantes-e-preso-pela-pm-em-praca-de-cabo-frio: Set directory modification time (using SetModTime)
2026/08/08 19:38:46 INFO  : sites-v4/riocarta/.vercel/output/static/preview/rascunhos/smoke-202605162123-rio-registra-queda-de-37-nos-feminicidios-e-tem-menor-indice-para-o-periodo-desde-2020: Set directory modification time (using SetModTime)
2026/08/08 19:38:46 INFO  : sites-v4/riocarta/.vercel/output/static/preview/rascunhos/smoke-202605162123-rj-reduz-preco-do-gas-natural-apos-acordo-com-petrobras-e-naturgy: Set directory modification time (using SetModTime)
2026/08/08 19:38:46 INFO  : sites-v4/riocarta/dist/client/preview/rascunhos/smoke-202605162023-academicos-de-medicina-do-ugb-participam-de-cerimonia-em-homenagem-a-cadaver-desconhecido: Set directory modification time (using SetModTime)
2026/08/08 19:38:47 INFO  : sites-v4/riocarta/.vercel/output/static/preview/rascunhos/smoke-202605162123-tce-aponta-suspeita-de-emergencial-fabricado-no-lixo-e-manda-investigar-possivel-sobrepreco: Set directory modification time (using SetModTime)
2026/08/08 19:38:47 INFO  : sites-v4/riocarta/dist/client/preview/rascunhos/smoke-202605162023-adrenalina-sobre-duas-rodas-sao-fidelis-vai-receber-etapa-do-estadual-de-moto-super-cross: Set directory modification time (using SetModTime)
2026/08/08 19:38:47 INFO  : sites-v4/discoverbrazil/.git/objects/6f/a8a449e0fa53e1a2e8146c118e0d975852fa8b: Copied (new)
2026/08/08 19:38:47 INFO  : sites-v4/mundotrilhos/.git/objects/70/e4677dbb4ee90df148728a5053a782539c3029: Copied (new)
2026/08/08 19:38:48 INFO  : sites-v4/mundotrilhos/.git/objects/71/7faa8ccf30334d646ffa69f70272d98889aaaa: Copied (new)
2026/08/08 19:38:48 INFO  : sites-v4/riocarta/.vercel/output/static/preview/rascunhos/smoke-202605162223-companhia-de-danca-da-rocinha-luta-contra-o-tempo-para-representar-o-brasil-na-europa-saiba-como: Set directory modification time (using SetModTime)
2026/08/08 19:38:48 INFO  : sites-v4/riocarta/dist/client/preview/rascunhos/smoke-202605162023-boca-miuda-os-bastidores-da-politica-na-regiao-dos-lagos-nesta-sexta-feira-15: Set directory modification time (using SetModTime)
2026/08/08 19:38:50 INFO  : sites-v4/riocarta/.vercel/output/static/preview/rascunhos/smoke-202605162223-hospital-municipal-do-olho-sera-inaugurado-neste-sabado-em-barra-mansa: Set directory modification time (using SetModTime)
2026/08/08 19:38:50 INFO  : sites-v4/riocarta/dist/client/preview/rascunhos/smoke-202605162023-douglas-ruas-cumpriu-agendas-na-capital-e-na-baixada-fluminense-no-sabado: Set directory modification time (using SetModTime)
2026/08/08 19:38:51 INFO  : sites-v4/riocarta/.vercel/output/static/preview/rascunhos/smoke-202605162223-prefeitura-prorroga-obra-de-escola-interditada-ha-mais-de-10-anos-no-independencia: Set directory modification time (using SetModTime)
2026/08/08 19:38:51 INFO  : sites-v4/riocarta/dist/client/preview/rascunhos/smoke-202605162023-ilha-do-governador-ganha-nova-linha-de-onibus-24h-da-mobi-rio: Set directory modification time (using SetModTime)
2026/08/08 19:38:51 INFO  : sites-v4/riocarta/.vercel/output/static/preview/rascunhos/smoke-202605162223-prf-apreende-fuzil-pistolas-e-drogas-enviadas-do-rio-para-o-espirito-santo: Set directory modification time (using SetModTime)
2026/08/08 19:38:52 INFO  : sites-v4/riocarta/.vercel/output/static/preview/rascunhos/smoke-202605162223-rio-fecha-acordo-com-petrobras-e-concessionaria-para-reduzir-preco-do-gnv-em-6-5: Set directory modification time (using SetModTime)
2026/08/08 19:38:52 INFO  : sites-v4/riocarta/dist/client/preview/rascunhos/smoke-202605162023-prefeitura-de-niteroi-reformara-quadra-do-academicos-do-cubango: Set directory modification time (using SetModTime)
2026/08/08 19:38:54 INFO  : sites-v4/riocarta/.vercel/output/static/preview/rascunhos/smoke-202605162223-video-pm-e-baleado-durante-troca-de-tiros-no-rio-comprido: Set directory modification time (using SetModTime)
2026/08/08 19:38:54 INFO  : sites-v4/riocarta/dist/client/preview/rascunhos/smoke-202605162023-prefeitura-de-niteroi-usa-tomografia-pra-acompanhar-saude-de-arvores: Set directory modification time (using SetModTime)
2026/08/08 19:38:55 INFO  : sites-v4/riocarta/.vercel/output/static/preview/rascunhos/smoke-202605162323-claudio-castro-reage-e-tenta-conter-cerco-da-pf: Set directory modification time (using SetModTime)
2026/08/08 19:38:55 INFO  : sites-v4/riocarta/dist/client/preview/rascunhos/smoke-202605162023-projeto-na-camara-propoe-transformar-rio-das-pedras-em-bairro-oficial-do-rio: Set directory modification time (using SetModTime)
2026/08/08 19:38:57 INFO  : sites-v4/riocarta/dist/client/preview/rascunhos/smoke-202605162023-servidor-da-rede-municipal-e-afastado-apos-denuncia-de-abuso-em-escola-de-marica: Set directory modification time (using SetModTime)
2026/08/08 19:38:57 INFO  : sites-v4/riocarta/.vercel/output/static/preview/rascunhos/smoke-202605162323-ia-pode-gerar-mais-fake-news-nas-eleicoes-alertam-especialistas: Set directory modification time (using SetModTime)
2026/08/08 19:38:57 INFO  : sites-v4/railpost/.git/objects/6f/9367b4891df3fd6013227d62c863d476d816d6: Copied (new)
2026/08/08 19:38:57 INFO  : sites-v4/railpost/.git/objects/6f/cd1f6a905f563fcb7db46ada0e81743bd52b1e: Copied (new)
2026/08/08 19:38:58 INFO  : sites-v4/riocarta/dist/client/preview/rascunhos/smoke-202605162023-vereador-do-psd-lidera-vaquinha-on-line-no-pais-no-primeiro-dia-de-arrecadacao: Set directory modification time (using SetModTime)
2026/08/08 19:38:58 INFO  : sites-v4/riocarta/.vercel/output/static/preview/rascunhos/smoke-202605162323-jardim-catarina-recebe-obras-de-saneamento-em-sao-goncalo: Set directory modification time (using SetModTime)
2026/08/08 19:38:59 INFO  : sites-v4/riocarta/dist/client/preview/rascunhos/smoke-202605162123-governo-do-rio-antecipa-primeira-parcela-do-13o-salario-para-maio: Set directory modification time (using SetModTime)
2026/08/08 19:39:00 INFO  : sites-v4/riocarta/.vercel/output/static/preview/rascunhos/smoke-202605162323-marica-abre-celebracao-dos-212-anos-com-samba-de-moacyr-luz-dudu-nobre-e-homenagem-a-beth-carval: Set directory modification time (using SetModTime)
2026/08/08 19:39:00 INFO  : sites-v4/riocarta/dist/client/preview/rascunhos/smoke-202605162123-marica-f-c-busca-vitoria-em-casa-para-subir-na-tabela-do-campeonato-brasileiro-serie-d: Set directory modification time (using SetModTime)
2026/08/08 19:39:01 INFO  : sites-v4/riocarta/.vercel/output/static/preview/rascunhos/smoke-202605162323-marica-apresenta-projeto-de-requalificacao-urbana-para-moradores-do-risca-faca-em-inoa: Set directory modification time (using SetModTime)
2026/08/08 19:39:02 INFO  : sites-v4/riocarta/dist/client/preview/rascunhos/smoke-202605162123-regiao-entra-em-alerta-para-risco-de-tempestades-com-avanco-de-frentes-frias: Set directory modification time (using SetModTime)
2026/08/08 19:39:02 INFO  : sites-v4/riocarta/.vercel/output/static/preview/rascunhos/smoke-202605162323-policia-civil-prende-mae-e-filho-suspeitos-de-golpes-imobiliarios-em-cabo-frio: Set directory modification time (using SetModTime)
2026/08/08 19:39:05 INFO  : sites-v4/riocarta/.vercel/output/static/preview/rascunhos/smoke-202605162323-tande-anuncia-novos-onibus-com-ar-condicionado-para-o-transporte-publico-de-resende: Set directory modification time (using SetModTime)
2026/08/08 19:39:05 INFO  : sites-v4/riocarta/dist/client/preview/rascunhos/smoke-202605162123-rio-das-ostras-tera-cursos-gratuitos-de-ia-na-semana-do-mei-do-sebrae: Set directory modification time (using SetModTime)
2026/08/08 19:39:05 INFO  : sites-v4/riocarta/dist/client/preview/rascunhos/smoke-202605162123-rio-registra-queda-de-37-nos-feminicidios-e-tem-menor-indice-para-o-periodo-desde-2020: Set directory modification time (using SetModTime)
2026/08/08 19:39:06 INFO  : sites-v4/riocarta/dist/client/preview/rascunhos/smoke-202605162123-rj-reduz-preco-do-gas-natural-apos-acordo-com-petrobras-e-naturgy: Set directory modification time (using SetModTime)
2026/08/08 19:39:06 INFO  : sites-v4/riocarta/.vercel/output/static/preview/rascunhos/smoke-202605162323-trator-da-clin-atinge-veiculos-na-jansen: Set directory modification time (using SetModTime)
2026/08/08 19:39:30 INFO  : sites-v4/riocarta/.vercel/output/static/preview/rascunhos/smoke-202605170023-aplicativo-turistico-passeio-vale-do-cafe-e-lancado-em-barra-do-pirai-e-amplia-experiencia-digit: Set directory modification time (using SetModTime)
2026/08/08 19:39:31 INFO  : sites-v4/riocarta/.vercel/output/static/preview/rascunhos/smoke-202605170023-no-berco-politico-de-bolsonaro-pt-mira-desgaste-da-direita-no-rio-em-2026: Set directory modification time (using SetModTime)
2026/08/08 19:39:31 INFO  : sites-v4/riocarta/dist/client/preview/rascunhos/smoke-202605162123-tce-aponta-suspeita-de-emergencial-fabricado-no-lixo-e-manda-investigar-possivel-sobrepreco: Set directory modification time (using SetModTime)
2026/08/08 19:39:32 INFO  : sites-v4/riocarta/.vercel/output/static/preview/rascunhos/smoke-202605170023-nova-fase-da-integracao-no-terminal-margaridas-inclui-mais-seis-linhas-de-nova-iguacu: Set directory modification time (using SetModTime)
2026/08/08 19:39:32 INFO  :    12.074 MiB / 12.087 MiB, 100%, 10.256 KiB/s, ETA 1s
2026/08/08 19:39:32 INFO  : sites-v4/riocarta/dist/client/preview/rascunhos/smoke-202605162223-companhia-de-danca-da-rocinha-luta-contra-o-tempo-para-representar-o-brasil-na-europa-saiba-como: Set directory modification time (using SetModTime)
2026/08/08 19:39:32 INFO  : sites-v4/ceara/.git/objects/71/86f85d8ba90c264ba5282f442bcd47d0223bfb: Copied (new)
2026/08/08 19:39:32 INFO  : sites-v4/railpost/.git/objects/72/b778402cbcd9c2f68aa0c9c6607814a79d2aac: Copied (new)
2026/08/08 19:39:32 INFO  : sites-v4/globalsouth/.git/objects/72/9c3a73fa6edaaa433b2119cb87bd8eff1d35aa: Copied (new)
2026/08/08 19:39:33 INFO  : sites-v4/riocarta/dist/client/preview/rascunhos/smoke-202605162223-hospital-municipal-do-olho-sera-inaugurado-neste-sabado-em-barra-mansa: Set directory modification time (using SetModTime)
2026/08/08 19:39:33 INFO  : sites-v4/riocarta/.vercel/output/static/preview/rascunhos/smoke-202605170023-nova-obra-melhora-trafego-no-centro-e-nos-eventos: Set directory modification time (using SetModTime)
2026/08/08 19:39:33 INFO  : sites-v4/riocarta/.git/objects/75/3fb7c0ee95b2bb2daa8a752eae11ee53ad8fa0: Copied (new)
2026/08/08 19:39:33 INFO  : sites-v4/riocarta/dist/client/preview/rascunhos/smoke-202605162223-prefeitura-prorroga-obra-de-escola-interditada-ha-mais-de-10-anos-no-independencia: Set directory modification time (using SetModTime)
2026/08/08 19:39:33 INFO  : sites-v4/riocarta/.vercel/output/static/preview/rascunhos/smoke-202605170023-que-instituicao-poderia-ser-contra-isso-diz-cavaliere-ao-rebater-investigacao-do-mprj-sobre-onib: Set directory modification time (using SetModTime)
2026/08/08 19:39:34 INFO  : sites-v4/railpost/.git/objects/74/27b3fa549626a88bbc651268f9dcffd816a00c: Copied (new)
2026/08/08 19:39:34 INFO  : sites-v4/riocarta/dist/client/preview/rascunhos/smoke-202605162223-prf-apreende-fuzil-pistolas-e-drogas-enviadas-do-rio-para-o-espirito-santo: Set directory modification time (using SetModTime)
2026/08/08 19:39:34 INFO  : sites-v4/railpost/.git/objects/72/26c86cc0805f9d8b80d0084a69dfa0a9773c66: Copied (new)
2026/08/08 19:39:34 INFO  : sites-v4/globalsouth/.git/objects/72/319e3fd64ae1eb5ac2c1ea400776f96edea37e: Copied (new)
2026/08/08 19:39:34 INFO  : sites-v4/riocarta/.vercel/output/static/preview/rascunhos/smoke-202605170023-scooters-e-bikes-eletricas-sem-fiscalizacao-ameacam-a-seguranca-no-transito-de-marica: Set directory modification time (using SetModTime)
2026/08/08 19:39:35 INFO  : sites-v4/riocarta/dist/client/preview/rascunhos/smoke-202605162223-rio-fecha-acordo-com-petrobras-e-concessionaria-para-reduzir-preco-do-gnv-em-6-5: Set directory modification time (using SetModTime)
2026/08/08 19:39:35 INFO  : sites-v4/riocarta/.vercel/output/static/preview/rascunhos/smoke-202605170023-sem-avancos-do-plano-de-contingencia-prefeitura-enfrenta-risco-de-nova-paralisacao-na-turp: Set directory modification time (using SetModTime)
2026/08/08 19:39:35 INFO  : sites-v4/riocarta/dist/client/preview/rascunhos/smoke-202605162223-video-pm-e-baleado-durante-troca-de-tiros-no-rio-comprido: Set directory modification time (using SetModTime)
2026/08/08 19:39:35 INFO  : sites-v4/riocarta/.vercel/output/static/preview/rascunhos/smoke-202605170123-anvisa-suspende-lotes-da-ype-entenda-como-pedir-seu-dinheiro-de-volta: Set directory modification time (using SetModTime)
2026/08/08 19:39:36 INFO  : sites-v4/mundotrilhos/.git/objects/7a/62e4624a9f841a25865d95d3581cdd22aa7be3: Copied (new)
2026/08/08 19:39:36 INFO  : sites-v4/riocarta/dist/client/preview/rascunhos/smoke-202605162323-claudio-castro-reage-e-tenta-conter-cerco-da-pf: Set directory modification time (using SetModTime)
2026/08/08 19:39:36 INFO  : sites-v4/riocarta/.vercel/output/static/preview/rascunhos/smoke-202605170123-flavio-bolsonaro-tera-palavra-final-sobre-candidatura-de-claudio-castro-ao-senado: Set directory modification time (using SetModTime)
2026/08/08 19:39:36 INFO  : sites-v4/riocarta/dist/client/preview/rascunhos/smoke-202605162323-ia-pode-gerar-mais-fake-news-nas-eleicoes-alertam-especialistas: Set directory modification time (using SetModTime)
2026/08/08 19:39:36 INFO  : sites-v4/mapario/.git/objects/92/f10e204cb5510146660792e6f805ac0dadee45: Copied (new)
2026/08/08 19:39:36 INFO  : sites-v4/riocarta/.vercel/output/static/preview/rascunhos/smoke-202605170123-guarda-municipal-de-niteroi-resgata-jiboia-de-mais-de-2-metros-no-engenho-do-mato: Set directory modification time (using SetModTime)
2026/08/08 19:39:37 INFO  : sites-v4/riocarta/.vercel/output/static/preview/rascunhos/smoke-202605170123-marica-ganha-espaco-cultural-em-homenagem-ao-samba-e-a-icones-da-musica-brasileira: Set directory modification time (using SetModTime)
2026/08/08 19:39:37 INFO  : sites-v4/riocarta/dist/client/preview/rascunhos/smoke-202605162323-jardim-catarina-recebe-obras-de-saneamento-em-sao-goncalo: Set directory modification time (using SetModTime)
2026/08/08 19:39:38 INFO  : sites-v4/riocarta/.vercel/output/static/preview/rascunhos/smoke-202605170123-mesmo-com-registro-cassado-no-df-dr-bumbum-podera-atender-se-for-solto: Set directory modification time (using SetModTime)
2026/08/08 19:39:38 INFO  : sites-v4/riocarta/dist/client/preview/rascunhos/smoke-202605162323-marica-abre-celebracao-dos-212-anos-com-samba-de-moacyr-luz-dudu-nobre-e-homenagem-a-beth-carval: Set directory modification time (using SetModTime)
2026/08/08 19:39:38 INFO  : sites-v4/ceara/.git/objects/75/72f2e68b2e1e93695658acd55d1f30089c9ad7: Copied (new)
2026/08/08 19:39:38 INFO  : sites-v4/riocarta/dist/client/preview/rascunhos/smoke-202605162323-marica-apresenta-projeto-de-requalificacao-urbana-para-moradores-do-risca-faca-em-inoa: Set directory modification time (using SetModTime)
2026/08/08 19:39:38 INFO  : sites-v4/riocarta/.vercel/output/static/preview/rascunhos/smoke-202605170123-parque-rural-de-niteroi-recebe-campeonato-hipico-com-provas-de-salto-e-entrada-gratuita: Set directory modification time (using SetModTime)
2026/08/08 19:39:39 INFO  : sites-v4/riocarta/dist/client/preview/rascunhos/smoke-202605162323-policia-civil-prende-mae-e-filho-suspeitos-de-golpes-imobiliarios-em-cabo-frio: Set directory modification time (using SetModTime)
2026/08/08 19:39:39 INFO  : sites-v4/riocarta/.vercel/output/static/preview/rascunhos/smoke-202605170123-praia-de-niteroi-recebe-manifestacao-pro-palestina-neste-domingo-17: Set directory modification time (using SetModTime)
2026/08/08 19:39:39 INFO  : sites-v4/riocarta/dist/client/preview/rascunhos/smoke-202605162323-tande-anuncia-novos-onibus-com-ar-condicionado-para-o-transporte-publico-de-resende: Set directory modification time (using SetModTime)
2026/08/08 19:39:39 INFO  : sites-v4/riocarta/.vercel/output/static/preview/rascunhos/smoke-202605170123-prefeitura-de-niteroi-reformara-quadra-da-academicos-do-cubango: Set directory modification time (using SetModTime)
2026/08/08 19:39:40 INFO  : sites-v4/mundotrilhos/.git/objects/7d/2b15a68e85921097f38ea3964696f609a89171: Copied (new)
2026/08/08 19:39:40 INFO  : sites-v4/riocarta/.vercel/output/static/preview/rascunhos/smoke-202605170123-rodrigo-neves-declara-apoio-a-benedita-da-silva-ao-senado-e-cobra-avanco-da-linha-3-do-metro: Set directory modification time (using SetModTime)
2026/08/08 19:39:40 INFO  : sites-v4/riocarta/dist/client/preview/rascunhos/smoke-202605162323-trator-da-clin-atinge-veiculos-na-jansen: Set directory modification time (using SetModTime)
2026/08/08 19:39:40 INFO  : sites-v4/aiatolah/.git/objects/74/1bc90007c2e05ecb5ecb33528131d84b558ae8: Copied (new)
2026/08/08 19:39:41 INFO  : sites-v4/riocarta/dist/client/preview/rascunhos/smoke-202605170023-aplicativo-turistico-passeio-vale-do-cafe-e-lancado-em-barra-do-pirai-e-amplia-experiencia-digit: Set directory modification time (using SetModTime)
2026/08/08 19:39:41 INFO  : sites-v4/riocarta/.vercel/output/static/preview/rascunhos/smoke-202605170223-jiboia-de-mais-de-2-metros-e-encontrada-dentro-de-casa-em-niteroi: Set directory modification time (using SetModTime)
2026/08/08 19:39:41 INFO  : sites-v4/aiatolah/.git/objects/76/dba319bb0c36f5f977be5b3cfc078f6064de16: Copied (new)
2026/08/08 19:39:42 INFO  : sites-v4/riocarta/dist/client/preview/rascunhos/smoke-202605170023-no-berco-politico-de-bolsonaro-pt-mira-desgaste-da-direita-no-rio-em-2026: Set directory modification time (using SetModTime)
2026/08/08 19:39:42 INFO  : sites-v4/riocarta/.vercel/output/static/preview/rascunhos/smoke-202605170223-niteroi-registra-menor-indice-de-roubos-de-rua-desde-2003-aponta-observatorio-de-seguranca: Set directory modification time (using SetModTime)
2026/08/08 19:39:43 INFO  : sites-v4/riocarta/dist/client/preview/rascunhos/smoke-202605170023-nova-fase-da-integracao-no-terminal-margaridas-inclui-mais-seis-linhas-de-nova-iguacu: Set directory modification time (using SetModTime)
2026/08/08 19:39:43 INFO  : sites-v4/riocarta/.vercel/output/static/preview/rascunhos/smoke-202605170223-reconhecimento-facial-ajuda-guarda-e-prende-foragido: Set directory modification time (using SetModTime)
2026/08/08 19:39:43 INFO  : sites-v4/aiatolah/.git/objects/77/f7a1c78c98728112cb692f3cf0b0675421c8cb: Copied (new)
2026/08/08 19:39:45 INFO  : sites-v4/riocarta/.vercel/output/static/preview/rascunhos/smoke-202605170223-taxa-de-turismo-de-angra-amplia-tensao-entre-setor-hoteleiro-e-prefeitura: Set directory modification time (using SetModTime)
2026/08/08 19:39:45 INFO  : sites-v4/riocarta/dist/client/preview/rascunhos/smoke-202605170023-nova-obra-melhora-trafego-no-centro-e-nos-eventos: Set directory modification time (using SetModTime)
2026/08/08 19:39:46 INFO  : sites-v4/riocarta/dist/client/preview/rascunhos/smoke-202605170023-que-instituicao-poderia-ser-contra-isso-diz-cavaliere-ao-rebater-investigacao-do-mprj-sobre-onib: Set directory modification time (using SetModTime)
2026/08/08 19:39:46 INFO  : sites-v4/riocarta/dist/client/preview/rascunhos/smoke-202605170023-scooters-e-bikes-eletricas-sem-fiscalizacao-ameacam-a-seguranca-no-transito-de-marica: Set directory modification time (using SetModTime)
2026/08/08 19:39:47 INFO  : sites-v4/riocarta/dist/client/preview/rascunhos/smoke-202605170023-sem-avancos-do-plano-de-contingencia-prefeitura-enfrenta-risco-de-nova-paralisacao-na-turp: Set directory modification time (using SetModTime)
2026/08/08 19:39:48 INFO  : sites-v4/riocarta/dist/client/preview/rascunhos/smoke-202605170123-anvisa-suspende-lotes-da-ype-entenda-como-pedir-seu-dinheiro-de-volta: Set directory modification time (using SetModTime)
2026/08/08 19:39:52 INFO  : sites-v4/riocarta/dist/client/preview/rascunhos/smoke-202605170123-flavio-bolsonaro-tera-palavra-final-sobre-candidatura-de-claudio-castro-ao-senado: Set directory modification time (using SetModTime)
2026/08/08 19:39:52 INFO  : sites-v4/riocarta/.vercel/output/static/preview/rascunhos/smoke-202605170223-washington-quaqua-negocia-instalacao-de-data-center-do-btg-pactual-em-marica: Set directory modification time (using SetModTime)
2026/08/08 19:39:52 INFO  : sites-v4/riocarta/dist/client/preview/rascunhos/smoke-202605170123-guarda-municipal-de-niteroi-resgata-jiboia-de-mais-de-2-metros-no-engenho-do-mato: Set directory modification time (using SetModTime)
2026/08/08 19:39:52 INFO  : sites-v4/riocarta/.vercel/output/static/preview/rascunhos/smoke-202605170323-o-rio-do-meu-coracao-por-morena-leite-chef: Set directory modification time (using SetModTime)
2026/08/08 19:39:53 INFO  : sites-v4/ceara/.git/objects/7c/1f14f0f73ec085c4d485bf599644d851d52a8f: Copied (new)
2026/08/08 19:39:53 INFO  : sites-v4/riocarta/dist/client/preview/rascunhos/smoke-202605170123-marica-ganha-espaco-cultural-em-homenagem-ao-samba-e-a-icones-da-musica-brasileira: Set directory modification time (using SetModTime)
2026/08/08 19:39:53 INFO  : sites-v4/riocarta/.vercel/output/static/preview/rascunhos/smoke-202605170323-projeto-na-alerj-quer-oferecer-testes-de-dna-gratuitos-sobre-ancestralidade: Set directory modification time (using SetModTime)
2026/08/08 19:39:55 INFO  : sites-v4/riocarta/.vercel/output/static/preview/rascunhos/smoke-202605170323-radares-novos-para-rodovias-velhas-a-prioridade-do-estado-que-pode-virar-cpi-na-alerj: Set directory modification time (using SetModTime)
2026/08/08 19:39:55 INFO  : sites-v4/riocarta/dist/client/preview/rascunhos/smoke-202605170123-mesmo-com-registro-cassado-no-df-dr-bumbum-podera-atender-se-for-solto: Set directory modification time (using SetModTime)
2026/08/08 19:39:56 INFO  : sites-v4/globalsouth/.git/objects/81/93cb02fb00fc9d6095c675072214a74896ccce: Copied (new)
2026/08/08 19:39:56 INFO  : sites-v4/riocarta/.vercel/output/static/preview/rascunhos/smoke-202605170323-sao-goncalo-vai-realizar-acao-de-conscientizacao-sobre-cuidado-com-criancas-e-adolescentes: Set directory modification time (using SetModTime)
2026/08/08 19:39:56 INFO  : sites-v4/riocarta/dist/client/preview/rascunhos/smoke-202605170123-parque-rural-de-niteroi-recebe-campeonato-hipico-com-provas-de-salto-e-entrada-gratuita: Set directory modification time (using SetModTime)
2026/08/08 19:39:56 INFO  : sites-v4/riocarta/.vercel/output/static/preview/rascunhos/smoke-202605170323-tse-libera-vaquinha-virtual-para-pre-candidatos-das-eleicoes-de-2026: Set directory modification time (using SetModTime)
2026/08/08 19:39:58 INFO  : sites-v4/riocarta/dist/client/preview/rascunhos/smoke-202605170123-praia-de-niteroi-recebe-manifestacao-pro-palestina-neste-domingo-17: Set directory modification time (using SetModTime)
2026/08/08 19:39:58 INFO  : sites-v4/ceara/.git/objects/7f/afb4634913709f250208bf5273dec6575aad8a: Copied (new)
2026/08/08 19:39:58 INFO  : sites-v4/riocarta/dist/client/preview/rascunhos/smoke-202605170123-prefeitura-de-niteroi-reformara-quadra-da-academicos-do-cubango: Set directory modification time (using SetModTime)
2026/08/08 19:39:59 INFO  : sites-v4/riocarta/.vercel/output/static/preview/rascunhos/smoke-202605170323-video-fas-de-luan-santana-forcam-entrada-no-parque-olimpico-antes-de-show-no-rio: Set directory modification time (using SetModTime)
2026/08/08 19:39:59 INFO  : sites-v4/riocarta/dist/client/preview/rascunhos/smoke-202605170123-rodrigo-neves-declara-apoio-a-benedita-da-silva-ao-senado-e-cobra-avanco-da-linha-3-do-metro: Set directory modification time (using SetModTime)
2026/08/08 19:39:59 INFO  : sites-v4/riocarta/.vercel/output/static/preview/rascunhos/smoke-202605170423-jiboia-de-mais-de-dois-metros-e-encontrada-dentro-de-casa-em-niteroi: Set directory modification time (using SetModTime)
2026/08/08 19:40:00 INFO  : sites-v4/riocarta/dist/client/preview/rascunhos/smoke-202605170223-jiboia-de-mais-de-2-metros-e-encontrada-dentro-de-casa-em-niteroi: Set directory modification time (using SetModTime)
2026/08/08 19:40:01 INFO  : sites-v4/riocarta/dist/client/preview/rascunhos/smoke-202605170223-niteroi-registra-menor-indice-de-roubos-de-rua-desde-2003-aponta-observatorio-de-seguranca: Set directory modification time (using SetModTime)
2026/08/08 19:40:01 INFO  : sites-v4/riocarta/.vercel/output/static/preview/rascunhos/smoke-202605170423-mais-de-600-motos-barulhentas-fiscalizadas-em-sao-goncalo: Set directory modification time (using SetModTime)
2026/08/08 19:40:04 INFO  : sites-v4/riocarta/dist/client/preview/rascunhos/smoke-202605170223-reconhecimento-facial-ajuda-guarda-e-prende-foragido: Set directory modification time (using SetModTime)
2026/08/08 19:40:04 INFO  : sites-v4/riocarta/.vercel/output/static/preview/rascunhos/smoke-202605170423-video-eduardo-bolsonaro-nega-ser-produtor-executivo-de-filme-sobre-jair-bolsonaro-e-condena-vaza: Set directory modification time (using SetModTime)
2026/08/08 19:40:04 INFO  : sites-v4/riocarta/dist/client/preview/rascunhos/smoke-202605170223-taxa-de-turismo-de-angra-amplia-tensao-entre-setor-hoteleiro-e-prefeitura: Set directory modification time (using SetModTime)
2026/08/08 19:40:32 INFO  :    12.104 MiB / 12.104 MiB, 100%, 598 B/s, ETA 0s
2026/08/08 19:40:57 INFO  : sites-v4/mapario/.git/objects/a3/71e2f7547cc97b97cb509da91c8714159811ef: Copied (new)
2026/08/08 19:41:13 INFO  : sites-v4/riocarta/dist/client/preview/rascunhos/smoke-202605170223-washington-quaqua-negocia-instalacao-de-data-center-do-btg-pactual-em-marica: Set directory modification time (using SetModTime)
2026/08/08 19:41:26 INFO  : sites-v4/riocarta/dist/client/preview/rascunhos/smoke-202605170323-o-rio-do-meu-coracao-por-morena-leite-chef: Set directory modification time (using SetModTime)
2026/08/08 19:41:26 INFO  : sites-v4/riocarta/.vercel/output/static/preview/rascunhos/smoke-202605170523-comlurb-comemora-dia-mundial-da-reciclagem-com-evento-especial-neste-sabado: Set directory modification time (using SetModTime)
2026/08/08 19:41:26 INFO  : sites-v4/riocarta/dist/client/preview/rascunhos/smoke-202605170323-projeto-na-alerj-quer-oferecer-testes-de-dna-gratuitos-sobre-ancestralidade: Set directory modification time (using SetModTime)
2026/08/08 19:41:26 INFO  : sites-v4/riocarta/.vercel/output/static/preview/rascunhos/smoke-202605170523-eduardo-paes-reforca-agenda-no-sul-fluminense-e-reune-liderancas-em-valenca: Set directory modification time (using SetModTime)
2026/08/08 19:41:27 INFO  : sites-v4/riocarta/dist/client/preview/rascunhos/smoke-202605170323-radares-novos-para-rodovias-velhas-a-prioridade-do-estado-que-pode-virar-cpi-na-alerj: Set directory modification time (using SetModTime)
2026/08/08 19:41:27 INFO  : sites-v4/riocarta/.vercel/output/static/preview/rascunhos/smoke-202605170523-empresario-atingido-por-poste-em-copacabana-vai-processar-a-prefeitura: Set directory modification time (using SetModTime)
2026/08/08 19:41:27 INFO  : sites-v4/mundotrilhos/.git/objects/8a/41e6ca821a069ea33c37e7d586d6b92ef6dfea: Copied (new)
2026/08/08 19:41:28 INFO  : sites-v4/riocarta/dist/client/preview/rascunhos/smoke-202605170323-sao-goncalo-vai-realizar-acao-de-conscientizacao-sobre-cuidado-com-criancas-e-adolescentes: Set directory modification time (using SetModTime)
2026/08/08 19:41:28 INFO  : sites-v4/riocarta/.vercel/output/static/preview/rascunhos/smoke-202605170523-flavio-rebate-fala-de-zema-e-busca-uniao-da-direita-contra-esquerda: Set directory modification time (using SetModTime)
2026/08/08 19:41:28 INFO  : sites-v4/globalsouth/.git/objects/88/e50534fac39001a5081ac2d00fc3702e72a0c0: Copied (new)
2026/08/08 19:41:28 INFO  : sites-v4/riocarta/.vercel/output/static/preview/rascunhos/smoke-202605170523-nova-iguacu-cria-superintendencia-para-viabilizar-novos-museus-na-cidade: Set directory modification time (using SetModTime)
2026/08/08 19:41:28 INFO  : sites-v4/riocarta/dist/client/preview/rascunhos/smoke-202605170323-tse-libera-vaquinha-virtual-para-pre-candidatos-das-eleicoes-de-2026: Set directory modification time (using SetModTime)
2026/08/08 19:41:29 INFO  : sites-v4/riocarta/dist/client/preview/rascunhos/smoke-202605170323-video-fas-de-luan-santana-forcam-entrada-no-parque-olimpico-antes-de-show-no-rio: Set directory modification time (using SetModTime)
2026/08/08 19:41:30 INFO  : sites-v4/riocarta/dist/client/preview/rascunhos/smoke-202605170423-jiboia-de-mais-de-dois-metros-e-encontrada-dentro-de-casa-em-niteroi: Set directory modification time (using SetModTime)
2026/08/08 19:41:30 INFO  : sites-v4/riocarta/.vercel/output/static/preview/rascunhos/smoke-202605170523-tse-libera-vaquinha-virtual-para-2026-com-regras-rigidas-de-controle-fiscal: Set directory modification time (using SetModTime)
2026/08/08 19:41:30 INFO  : sites-v4/riocarta/dist/client/preview/rascunhos/smoke-202605170423-mais-de-600-motos-barulhentas-fiscalizadas-em-sao-goncalo: Set directory modification time (using SetModTime)
2026/08/08 19:41:31 INFO  : sites-v4/riocarta/.vercel/output/static/preview/rascunhos/smoke-202605170623-alerta-de-tempestade-para-o-fim-de-semana-no-rio-niteroi-e-sao-goncalo: Set directory modification time (using SetModTime)
2026/08/08 19:41:31 INFO  : sites-v4/riocarta/dist/client/preview/rascunhos/smoke-202605170423-video-eduardo-bolsonaro-nega-ser-produtor-executivo-de-filme-sobre-jair-bolsonaro-e-condena-vaza: Set directory modification time (using SetModTime)
2026/08/08 19:41:31 INFO  : sites-v4/riocarta/.vercel/output/static/preview/rascunhos/smoke-202605170623-nova-iguacu-cria-superintendencia-de-museus-e-planeja-novos-espacos-culturais: Set directory modification time (using SetModTime)
2026/08/08 19:41:31 INFO  : sites-v4/riocarta/dist/client/preview/rascunhos/smoke-202605170523-comlurb-comemora-dia-mundial-da-reciclagem-com-evento-especial-neste-sabado: Set directory modification time (using SetModTime)
2026/08/08 19:41:32 INFO  : sites-v4/mundotrilhos/.git/objects/8d/924e5f2a2c4d9425f48222569eb6d13a24cbbe: Copied (new)
2026/08/08 19:41:32 INFO  : sites-v4/riocarta/dist/client/preview/rascunhos/smoke-202605170523-eduardo-paes-reforca-agenda-no-sul-fluminense-e-reune-liderancas-em-valenca: Set directory modification time (using SetModTime)
2026/08/08 19:41:32 INFO  :    12.275 MiB / 12.275 MiB, 100%, 10.321 KiB/s, ETA 0s
2026/08/08 19:41:33 INFO  : sites-v4/riocarta/dist/client/preview/rascunhos/smoke-202605170523-empresario-atingido-por-poste-em-copacabana-vai-processar-a-prefeitura: Set directory modification time (using SetModTime)
2026/08/08 19:41:33 INFO  : sites-v4/mundotrilhos/.git/objects/90/e7671797368f328100e25694d4a7ba3171afb9: Copied (new)
2026/08/08 19:41:33 INFO  : sites-v4/riocarta/.vercel/output/static/preview/rascunhos/smoke-202605170623-procon-recebe-ouvidoria-itinerante-da-agenersa: Set directory modification time (using SetModTime)
2026/08/08 19:41:33 INFO  : sites-v4/riocarta/dist/client/preview/rascunhos/smoke-202605170523-flavio-rebate-fala-de-zema-e-busca-uniao-da-direita-contra-esquerda: Set directory modification time (using SetModTime)
2026/08/08 19:41:34 INFO  : sites-v4/riocarta/.vercel/output/static/preview/rascunhos/smoke-202605170623-rio-das-ostras-e-macae-tem-transporte-publico-integrado: Set directory modification time (using SetModTime)
2026/08/08 19:41:34 INFO  : sites-v4/riocarta/dist/client/preview/rascunhos/smoke-202605170523-nova-iguacu-cria-superintendencia-para-viabilizar-novos-museus-na-cidade: Set directory modification time (using SetModTime)
2026/08/08 19:41:34 INFO  : sites-v4/discoverbrazil/.git/objects/8e/5fb72792c14e7d7b48e5d7b7e241bfc6073b17: Copied (new)
2026/08/08 19:41:34 INFO  : sites-v4/riocarta/.vercel/output/static/preview/rascunhos/smoke-202605170623-sao-goncalo-publica-no-diario-oficial-do-dia-18-a-lista-de-sorteados-para-centros-de-autismo: Set directory modification time (using SetModTime)
2026/08/08 19:41:34 INFO  : sites-v4/aiatolah/.git/objects/85/72fa5f43bce07b3e1c7db0d63e368940585113: Copied (new)
2026/08/08 19:41:34 INFO  : sites-v4/riocarta/dist/client/preview/rascunhos/smoke-202605170523-tse-libera-vaquinha-virtual-para-2026-com-regras-rigidas-de-controle-fiscal: Set directory modification time (using SetModTime)
2026/08/08 19:41:35 INFO  : sites-v4/riocarta/.vercel/output/static/preview/rascunhos/smoke-202605170623-sao-goncalo-se-destaca-com-linha-de-cuidados-voltados-para-obesos: Set directory modification time (using SetModTime)
2026/08/08 19:41:35 INFO  : sites-v4/riocarta/dist/client/preview/rascunhos/smoke-202605170623-alerta-de-tempestade-para-o-fim-de-semana-no-rio-niteroi-e-sao-goncalo: Set directory modification time (using SetModTime)
2026/08/08 19:41:35 INFO  : sites-v4/riocarta/.vercel/output/static/preview/rascunhos/smoke-202605170623-tolerancia-zero-contra-motos-barulhentas-realiza-662-abordagens-nesta-semana: Set directory modification time (using SetModTime)
2026/08/08 19:41:36 INFO  : sites-v4/riocarta/dist/client/preview/rascunhos/smoke-202605170623-nova-iguacu-cria-superintendencia-de-museus-e-planeja-novos-espacos-culturais: Set directory modification time (using SetModTime)
2026/08/08 19:41:36 INFO  : sites-v4/discoverbrazil/.git/objects/90/221b98dbf1eff32f948bbfcf212289768fa20d: Copied (new)
2026/08/08 19:41:36 INFO  : sites-v4/riocarta/.vercel/output/static/preview/rascunhos/smoke-202605170723-niteroi-lanca-projeto-elas-no-turismo-para-capacitar-mulheres-no-setor-de-viagens-e-servicos: Set directory modification time (using SetModTime)
2026/08/08 19:41:36 INFO  : sites-v4/ceara/.git/objects/89/e07d837641913892d24e9e3c882cc184ced383: Copied (new)
2026/08/08 19:41:36 INFO  : sites-v4/riocarta/dist/client/preview/rascunhos/smoke-202605170623-procon-recebe-ouvidoria-itinerante-da-agenersa: Set directory modification time (using SetModTime)
2026/08/08 19:41:36 INFO  : sites-v4/riocarta/.vercel/output/static/preview/rascunhos/smoke-202605191916-ancelotti-divulga-hoje-os-26-convocados-do-brasil-para-a-copa-de-2026-em-megaevento-no-rio: Set directory modification time (using SetModTime)
2026/08/08 19:41:37 INFO  : sites-v4/riocarta/dist/client/preview/rascunhos/smoke-202605170623-rio-das-ostras-e-macae-tem-transporte-publico-integrado: Set directory modification time (using SetModTime)
2026/08/08 19:41:37 INFO  : sites-v4/globalsouth/.git/objects/8e/725c3c8568af4ccb64bc547d4189f03a498f6d: Copied (new)
2026/08/08 19:41:38 INFO  : sites-v4/riocarta/.vercel/output/static/preview/rascunhos/smoke-202605191916-caso-henry-borel-justica-nega-pedido-da-defesa-de-jairinho-para-adiar-julgamento: Set directory modification time (using SetModTime)
2026/08/08 19:41:38 INFO  : sites-v4/riocarta/dist/client/preview/rascunhos/smoke-202605170623-sao-goncalo-publica-no-diario-oficial-do-dia-18-a-lista-de-sorteados-para-centros-de-autismo: Set directory modification time (using SetModTime)
2026/08/08 19:41:39 INFO  : sites-v4/riocarta/.vercel/output/static/preview/rascunhos/smoke-202605191916-emicida-em-marica-cantor-confirma-show-gratuito-na-arena-da-barra-pelo-aniversario-de-212-anos: Set directory modification time (using SetModTime)
2026/08/08 19:41:40 INFO  : sites-v4/riocarta/dist/client/preview/rascunhos/smoke-202605170623-sao-goncalo-se-destaca-com-linha-de-cuidados-voltados-para-obesos: Set directory modification time (using SetModTime)
2026/08/08 19:41:41 INFO  : sites-v4/riocarta/dist/client/preview/rascunhos/smoke-202605170623-tolerancia-zero-contra-motos-barulhentas-realiza-662-abordagens-nesta-semana: Set directory modification time (using SetModTime)
2026/08/08 19:41:41 INFO  : sites-v4/riocarta/.vercel/output/static/preview/rascunhos/smoke-202605191916-mortalidade-materna-entre-mulheres-negras-e-o-dobro-da-registrada-entre-brancas-no-rio: Set directory modification time (using SetModTime)
2026/08/08 19:41:41 INFO  : sites-v4/riocarta/dist/client/preview/rascunhos/smoke-202605170723-niteroi-lanca-projeto-elas-no-turismo-para-capacitar-mulheres-no-setor-de-viagens-e-servicos: Set directory modification time (using SetModTime)
2026/08/08 19:41:41 INFO  : sites-v4/riocarta/.vercel/output/static/preview/rascunhos/smoke-202605211245-menina-de-12-anos-denuncia-estupro-coletivo-por-8-adolescentes-na-zona-oeste-do-rio-de-janeiro: Set directory modification time (using SetModTime)
2026/08/08 19:41:43 INFO  : sites-v4/riocarta/.vercel/output/static/preview/rascunhos/smoke-202605211248-alexandre-de-moraes-vota-para-tornar-reus-ex-integrantes-da-policia-civil-no-caso-marielle: Set directory modification time (using SetModTime)
2026/08/08 19:41:43 INFO  : sites-v4/riocarta/dist/client/preview/rascunhos/smoke-202605191916-ancelotti-divulga-hoje-os-26-convocados-do-brasil-para-a-copa-de-2026-em-megaevento-no-rio: Set directory modification time (using SetModTime)
2026/08/08 19:41:44 INFO  : sites-v4/riocarta/.vercel/output/static/preview/rascunhos/smoke-202605211248-carros-de-luxo-e-r-1-1-milhao-em-moedas-estrangeiras-sao-apreendidos-pela-pf-no-rio: Set directory modification time (using SetModTime)
2026/08/08 19:41:44 INFO  : sites-v4/riocarta/dist/client/preview/rascunhos/smoke-202605191916-caso-henry-borel-justica-nega-pedido-da-defesa-de-jairinho-para-adiar-julgamento: Set directory modification time (using SetModTime)
2026/08/08 19:41:45 INFO  : sites-v4/discoverbrazil/.git/objects/96/90b87f68f190b24543129eb522ba16463bff9d: Copied (new)
2026/08/08 19:41:46 INFO  : sites-v4/riocarta/.vercel/output/static/preview/rascunhos/smoke-202605211248-claudio-castro-tem-celular-e-tablet-apreendidos-pela-pf-em-investigacao-da-refit-ele-diz-ter-sid: Set directory modification time (using SetModTime)
2026/08/08 19:41:46 INFO  : sites-v4/riocarta/dist/client/preview/rascunhos/smoke-202605191916-emicida-em-marica-cantor-confirma-show-gratuito-na-arena-da-barra-pelo-aniversario-de-212-anos: Set directory modification time (using SetModTime)
2026/08/08 19:41:47 INFO  : sites-v4/globalsouth/.git/objects/94/a27d03948926fd2c42e5817bf5ccd2a8f944b4: Copied (new)
2026/08/08 19:41:47 INFO  : sites-v4/railpost/.git/objects/91/08048117e729203ce5254259326d017fb8d028: Copied (new)
2026/08/08 19:41:48 INFO  : sites-v4/riocarta/.vercel/output/static/preview/rascunhos/smoke-202605211248-pf-aponta-repasse-de-r-1-3-mi-da-refit-a-no2-de-ciro-nogueira: Set directory modification time (using SetModTime)
2026/08/08 19:41:48 INFO  : sites-v4/riocarta/dist/client/preview/rascunhos/smoke-202605191916-mortalidade-materna-entre-mulheres-negras-e-o-dobro-da-registrada-entre-brancas-no-rio: Set directory modification time (using SetModTime)
2026/08/08 19:41:48 INFO  : sites-v4/riocarta/.vercel/output/static/preview/rascunhos/smoke-202605211305-operacao-sem-refino-investigados-usavam-celulares-em-nome-de-mortos: Set directory modification time (using SetModTime)
2026/08/08 19:41:49 INFO  : sites-v4/riocarta/dist/client/preview/rascunhos/smoke-202605211245-menina-de-12-anos-denuncia-estupro-coletivo-por-8-adolescentes-na-zona-oeste-do-rio-de-janeiro: Set directory modification time (using SetModTime)
2026/08/08 19:41:49 INFO  : sites-v4/riocarta/.vercel/output/static/preview/rascunhos/smoke-202605211305-pf-rastreia-elo-da-refit-com-ex-secretario-da-casa-civil-de-bolsonaro: Set directory modification time (using SetModTime)
2026/08/08 19:41:49 INFO  : sites-v4/riocarta/dist/client/preview/rascunhos/smoke-202605211248-alexandre-de-moraes-vota-para-tornar-reus-ex-integrantes-da-policia-civil-no-caso-marielle: Set directory modification time (using SetModTime)
2026/08/08 19:41:49 INFO  : sites-v4/riocarta/.vercel/output/static/preview/rascunhos/smoke-202605211306-mensagens-indicam-influencia-de-suposto-lobista-da-refit-na-fazenda-do-rio: Set directory modification time (using SetModTime)
2026/08/08 19:41:50 INFO  : sites-v4/riocarta/dist/client/preview/rascunhos/smoke-202605211248-carros-de-luxo-e-r-1-1-milhao-em-moedas-estrangeiras-sao-apreendidos-pela-pf-no-rio: Set directory modification time (using SetModTime)
2026/08/08 19:41:50 INFO  : sites-v4/ceara/.git/objects/8f/eb87120a669b1f03e763ab8c120d5f01e44273: Copied (new)
2026/08/08 19:41:50 INFO  : sites-v4/riocarta/.vercel/output/static/preview/rascunhos/smoke-202605211306-pl-ja-discute-tirar-claudio-castro-do-palanque-apos-operacao-da-pf: Set directory modification time (using SetModTime)
2026/08/08 19:41:50 INFO  : sites-v4/riocarta/dist/client/preview/rascunhos/smoke-202605211248-claudio-castro-tem-celular-e-tablet-apreendidos-pela-pf-em-investigacao-da-refit-ele-diz-ter-sid: Set directory modification time (using SetModTime)
2026/08/08 19:41:51 INFO  : sites-v4/mundotrilhos/.git/objects/98/a13a8ab6f249203e01f65b488ce60487e31386: Copied (new)
2026/08/08 19:41:51 INFO  : sites-v4/globalsouth/.git/objects/95/24d09bfc285d61b730179d54a8544f8ebfbbcf: Copied (new)
2026/08/08 19:41:51 INFO  : sites-v4/aiatolah/.git/objects/8d/1c28e63b4e472d3917943a3441d1dff04e8792: Copied (new)
2026/08/08 19:41:52 INFO  : sites-v4/aiatolah/.git/objects/8d/91ce94da47cd0882da36358cf1aace3dd9046d: Copied (new)
2026/08/08 19:41:52 INFO  : sites-v4/riocarta/dist/client/preview/rascunhos/smoke-202605211248-pf-aponta-repasse-de-r-1-3-mi-da-refit-a-no2-de-ciro-nogueira: Set directory modification time (using SetModTime)
2026/08/08 19:41:52 INFO  : sites-v4/riocarta/.vercel/output/static/preview/rascunhos/smoke-202606011800-arraial-do-cabo-e-premiada-por-inovacao-educacional-em-forum-de-cidades-inteligentes: Set directory modification time (using SetModTime)
2026/08/08 19:41:53 INFO  : sites-v4/aiatolah/.git/objects/8d/e4236673708a02ff8df519c607a2730c3e3613: Copied (new)
2026/08/08 19:41:54 INFO  : sites-v4/aiatolah/.git/objects/8d/34240af7b09dd8246f5d5b6ded4cc39ee6bf42: Copied (new)
2026/08/08 19:41:54 INFO  : sites-v4/riocarta/dist/client/preview/rascunhos/smoke-202605211305-operacao-sem-refino-investigados-usavam-celulares-em-nome-de-mortos: Set directory modification time (using SetModTime)
2026/08/08 19:41:54 INFO  : sites-v4/riocarta/.vercel/output/static/preview/rascunhos/smoke-202606011800-barra-do-pirai-ii-encontro-regional-de-land-rover-acontece-em-junho: Set directory modification time (using SetModTime)
2026/08/08 19:41:56 INFO  : sites-v4/riocarta/.vercel/output/static/preview/rascunhos/smoke-202606011800-camara-de-marica-aprova-titulo-de-cidadao-maricaense-para-douglas-ruas-presidente-da-alerj: Set directory modification time (using SetModTime)
2026/08/08 19:41:56 INFO  : sites-v4/riocarta/dist/client/preview/rascunhos/smoke-202605211305-pf-rastreia-elo-da-refit-com-ex-secretario-da-casa-civil-de-bolsonaro: Set directory modification time (using SetModTime)
2026/08/08 19:41:57 INFO  : sites-v4/mundotrilhos/.git/objects/9a/a73f1547fb7f251d31fe6090a633b7754d11d1: Copied (new)
2026/08/08 19:41:57 INFO  : sites-v4/ceara/.git/objects/92/dcf14b6544637c1d0a06700145e5fe9aaa242b: Copied (new)
2026/08/08 19:41:58 INFO  : sites-v4/riocarta/.vercel/output/static/preview/rascunhos/smoke-202606011800-circuito-de-saude-em-copacabana-reune-4-500-pessoas-em-evento-inedito: Set directory modification time (using SetModTime)
2026/08/08 19:41:58 INFO  : sites-v4/riocarta/.vercel/output/static/preview/rascunhos/smoke-202606011800-escolas-do-rio-terao-formularios-para-identificar-casos-de-violencia-domestica: Set directory modification time (using SetModTime)
2026/08/08 19:41:58 INFO  : sites-v4/riocarta/dist/client/preview/rascunhos/smoke-202605211306-mensagens-indicam-influencia-de-suposto-lobista-da-refit-na-fazenda-do-rio: Set directory modification time (using SetModTime)
2026/08/08 19:41:59 INFO  : sites-v4/riocarta/.vercel/output/static/preview/rascunhos/smoke-202606011800-guilherme-delaroli-e-homenageado-em-sao-goncalo-e-anuncia-ajuda-milionaria-para-cidades-atingida: Set directory modification time (using SetModTime)
2026/08/08 19:41:59 INFO  : sites-v4/aiatolah/.git/objects/8f/774f92de6cb8e8591386139fa613dbbc7641ea: Copied (new)
2026/08/08 19:42:01 INFO  : sites-v4/riocarta/.vercel/output/static/preview/rascunhos/smoke-202606011800-justica-determina-demolicao-de-imovel-construido-irregularmente-em-cabo-frio: Set directory modification time (using SetModTime)
2026/08/08 19:42:01 INFO  : sites-v4/riocarta/dist/client/preview/rascunhos/smoke-202605211306-pl-ja-discute-tirar-claudio-castro-do-palanque-apos-operacao-da-pf: Set directory modification time (using SetModTime)
2026/08/08 19:42:01 INFO  : sites-v4/riocarta/.vercel/output/static/preview/rascunhos/smoke-202606011800-mais-de-2000-raios-atingem-o-rio-em-dia-de-tempestade-veja-a-previsao: Set directory modification time (using SetModTime)
2026/08/08 19:42:02 INFO  : sites-v4/riocarta/.vercel/output/static/preview/rascunhos/smoke-202606011800-morre-noca-da-portela-um-dos-maiores-compositores-da-escola: Set directory modification time (using SetModTime)
2026/08/08 19:42:03 INFO  : sites-v4/riocarta/.vercel/output/static/preview/rascunhos/smoke-202606011800-policial-civil-aposentado-e-preso-por-suspeita-de-lavagem-de-dinheiro: Set directory modification time (using SetModTime)
2026/08/08 19:42:03 INFO  : sites-v4/riocarta/dist/client/preview/rascunhos/smoke-202606011800-arraial-do-cabo-e-premiada-por-inovacao-educacional-em-forum-de-cidades-inteligentes: Set directory modification time (using SetModTime)
2026/08/08 19:42:03 INFO  : sites-v4/riocarta/.vercel/output/static/preview/rascunhos/smoke-202606011800-prefeitura-do-rio-anuncia-pacote-milionario-para-obras-em-encostas-e-prevencao-de-deslizamentos: Set directory modification time (using SetModTime)
2026/08/08 19:42:06 INFO  : sites-v4/riocarta/.vercel/output/static/preview/rascunhos/smoke-202606011800-rio-tem-1-5-mil-oportunidades-de-emprego-formal-estagio-e-jovem-aprendiz-esta-semana: Set directory modification time (using SetModTime)
2026/08/08 19:42:06 INFO  : sites-v4/riocarta/dist/client/preview/rascunhos/smoke-202606011800-barra-do-pirai-ii-encontro-regional-de-land-rover-acontece-em-junho: Set directory modification time (using SetModTime)
2026/08/08 19:42:07 INFO  : sites-v4/riocarta/dist/client/preview/rascunhos/smoke-202606011800-camara-de-marica-aprova-titulo-de-cidadao-maricaense-para-douglas-ruas-presidente-da-alerj: Set directory modification time (using SetModTime)
2026/08/08 19:42:07 INFO  : sites-v4/riocarta/.vercel/output/static/preview/rascunhos/smoke-202606011800-rio-wine-and-food-festival-com-eventos-pela-cidade: Set directory modification time (using SetModTime)
2026/08/08 19:42:07 INFO  : sites-v4/riocarta/dist/client/preview/rascunhos/smoke-202606011800-circuito-de-saude-em-copacabana-reune-4-500-pessoas-em-evento-inedito: Set directory modification time (using SetModTime)
2026/08/08 19:42:09 INFO  : sites-v4/riocarta/.vercel/output/static/preview/rascunhos/smoke-202606011800-ruas-recoloca-icms-da-educacao-em-pauta-apos-tres-meses-de-paralisia: Set directory modification time (using SetModTime)
2026/08/08 19:42:09 INFO  : sites-v4/riocarta/.vercel/output/static/preview/rascunhos/smoke-202606022000-alerj-aprova-projeto-que-cria-banheiros-neutros-em-espacos-publicos-e-privados-no-rj: Set directory modification time (using SetModTime)
2026/08/08 19:42:09 INFO  : sites-v4/riocarta/dist/client/preview/rascunhos/smoke-202606011800-escolas-do-rio-terao-formularios-para-identificar-casos-de-violencia-domestica: Set directory modification time (using SetModTime)
2026/08/08 19:42:32 INFO  :    12.762 MiB / 12.784 MiB, 100%, 3.204 KiB/s, ETA 6s
2026/08/08 19:42:33 INFO  : sites-v4/riocarta/.vercel/output/static/preview/rascunhos/smoke-202606022000-estudo-da-ufrj-diz-que-linha-3-do-metro-pode-reduzir-viagem-entre-santos-dumont-e-icarai-para-11: Set directory modification time (using SetModTime)
2026/08/08 19:42:33 INFO  : sites-v4/riocarta/dist/client/preview/rascunhos/smoke-202606011800-guilherme-delaroli-e-homenageado-em-sao-goncalo-e-anuncia-ajuda-milionaria-para-cidades-atingida: Set directory modification time (using SetModTime)
2026/08/08 19:42:33 INFO  : sites-v4/riocarta/.vercel/output/static/preview/rascunhos/smoke-202606022000-policia-prende-suspeito-de-matar-mulher-em-sao-fidelis: Set directory modification time (using SetModTime)
2026/08/08 19:42:33 INFO  : sites-v4/riocarta/dist/client/preview/rascunhos/smoke-202606011800-justica-determina-demolicao-de-imovel-construido-irregularmente-em-cabo-frio: Set directory modification time (using SetModTime)
2026/08/08 19:42:34 INFO  : sites-v4/aiatolah/.git/objects/92/bc7c3c337b79eb45adedaa4155a7ee8dcdd1f2: Copied (new)
2026/08/08 19:42:34 INFO  : sites-v4/aiatolah/.git/objects/90/1a7039528760b39ccc7f9efcfae54f7503534d: Copied (new)
2026/08/08 19:42:34 INFO  : sites-v4/discoverbrazil/.git/objects/9d/21ab767e60543f2ce7a5ceedd4ddea0bc598bb: Copied (new)
2026/08/08 19:42:34 INFO  : sites-v4/discoverbrazil/.git/objects/9b/f0d3b121f3e1593e3aed4ef4764771f44b3db9: Copied (new)
2026/08/08 19:42:34 INFO  : sites-v4/riocarta/.vercel/output/static/preview/rascunhos/smoke-202606022000-reducao-no-preco-do-gas-natural-entra-em-vigor-em-todo-o-estado-do-rio: Set directory modification time (using SetModTime)
2026/08/08 19:42:34 INFO  : sites-v4/riocarta/dist/client/preview/rascunhos/smoke-202606011800-mais-de-2000-raios-atingem-o-rio-em-dia-de-tempestade-veja-a-previsao: Set directory modification time (using SetModTime)
2026/08/08 19:42:34 INFO  : sites-v4/riocarta/.vercel/output/static/preview/rascunhos/smoke-202606051532-escola-movel-do-senac-rj-oferece-mais-de-140-vagas-gratuitas-em-cursos-de-gastronomia-para-mulhe: Set directory modification time (using SetModTime)
2026/08/08 19:42:35 INFO  : sites-v4/riocarta/dist/client/preview/rascunhos/smoke-202606011800-morre-noca-da-portela-um-dos-maiores-compositores-da-escola: Set directory modification time (using SetModTime)
2026/08/08 19:42:35 INFO  : sites-v4/riocarta/.vercel/output/static/preview/rascunhos/smoke-202606051532-megaoperacao-na-lapa-desarticula-ponto-estrategico-do-trafico-de-drogas: Set directory modification time (using SetModTime)
2026/08/08 19:42:35 INFO  : sites-v4/riocarta/dist/client/preview/rascunhos/smoke-202606011800-policial-civil-aposentado-e-preso-por-suspeita-de-lavagem-de-dinheiro: Set directory modification time (using SetModTime)
2026/08/08 19:42:36 INFO  : sites-v4/riocarta/.git/objects/99/416bb6dda901ece424421ab54dbb5a455779bd: Copied (new)
2026/08/08 19:42:36 INFO  : sites-v4/riocarta/.vercel/output/static/preview/rascunhos/smoke-202606051532-mobilizacao-em-volta-redonda-quer-ampliar-a-floresta-da-cicuta: Set directory modification time (using SetModTime)
2026/08/08 19:42:36 INFO  : sites-v4/riocarta/dist/client/preview/rascunhos/smoke-202606011800-prefeitura-do-rio-anuncia-pacote-milionario-para-obras-em-encostas-e-prevencao-de-deslizamentos: Set directory modification time (using SetModTime)
2026/08/08 19:42:36 INFO  : sites-v4/riocarta/.vercel/output/static/preview/rascunhos/smoke-202606051532-rio-lidera-gastos-com-alunos-e-qualidade-da-aprendizagem-e-a-penultima-no-pais: Set directory modification time (using SetModTime)
2026/08/08 19:42:36 INFO  : sites-v4/riocarta/.git/objects/99/d9b16a741c92ab121acc22fec2d0189b8e2c42: Copied (new)
2026/08/08 19:42:37 INFO  : sites-v4/riocarta/dist/client/preview/rascunhos/smoke-202606011800-rio-tem-1-5-mil-oportunidades-de-emprego-formal-estagio-e-jovem-aprendiz-esta-semana: Set directory modification time (using SetModTime)
2026/08/08 19:42:37 INFO  : sites-v4/aiatolah/.git/objects/96/14904e511846d470991bdef73caa95dde40d07: Copied (new)
2026/08/08 19:42:37 INFO  : sites-v4/riocarta/.vercel/output/static/preview/rascunhos/smoke-202606051614-fim-da-greve-de-onibus-nao-encerra-crise-e-yuri-moura-aciona-detran-apos-denuncias-em-petropolis: Set directory modification time (using SetModTime)
2026/08/08 19:42:37 INFO  : sites-v4/discoverbrazil/.git/objects/a1/977c396d5096292d1a57319e21eec68a0cf445: Copied (new)
2026/08/08 19:42:37 INFO  : sites-v4/riocarta/.vercel/output/static/preview/rascunhos/smoke-202606051614-governo-do-estado-instala-novos-radares-em-rio-das-ostras: Set directory modification time (using SetModTime)
2026/08/08 19:42:38 INFO  : sites-v4/riocarta/dist/client/preview/rascunhos/smoke-202606011800-rio-wine-and-food-festival-com-eventos-pela-cidade: Set directory modification time (using SetModTime)
2026/08/08 19:42:38 INFO  : sites-v4/aiatolah/.git/objects/97/017554c80081018a69d0a3dd30e4fef0d663ca: Copied (new)
2026/08/08 19:42:38 INFO  : sites-v4/riocarta/.vercel/output/static/preview/rascunhos/smoke-202606051614-mais-de-393-mil-familias-deixam-o-bolsa-familia-no-rio-apos-aumento-da-renda: Set directory modification time (using SetModTime)
2026/08/08 19:42:38 INFO  : sites-v4/riocarta/dist/client/preview/rascunhos/smoke-202606011800-ruas-recoloca-icms-da-educacao-em-pauta-apos-tres-meses-de-paralisia: Set directory modification time (using SetModTime)
2026/08/08 19:42:38 INFO  : sites-v4/mundotrilhos/.git/objects/a3/34dbc912ace4305487901cae90edb3ad18ded0: Copied (new)
2026/08/08 19:42:38 INFO  : sites-v4/mundotrilhos/.git/objects/a3/9783ce6780c08822a91fcc8a842f55607affc6: Copied (new)
2026/08/08 19:42:39 INFO  : sites-v4/ceara/.git/objects/9b/6fcb1fd58d783b3d14d63d2a04caf3a9db3b77: Copied (new)
2026/08/08 19:42:39 INFO  : sites-v4/riocarta/.vercel/output/static/preview/rascunhos/smoke-202606051614-volta-redonda-tera-acao-do-dia-livre-de-impostos-com-venda-de-combustivel-sem-tributacao: Set directory modification time (using SetModTime)
2026/08/08 19:42:39 INFO  : sites-v4/riocarta/dist/client/preview/rascunhos/smoke-202606022000-alerj-aprova-projeto-que-cria-banheiros-neutros-em-espacos-publicos-e-privados-no-rj: Set directory modification time (using SetModTime)
2026/08/08 19:42:39 INFO  : sites-v4/mapario/.git/objects/c8/24b5dcda671eeb88d40d352dc6ae9b18c6df68: Copied (new)
2026/08/08 19:42:39 INFO  : sites-v4/riocarta/.vercel/output/static/preview/rascunhos/smoke-202606062229-camara-do-rio-aprova-mudanca-em-autorizacao-para-emprestimo-de-ate-r-1-8-bilhao-para-financiar-o: Set directory modification time (using SetModTime)
2026/08/08 19:42:39 INFO  : sites-v4/riocarta/dist/client/preview/rascunhos/smoke-202606022000-estudo-da-ufrj-diz-que-linha-3-do-metro-pode-reduzir-viagem-entre-santos-dumont-e-icarai-para-11: Set directory modification time (using SetModTime)
2026/08/08 19:42:40 INFO  : sites-v4/riocarta/.vercel/output/static/preview/rascunhos/smoke-202606062229-como-foi-o-acidente-em-ipanema-que-matou-filha-de-diplomatas: Set directory modification time (using SetModTime)
2026/08/08 19:42:40 INFO  : sites-v4/riocarta/dist/client/preview/rascunhos/smoke-202606022000-policia-prende-suspeito-de-matar-mulher-em-sao-fidelis: Set directory modification time (using SetModTime)
2026/08/08 19:42:41 INFO  : sites-v4/railpost/.git/objects/a3/1285c8d663004a935d89d8fdc72d5c4322f29f: Copied (new)
2026/08/08 19:42:41 INFO  : sites-v4/railpost/.git/objects/a3/62d399fa0a9817f50823e29e4f2cd5ff643cbe: Copied (new)
2026/08/08 19:42:41 INFO  : sites-v4/globalsouth/.git/objects/a3/2e5602ec76c0873e597f618e5c38c4cb105562: Copied (new)
2026/08/08 19:42:41 INFO  : sites-v4/riocarta/.vercel/output/static/preview/rascunhos/smoke-202606062229-cpi-do-banco-master-gera-disputa-na-alerj-apos-debate-sobre-retirada-de-assinaturas: Set directory modification time (using SetModTime)
2026/08/08 19:42:41 INFO  : sites-v4/riocarta/dist/client/preview/rascunhos/smoke-202606022000-reducao-no-preco-do-gas-natural-entra-em-vigor-em-todo-o-estado-do-rio: Set directory modification time (using SetModTime)
2026/08/08 19:42:43 INFO  : sites-v4/riocarta/.vercel/output/static/preview/rascunhos/smoke-202606062229-estudante-de-direito-e-agredido-por-torcedores-do-fluminense-na-tijuca: Set directory modification time (using SetModTime)
2026/08/08 19:42:43 INFO  : sites-v4/riocarta/dist/client/preview/rascunhos/smoke-202606051532-escola-movel-do-senac-rj-oferece-mais-de-140-vagas-gratuitas-em-cursos-de-gastronomia-para-mulhe: Set directory modification time (using SetModTime)
2026/08/08 19:42:44 INFO  : sites-v4/riocarta/.vercel/output/static/preview/rascunhos/smoke-202606062229-filho-abre-tumulo-da-mae-e-encontra-corpo-de-homem-em-sao-goncalo: Set directory modification time (using SetModTime)
2026/08/08 19:42:44 INFO  : sites-v4/riocarta/dist/client/preview/rascunhos/smoke-202606051532-megaoperacao-na-lapa-desarticula-ponto-estrategico-do-trafico-de-drogas: Set directory modification time (using SetModTime)
2026/08/08 19:42:44 INFO  : sites-v4/globalsouth/.git/objects/a4/f6d55ed29a61c1300f982c57c3a09b15efd8de: Copied (new)
2026/08/08 19:42:44 INFO  : sites-v4/globalsouth/.git/objects/a4/f8477ca79ed2f3e83713f53d1ac0490bc10ba5: Copied (new)
2026/08/08 19:42:45 INFO  : sites-v4/aiatolah/.git/objects/9b/09c6c0c2fff9b02cb00d5962483f34a8c427f8: Copied (new)
2026/08/08 19:42:45 INFO  : sites-v4/riocarta/.vercel/output/static/preview/rascunhos/smoke-202606062229-mulher-e-presa-pela-prf-com-10-mil-municoes-de-fuzil-na-dutra-em-resende: Set directory modification time (using SetModTime)
2026/08/08 19:42:45 INFO  : sites-v4/riocarta/dist/client/preview/rascunhos/smoke-202606051532-mobilizacao-em-volta-redonda-quer-ampliar-a-floresta-da-cicuta: Set directory modification time (using SetModTime)
2026/08/08 19:42:46 INFO  : sites-v4/riocarta/.git/objects/9f/833598ab717f1a1369a44c6ceeda558fb8194d: Copied (new)
2026/08/08 19:42:47 INFO  : sites-v4/riocarta/.vercel/output/static/preview/rascunhos/smoke-202606062229-sao-goncalo-abre-vagas-para-novo-curso-gratuito-de-assistente-administrativo: Set directory modification time (using SetModTime)
2026/08/08 19:42:47 INFO  : sites-v4/riocarta/dist/client/preview/rascunhos/smoke-202606051532-rio-lidera-gastos-com-alunos-e-qualidade-da-aprendizagem-e-a-penultima-no-pais: Set directory modification time (using SetModTime)
2026/08/08 19:42:49 INFO  : sites-v4/riocarta/dist/client/preview/rascunhos/smoke-202606051614-fim-da-greve-de-onibus-nao-encerra-crise-e-yuri-moura-aciona-detran-apos-denuncias-em-petropolis: Set directory modification time (using SetModTime)
2026/08/08 19:42:49 INFO  : sites-v4/riocarta/.vercel/output/static/preview/rascunhos/smoke-202606062229-volta-redonda-recebe-reconhecimento-nacional-em-brasilia-df-por-excelencia-em-gestao-sustentavel: Set directory modification time (using SetModTime)
2026/08/08 19:42:49 INFO  : sites-v4/riocarta/dist/client/preview/rascunhos/smoke-202606051614-governo-do-estado-instala-novos-radares-em-rio-das-ostras: Set directory modification time (using SetModTime)
2026/08/08 19:42:49 INFO  : sites-v4/riocarta/.vercel/output/static/preview/rascunhos/smoke-202606070100-deputado-aciona-justica-para-obrigar-alerj-a-instalar-cpi-sobre-investimentos-no-banco-master: Set directory modification time (using SetModTime)
2026/08/08 19:42:51 INFO  : sites-v4/riocarta/.vercel/output/static/preview/rascunhos/smoke-202606070100-desafios-ambientais-marcam-as-obras-da-rodovia-entre-mage-e-manilha: Set directory modification time (using SetModTime)
2026/08/08 19:42:51 INFO  : sites-v4/riocarta/dist/client/preview/rascunhos/smoke-202606051614-mais-de-393-mil-familias-deixam-o-bolsa-familia-no-rio-apos-aumento-da-renda: Set directory modification time (using SetModTime)
2026/08/08 19:42:52 INFO  : sites-v4/mundotrilhos/.git/objects/a9/73fb9f43fb29346c5c5d62ed40958c12046241: Copied (new)
2026/08/08 19:42:52 INFO  : sites-v4/railpost/.git/objects/a7/f0b56135fb48f8b4a70b5e0d4a823508aece1b: Copied (new)
2026/08/08 19:42:52 INFO  : sites-v4/globalsouth/.git/objects/a7/0f07a66717a8d8db2ab51ddf70db6054231c5c: Copied (new)
2026/08/08 19:42:52 INFO  : sites-v4/riocarta/dist/client/preview/rascunhos/smoke-202606051614-volta-redonda-tera-acao-do-dia-livre-de-impostos-com-venda-de-combustivel-sem-tributacao: Set directory modification time (using SetModTime)
2026/08/08 19:42:52 INFO  : sites-v4/riocarta/.vercel/output/static/preview/rascunhos/smoke-202606070100-dono-de-restaurante-parafuso-e-executado-na-zona-oeste-do-rio: Set directory modification time (using SetModTime)
2026/08/08 19:42:54 INFO  : sites-v4/riocarta/dist/client/preview/rascunhos/smoke-202606062229-camara-do-rio-aprova-mudanca-em-autorizacao-para-emprestimo-de-ate-r-1-8-bilhao-para-financiar-o: Set directory modification time (using SetModTime)
2026/08/08 19:42:54 INFO  : sites-v4/riocarta/.vercel/output/static/preview/rascunhos/smoke-202606070100-douglas-ruas-lidera-na-alerj-e-libera-65-milhoes-ao-norte-e-noroeste-fluminense: Set directory modification time (using SetModTime)
2026/08/08 19:42:55 INFO  : sites-v4/ceara/.git/objects/a2/df593c8f60b5eb47fc33df9b839016c9dc6668: Copied (new)
2026/08/08 19:42:56 INFO  : sites-v4/riocarta/dist/client/preview/rascunhos/smoke-202606062229-como-foi-o-acidente-em-ipanema-que-matou-filha-de-diplomatas: Set directory modification time (using SetModTime)
2026/08/08 19:42:56 INFO  : sites-v4/riocarta/.vercel/output/static/preview/rascunhos/smoke-202606070100-funarj-tera-mais-de-20-atividades-gratuitas-na-semana-nacional-de-museus: Set directory modification time (using SetModTime)
2026/08/08 19:42:57 INFO  : sites-v4/riocarta/dist/client/preview/rascunhos/smoke-202606062229-cpi-do-banco-master-gera-disputa-na-alerj-apos-debate-sobre-retirada-de-assinaturas: Set directory modification time (using SetModTime)
2026/08/08 19:42:57 INFO  : sites-v4/mundotrilhos/.git/objects/ab/e8a0a59c83c21fd4b3b7341aa51bcb0f327cf8: Copied (new)
2026/08/08 19:42:57 INFO  : sites-v4/globalsouth/.git/objects/a9/644749d019378c46d71a20899d414b951e931f: Copied (new)
2026/08/08 19:42:57 INFO  : sites-v4/riocarta/.vercel/output/static/preview/rascunhos/smoke-202606070100-gnv-ficara-ate-6-4-mais-barato-no-estado-do-rio-a-partir-de-1o-de-junho: Set directory modification time (using SetModTime)
2026/08/08 19:42:58 INFO  : sites-v4/riocarta/.vercel/output/static/preview/rascunhos/smoke-202606070100-itatiaia-promove-encontro-de-combate-a-violencia-contra-criancas-e-adolescentes: Set directory modification time (using SetModTime)
2026/08/08 19:42:58 INFO  : sites-v4/riocarta/dist/client/preview/rascunhos/smoke-202606062229-estudante-de-direito-e-agredido-por-torcedores-do-fluminense-na-tijuca: Set directory modification time (using SetModTime)
2026/08/08 19:42:59 INFO  : sites-v4/riocarta/.vercel/output/static/preview/rascunhos/smoke-202606070100-katia-miki-entrega-obras-e-anuncia-novos-investimentos-no-bairro-caixa-dagua-em-barra-do-pirai: Set directory modification time (using SetModTime)
2026/08/08 19:43:00 INFO  : sites-v4/riocarta/.vercel/output/static/preview/rascunhos/smoke-202606070100-maes-atipicas-passam-a-ter-documento-oficial-de-identificacao-no-estado-do-rio-de-janeiro: Set directory modification time (using SetModTime)
2026/08/08 19:43:00 INFO  : sites-v4/riocarta/dist/client/preview/rascunhos/smoke-202606062229-filho-abre-tumulo-da-mae-e-encontra-corpo-de-homem-em-sao-goncalo: Set directory modification time (using SetModTime)
2026/08/08 19:43:01 INFO  : sites-v4/riocarta/.vercel/output/static/preview/rascunhos/smoke-202606070100-rio-de-janeiro-se-destaca-em-transplantes-e-ocupa-2o-lugar-nacional: Set directory modification time (using SetModTime)
2026/08/08 19:43:01 INFO  : sites-v4/railpost/.git/objects/aa/3fddf780b5ef122fb7bbc93762b2c0e5681300: Copied (new)
2026/08/08 19:43:02 INFO  : sites-v4/riocarta/dist/client/preview/rascunhos/smoke-202606062229-mulher-e-presa-pela-prf-com-10-mil-municoes-de-fuzil-na-dutra-em-resende: Set directory modification time (using SetModTime)
2026/08/08 19:43:02 INFO  : sites-v4/riocarta/.vercel/output/static/preview/rascunhos/smoke-202606070100-rio-registra-novo-tremor-de-terra-no-mar-e-especialistas-monitoram-regiao: Set directory modification time (using SetModTime)
2026/08/08 19:43:03 INFO  : sites-v4/riocarta/dist/client/preview/rascunhos/smoke-202606062229-sao-goncalo-abre-vagas-para-novo-curso-gratuito-de-assistente-administrativo: Set directory modification time (using SetModTime)
2026/08/08 19:43:04 INFO  : sites-v4/riocarta/dist/client/preview/rascunhos/smoke-202606062229-volta-redonda-recebe-reconhecimento-nacional-em-brasilia-df-por-excelencia-em-gestao-sustentavel: Set directory modification time (using SetModTime)
2026/08/08 19:43:04 INFO  : sites-v4/riocarta/.vercel/output/static/preview/rascunhos/smoke-202606070100-rock-in-rio-2026-aposta-em-rap-k-pop-e-telao-gigante-confira-o-line-up-do-supernova-e-global-vil: Set directory modification time (using SetModTime)
2026/08/08 19:43:08 INFO  : sites-v4/riocarta/.vercel/output/static/preview/rascunhos/smoke-202606070900-arquivo-publico-do-rj-retira-documentos-historicos-do-antigo-iml-apos-video-causar-revolta: Set directory modification time (using SetModTime)
2026/08/08 19:43:08 INFO  : sites-v4/riocarta/dist/client/preview/rascunhos/smoke-202606070100-deputado-aciona-justica-para-obrigar-alerj-a-instalar-cpi-sobre-investimentos-no-banco-master: Set directory modification time (using SetModTime)
2026/08/08 19:43:08 INFO  : sites-v4/riocarta/.vercel/output/static/preview/rascunhos/smoke-202606070900-bolsa-familia-paga-mais-de-1-4-milhao-de-familias-no-rio-em-maio: Set directory modification time (using SetModTime)
2026/08/08 19:43:09 INFO  : sites-v4/riocarta/.vercel/output/static/preview/rascunhos/smoke-202606070900-circuito-de-musica-latina-em-bares-e-casas-noturnas: Set directory modification time (using SetModTime)
2026/08/08 19:43:09 INFO  : sites-v4/riocarta/dist/client/preview/rascunhos/smoke-202606070100-desafios-ambientais-marcam-as-obras-da-rodovia-entre-mage-e-manilha: Set directory modification time (using SetModTime)
2026/08/08 19:43:10 INFO  : sites-v4/riocarta/.vercel/output/static/preview/rascunhos/smoke-202606070900-espetaculo-criado-por-nelson-rodrigues-a-peca-a-serpente-estreia-na-lapa-nesta-quarta: Set directory modification time (using SetModTime)
2026/08/08 19:43:10 INFO  : sites-v4/riocarta/.vercel/output/static/preview/rascunhos/smoke-202606070900-fairmont-rio-entra-para-lista-dos-500-melhores-hoteis-do-mundo-da-travel-leisure: Set directory modification time (using SetModTime)
2026/08/08 19:43:11 INFO  : sites-v4/riocarta/.vercel/output/static/preview/rascunhos/smoke-202606070900-indice-de-qualidade-de-vida-2026-mostra-que-rio-nao-tem-cidades-entre-as-200-melhores-resende-li: Set directory modification time (using SetModTime)
2026/08/08 19:43:22 INFO  : sites-v4/riocarta/dist/client/preview/rascunhos/smoke-202606070100-dono-de-restaurante-parafuso-e-executado-na-zona-oeste-do-rio: Set directory modification time (using SetModTime)
2026/08/08 19:43:30 INFO  : sites-v4/mundotrilhos/.git/objects/b3/0637c3b6173a945603c3b81701636abe99c8d4: Copied (new)
2026/08/08 19:43:30 INFO  : sites-v4/riocarta/.vercel/output/static/preview/rascunhos/smoke-202606070900-justica-nega-pedido-da-defesa-de-jairinho-no-caso-henry-borel: Set directory modification time (using SetModTime)
2026/08/08 19:43:31 INFO  : sites-v4/riocarta/.vercel/output/static/preview/rascunhos/smoke-202606070900-leilao-vai-vender-112-imoveis-na-regiao-historica-da-pedra-do-sal-na-zona-portuaria: Set directory modification time (using SetModTime)
2026/08/08 19:43:31 INFO  : sites-v4/riocarta/dist/client/preview/rascunhos/smoke-202606070100-douglas-ruas-lidera-na-alerj-e-libera-65-milhoes-ao-norte-e-noroeste-fluminense: Set directory modification time (using SetModTime)
2026/08/08 19:43:31 INFO  : sites-v4/riocarta/.vercel/output/static/preview/rascunhos/smoke-202606070900-mulher-e-agredida-ao-terminar-relacionamento-em-cosmos: Set directory modification time (using SetModTime)
2026/08/08 19:43:32 INFO  :    13.505 MiB / 13.505 MiB, 100%, 5.831 KiB/s, ETA 0s
2026/08/08 19:43:32 INFO  : sites-v4/riocarta/.vercel/output/static/preview/rascunhos/smoke-202606070900-pf-investiga-crimes-de-trafico-de-pessoas-e-de-trabalho-analogo-a-escravidao-no-sul-fluminense: Set directory modification time (using SetModTime)
2026/08/08 19:43:33 INFO  : sites-v4/ceara/.git/objects/a9/090c38ba7080a6049b47d5d6b5307c0adcd613: Copied (new)
2026/08/08 19:43:33 INFO  : sites-v4/ceara/.git/objects/a9/4ca40b9fc509fe06d0819e91569c5ddf3a68d5: Copied (new)
2026/08/08 19:43:33 INFO  : sites-v4/riocarta/.vercel/output/static/preview/rascunhos/smoke-202606070900-prefeitura-decreta-luto-oficial-pela-morte-de-noca-da-portela: Set directory modification time (using SetModTime)
2026/08/08 19:43:33 INFO  : sites-v4/riocarta/.vercel/output/static/preview/rascunhos/smoke-202606070900-quem-e-xorao-chefao-do-cv-preso-no-maracana-e-como-a-policia-flagrou-o-traficante: Set directory modification time (using SetModTime)
2026/08/08 19:43:33 INFO  : sites-v4/riocarta/dist/client/preview/rascunhos/smoke-202606070100-funarj-tera-mais-de-20-atividades-gratuitas-na-semana-nacional-de-museus: Set directory modification time (using SetModTime)
2026/08/08 19:43:34 INFO  : sites-v4/riocarta/.vercel/output/static/preview/rascunhos/smoke-202606070900-tiroteio-deixa-morto-e-bebe-baleado-no-complexo-da-pedreira: Set directory modification time (using SetModTime)
2026/08/08 19:43:34 INFO  : sites-v4/riocarta/dist/client/preview/rascunhos/smoke-202606070100-gnv-ficara-ate-6-4-mais-barato-no-estado-do-rio-a-partir-de-1o-de-junho: Set directory modification time (using SetModTime)
2026/08/08 19:43:35 INFO  : sites-v4/riocarta/.vercel/output/static/preview/rascunhos/smoke-202606070900-tiroteio-entre-faccoes-em-costa-barros-deixa-bebe-ferido-e-um-morto: Set directory modification time (using SetModTime)
2026/08/08 19:43:35 INFO  : sites-v4/riocarta/dist/client/preview/rascunhos/smoke-202606070100-itatiaia-promove-encontro-de-combate-a-violencia-contra-criancas-e-adolescentes: Set directory modification time (using SetModTime)
2026/08/08 19:43:35 INFO  : sites-v4/ceara/.git/objects/ac/9772e29747a05c19029bb2bfb22054b304343d: Copied (new)
2026/08/08 19:43:36 INFO  : sites-v4/riocarta/.vercel/output/static/preview/rascunhos/smoke-202606071700-bebe-baleado-em-tiroteio-em-costa-barros-segue-internado: Set directory modification time (using SetModTime)
2026/08/08 19:43:36 INFO  : sites-v4/riocarta/dist/client/preview/rascunhos/smoke-202606070100-katia-miki-entrega-obras-e-anuncia-novos-investimentos-no-bairro-caixa-dagua-em-barra-do-pirai: Set directory modification time (using SetModTime)
2026/08/08 19:43:37 INFO  : sites-v4/globalsouth/.git/objects/b1/ee80f0affbd258a28c647679eeb4e9f6a6edb0: Copied (new)
2026/08/08 19:43:37 INFO  : sites-v4/riocarta/.vercel/output/static/preview/rascunhos/smoke-202606071700-capivara-espancada-na-ilha-do-governador-e-solta-apos-reabilitacao: Set directory modification time (using SetModTime)
2026/08/08 19:43:37 INFO  : sites-v4/riocarta/dist/client/preview/rascunhos/smoke-202606070100-maes-atipicas-passam-a-ter-documento-oficial-de-identificacao-no-estado-do-rio-de-janeiro: Set directory modification time (using SetModTime)
2026/08/08 19:43:37 INFO  : sites-v4/globalsouth/.git/objects/b0/846e449a2cb0caf3a5f60571796b74f44c79d8: Copied (new)
2026/08/08 19:43:38 INFO  : sites-v4/riocarta/.vercel/output/static/preview/rascunhos/smoke-202606071700-corredor-cultural-de-jacarepagua-e-regulamentado-e-passa-a-integrar-roteiro-oficial-do-rio: Set directory modification time (using SetModTime)
2026/08/08 19:43:38 INFO  : sites-v4/riocarta/dist/client/preview/rascunhos/smoke-202606070100-rio-de-janeiro-se-destaca-em-transplantes-e-ocupa-2o-lugar-nacional: Set directory modification time (using SetModTime)
2026/08/08 19:43:38 INFO  : sites-v4/discoverbrazil/.git/objects/b3/687b723d8f5fe03e3a82f6b41036b24d623c88: Copied (new)
2026/08/08 19:43:38 INFO  : sites-v4/ceara/.git/objects/ae/e805c7b5a1f3ff0e1f6bb68276c372ddd59497: Copied (new)
2026/08/08 19:43:38 INFO  : sites-v4/riocarta/.vercel/output/static/preview/rascunhos/smoke-202606071700-furto-de-cabos-na-light-em-itaguai-gera-r-200-mil-em-prejuizos: Set directory modification time (using SetModTime)
2026/08/08 19:43:38 INFO  : sites-v4/riocarta/dist/client/preview/rascunhos/smoke-202606070100-rio-registra-novo-tremor-de-terra-no-mar-e-especialistas-monitoram-regiao: Set directory modification time (using SetModTime)
2026/08/08 19:43:39 INFO  : sites-v4/aiatolah/.git/objects/a9/6fa207fb76a05b359bec65dbbaa8fbcf40161b: Copied (new)
2026/08/08 19:43:39 INFO  : sites-v4/riocarta/.vercel/output/static/preview/rascunhos/smoke-202606071700-operacao-desmonte-fecha-ferro-velho-em-araruama-com-risco-ambiental: Set directory modification time (using SetModTime)
2026/08/08 19:43:39 INFO  : sites-v4/riocarta/dist/client/preview/rascunhos/smoke-202606070100-rock-in-rio-2026-aposta-em-rap-k-pop-e-telao-gigante-confira-o-line-up-do-supernova-e-global-vil: Set directory modification time (using SetModTime)
2026/08/08 19:43:39 INFO  : sites-v4/riocarta/.vercel/output/static/preview/rascunhos/smoke-202606071700-pf-cumpre-mandados-no-rio-e-sp-contra-esquema-internacional-de-piramide-financeira: Set directory modification time (using SetModTime)
2026/08/08 19:43:39 INFO  : sites-v4/globalsouth/.git/objects/b3/a9ba7e41109638d5d76d7f80ac498621e40de0: Copied (new)
2026/08/08 19:43:40 INFO  : sites-v4/riocarta/dist/client/preview/rascunhos/smoke-202606070900-arquivo-publico-do-rj-retira-documentos-historicos-do-antigo-iml-apos-video-causar-revolta: Set directory modification time (using SetModTime)
2026/08/08 19:43:40 INFO  : sites-v4/railpost/.git/objects/b4/42e0d68812127194c4cc61171b76d061e67555: Copied (new)
2026/08/08 19:43:40 INFO  : sites-v4/riocarta/dist/client/preview/rascunhos/smoke-202606070900-bolsa-familia-paga-mais-de-1-4-milhao-de-familias-no-rio-em-maio: Set directory modification time (using SetModTime)
2026/08/08 19:43:40 INFO  : sites-v4/discoverbrazil/.git/objects/b6/8c9d07dd2889ffa713b0b1eff2d31c0eda15e3: Copied (new)
2026/08/08 19:43:41 INFO  : sites-v4/riocarta/dist/client/preview/rascunhos/smoke-202606070900-circuito-de-musica-latina-em-bares-e-casas-noturnas: Set directory modification time (using SetModTime)
2026/08/08 19:43:41 INFO  : sites-v4/riocarta/.vercel/output/static/preview/rascunhos/smoke-202606071700-piloto-baleado-em-operacao-policial-morre-no-rio-apos-um-ano-internado: Set directory modification time (using SetModTime)
2026/08/08 19:43:41 INFO  : sites-v4/mundotrilhos/.git/objects/ba/42ac3b1959547db135a7b719493e5f253fa28b: Copied (new)
2026/08/08 19:43:41 INFO  : sites-v4/riocarta/dist/client/preview/rascunhos/smoke-202606070900-espetaculo-criado-por-nelson-rodrigues-a-peca-a-serpente-estreia-na-lapa-nesta-quarta: Set directory modification time (using SetModTime)
2026/08/08 19:43:41 INFO  : sites-v4/riocarta/.vercel/output/static/preview/rascunhos/smoke-202606071700-policia-civil-do-rio-recebe-74-novas-viaturas-semiblindadas: Set directory modification time (using SetModTime)
2026/08/08 19:43:42 INFO  : sites-v4/riocarta/dist/client/preview/rascunhos/smoke-202606070900-fairmont-rio-entra-para-lista-dos-500-melhores-hoteis-do-mundo-da-travel-leisure: Set directory modification time (using SetModTime)
2026/08/08 19:43:42 INFO  : sites-v4/riocarta/.vercel/output/static/preview/rascunhos/smoke-202606071700-prefeitura-do-rio-autoriza-nova-etapa-de-megaprojeto-no-terreno-do-antigo-extra-na-barra-da-tiju: Set directory modification time (using SetModTime)
2026/08/08 19:43:42 INFO  : sites-v4/riocarta/.git/objects/b6/a82250ba7567100e702ff604a4553fb919f95a: Copied (new)
2026/08/08 19:43:42 INFO  : sites-v4/ceara/.git/objects/b2/a56f9d4100260402243fb288d99732de2f6d1c: Copied (new)
2026/08/08 19:43:42 INFO  : sites-v4/globalsouth/.git/objects/b6/dcd2264270cddc889a21ac16ca6c1db45e71b6: Copied (new)
2026/08/08 19:43:42 INFO  : sites-v4/riocarta/dist/client/preview/rascunhos/smoke-202606070900-indice-de-qualidade-de-vida-2026-mostra-que-rio-nao-tem-cidades-entre-as-200-melhores-resende-li: Set directory modification time (using SetModTime)
2026/08/08 19:43:43 INFO  : sites-v4/riocarta/.vercel/output/static/preview/rascunhos/smoke-202606071700-stf-mantem-direito-de-familia-de-pm-do-rj-morto-em-servico-receber-duas-pensoes-integrais: Set directory modification time (using SetModTime)
2026/08/08 19:43:43 INFO  : sites-v4/globalsouth/.git/objects/b7/8670e6768a9a38ec98a611adc9ad5fa60d4015: Copied (new)
2026/08/08 19:43:44 INFO  : sites-v4/riocarta/dist/client/preview/rascunhos/smoke-202606070900-justica-nega-pedido-da-defesa-de-jairinho-no-caso-henry-borel: Set directory modification time (using SetModTime)
2026/08/08 19:43:44 INFO  : sites-v4/riocarta/.vercel/output/static/preview/rascunhos/smoke-202606071700-tempestade-de-raios-deixa-cidades-da-serra-do-rio-em-alerta-severo-e-aciona-sirenes: Set directory modification time (using SetModTime)
2026/08/08 19:43:45 INFO  : sites-v4/riocarta/.vercel/output/static/preview/rascunhos/smoke-202606071700-tiroteio-em-costa-barros-mata-homem-e-deixa-bebe-de-1-ano-ferido: Set directory modification time (using SetModTime)
2026/08/08 19:43:45 INFO  : sites-v4/riocarta/dist/client/preview/rascunhos/smoke-202606070900-leilao-vai-vender-112-imoveis-na-regiao-historica-da-pedra-do-sal-na-zona-portuaria: Set directory modification time (using SetModTime)
2026/08/08 19:43:45 INFO  : sites-v4/riocarta/dist/client/preview/rascunhos/smoke-202606070900-mulher-e-agredida-ao-terminar-relacionamento-em-cosmos: Set directory modification time (using SetModTime)
2026/08/08 19:43:46 INFO  : sites-v4/riocarta/.vercel/output/static/preview/rascunhos/smoke-202606071700-tjrj-cria-canal-para-acoes-urgentes-de-saude-apos-pedido-da-oab-rj: Set directory modification time (using SetModTime)
2026/08/08 19:43:46 INFO  : sites-v4/riocarta/dist/client/preview/rascunhos/smoke-202606070900-pf-investiga-crimes-de-trafico-de-pessoas-e-de-trabalho-analogo-a-escravidao-no-sul-fluminense: Set directory modification time (using SetModTime)
2026/08/08 19:43:46 INFO  : sites-v4/riocarta/.vercel/output/static/preview/rascunhos/smoke-202606080100-alerj-aprova-mudanca-no-regimento-que-acelera-indicacoes-para-o-tce-psol-ameaca-recorrer-a-justi: Set directory modification time (using SetModTime)
2026/08/08 19:43:46 INFO  : sites-v4/globalsouth/.git/objects/b9/270a507afc114764cec91d3fa377fc02fca694: Copied (new)
2026/08/08 19:43:48 INFO  : sites-v4/riocarta/dist/client/preview/rascunhos/smoke-202606070900-prefeitura-decreta-luto-oficial-pela-morte-de-noca-da-portela: Set directory modification time (using SetModTime)
2026/08/08 19:43:48 INFO  : sites-v4/riocarta/.vercel/output/static/preview/rascunhos/smoke-202606080100-confira-museus-do-rio-com-programacao-gratuita-na-semana-nacional-de-museus: Set directory modification time (using SetModTime)
2026/08/08 19:43:49 INFO  : sites-v4/riocarta/dist/client/preview/rascunhos/smoke-202606070900-quem-e-xorao-chefao-do-cv-preso-no-maracana-e-como-a-policia-flagrou-o-traficante: Set directory modification time (using SetModTime)
2026/08/08 19:43:49 INFO  : sites-v4/riocarta/.vercel/output/static/preview/rascunhos/smoke-202606080100-corpo-de-piloto-baleado-em-operacao-tera-cortejo-pelas-ruas-do-rio-nesta-terca: Set directory modification time (using SetModTime)
2026/08/08 19:43:50 INFO  : sites-v4/riocarta/dist/client/preview/rascunhos/smoke-202606070900-tiroteio-deixa-morto-e-bebe-baleado-no-complexo-da-pedreira: Set directory modification time (using SetModTime)
2026/08/08 19:43:50 INFO  : sites-v4/riocarta/.vercel/output/static/preview/rascunhos/smoke-202606080100-curso-preparatorio-da-faetec-no-rio-aceita-oleo-usado-como-forma-de-pagamento: Set directory modification time (using SetModTime)
2026/08/08 19:43:50 INFO  : sites-v4/aiatolah/.git/objects/b0/b9ce0ad12e1fb516d12e8244df95fc49aab787: Copied (new)
2026/08/08 19:43:51 INFO  : sites-v4/aiatolah/.git/objects/b0/37166b24b9e6f8ccc606d99af2a5f275499dcb: Copied (new)
2026/08/08 19:43:51 INFO  : sites-v4/ceara/.git/objects/b6/04b11b8ef923fc75f0256a70b342446864c955: Copied (new)
2026/08/08 19:43:51 INFO  : sites-v4/ceara/.git/objects/b6/197ba4eff04099a363ff4a5de045e53f0d3e56: Copied (new)
2026/08/08 19:43:52 INFO  : sites-v4/riocarta/dist/client/preview/rascunhos/smoke-202606070900-tiroteio-entre-faccoes-em-costa-barros-deixa-bebe-ferido-e-um-morto: Set directory modification time (using SetModTime)
2026/08/08 19:43:52 INFO  : sites-v4/riocarta/.vercel/output/static/preview/rascunhos/smoke-202606080100-governo-do-rj-envia-a-alerj-projeto-para-renovar-beneficios-fiscais-ate-o-fim-de-2026: Set directory modification time (using SetModTime)
2026/08/08 19:43:53 INFO  : sites-v4/riocarta/dist/client/preview/rascunhos/smoke-202606071700-bebe-baleado-em-tiroteio-em-costa-barros-segue-internado: Set directory modification time (using SetModTime)
2026/08/08 19:43:53 INFO  : sites-v4/riocarta/.vercel/output/static/preview/rascunhos/smoke-202606080100-integrantes-da-young-flu-sao-denunciados-por-agressao-e-roubo-contra-vascainos: Set directory modification time (using SetModTime)
2026/08/08 19:43:53 INFO  : sites-v4/riocarta/dist/client/preview/rascunhos/smoke-202606071700-capivara-espancada-na-ilha-do-governador-e-solta-apos-reabilitacao: Set directory modification time (using SetModTime)
2026/08/08 19:43:54 INFO  : sites-v4/riocarta/.vercel/output/static/preview/rascunhos/smoke-202606080100-justica-manda-prefeitura-de-barra-do-pirai-suspender-contrato-do-transporte-publico: Set directory modification time (using SetModTime)
2026/08/08 19:43:54 INFO  : sites-v4/riocarta/dist/client/preview/rascunhos/smoke-202606071700-corredor-cultural-de-jacarepagua-e-regulamentado-e-passa-a-integrar-roteiro-oficial-do-rio: Set directory modification time (using SetModTime)
2026/08/08 19:43:54 INFO  : sites-v4/riocarta/.vercel/output/static/preview/rascunhos/smoke-202606080100-o-aliado-de-bacellar-que-continua-no-primeiro-escalao-do-governo-do-estado-veja-o-video: Set directory modification time (using SetModTime)
2026/08/08 19:43:55 INFO  : sites-v4/riocarta/dist/client/preview/rascunhos/smoke-202606071700-furto-de-cabos-na-light-em-itaguai-gera-r-200-mil-em-prejuizos: Set directory modification time (using SetModTime)
2026/08/08 19:43:55 INFO  : sites-v4/riocarta/.vercel/output/static/preview/rascunhos/smoke-202606080100-o-que-se-sabe-e-o-que-falta-saber-sobre-a-investigacao-do-atropelamento-que-matou-mariana-tanaka: Set directory modification time (using SetModTime)
2026/08/08 19:43:55 INFO  : sites-v4/aiatolah/.git/objects/b2/5392a7ebb4a10b20789702830491647c67fa90: Copied (new)
2026/08/08 19:43:56 INFO  : sites-v4/mundotrilhos/.git/objects/c2/3c6ce8fb9defc0df1edd33347a3f77cd39f545: Copied (new)
2026/08/08 19:43:56 INFO  : sites-v4/riocarta/dist/client/preview/rascunhos/smoke-202606071700-operacao-desmonte-fecha-ferro-velho-em-araruama-com-risco-ambiental: Set directory modification time (using SetModTime)
2026/08/08 19:43:56 INFO  : sites-v4/riocarta/.vercel/output/static/preview/rascunhos/smoke-202606080100-o-samba-esta-chorando-corpo-de-noca-da-portela-e-velado-na-quadra-da-escola: Set directory modification time (using SetModTime)
2026/08/08 19:43:58 INFO  : sites-v4/riocarta/.vercel/output/static/preview/rascunhos/smoke-202606080100-primeira-linha-de-onibus-que-nao-aceita-pagamento-em-dinheiro-comeca-a-circular-no-rio: Set directory modification time (using SetModTime)
2026/08/08 19:43:58 INFO  : sites-v4/riocarta/dist/client/preview/rascunhos/smoke-202606071700-pf-cumpre-mandados-no-rio-e-sp-contra-esquema-internacional-de-piramide-financeira: Set directory modification time (using SetModTime)
2026/08/08 19:44:00 INFO  : sites-v4/riocarta/.vercel/output/static/preview/rascunhos/smoke-202606080100-quem-era-a-jovem-filha-de-diplomatas-que-morreu-atropelada-em-ipanema: Set directory modification time (using SetModTime)
2026/08/08 19:44:00 INFO  : sites-v4/riocarta/dist/client/preview/rascunhos/smoke-202606071700-piloto-baleado-em-operacao-policial-morre-no-rio-apos-um-ano-internado: Set directory modification time (using SetModTime)
2026/08/08 19:44:00 INFO  : sites-v4/riocarta/.vercel/output/static/preview/rascunhos/smoke-202606281823-adolescente-internado-apos-estupro-coletivo-em-copacabana-diz-que-sofreu-agressao-e-humilhacao: Set directory modification time (using SetModTime)
2026/08/08 19:44:01 INFO  : sites-v4/riocarta/dist/client/preview/rascunhos/smoke-202606071700-policia-civil-do-rio-recebe-74-novas-viaturas-semiblindadas: Set directory modification time (using SetModTime)
2026/08/08 19:44:01 INFO  : sites-v4/riocarta/.vercel/output/static/preview/rascunhos/smoke-202606281823-flavio-bolsonaro-acumula-43-de-ausencia-em-votacoes-nominais-no-senado: Set directory modification time (using SetModTime)
2026/08/08 19:44:01 INFO  : sites-v4/riocarta/dist/client/preview/rascunhos/smoke-202606071700-prefeitura-do-rio-autoriza-nova-etapa-de-megaprojeto-no-terreno-do-antigo-extra-na-barra-da-tiju: Set directory modification time (using SetModTime)
2026/08/08 19:44:02 INFO  : sites-v4/riocarta/.vercel/output/static/preview/rascunhos/smoke-202606281823-importacao-de-carros-da-china-e-criticada-por-sindicato-do-sul-fluminense: Set directory modification time (using SetModTime)
2026/08/08 19:44:02 INFO  : sites-v4/riocarta/dist/client/preview/rascunhos/smoke-202606071700-stf-mantem-direito-de-familia-de-pm-do-rj-morto-em-servico-receber-duas-pensoes-integrais: Set directory modification time (using SetModTime)
2026/08/08 19:44:02 INFO  : sites-v4/globalsouth/.git/objects/c0/2d9f46d6e4545603b50a3f47d6b8983e3992a6: Copied (new)
2026/08/08 19:44:03 INFO  : sites-v4/aiatolah/.git/objects/b6/064c5ae3b2dfc27326596726929e44bdffa971: Copied (new)
2026/08/08 19:44:04 INFO  : sites-v4/riocarta/dist/client/preview/rascunhos/smoke-202606071700-tempestade-de-raios-deixa-cidades-da-serra-do-rio-em-alerta-severo-e-aciona-sirenes: Set directory modification time (using SetModTime)
2026/08/08 19:44:04 INFO  : sites-v4/riocarta/.vercel/output/static/preview/rascunhos/smoke-202606281823-julinho-e-rute-abrem-serie-entrevistao-e-falam-sobre-cabine-dupla-julgamentos-estrutura-e-novo-d: Set directory modification time (using SetModTime)
2026/08/08 19:44:05 INFO  : sites-v4/riocarta/dist/client/preview/rascunhos/smoke-202606071700-tiroteio-em-costa-barros-mata-homem-e-deixa-bebe-de-1-ano-ferido: Set directory modification time (using SetModTime)
2026/08/08 19:44:07 INFO  : sites-v4/riocarta/.vercel/output/static/preview/rascunhos/smoke-202606281823-justica-suspende-pela-segunda-vez-eleicao-presidencial-do-imperio-serrano: Set directory modification time (using SetModTime)
2026/08/08 19:44:07 INFO  : sites-v4/riocarta/dist/client/preview/rascunhos/smoke-202606071700-tjrj-cria-canal-para-acoes-urgentes-de-saude-apos-pedido-da-oab-rj: Set directory modification time (using SetModTime)
2026/08/08 19:44:15 INFO  : sites-v4/riocarta/dist/client/preview/rascunhos/smoke-202606080100-alerj-aprova-mudanca-no-regimento-que-acelera-indicacoes-para-o-tce-psol-ameaca-recorrer-a-justi: Set directory modification time (using SetModTime)
2026/08/08 19:44:23 INFO  : sites-v4/riocarta/dist/client/preview/rascunhos/smoke-202606080100-confira-museus-do-rio-com-programacao-gratuita-na-semana-nacional-de-museus: Set directory modification time (using SetModTime)
2026/08/08 19:44:29 INFO  : sites-v4/riocarta/.vercel/output/static/preview/rascunhos/smoke-202606281823-marica-foi-a-1a-cidade-com-tarifa-zero-do-brasil-agora-quer-ser-a-1a-so-com-onibus-eletricos: Set directory modification time (using SetModTime)
2026/08/08 19:44:29 INFO  : sites-v4/riocarta/.vercel/output/static/preview/rascunhos/smoke-202606281823-rio-brass-band-faz-concerto-gratuito-na-igreja-de-sao-francisco-de-paula-no-centro-do-rio: Set directory modification time (using SetModTime)
2026/08/08 19:44:30 INFO  : sites-v4/riocarta/.vercel/output/static/preview/rascunhos/smoke-202606281823-rodoviarios-batem-o-pe-e-confirmam-greve-no-rio-a-partir-desta-segunda-feira: Set directory modification time (using SetModTime)
2026/08/08 19:44:30 INFO  : sites-v4/riocarta/.vercel/output/static/preview/rascunhos/smoke-202606281823-video-tiroteio-entre-pm-de-folga-e-outro-homem-deixa-dois-feridos-em-shopping-de-caxias: Set directory modification time (using SetModTime)
2026/08/08 19:44:30 INFO  : sites-v4/riocarta/dist/client/preview/rascunhos/smoke-202606080100-corpo-de-piloto-baleado-em-operacao-tera-cortejo-pelas-ruas-do-rio-nesta-terca: Set directory modification time (using SetModTime)
2026/08/08 19:44:31 INFO  : sites-v4/riocarta/.vercel/output/static/preview/rascunhos/smoke-202606281900-pagamento-em-dinheiro-acaba-nos-onibus-do-rio-veja-como-fica-o-jae: Set directory modification time (using SetModTime)
2026/08/08 19:44:31 INFO  : sites-v4/riocarta/dist/client/preview/rascunhos/smoke-202606080100-curso-preparatorio-da-faetec-no-rio-aceita-oleo-usado-como-forma-de-pagamento: Set directory modification time (using SetModTime)
2026/08/08 19:44:31 INFO  : sites-v4/discoverbrazil/.git/objects/c8/d686f8d57d882472d43b99959cae3ef2eecdea: Copied (new)
2026/08/08 19:44:31 INFO  : sites-v4/globalsouth/.git/objects/c3/275c6980e4de52c429ef6ecd153bd185b4c2ed: Copied (new)
2026/08/08 19:44:32 INFO  : sites-v4/mundotrilhos/.git/objects/c8/56c4c5c7d36a20fa46ad9482253892a5f71043: Copied (new)
2026/08/08 19:44:32 INFO  : sites-v4/riocarta/dist/client/preview/rascunhos/smoke-202606080100-governo-do-rj-envia-a-alerj-projeto-para-renovar-beneficios-fiscais-ate-o-fim-de-2026: Set directory modification time (using SetModTime)
2026/08/08 19:44:32 INFO  : sites-v4/aiatolah/.git/objects/b8/8f5afc793ffa33b1ccfd58dc4b6b751d328b28: Copied (new)
2026/08/08 19:44:32 INFO  : sites-v4/aiatolah/.git/objects/b7/85c559c556e6a96b4837f8f3ca144b5e28e573: Copied (new)
2026/08/08 19:44:32 INFO  : sites-v4/riocarta/.vercel/output/static/preview/rascunhos/smoke-202606281900-policia-prende-integrante-de-quadrilha-especializada-em-golpes-contra-idosos-em-marica: Set directory modification time (using SetModTime)
2026/08/08 19:44:32 INFO  :    14.201 MiB / 14.217 MiB, 100%, 11.953 KiB/s, ETA 1s
2026/08/08 19:44:32 INFO  : sites-v4/riocarta/dist/client/preview/rascunhos/smoke-202606080100-integrantes-da-young-flu-sao-denunciados-por-agressao-e-roubo-contra-vascainos: Set directory modification time (using SetModTime)
2026/08/08 19:44:32 INFO  : sites-v4/riocarta/.vercel/output/static/preview/rascunhos/smoke-202606281900-rio-e-petropolis-tem-alto-risco-de-deslizamentos-por-causa-da-chuva-dos-ultimos-dias-diz-corpo-d: Set directory modification time (using SetModTime)
2026/08/08 19:44:33 INFO  : sites-v4/riocarta/.vercel/output/static/preview/rascunhos/smoke-202606281900-rodoviarios-confirmam-greve-para-segunda-feira-no-rio: Set directory modification time (using SetModTime)
2026/08/08 19:44:33 INFO  : sites-v4/riocarta/dist/client/preview/rascunhos/smoke-202606080100-justica-manda-prefeitura-de-barra-do-pirai-suspender-contrato-do-transporte-publico: Set directory modification time (using SetModTime)
2026/08/08 19:44:33 INFO  : sites-v4/riocarta/.git/objects/c5/2c5f0be666a1be07bc5cce5ed62fe797fb4244: Copied (new)
2026/08/08 19:44:33 INFO  : sites-v4/discoverbrazil/.git/objects/cb/fce0f8f4a95fdc90eb44207a916f85ead7dd31: Copied (new)
2026/08/08 19:44:33 INFO  : sites-v4/railpost/.git/objects/c6/24911981a2dc7de0fa19433445d29be1b03bf9: Copied (new)
2026/08/08 19:44:33 INFO  : sites-v4/riocarta/.vercel/output/static/preview/rascunhos/smoke-202606281900-tiroteio-por-vaga-de-estacionamento-em-shopping-de-caxias-deixa-dois-feridos: Set directory modification time (using SetModTime)
2026/08/08 19:44:33 INFO  : sites-v4/riocarta/dist/client/preview/rascunhos/smoke-202606080100-o-aliado-de-bacellar-que-continua-no-primeiro-escalao-do-governo-do-estado-veja-o-video: Set directory modification time (using SetModTime)
2026/08/08 19:44:34 INFO  : sites-v4/riocarta/dist/client/preview/rascunhos/smoke-202606080100-o-que-se-sabe-e-o-que-falta-saber-sobre-a-investigacao-do-atropelamento-que-matou-mariana-tanaka: Set directory modification time (using SetModTime)
2026/08/08 19:44:34 INFO  : sites-v4/riocarta/.vercel/output/static/preview/rascunhos/smoke-202606281923-concurso-de-quadrilhas-agita-maracana-e-realengo-neste-fim-de-semana: Set directory modification time (using SetModTime)
2026/08/08 19:44:35 INFO  : sites-v4/riocarta/.vercel/output/static/preview/rascunhos/smoke-202606281923-douglas-ruas-intensifica-agenda-na-baixada-e-defende-mudanca-para-o-estado: Set directory modification time (using SetModTime)
2026/08/08 19:44:35 INFO  : sites-v4/riocarta/dist/client/preview/rascunhos/smoke-202606080100-o-samba-esta-chorando-corpo-de-noca-da-portela-e-velado-na-quadra-da-escola: Set directory modification time (using SetModTime)
2026/08/08 19:44:35 INFO  : sites-v4/riocarta/dist/client/preview/rascunhos/smoke-202606080100-primeira-linha-de-onibus-que-nao-aceita-pagamento-em-dinheiro-comeca-a-circular-no-rio: Set directory modification time (using SetModTime)
2026/08/08 19:44:35 INFO  : sites-v4/riocarta/.vercel/output/static/preview/rascunhos/smoke-202606281923-governo-do-rj-reforca-seguranca-e-transportes-para-jogo-do-brasil-nesta-segunda: Set directory modification time (using SetModTime)
2026/08/08 19:44:35 INFO  : sites-v4/railpost/.git/objects/c3/6fdfdfe7fa827ad7225c2de192a8dfeb5ee4be: Copied (new)
2026/08/08 19:44:35 INFO  : sites-v4/globalsouth/.git/objects/c1/93b24b085c018d8678030f09eaffc1873ad5ef: Copied (new)
2026/08/08 19:44:35 INFO  : sites-v4/railpost/.git/objects/c5/e271fcfbf444de66a255cafec58493ac90f01f: Copied (new)
2026/08/08 19:44:35 INFO  : sites-v4/discoverbrazil/.git/objects/c6/bfe7ee1fece7c4a4c00defcbcdd707a5bb0661: Copied (new)
2026/08/08 19:44:36 INFO  : sites-v4/aiatolah/.git/objects/ba/6ee1b2e08f4dcdded22ba64e36c5c38073c8b9: Copied (new)
2026/08/08 19:44:36 INFO  : sites-v4/riocarta/dist/client/preview/rascunhos/smoke-202606080100-quem-era-a-jovem-filha-de-diplomatas-que-morreu-atropelada-em-ipanema: Set directory modification time (using SetModTime)
2026/08/08 19:44:36 INFO  : sites-v4/riocarta/.vercel/output/static/preview/rascunhos/smoke-202606281923-larissa-nicolau-e-a-nova-diretora-de-projetos-sociais-da-liga-rj: Set directory modification time (using SetModTime)
2026/08/08 19:44:36 INFO  : sites-v4/riocarta/dist/client/preview/rascunhos/smoke-202606281823-adolescente-internado-apos-estupro-coletivo-em-copacabana-diz-que-sofreu-agressao-e-humilhacao: Set directory modification time (using SetModTime)
2026/08/08 19:44:36 INFO  : sites-v4/riocarta/.vercel/output/static/preview/rascunhos/smoke-202606281923-lindbergh-farias-entrega-novos-maquinarios-para-agricultura-familiar-de-rio-das-ostras: Set directory modification time (using SetModTime)
2026/08/08 19:44:37 INFO  : sites-v4/riocarta/dist/client/preview/rascunhos/smoke-202606281823-flavio-bolsonaro-acumula-43-de-ausencia-em-votacoes-nominais-no-senado: Set directory modification time (using SetModTime)
2026/08/08 19:44:37 INFO  : sites-v4/riocarta/.vercel/output/static/preview/rascunhos/smoke-202606281923-pagamento-em-dinheiro-no-onibus-do-rio-termina-neste-domingo-veja-o-que-muda: Set directory modification time (using SetModTime)
2026/08/08 19:44:37 INFO  : sites-v4/globalsouth/.git/objects/c9/e66079bfbe24c373b8ed589f165e55d71188af: Copied (new)
2026/08/08 19:44:37 INFO  : sites-v4/railpost/.git/objects/c9/7e1b5bda6713fdfab2ab57be0bb7c7668bc584: Copied (new)
2026/08/08 19:44:37 INFO  : sites-v4/riocarta/dist/client/preview/rascunhos/smoke-202606281823-importacao-de-carros-da-china-e-criticada-por-sindicato-do-sul-fluminense: Set directory modification time (using SetModTime)
2026/08/08 19:44:38 INFO  : sites-v4/riocarta/.vercel/output/static/preview/rascunhos/smoke-202606281923-pan-americano-de-karate-tem-inicio-nesta-quinta-no-ginasio-municipal-de-macae-com-acesso-gratuit: Set directory modification time (using SetModTime)
2026/08/08 19:44:38 INFO  : sites-v4/riocarta/dist/client/preview/rascunhos/smoke-202606281823-julinho-e-rute-abrem-serie-entrevistao-e-falam-sobre-cabine-dupla-julgamentos-estrutura-e-novo-d: Set directory modification time (using SetModTime)
2026/08/08 19:44:38 INFO  : sites-v4/riocarta/.vercel/output/static/preview/rascunhos/smoke-202606281923-traficante-playboy-do-leblon-foragido-da-justica-e-acusado-de-roubo-e-preso-em-buzios: Set directory modification time (using SetModTime)
2026/08/08 19:44:39 INFO  : sites-v4/riocarta/dist/client/preview/rascunhos/smoke-202606281823-justica-suspende-pela-segunda-vez-eleicao-presidencial-do-imperio-serrano: Set directory modification time (using SetModTime)
2026/08/08 19:44:39 INFO  : sites-v4/riocarta/.vercel/output/static/preview/rascunhos/smoke-202606281951-arena-niteroi-estreia-em-grande-estilo-com-duas-noites-historicas-de-roberto-carlos: Set directory modification time (using SetModTime)
2026/08/08 19:44:39 INFO  : sites-v4/riocarta/dist/client/preview/rascunhos/smoke-202606281823-marica-foi-a-1a-cidade-com-tarifa-zero-do-brasil-agora-quer-ser-a-1a-so-com-onibus-eletricos: Set directory modification time (using SetModTime)
2026/08/08 19:44:39 INFO  : sites-v4/riocarta/.vercel/output/static/preview/rascunhos/smoke-202606281951-canobbio-recebe-uma-pausa-para-descanso-e-deve-se-apresentar-no-fluminense-no-proximo-dia-10: Set directory modification time (using SetModTime)
2026/08/08 19:44:40 INFO  : sites-v4/ceara/.git/objects/c8/859dd219f6a2ea0ed42b071cd1cd81cd3e3492: Copied (new)
2026/08/08 19:44:40 INFO  : sites-v4/riocarta/dist/client/preview/rascunhos/smoke-202606281823-rio-brass-band-faz-concerto-gratuito-na-igreja-de-sao-francisco-de-paula-no-centro-do-rio: Set directory modification time (using SetModTime)
2026/08/08 19:44:40 INFO  : sites-v4/riocarta/.vercel/output/static/preview/rascunhos/smoke-202606281951-petropolis-investe-em-luxo-exclusividade-e-retiro-urbano-para-a-temporada-de-inverno: Set directory modification time (using SetModTime)
2026/08/08 19:44:42 INFO  : sites-v4/riocarta/.vercel/output/static/preview/rascunhos/smoke-202606282008-macae-promove-dia-d-de-doacao-de-sangue-com-horario-especial-neste-sabado-27: Set directory modification time (using SetModTime)
2026/08/08 19:44:42 INFO  : sites-v4/riocarta/dist/client/preview/rascunhos/smoke-202606281823-rodoviarios-batem-o-pe-e-confirmam-greve-no-rio-a-partir-desta-segunda-feira: Set directory modification time (using SetModTime)
2026/08/08 19:44:43 INFO  : sites-v4/discoverbrazil/.git/objects/d5/6deb5fba97724a1d774d76a4d6fe2dfd8f2b1c: Copied (new)
2026/08/08 19:44:44 INFO  : sites-v4/riocarta/.vercel/output/static/preview/rascunhos/smoke-202606282008-parreira-passa-por-cirurgia-e-hospital-informa-evolucao-positiva-apos-complicacoes: Set directory modification time (using SetModTime)
2026/08/08 19:44:44 INFO  : sites-v4/riocarta/dist/client/preview/rascunhos/smoke-202606281823-video-tiroteio-entre-pm-de-folga-e-outro-homem-deixa-dois-feridos-em-shopping-de-caxias: Set directory modification time (using SetModTime)
2026/08/08 19:44:44 INFO  : sites-v4/globalsouth/.git/objects/cf/f89515a478562da3c831febe869b6cedff5633: Copied (new)
2026/08/08 19:44:45 INFO  : sites-v4/railpost/.git/objects/d1/bd9f0f3e0eb4a16fcbd944ec0098e0e04f234f: Copied (new)
2026/08/08 19:44:45 INFO  : sites-v4/railpost/.git/objects/d1/3dd1886f06350a74cb96260a6f52367c78b3cf: Copied (new)
2026/08/08 19:44:45 INFO  : sites-v4/riocarta/.vercel/output/static/preview/rascunhos/smoke-202606282008-tangua-tera-reforco-no-abastecimento-com-nova-adutora: Set directory modification time (using SetModTime)
2026/08/08 19:44:46 INFO  : sites-v4/riocarta/dist/client/preview/rascunhos/smoke-202606281900-pagamento-em-dinheiro-acaba-nos-onibus-do-rio-veja-como-fica-o-jae: Set directory modification time (using SetModTime)
2026/08/08 19:44:46 INFO  : sites-v4/riocarta/.git/objects/cf/ff32da4979eb031a4e5074dd87a06eded1ffd3: Copied (new)
2026/08/08 19:44:47 INFO  : sites-v4/railpost/.git/objects/d2/dee7adb5529cb8f1531431f3107c884c858f28: Copied (new)
2026/08/08 19:44:47 INFO  : sites-v4/riocarta/.vercel/output/static/preview/rascunhos/smoke-202606282008-zona-oeste-ganha-mais-de-cem-coletivos-zero-quilometro-em-oito-itinerarios: Set directory modification time (using SetModTime)
2026/08/08 19:44:48 INFO  : sites-v4/riocarta/dist/client/preview/rascunhos/smoke-202606281900-policia-prende-integrante-de-quadrilha-especializada-em-golpes-contra-idosos-em-marica: Set directory modification time (using SetModTime)
2026/08/08 19:44:48 INFO  : sites-v4/discoverbrazil/.git/objects/d7/4881a10d04691b0d87800e090bba48a6706235: Copied (new)
2026/08/08 19:44:48 INFO  : sites-v4/ceara/.git/objects/cd/cf0568d6ae57bd4d55eeade6be6fe4ad181f9a: Copied (new)
2026/08/08 19:44:49 INFO  : sites-v4/riocarta/dist/client/preview/rascunhos/smoke-202606281900-rio-e-petropolis-tem-alto-risco-de-deslizamentos-por-causa-da-chuva-dos-ultimos-dias-diz-corpo-d: Set directory modification time (using SetModTime)
2026/08/08 19:44:49 INFO  : sites-v4/riocarta/.vercel/output/static/preview/rascunhos/smoke-202606282023-acusado-de-esfaquear-motorista-de-aplicativo-por-ciumes-da-ex-companheira-no-centro-de-padua-e-p: Set directory modification time (using SetModTime)
2026/08/08 19:44:50 INFO  : sites-v4/riocarta/.vercel/output/static/preview/rascunhos/smoke-202606282023-autoridades-descobrem-central-de-mineracao-de-ativos-digitais-do-cv-no-rio: Set directory modification time (using SetModTime)
2026/08/08 19:44:50 INFO  : sites-v4/riocarta/dist/client/preview/rascunhos/smoke-202606281900-rodoviarios-confirmam-greve-para-segunda-feira-no-rio: Set directory modification time (using SetModTime)
2026/08/08 19:44:51 INFO  : sites-v4/riocarta/dist/client/preview/rascunhos/smoke-202606281900-tiroteio-por-vaga-de-estacionamento-em-shopping-de-caxias-deixa-dois-feridos: Set directory modification time (using SetModTime)
2026/08/08 19:44:51 INFO  : sites-v4/riocarta/.vercel/output/static/preview/rascunhos/smoke-202606282023-conheca-o-samba-enredo-que-o-paraiso-do-tuiuti-levara-para-a-sapucai-no-carnaval-2027: Set directory modification time (using SetModTime)
2026/08/08 19:44:53 INFO  : sites-v4/riocarta/dist/client/preview/rascunhos/smoke-202606281923-concurso-de-quadrilhas-agita-maracana-e-realengo-neste-fim-de-semana: Set directory modification time (using SetModTime)
2026/08/08 19:44:53 INFO  : sites-v4/riocarta/.vercel/output/static/preview/rascunhos/smoke-202606282023-homem-cai-da-pedra-do-macaco-e-mobiliza-operacao-de-resgate-em-marica: Set directory modification time (using SetModTime)
2026/08/08 19:44:54 INFO  : sites-v4/riocarta/dist/client/preview/rascunhos/smoke-202606281923-douglas-ruas-intensifica-agenda-na-baixada-e-defende-mudanca-para-o-estado: Set directory modification time (using SetModTime)
2026/08/08 19:44:54 INFO  : sites-v4/riocarta/.vercel/output/static/preview/rascunhos/smoke-202606282023-homem-e-preso-por-trafico-de-drogas-em-pousada-de-buzios: Set directory modification time (using SetModTime)
2026/08/08 19:44:54 INFO  : sites-v4/riocarta/.git/objects/d3/3a22eb36cdc56b4b3f80699d397bdc8e704b90: Copied (new)
2026/08/08 19:44:56 INFO  : sites-v4/riocarta/dist/client/preview/rascunhos/smoke-202606281923-governo-do-rj-reforca-seguranca-e-transportes-para-jogo-do-brasil-nesta-segunda: Set directory modification time (using SetModTime)
2026/08/08 19:44:56 INFO  : sites-v4/riocarta/.vercel/output/static/preview/rascunhos/smoke-202606282023-largo-da-feira-recebe-mais-uma-edicao-do-barra-no-hexa-com-transmissao-de-brasil-x-japao: Set directory modification time (using SetModTime)
2026/08/08 19:44:56 INFO  : sites-v4/railpost/.git/objects/d7/be64d2f99fe8c4f5132ac81b177b076390ee70: Copied (new)
2026/08/08 19:44:58 INFO  : sites-v4/riocarta/dist/client/preview/rascunhos/smoke-202606281923-larissa-nicolau-e-a-nova-diretora-de-projetos-sociais-da-liga-rj: Set directory modification time (using SetModTime)
2026/08/08 19:44:58 INFO  : sites-v4/riocarta/.vercel/output/static/preview/rascunhos/smoke-202606282023-morre-victor-savios-cover-de-tim-maia: Set directory modification time (using SetModTime)
2026/08/08 19:44:58 INFO  : sites-v4/ceara/.git/objects/d2/2fdbdc12922278a4f00cd0af9c566e9bbc0ade: Copied (new)
2026/08/08 19:44:58 INFO  : sites-v4/ceara/.git/objects/d2/6dd6b4473d2c6917722746fc160d05537e3591: Copied (new)
2026/08/08 19:44:58 INFO  : sites-v4/discoverbrazil/.git/objects/dc/3d1ab97493f7dd3d3670084aa117f345704814: Copied (new)
2026/08/08 19:44:59 INFO  : sites-v4/riocarta/.vercel/output/static/preview/rascunhos/smoke-202606282023-mutirao-reune-voluntarios-em-acao-de-conservacao-marinha-no-rio: Set directory modification time (using SetModTime)
2026/08/08 19:44:59 INFO  : sites-v4/riocarta/dist/client/preview/rascunhos/smoke-202606281923-lindbergh-farias-entrega-novos-maquinarios-para-agricultura-familiar-de-rio-das-ostras: Set directory modification time (using SetModTime)
2026/08/08 19:45:00 INFO  : sites-v4/riocarta/.git/objects/d6/656b09c1d06cf724f9e0526e4463b7b71f4c8f: Copied (new)
2026/08/08 19:45:00 INFO  : sites-v4/discoverbrazil/.git/objects/dd/c46d241dac60b42c165487889856e3ea439eaa: Copied (new)
2026/08/08 19:45:00 INFO  : sites-v4/aiatolah/.git/objects/cb/76dce97e68594123ad79183aa8a48ff7924db0: Copied (new)
2026/08/08 19:45:01 INFO  : sites-v4/riocarta/dist/client/preview/rascunhos/smoke-202606281923-pagamento-em-dinheiro-no-onibus-do-rio-termina-neste-domingo-veja-o-que-muda: Set directory modification time (using SetModTime)
2026/08/08 19:45:01 INFO  : sites-v4/riocarta/.vercel/output/static/preview/rascunhos/smoke-202606282023-o-renascimento-da-zona-portuaria-lazer-cultura-e-turismo-em-uma-nova-regiao-do-rio: Set directory modification time (using SetModTime)
2026/08/08 19:45:01 INFO  : sites-v4/riocarta/dist/client/preview/rascunhos/smoke-202606281923-pan-americano-de-karate-tem-inicio-nesta-quinta-no-ginasio-municipal-de-macae-com-acesso-gratuit: Set directory modification time (using SetModTime)
2026/08/08 19:45:01 INFO  : sites-v4/riocarta/.vercel/output/static/preview/rascunhos/smoke-202606282023-selic-menor-ainda-nao-libera-o-bolso-do-fluminense: Set directory modification time (using SetModTime)
2026/08/08 19:45:02 INFO  : sites-v4/riocarta/.vercel/output/static/preview/rascunhos/smoke-202606282023-viaduto-no-trevo-das-missoes-pode-reduzir-em-ate-30-minutos-viagem-de-onibus-pela-avenida-brasil: Set directory modification time (using SetModTime)
2026/08/08 19:45:02 INFO  : sites-v4/riocarta/dist/client/preview/rascunhos/smoke-202606281923-traficante-playboy-do-leblon-foragido-da-justica-e-acusado-de-roubo-e-preso-em-buzios: Set directory modification time (using SetModTime)
2026/08/08 19:45:02 INFO  : sites-v4/riocarta/.vercel/output/static/preview/rascunhos/smoke-202606282023-yago-dora-bate-italiano-e-volta-a-levantar-o-titulo-da-etapa-da-wsl-em-saquarema: Set directory modification time (using SetModTime)
2026/08/08 19:45:14 INFO  : sites-v4/riocarta/dist/client/preview/rascunhos/smoke-202606281951-arena-niteroi-estreia-em-grande-estilo-com-duas-noites-historicas-de-roberto-carlos: Set directory modification time (using SetModTime)
2026/08/08 19:45:15 INFO  : sites-v4/riocarta/dist/client/preview/rascunhos/smoke-202606281951-canobbio-recebe-uma-pausa-para-descanso-e-deve-se-apresentar-no-fluminense-no-proximo-dia-10: Set directory modification time (using SetModTime)
2026/08/08 19:45:15 INFO  : sites-v4/riocarta/.vercel/output/static/preview/rascunhos/smoke-202606282123-arraial-do-cabo-recebe-3o-encontro-latino-americano-de-musica-danca-e-coros: Set directory modification time (using SetModTime)
2026/08/08 19:45:16 INFO  : sites-v4/riocarta/.vercel/output/static/preview/rascunhos/smoke-202606282123-cafe-move-a-rotina-dos-cariocas-e-ganha-novas-versoes-no-dia-nacional-da-bebida: Set directory modification time (using SetModTime)
2026/08/08 19:45:16 INFO  : sites-v4/riocarta/.vercel/output/static/preview/rascunhos/smoke-202606282123-flavio-bolsonaro-lidera-ausencias-no-senado-enquanto-prioriza-agenda-de-campanha-eleitoral: Set directory modification time (using SetModTime)
2026/08/08 19:45:16 INFO  : sites-v4/riocarta/dist/client/preview/rascunhos/smoke-202606281951-petropolis-investe-em-luxo-exclusividade-e-retiro-urbano-para-a-temporada-de-inverno: Set directory modification time (using SetModTime)
2026/08/08 19:45:17 INFO  : sites-v4/riocarta/dist/client/preview/rascunhos/smoke-202606282008-macae-promove-dia-d-de-doacao-de-sangue-com-horario-especial-neste-sabado-27: Set directory modification time (using SetModTime)
2026/08/08 19:45:22 INFO  : sites-v4/riocarta/dist/client/preview/rascunhos/smoke-202606282008-parreira-passa-por-cirurgia-e-hospital-informa-evolucao-positiva-apos-complicacoes: Set directory modification time (using SetModTime)
2026/08/08 19:45:22 INFO  : sites-v4/riocarta/dist/client/preview/rascunhos/smoke-202606282008-tangua-tera-reforco-no-abastecimento-com-nova-adutora: Set directory modification time (using SetModTime)
2026/08/08 19:45:23 INFO  : sites-v4/riocarta/dist/client/preview/rascunhos/smoke-202606282008-zona-oeste-ganha-mais-de-cem-coletivos-zero-quilometro-em-oito-itinerarios: Set directory modification time (using SetModTime)
2026/08/08 19:45:23 INFO  : sites-v4/riocarta/dist/client/preview/rascunhos/smoke-202606282023-acusado-de-esfaquear-motorista-de-aplicativo-por-ciumes-da-ex-companheira-no-centro-de-padua-e-p: Set directory modification time (using SetModTime)
2026/08/08 19:45:23 INFO  : sites-v4/riocarta/.vercel/output/static/preview/rascunhos/smoke-202606282123-greve-dos-rodoviarios-no-rio-prefeitura-diz-que-brt-funcionara-normalmente-nesta-segunda: Set directory modification time (using SetModTime)
2026/08/08 19:45:24 INFO  : sites-v4/riocarta/.vercel/output/static/preview/rascunhos/smoke-202606282123-homem-de-40-anos-e-espancado-ate-a-morte-na-ilha-do-governador: Set directory modification time (using SetModTime)
2026/08/08 19:45:25 INFO  : sites-v4/riocarta/.vercel/output/static/preview/rascunhos/smoke-202606282123-hospital-ferreira-machado-procura-por-familiares-de-paciente-internado-em-estado-grave: Set directory modification time (using SetModTime)
2026/08/08 19:45:25 INFO  : sites-v4/riocarta/.vercel/output/static/preview/rascunhos/smoke-202606282123-justica-manda-manter-50-da-frota-de-onibus-durante-greve-dos-rodoviarios-no-rio-nesta-segunda: Set directory modification time (using SetModTime)
2026/08/08 19:45:26 INFO  : sites-v4/railpost/.git/objects/e0/b924ef9923abf01ab8b26c1e34fb068532c530: Copied (new)
2026/08/08 19:45:27 INFO  : sites-v4/riocarta/dist/client/preview/rascunhos/smoke-202606282023-autoridades-descobrem-central-de-mineracao-de-ativos-digitais-do-cv-no-rio: Set directory modification time (using SetModTime)
2026/08/08 19:45:28 INFO  : sites-v4/riocarta/dist/client/preview/rascunhos/smoke-202606282023-conheca-o-samba-enredo-que-o-paraiso-do-tuiuti-levara-para-a-sapucai-no-carnaval-2027: Set directory modification time (using SetModTime)
2026/08/08 19:45:28 INFO  : sites-v4/riocarta/dist/client/preview/rascunhos/smoke-202606282023-homem-cai-da-pedra-do-macaco-e-mobiliza-operacao-de-resgate-em-marica: Set directory modification time (using SetModTime)
2026/08/08 19:45:29 INFO  : sites-v4/riocarta/dist/client/preview/rascunhos/smoke-202606282023-homem-e-preso-por-trafico-de-drogas-em-pousada-de-buzios: Set directory modification time (using SetModTime)
2026/08/08 19:45:30 INFO  : sites-v4/riocarta/dist/client/preview/rascunhos/smoke-202606282023-largo-da-feira-recebe-mais-uma-edicao-do-barra-no-hexa-com-transmissao-de-brasil-x-japao: Set directory modification time (using SetModTime)
2026/08/08 19:45:30 INFO  : sites-v4/railpost/.git/objects/db/813b67939adb9cac0f131ec018d9114f99ddef: Copied (new)
2026/08/08 19:45:30 INFO  : sites-v4/globalsouth/.git/objects/df/28bb09e1585a7ba36b702aceee759658f347c5: Copied (new)
2026/08/08 19:45:30 INFO  : sites-v4/railpost/.git/objects/df/7c1b01e016f3547b6f8fa978c45306e9e1dda3: Copied (new)
2026/08/08 19:45:30 INFO  : sites-v4/riocarta/.git/objects/dd/d3b6b52f5bf9df92c32c8c94f69f6ae4ca11f6: Copied (new)
2026/08/08 19:45:30 INFO  : sites-v4/aiatolah/.git/objects/d2/63a7d795c5db134e57c42e686cfc9d9fd8ff56: Copied (new)
2026/08/08 19:45:30 INFO  : sites-v4/mundotrilhos/.git/objects/e0/208013a7a99aca10df10d70a25fcdcf1542454: Copied (new)
2026/08/08 19:45:30 INFO  : sites-v4/riocarta/.git/objects/d9/d053f84434fb7136bca6d5270dd4bbd90855bf: Copied (new)
2026/08/08 19:45:30 INFO  : sites-v4/riocarta/.vercel/output/static/preview/rascunhos/smoke-202606282123-prefeitura-e-sebrae-inscrevem-para-palestra-gratuita-com-foco-em-engajar-negocios-e-vendas-no-in: Set directory modification time (using SetModTime)
2026/08/08 19:45:30 INFO  : sites-v4/riocarta/dist/client/preview/rascunhos/smoke-202606282023-morre-victor-savios-cover-de-tim-maia: Set directory modification time (using SetModTime)
2026/08/08 19:45:30 INFO  : sites-v4/aiatolah/.git/objects/d4/333d121fddee1a269e466e4f5cfb36e7e923be: Copied (new)
2026/08/08 19:45:31 INFO  : sites-v4/riocarta/.vercel/output/static/preview/rascunhos/smoke-202606282123-rio-das-ostras-tem-nova-edicao-do-plaza-geek-nesse-sabado-e-domingo-27-e-28: Set directory modification time (using SetModTime)
2026/08/08 19:45:31 INFO  : sites-v4/riocarta/dist/client/preview/rascunhos/smoke-202606282023-mutirao-reune-voluntarios-em-acao-de-conservacao-marinha-no-rio: Set directory modification time (using SetModTime)
2026/08/08 19:45:31 INFO  : sites-v4/riocarta/.vercel/output/static/preview/rascunhos/smoke-202606282223-alcateia-reunida-bernardo-lobo-homenageia-pai-e-avo-em-show: Set directory modification time (using SetModTime)
2026/08/08 19:45:31 INFO  : sites-v4/riocarta/dist/client/preview/rascunhos/smoke-202606282023-o-renascimento-da-zona-portuaria-lazer-cultura-e-turismo-em-uma-nova-regiao-do-rio: Set directory modification time (using SetModTime)
2026/08/08 19:45:32 INFO  : sites-v4/riocarta/.vercel/output/static/preview/rascunhos/smoke-202606282223-buzios-realiza-festa-do-divino-espirito-santo-entre-os-dias-2-e-5-de-julho: Set directory modification time (using SetModTime)
2026/08/08 19:45:32 INFO  : sites-v4/riocarta/dist/client/preview/rascunhos/smoke-202606282023-selic-menor-ainda-nao-libera-o-bolso-do-fluminense: Set directory modification time (using SetModTime)
2026/08/08 19:45:32 INFO  :    15.442 MiB / 15.442 MiB, 100%, 35.862 KiB/s, ETA 0s
2026/08/08 19:45:32 INFO  : sites-v4/riocarta/.vercel/output/static/preview/rascunhos/smoke-202606282223-campanha-de-vacinacao-antirrabica-imuniza-mais-de-2-mil-animais-na-california-e-abre-calendario: Set directory modification time (using SetModTime)
2026/08/08 19:45:32 INFO  : sites-v4/riocarta/.git/objects/df/785089fb679cd24bed495449cb3dc1118d5307: Copied (new)
2026/08/08 19:45:33 INFO  : sites-v4/riocarta/dist/client/preview/rascunhos/smoke-202606282023-viaduto-no-trevo-das-missoes-pode-reduzir-em-ate-30-minutos-viagem-de-onibus-pela-avenida-brasil: Set directory modification time (using SetModTime)
2026/08/08 19:45:33 INFO  : sites-v4/riocarta/.vercel/output/static/preview/rascunhos/smoke-202606282223-cinco-tremores-de-terra-sao-registrados-perto-de-saquarema: Set directory modification time (using SetModTime)
2026/08/08 19:45:33 INFO  : sites-v4/riocarta/dist/client/preview/rascunhos/smoke-202606282023-yago-dora-bate-italiano-e-volta-a-levantar-o-titulo-da-etapa-da-wsl-em-saquarema: Set directory modification time (using SetModTime)
2026/08/08 19:45:33 INFO  : sites-v4/riocarta/.git/objects/e1/ff3f74f37fe114399c8ee4d9cc52bc0f02ad1f: Copied (new)
2026/08/08 19:45:34 INFO  : sites-v4/riocarta/.vercel/output/static/preview/rascunhos/smoke-202606282223-feira-do-produtor-rural-em-barra-do-pirai-atrai-visitantes-e-encerra-com-show-de-nico-rezende: Set directory modification time (using SetModTime)
2026/08/08 19:45:34 INFO  : sites-v4/riocarta/dist/client/preview/rascunhos/smoke-202606282123-arraial-do-cabo-recebe-3o-encontro-latino-americano-de-musica-danca-e-coros: Set directory modification time (using SetModTime)
2026/08/08 19:45:34 INFO  : sites-v4/riocarta/.vercel/output/static/preview/rascunhos/smoke-202606282223-idolos-da-musica-popular-brasileira-sao-homenageados-no-teatro: Set directory modification time (using SetModTime)
2026/08/08 19:45:34 INFO  : sites-v4/riocarta/dist/client/preview/rascunhos/smoke-202606282123-cafe-move-a-rotina-dos-cariocas-e-ganha-novas-versoes-no-dia-nacional-da-bebida: Set directory modification time (using SetModTime)
2026/08/08 19:45:35 INFO  : sites-v4/riocarta/.vercel/output/static/preview/rascunhos/smoke-202606282223-livro-e-documentario-devolvem-berta-ribeiro-ao-centro-da-historia: Set directory modification time (using SetModTime)
2026/08/08 19:45:35 INFO  : sites-v4/riocarta/dist/client/preview/rascunhos/smoke-202606282123-flavio-bolsonaro-lidera-ausencias-no-senado-enquanto-prioriza-agenda-de-campanha-eleitoral: Set directory modification time (using SetModTime)
2026/08/08 19:45:35 INFO  : sites-v4/riocarta/.vercel/output/static/preview/rascunhos/smoke-202606282223-macae-sedia-corrida-de-rua-neste-domingo-na-avenida-dos-jesuitas-em-imbetiba: Set directory modification time (using SetModTime)
2026/08/08 19:45:36 INFO  : sites-v4/riocarta/dist/client/preview/rascunhos/smoke-202606282123-greve-dos-rodoviarios-no-rio-prefeitura-diz-que-brt-funcionara-normalmente-nesta-segunda: Set directory modification time (using SetModTime)
2026/08/08 19:45:36 INFO  : sites-v4/riocarta/.vercel/output/static/preview/rascunhos/smoke-202606282223-pinguins-chegam-a-niteroi-saiba-como-agir-ao-encontrar-um-animal-na-praia: Set directory modification time (using SetModTime)
2026/08/08 19:45:36 INFO  : sites-v4/riocarta/dist/client/preview/rascunhos/smoke-202606282123-homem-de-40-anos-e-espancado-ate-a-morte-na-ilha-do-governador: Set directory modification time (using SetModTime)
2026/08/08 19:45:36 INFO  : sites-v4/riocarta/.vercel/output/static/preview/rascunhos/smoke-202606282223-por-que-a-costa-do-rio-teve-5-tremores-de-terra-em-um-dia-sismologo-responde: Set directory modification time (using SetModTime)
2026/08/08 19:45:36 INFO  : sites-v4/ceara/.git/objects/e2/5860cf5c042323516416fcd3cbd0461d6ad863: Copied (new)
2026/08/08 19:45:37 INFO  : sites-v4/mundotrilhos/.git/objects/ef/d81158f18e239a6a741ff7d0cafecd6c65e90d: Copied (new)
2026/08/08 19:45:38 INFO  : sites-v4/riocarta/.vercel/output/static/preview/rascunhos/smoke-202606282323-balao-de-cinco-metros-cai-em-arvore-na-presidente-vargas-e-e-apreendido-pela-guarda-municipal: Set directory modification time (using SetModTime)
2026/08/08 19:45:38 INFO  : sites-v4/riocarta/dist/client/preview/rascunhos/smoke-202606282123-hospital-ferreira-machado-procura-por-familiares-de-paciente-internado-em-estado-grave: Set directory modification time (using SetModTime)
2026/08/08 19:45:39 INFO  : sites-v4/riocarta/.vercel/output/static/preview/rascunhos/smoke-202606282323-corpo-de-homem-que-caiu-na-pedra-do-macaco-e-encontrado-pelos-bombeiros-em-marica: Set directory modification time (using SetModTime)
2026/08/08 19:45:40 INFO  : sites-v4/riocarta/.git/objects/e9/4bd612466c0a25d37cc569a1acccdd32c5d3ea: Copied (new)
2026/08/08 19:45:40 INFO  : sites-v4/riocarta/dist/client/preview/rascunhos/smoke-202606282123-justica-manda-manter-50-da-frota-de-onibus-durante-greve-dos-rodoviarios-no-rio-nesta-segunda: Set directory modification time (using SetModTime)
2026/08/08 19:45:40 INFO  : sites-v4/riocarta/.vercel/output/static/preview/rascunhos/smoke-202606282323-marica-festa-de-sao-pedro-segue-com-shows-gratuitos-neste-sabado-e-domingo-confira-a-programacao: Set directory modification time (using SetModTime)
2026/08/08 19:45:41 INFO  : sites-v4/aiatolah/.git/objects/df/00e500aa620bc43b6876c2bc999dcc3b5d11e3: Copied (new)
2026/08/08 19:45:42 INFO  : sites-v4/riocarta/.vercel/output/static/preview/rascunhos/smoke-202606282323-operacao-em-ipanema-autua-30-veiculos-por-irregularidades-neste-domingo: Set directory modification time (using SetModTime)
2026/08/08 19:45:42 INFO  : sites-v4/riocarta/dist/client/preview/rascunhos/smoke-202606282123-prefeitura-e-sebrae-inscrevem-para-palestra-gratuita-com-foco-em-engajar-negocios-e-vendas-no-in: Set directory modification time (using SetModTime)
2026/08/08 19:45:43 INFO  : sites-v4/railpost/.git/objects/f0/9c2607fd1c435a2ed0b2e3f6f17a440131aab3: Copied (new)
2026/08/08 19:45:44 INFO  : sites-v4/riocarta/.vercel/output/static/preview/rascunhos/smoke-202606282323-pedro-paulo-comenta-pre-candidatura-ao-senado-e-desafios-do-rio-em-entrevista-a-radio-mania: Set directory modification time (using SetModTime)
2026/08/08 19:45:44 INFO  : sites-v4/riocarta/dist/client/preview/rascunhos/smoke-202606282123-rio-das-ostras-tem-nova-edicao-do-plaza-geek-nesse-sabado-e-domingo-27-e-28: Set directory modification time (using SetModTime)
2026/08/08 19:45:45 INFO  : sites-v4/riocarta/.vercel/output/static/preview/rascunhos/smoke-202606282323-rio-das-ostras-e-silva-jardim-decretam-ponto-facultativo-na-segunda-29-para-o-jogo-do-brasil: Set directory modification time (using SetModTime)
2026/08/08 19:45:45 INFO  : sites-v4/ceara/.git/objects/ea/a8c03660c73426913331205eb6bec57dc2c2ba: Copied (new)
2026/08/08 19:45:46 INFO  : sites-v4/riocarta/dist/client/preview/rascunhos/smoke-202606282223-alcateia-reunida-bernardo-lobo-homenageia-pai-e-avo-em-show: Set directory modification time (using SetModTime)
2026/08/08 19:45:46 INFO  : sites-v4/riocarta/.vercel/output/static/preview/rascunhos/smoke-202606282323-rio-tera-novas-areas-de-protecao-em-jacarepagua-para-conectar-floresta-da-tijuca-e-pedra-branca: Set directory modification time (using SetModTime)
2026/08/08 19:45:46 INFO  : sites-v4/aiatolah/.git/objects/e1/9746e95168015bc8636c93f8341706314d542d: Copied (new)
2026/08/08 19:45:47 INFO  : sites-v4/aiatolah/.git/objects/e2/4bb77640cdf608a207065a3975630de6ea44fd: Copied (new)
2026/08/08 19:45:47 INFO  : sites-v4/globalsouth/.git/objects/f3/4f283225bd649bf2b0ed324f7d689bffc7acb9: Copied (new)
2026/08/08 19:45:47 INFO  : sites-v4/ceara/.git/objects/ec/269f54182093b9451d319b34792b02b952498a: Copied (new)
2026/08/08 19:45:48 INFO  : sites-v4/riocarta/.vercel/output/static/preview/rascunhos/smoke-202606282323-sao-goncalo-treina-socorro-nas-escolas: Set directory modification time (using SetModTime)
2026/08/08 19:45:48 INFO  : sites-v4/riocarta/dist/client/preview/rascunhos/smoke-202606282223-buzios-realiza-festa-do-divino-espirito-santo-entre-os-dias-2-e-5-de-julho: Set directory modification time (using SetModTime)
2026/08/08 19:45:49 INFO  : sites-v4/riocarta/.git/objects/ee/7585758f26be34632baaf11cf6ffd6d4420ce5: Copied (new)
2026/08/08 19:45:50 INFO  : sites-v4/riocarta/.vercel/output/static/preview/rascunhos/smoke-202606282323-suel-se-apresenta-na-proxima-edicao-do-amanda-em-casa-na-copa-em-macae: Set directory modification time (using SetModTime)
2026/08/08 19:45:50 INFO  : sites-v4/riocarta/dist/client/preview/rascunhos/smoke-202606282223-campanha-de-vacinacao-antirrabica-imuniza-mais-de-2-mil-animais-na-california-e-abre-calendario: Set directory modification time (using SetModTime)
2026/08/08 19:45:51 INFO  : sites-v4/aiatolah/.git/objects/e4/c29da8e960a7abda1089f9930c32afca39b3b7: Copied (new)
2026/08/08 19:45:51 INFO  : sites-v4/ceara/.git/objects/ef/59d48497eac61925932897137ab02fa2271f42: Copied (new)
2026/08/08 19:45:53 INFO  : sites-v4/riocarta/dist/client/preview/rascunhos/smoke-202606282223-cinco-tremores-de-terra-sao-registrados-perto-de-saquarema: Set directory modification time (using SetModTime)
2026/08/08 19:45:53 INFO  : sites-v4/riocarta/.vercel/output/static/preview/rascunhos/smoke-202606290023-daniel-senise-exibe-sessenta-obras-e-peca-interativa-no-paco-imperial: Set directory modification time (using SetModTime)
2026/08/08 19:45:53 INFO  : sites-v4/riocarta/dist/client/preview/rascunhos/smoke-202606282223-feira-do-produtor-rural-em-barra-do-pirai-atrai-visitantes-e-encerra-com-show-de-nico-rezende: Set directory modification time (using SetModTime)
2026/08/08 19:45:53 INFO  : sites-v4/riocarta/.vercel/output/static/preview/rascunhos/smoke-202606290023-linha-amarela-via-sem-lei: Set directory modification time (using SetModTime)
2026/08/08 19:45:54 INFO  : sites-v4/mundotrilhos/.git/objects/fb/a1c2bf02781f439e9d590fe49e49eb10341cae: Copied (new)
2026/08/08 19:45:54 INFO  : sites-v4/discoverbrazil/.git/objects/f9/ff0704471a9e040072a98a666731a0d82d593f: Copied (new)
2026/08/08 19:45:55 INFO  : sites-v4/riocarta/dist/client/preview/rascunhos/smoke-202606282223-idolos-da-musica-popular-brasileira-sao-homenageados-no-teatro: Set directory modification time (using SetModTime)
2026/08/08 19:45:55 INFO  : sites-v4/riocarta/.vercel/output/static/preview/rascunhos/smoke-202606290023-macae-recebe-o-jungle-fight-neste-sabado-com-disputa-de-cinturao-dos-pesos-pesados: Set directory modification time (using SetModTime)
2026/08/08 19:45:56 INFO  : sites-v4/riocarta/dist/client/preview/rascunhos/smoke-202606282223-livro-e-documentario-devolvem-berta-ribeiro-ao-centro-da-historia: Set directory modification time (using SetModTime)
2026/08/08 19:45:56 INFO  : sites-v4/riocarta/.vercel/output/static/preview/rascunhos/smoke-202606290023-marisa-monte-faz-show-inedito-no-rio-e-leva-publico-ao-delirio: Set directory modification time (using SetModTime)
2026/08/08 19:45:56 INFO  : sites-v4/riocarta/dist/client/preview/rascunhos/smoke-202606282223-macae-sedia-corrida-de-rua-neste-domingo-na-avenida-dos-jesuitas-em-imbetiba: Set directory modification time (using SetModTime)
2026/08/08 19:45:56 INFO  : sites-v4/riocarta/.vercel/output/static/preview/rascunhos/smoke-202606290023-operacao-autua-30-veiculos-por-estacionamento-irregular-em-ipanema: Set directory modification time (using SetModTime)
2026/08/08 19:45:57 INFO  : sites-v4/riocarta/dist/client/preview/rascunhos/smoke-202606282223-pinguins-chegam-a-niteroi-saiba-como-agir-ao-encontrar-um-animal-na-praia: Set directory modification time (using SetModTime)
2026/08/08 19:45:57 INFO  : sites-v4/riocarta/.vercel/output/static/preview/rascunhos/smoke-202606290023-prefeitura-do-rio-forma-cerca-de-seis-mil-mulheres-em-programas-de-qualificacao: Set directory modification time (using SetModTime)
2026/08/08 19:45:57 INFO  : sites-v4/aiatolah/.git/objects/e7/4f06d5978618c47bc23bcf2f2afc3992a41128: Copied (new)
2026/08/08 19:45:57 INFO  : sites-v4/globalsouth/.git/objects/f8/03b826141f9c0c5afbe3f4644427c2a2d76e80: Copied (new)
2026/08/08 19:45:58 INFO  : sites-v4/ceara/.git/objects/f2/b68a86f58980b0fbadc68fc9e8cad940672250: Copied (new)
2026/08/08 19:45:58 INFO  : sites-v4/riocarta/dist/client/preview/rascunhos/smoke-202606282223-por-que-a-costa-do-rio-teve-5-tremores-de-terra-em-um-dia-sismologo-responde: Set directory modification time (using SetModTime)
2026/08/08 19:45:59 INFO  : sites-v4/riocarta/.vercel/output/static/preview/rascunhos/smoke-202606290023-presidente-da-camara-de-macae-exalta-legado-de-sylvio-lopes-em-bate-papo: Set directory modification time (using SetModTime)
2026/08/08 19:45:59 INFO  : sites-v4/riocarta/dist/client/preview/rascunhos/smoke-202606282323-balao-de-cinco-metros-cai-em-arvore-na-presidente-vargas-e-e-apreendido-pela-guarda-municipal: Set directory modification time (using SetModTime)
2026/08/08 19:45:59 INFO  : sites-v4/riocarta/.vercel/output/static/preview/rascunhos/smoke-202606290023-torneio-de-basquete-33-master-e-promovido-em-barra-mansa-e-une-esporte-integracao-e-solidariedad: Set directory modification time (using SetModTime)
2026/08/08 19:46:00 INFO  : sites-v4/riocarta/dist/client/preview/rascunhos/smoke-202606282323-corpo-de-homem-que-caiu-na-pedra-do-macaco-e-encontrado-pelos-bombeiros-em-marica: Set directory modification time (using SetModTime)
2026/08/08 19:46:00 INFO  : sites-v4/riocarta/.vercel/output/static/preview/rascunhos/smoke-202606290123-com-40-milhoes-de-seguidores-luluca-estreia-show-infantil-no-qualistage: Set directory modification time (using SetModTime)
2026/08/08 19:46:00 INFO  : sites-v4/riocarta/dist/client/preview/rascunhos/smoke-202606282323-marica-festa-de-sao-pedro-segue-com-shows-gratuitos-neste-sabado-e-domingo-confira-a-programacao: Set directory modification time (using SetModTime)
2026/08/08 19:46:01 INFO  : sites-v4/ceara/.git/objects/ef/7cde30f3ac537fe15241c3b559a30a876aaaf5: Copied (new)
2026/08/08 19:46:01 INFO  : sites-v4/aiatolah/.git/objects/e9/daefc6c8a467c99ec4a18d8aee9dd1d389ae28: Copied (new)
2026/08/08 19:46:01 INFO  : sites-v4/riocarta/.vercel/output/static/preview/rascunhos/smoke-202606290123-douglas-ruas-faz-caminhada-em-belford-roxo-ao-lado-de-marcio-canella: Set directory modification time (using SetModTime)
2026/08/08 19:46:02 INFO  : sites-v4/riocarta/.vercel/output/static/preview/rascunhos/smoke-202606290123-preco-do-sucesso-e-discutido-em-como-posso-nao-ser-montgomery-clift: Set directory modification time (using SetModTime)
2026/08/08 19:46:02 INFO  : sites-v4/riocarta/dist/client/preview/rascunhos/smoke-202606282323-operacao-em-ipanema-autua-30-veiculos-por-irregularidades-neste-domingo: Set directory modification time (using SetModTime)
2026/08/08 19:46:04 INFO  : sites-v4/riocarta/.vercel/output/static/preview/rascunhos/smoke-202606290123-tremores-de-terra-sao-registrados-no-litoral-do-rio-de-janeiro: Set directory modification time (using SetModTime)
2026/08/08 19:46:04 INFO  : sites-v4/riocarta/dist/client/preview/rascunhos/smoke-202606282323-pedro-paulo-comenta-pre-candidatura-ao-senado-e-desafios-do-rio-em-entrevista-a-radio-mania: Set directory modification time (using SetModTime)
2026/08/08 19:46:05 INFO  : sites-v4/riocarta/.vercel/output/static/preview/rascunhos/smoke-202606290623-aviao-da-fab-resgata-13-brasileiros-que-estavam-na-venezuela-apos-terremotos: Set directory modification time (using SetModTime)
2026/08/08 19:46:05 INFO  : sites-v4/riocarta/dist/client/preview/rascunhos/smoke-202606282323-rio-das-ostras-e-silva-jardim-decretam-ponto-facultativo-na-segunda-29-para-o-jogo-do-brasil: Set directory modification time (using SetModTime)
2026/08/08 19:46:07 INFO  : sites-v4/riocarta/dist/client/preview/rascunhos/smoke-202606282323-rio-tera-novas-areas-de-protecao-em-jacarepagua-para-conectar-floresta-da-tijuca-e-pedra-branca: Set directory modification time (using SetModTime)
2026/08/08 19:46:07 INFO  : sites-v4/riocarta/.vercel/output/static/preview/rascunhos/smoke-202606290623-brasil-x-japao-altera-expediente-no-rio-veja-funcionamento-dos-servicos-publicos-e-privados: Set directory modification time (using SetModTime)
2026/08/08 19:46:08 INFO  : sites-v4/riocarta/dist/client/preview/rascunhos/smoke-202606282323-sao-goncalo-treina-socorro-nas-escolas: Set directory modification time (using SetModTime)
2026/08/08 19:46:12 INFO  : sites-v4/riocarta/dist/client/preview/rascunhos/smoke-202606282323-suel-se-apresenta-na-proxima-edicao-do-amanda-em-casa-na-copa-em-macae: Set directory modification time (using SetModTime)
2026/08/08 19:46:17 INFO  : sites-v4/riocarta/.vercel/output/static/preview/rascunhos/smoke-202606290623-rio-inaugura-primeira-trilha-da-ilha-comprida-que-liga-trecho-ao-oceano-e-oferece-vista-inedita: Set directory modification time (using SetModTime)
2026/08/08 19:46:24 INFO  : sites-v4/riocarta/.vercel/output/static/preview/rascunhos/smoke-202606291023-justica-suspende-venda-da-participacao-da-oi-na-v-tal-por-r-4-5-bi: Set directory modification time (using SetModTime)
2026/08/08 19:46:28 INFO  : sites-v4/riocarta/dist/client/preview/rascunhos/smoke-202606290023-daniel-senise-exibe-sessenta-obras-e-peca-interativa-no-paco-imperial: Set directory modification time (using SetModTime)
2026/08/08 19:46:29 INFO  : sites-v4/riocarta/dist/client/preview/rascunhos/smoke-202606290023-linha-amarela-via-sem-lei: Set directory modification time (using SetModTime)
2026/08/08 19:46:30 INFO  : sites-v4/riocarta/.vercel/output/static/preview/rascunhos/smoke-202606291123-anitta-realiza-festa-junina-em-mansao-no-rio: Set directory modification time (using SetModTime)
2026/08/08 19:46:30 INFO  : sites-v4/riocarta/dist/client/preview/rascunhos/smoke-202606290023-macae-recebe-o-jungle-fight-neste-sabado-com-disputa-de-cinturao-dos-pesos-pesados: Set directory modification time (using SetModTime)
2026/08/08 19:46:30 INFO  : sites-v4/riocarta/.vercel/output/static/preview/rascunhos/smoke-202606291223-estou-na-rua-desde-3h-trabalhadores-passam-madrugada-a-espera-de-onibus-no-rio: Set directory modification time (using SetModTime)
2026/08/08 19:46:30 INFO  : sites-v4/riocarta/dist/client/preview/rascunhos/smoke-202606290023-marisa-monte-faz-show-inedito-no-rio-e-leva-publico-ao-delirio: Set directory modification time (using SetModTime)
2026/08/08 19:46:31 INFO  : sites-v4/riocarta/.vercel/output/static/preview/rascunhos/smoke-202606291223-greve-dos-rodoviarios-causa-caos-no-rio-com-lotacao-atraso-e-vandalismo-em-onibus: Set directory modification time (using SetModTime)
2026/08/08 19:46:31 INFO  : sites-v4/riocarta/dist/client/preview/rascunhos/smoke-202606290023-operacao-autua-30-veiculos-por-estacionamento-irregular-em-ipanema: Set directory modification time (using SetModTime)
2026/08/08 19:46:31 INFO  : sites-v4/aiatolah/.git/objects/ee/47031e0443b3de22c2f1f638a0f5acb40d0b15: Copied (new)
2026/08/08 19:46:31 INFO  : sites-v4/riocarta/.git/objects/f4/d348a93c5d85c686954881d0ec8fa48a82116f: Copied (new)
2026/08/08 19:46:31 INFO  : sites-v4/discoverbrazil/.git/objects/fd/d92c5dd30c0acd51139c653fe3aa5b552353bb: Copied (new)
2026/08/08 19:46:31 INFO  : sites-v4/aiatolah/.git/objects/ed/66ef111543b91e40613466eef1978f4260ac5b: Copied (new)
2026/08/08 19:46:31 INFO  : sites-v4/globalsouth/.git/objects/fe/216074f5a2aa45fef74ad422b2dba74958bd38: Copied (new)
2026/08/08 19:46:31 INFO  : sites-v4/ceara/.git/objects/f7/0a7caf9a5f7914e504609fc2062df9e9eefede: Copied (new)
2026/08/08 19:46:31 INFO  : sites-v4/globalsouth/.git/objects/ff/a0b756de27313bee86c3c0970130b244d5fd24: Copied (new)
2026/08/08 19:46:31 INFO  : sites-v4/riocarta/dist/client/preview/rascunhos/smoke-202606290023-prefeitura-do-rio-forma-cerca-de-seis-mil-mulheres-em-programas-de-qualificacao: Set directory modification time (using SetModTime)
2026/08/08 19:46:31 INFO  : sites-v4/riocarta/.vercel/output/static/preview/rascunhos/smoke-202606291223-hospitais-do-rj-homenageiam-bebes-nascidos-durante-a-copa: Set directory modification time (using SetModTime)
2026/08/08 19:46:32 INFO  : sites-v4/ceara/.git/objects/f9/1317bba68ec87f040c97debf85ba64120f1d5f: Copied (new)
2026/08/08 19:46:32 INFO  : sites-v4/riocarta/dist/client/preview/rascunhos/smoke-202606290023-presidente-da-camara-de-macae-exalta-legado-de-sylvio-lopes-em-bate-papo: Set directory modification time (using SetModTime)
2026/08/08 19:46:32 INFO  :    15.974 MiB / 15.974 MiB, 100%, 15.655 KiB/s, ETA 0s
2026/08/08 19:46:32 INFO  : sites-v4/riocarta/.vercel/output/static/preview/rascunhos/smoke-202606291223-justica-mantem-veto-a-festas-no-parque-da-chacrinha-em-copacabana-e-preve-multa-de-r-100-mil-por: Set directory modification time (using SetModTime)
2026/08/08 19:46:33 INFO  : sites-v4/riocarta/dist/client/preview/rascunhos/smoke-202606290023-torneio-de-basquete-33-master-e-promovido-em-barra-mansa-e-une-esporte-integracao-e-solidariedad: Set directory modification time (using SetModTime)
2026/08/08 19:46:33 INFO  : sites-v4/aiatolah/.git/objects/f1/9c383632c6127fa42aa55745078fe0ba060a9e: Copied (new)
2026/08/08 19:46:33 INFO  : sites-v4/riocarta/.vercel/output/static/preview/rascunhos/smoke-202606291223-passageiros-enfrentam-filas-e-demora-no-1o-dia-da-greve-dos-rodoviarios-no-rio-videos: Set directory modification time (using SetModTime)
2026/08/08 19:46:33 INFO  : sites-v4/riocarta/dist/client/preview/rascunhos/smoke-202606290123-com-40-milhoes-de-seguidores-luluca-estreia-show-infantil-no-qualistage: Set directory modification time (using SetModTime)
2026/08/08 19:46:33 INFO  : sites-v4/ceara/.git/objects/fd/8cf2d34a71d60d7a2f6a2e1f40d813c21adb96: Copied (new)
2026/08/08 19:46:34 INFO  : sites-v4/riocarta/.vercel/output/static/preview/rascunhos/smoke-202606291223-restaurantes-bares-e-cinema-onde-assistir-o-jogo-do-brasil-no-rio: Set directory modification time (using SetModTime)
2026/08/08 19:46:34 INFO  : sites-v4/riocarta/dist/client/preview/rascunhos/smoke-202606290123-douglas-ruas-faz-caminhada-em-belford-roxo-ao-lado-de-marcio-canella: Set directory modification time (using SetModTime)
2026/08/08 19:46:34 INFO  : sites-v4/aiatolah/.git/objects/f4/1aa141e859bbe8d267b25eb677711b98593db8: Copied (new)
2026/08/08 19:46:34 INFO  : sites-v4/riocarta/.vercel/output/static/preview/rascunhos/smoke-202606291223-segunda-sera-de-sol-e-pode-chegar-a-32oc-no-rio-confira-a-previsao-da-semana: Set directory modification time (using SetModTime)
2026/08/08 19:46:34 INFO  : sites-v4/riocarta/dist/client/preview/rascunhos/smoke-202606290123-preco-do-sucesso-e-discutido-em-como-posso-nao-ser-montgomery-clift: Set directory modification time (using SetModTime)
2026/08/08 19:46:34 INFO  : sites-v4/ceara/.git/objects/ff/b197bc6fbbc358e93e8fdd3e07ba55e27164df: Copied (new)
2026/08/08 19:46:35 INFO  : sites-v4/riocarta/.vercel/output/static/preview/rascunhos/smoke-202606291223-senado-pedro-paulo-pode-ter-ronaldo-cezar-coelho-como-primeiro-suplente: Set directory modification time (using SetModTime)
2026/08/08 19:46:35 INFO  : sites-v4/riocarta/dist/client/preview/rascunhos/smoke-202606290123-tremores-de-terra-sao-registrados-no-litoral-do-rio-de-janeiro: Set directory modification time (using SetModTime)
2026/08/08 19:46:35 INFO  : sites-v4/riocarta/.vercel/output/static/preview/rascunhos/smoke-202606291323-brasil-encara-o-japao-para-se-manter-vivo-na-copa-veja-onde-assistir-em-macae: Set directory modification time (using SetModTime)
2026/08/08 19:46:36 INFO  : sites-v4/riocarta/dist/client/preview/rascunhos/smoke-202606290623-aviao-da-fab-resgata-13-brasileiros-que-estavam-na-venezuela-apos-terremotos: Set directory modification time (using SetModTime)
2026/08/08 19:46:36 INFO  : sites-v4/riocarta/.vercel/output/static/preview/rascunhos/smoke-202606291323-douglas-ruas-reune-apoiadores-em-belford-roxo-e-projeta-transformacao-no-estado-do-rio: Set directory modification time (using SetModTime)
2026/08/08 19:46:36 INFO  : sites-v4/aiatolah/.git/objects/fc/6d039559e91eb614725583c66b7426fc9c97bf: Copied (new)
2026/08/08 19:46:36 INFO  : sites-v4/riocarta/dist/client/preview/rascunhos/smoke-202606290623-brasil-x-japao-altera-expediente-no-rio-veja-funcionamento-dos-servicos-publicos-e-privados: Set directory modification time (using SetModTime)
2026/08/08 19:46:37 INFO  : sites-v4/aiatolah/.git/objects/ff/90f3b48117473a5cb6c173ed29ef043c26ca3c: Copied (new)
2026/08/08 19:46:38 INFO  : sites-v4/riocarta/.vercel/output/static/preview/rascunhos/smoke-202606291323-esquina-da-copa-anima-a-tarde-dessa-segunda-29-em-4-pontos-de-marica: Set directory modification time (using SetModTime)
2026/08/08 19:46:38 INFO  : sites-v4/riocarta/dist/client/preview/rascunhos/smoke-202606290623-rio-inaugura-primeira-trilha-da-ilha-comprida-que-liga-trecho-ao-oceano-e-oferece-vista-inedita: Set directory modification time (using SetModTime)
2026/08/08 19:46:40 INFO  : sites-v4/riocarta/.vercel/output/static/preview/rascunhos/smoke-202606291323-fogo-atinge-lancha-de-luxo-e-causas-ainda-sao-investigadas-em-cabo-frio: Set directory modification time (using SetModTime)
2026/08/08 19:46:40 INFO  : sites-v4/riocarta/dist/client/preview/rascunhos/smoke-202606291023-justica-suspende-venda-da-participacao-da-oi-na-v-tal-por-r-4-5-bi: Set directory modification time (using SetModTime)
2026/08/08 19:46:41 INFO  : sites-v4/riocarta/dist/client/preview/rascunhos/smoke-202606291123-anitta-realiza-festa-junina-em-mansao-no-rio: Set directory modification time (using SetModTime)
2026/08/08 19:46:41 INFO  : sites-v4/riocarta/.vercel/output/static/preview/rascunhos/smoke-202606291323-greve-dos-rodoviarios-afeta-onibus-no-rio-coletivos-sao-vandalizados: Set directory modification time (using SetModTime)
2026/08/08 19:46:42 INFO  : sites-v4/riocarta/dist/client/preview/rascunhos/smoke-202606291223-estou-na-rua-desde-3h-trabalhadores-passam-madrugada-a-espera-de-onibus-no-rio: Set directory modification time (using SetModTime)
2026/08/08 19:46:42 INFO  : sites-v4/riocarta/.vercel/output/static/preview/rascunhos/smoke-202606291323-homem-e-flagrado-quebrando-retrovisor-de-carro-durante-a-madrugada-em-saquarema: Set directory modification time (using SetModTime)
2026/08/08 19:46:43 INFO  : sites-v4/riocarta/dist/client/preview/rascunhos/smoke-202606291223-greve-dos-rodoviarios-causa-caos-no-rio-com-lotacao-atraso-e-vandalismo-em-onibus: Set directory modification time (using SetModTime)
2026/08/08 19:46:43 INFO  : sites-v4/riocarta/.vercel/output/static/preview/rascunhos/smoke-202606291323-identificado-homem-que-morreu-apos-queda-durante-trilha-na-pedra-do-macaco-em-marica: Set directory modification time (using SetModTime)
2026/08/08 19:46:45 INFO  : sites-v4/riocarta/.vercel/output/static/preview/rascunhos/smoke-202606291323-lancha-de-luxo-pega-fogo-e-e-destruida-pelas-chamas-em-cabo-frio: Set directory modification time (using SetModTime)
2026/08/08 19:46:45 INFO  : sites-v4/riocarta/dist/client/preview/rascunhos/smoke-202606291223-hospitais-do-rj-homenageiam-bebes-nascidos-durante-a-copa: Set directory modification time (using SetModTime)
2026/08/08 19:46:47 INFO  : sites-v4/riocarta/.vercel/output/static/preview/rascunhos/smoke-202606291323-prefeitura-de-volta-redonda-abre-inscricoes-para-nova-edicao-do-trilha-criativa: Set directory modification time (using SetModTime)
2026/08/08 19:46:47 INFO  : sites-v4/riocarta/dist/client/preview/rascunhos/smoke-202606291223-justica-mantem-veto-a-festas-no-parque-da-chacrinha-em-copacabana-e-preve-multa-de-r-100-mil-por: Set directory modification time (using SetModTime)
2026/08/08 19:46:47 INFO  : sites-v4/riocarta/.vercel/output/static/preview/rascunhos/smoke-202606291323-procissao-fluvial-de-sao-pedro-reune-fieis-e-mantem-tradicao-de-mais-de-30-anos-em-sao-fidelis: Set directory modification time (using SetModTime)
2026/08/08 19:46:47 INFO  : sites-v4/riocarta/dist/client/preview/rascunhos/smoke-202606291223-passageiros-enfrentam-filas-e-demora-no-1o-dia-da-greve-dos-rodoviarios-no-rio-videos: Set directory modification time (using SetModTime)
2026/08/08 19:46:49 INFO  : sites-v4/riocarta/dist/client/preview/rascunhos/smoke-202606291223-restaurantes-bares-e-cinema-onde-assistir-o-jogo-do-brasil-no-rio: Set directory modification time (using SetModTime)
2026/08/08 19:46:49 INFO  : sites-v4/riocarta/.vercel/output/static/preview/rascunhos/smoke-202606291323-trilheiro-morre-ao-cair-da-pedra-do-macaco-em-marica: Set directory modification time (using SetModTime)
2026/08/08 19:46:50 INFO  : sites-v4/riocarta/dist/client/preview/rascunhos/smoke-202606291223-segunda-sera-de-sol-e-pode-chegar-a-32oc-no-rio-confira-a-previsao-da-semana: Set directory modification time (using SetModTime)
2026/08/08 19:46:50 INFO  : sites-v4/riocarta/.vercel/output/static/preview/rascunhos/smoke-202606291323-volta-redonda-apresenta-programa-familias-fortes-em-seminario-internacional-no-rio-de-janeiro: Set directory modification time (using SetModTime)
2026/08/08 19:46:51 INFO  : sites-v4/riocarta/dist/client/preview/rascunhos/smoke-202606291223-senado-pedro-paulo-pode-ter-ronaldo-cezar-coelho-como-primeiro-suplente: Set directory modification time (using SetModTime)
2026/08/08 19:46:52 INFO  : sites-v4/riocarta/.vercel/output/static/preview/rascunhos/smoke-202606291423-a-cobicada-suplencia-de-pedro-paulo-movimenta-o-tabuleiro-eleitoral: Set directory modification time (using SetModTime)
2026/08/08 19:46:52 INFO  : sites-v4/riocarta/dist/client/preview/rascunhos/smoke-202606291323-brasil-encara-o-japao-para-se-manter-vivo-na-copa-veja-onde-assistir-em-macae: Set directory modification time (using SetModTime)
2026/08/08 19:46:54 INFO  : sites-v4/riocarta/.vercel/output/static/preview/rascunhos/smoke-202606291423-brasil-x-japao-torcedores-podem-assistir-o-jogo-da-selecao-em-parques-e-bares-na-regiao-metropol: Set directory modification time (using SetModTime)
2026/08/08 19:46:54 INFO  : sites-v4/riocarta/.vercel/output/static/preview/rascunhos/smoke-202606291423-brasil-x-japao-veja-locais-gratuitos-para-assistir-no-rio-baixada-e-sao-goncalo: Set directory modification time (using SetModTime)
2026/08/08 19:46:54 INFO  : sites-v4/riocarta/dist/client/preview/rascunhos/smoke-202606291323-douglas-ruas-reune-apoiadores-em-belford-roxo-e-projeta-transformacao-no-estado-do-rio: Set directory modification time (using SetModTime)
2026/08/08 19:46:55 INFO  : sites-v4/riocarta/.vercel/output/static/preview/rascunhos/smoke-202606291423-detran-rj-passa-a-exigir-exame-toxicologico-para-primeira-habilitacao-nas-categorias-a-e-b: Set directory modification time (using SetModTime)
2026/08/08 19:46:56 INFO  : sites-v4/riocarta/dist/client/preview/rascunhos/smoke-202606291323-esquina-da-copa-anima-a-tarde-dessa-segunda-29-em-4-pontos-de-marica: Set directory modification time (using SetModTime)
2026/08/08 19:46:56 INFO  : sites-v4/riocarta/.vercel/output/static/preview/rascunhos/smoke-202606291423-douglas-ruas-faz-caminhada-em-belford-roxo-e-defende-dialogo-com-moradores: Set directory modification time (using SetModTime)
2026/08/08 19:46:57 INFO  : sites-v4/riocarta/dist/client/preview/rascunhos/smoke-202606291323-fogo-atinge-lancha-de-luxo-e-causas-ainda-sao-investigadas-em-cabo-frio: Set directory modification time (using SetModTime)
2026/08/08 19:46:59 INFO  : sites-v4/riocarta/dist/client/preview/rascunhos/smoke-202606291323-greve-dos-rodoviarios-afeta-onibus-no-rio-coletivos-sao-vandalizados: Set directory modification time (using SetModTime)
2026/08/08 19:46:59 INFO  : sites-v4/riocarta/.vercel/output/static/preview/rascunhos/smoke-202606291423-gestora-educacional-carla-juca-problema-do-rio-nao-e-falta-de-dinheiro: Set directory modification time (using SetModTime)
2026/08/08 19:46:59 INFO  : sites-v4/riocarta/dist/client/preview/rascunhos/smoke-202606291323-homem-e-flagrado-quebrando-retrovisor-de-carro-durante-a-madrugada-em-saquarema: Set directory modification time (using SetModTime)
2026/08/08 19:47:00 INFO  : sites-v4/riocarta/.vercel/output/static/preview/rascunhos/smoke-202606291423-homem-e-baleado-na-cabeca-durante-ataque-a-tiros-em-barra-mansa: Set directory modification time (using SetModTime)
2026/08/08 19:47:01 INFO  : sites-v4/riocarta/dist/client/preview/rascunhos/smoke-202606291323-identificado-homem-que-morreu-apos-queda-durante-trilha-na-pedra-do-macaco-em-marica: Set directory modification time (using SetModTime)
2026/08/08 19:47:01 INFO  : sites-v4/riocarta/.vercel/output/static/preview/rascunhos/smoke-202606291423-mais-de-400-corredores-participam-da-corrida-da-copa-do-mundo-em-angra: Set directory modification time (using SetModTime)
2026/08/08 19:47:03 INFO  : sites-v4/riocarta/.vercel/output/static/preview/rascunhos/smoke-202606291423-obras-de-reforma-e-modernizacao-na-praca-da-trindade-estao-60-concluidas: Set directory modification time (using SetModTime)
2026/08/08 19:47:03 INFO  : sites-v4/riocarta/dist/client/preview/rascunhos/smoke-202606291323-lancha-de-luxo-pega-fogo-e-e-destruida-pelas-chamas-em-cabo-frio: Set directory modification time (using SetModTime)
2026/08/08 19:47:04 INFO  : sites-v4/riocarta/dist/client/preview/rascunhos/smoke-202606291323-prefeitura-de-volta-redonda-abre-inscricoes-para-nova-edicao-do-trilha-criativa: Set directory modification time (using SetModTime)
2026/08/08 19:47:32 INFO  :    16.065 MiB / 16.065 MiB, 100%, 16.261 KiB/s, ETA 0s
2026/08/08 19:47:57 INFO  : sites-v4/riocarta/dist/client/preview/rascunhos/smoke-202606291323-procissao-fluvial-de-sao-pedro-reune-fieis-e-mantem-tradicao-de-mais-de-30-anos-em-sao-fidelis: Set directory modification time (using SetModTime)
2026/08/08 19:47:57 INFO  : sites-v4/riocarta/.vercel/output/static/preview/rascunhos/smoke-202606291423-passageiros-relatam-demora-dos-onibus-e-denunciam-atrasos-nas-redes-sociais: Set directory modification time (using SetModTime)
2026/08/08 19:47:57 INFO  : sites-v4/riocarta/.vercel/output/static/preview/rascunhos/smoke-202606291423-policia-civil-cria-nucleo-especializado-para-investigar-lavagem-de-dinheiro-com-criptomoedas-no: Set directory modification time (using SetModTime)
2026/08/08 19:47:57 INFO  : sites-v4/riocarta/dist/client/preview/rascunhos/smoke-202606291323-trilheiro-morre-ao-cair-da-pedra-do-macaco-em-marica: Set directory modification time (using SetModTime)
2026/08/08 19:47:58 INFO  : sites-v4/riocarta/.vercel/output/static/preview/rascunhos/smoke-202606291423-recicladora-clandestina-furta-r-1-5-milhao-em-energia-na-baixada-quatro-presos: Set directory modification time (using SetModTime)
2026/08/08 19:47:58 INFO  : sites-v4/riocarta/dist/client/preview/rascunhos/smoke-202606291323-volta-redonda-apresenta-programa-familias-fortes-em-seminario-internacional-no-rio-de-janeiro: Set directory modification time (using SetModTime)
2026/08/08 19:47:58 INFO  : sites-v4/riocarta/.vercel/output/static/preview/rascunhos/smoke-202606291523-acidente-entre-moto-e-carro-e-registrado-no-porto-do-carro-em-cabo-frio: Set directory modification time (using SetModTime)
2026/08/08 19:47:59 INFO  : sites-v4/riocarta/dist/client/preview/rascunhos/smoke-202606291423-a-cobicada-suplencia-de-pedro-paulo-movimenta-o-tabuleiro-eleitoral: Set directory modification time (using SetModTime)
2026/08/08 19:47:59 INFO  : sites-v4/riocarta/.vercel/output/static/preview/rascunhos/smoke-202606291523-adolescente-e-morto-a-tiros-e-outro-fica-ferido-em-quatis: Set directory modification time (using SetModTime)
2026/08/08 19:47:59 INFO  : sites-v4/riocarta/dist/client/preview/rascunhos/smoke-202606291423-brasil-x-japao-torcedores-podem-assistir-o-jogo-da-selecao-em-parques-e-bares-na-regiao-metropol: Set directory modification time (using SetModTime)
2026/08/08 19:48:00 INFO  : sites-v4/riocarta/.vercel/output/static/preview/rascunhos/smoke-202606291523-audiencia-no-trt-pode-definir-fim-da-greve-dos-onibus-no-rio: Set directory modification time (using SetModTime)
2026/08/08 19:48:00 INFO  : sites-v4/riocarta/dist/client/preview/rascunhos/smoke-202606291423-brasil-x-japao-veja-locais-gratuitos-para-assistir-no-rio-baixada-e-sao-goncalo: Set directory modification time (using SetModTime)
2026/08/08 19:48:00 INFO  : sites-v4/riocarta/.vercel/output/static/preview/rascunhos/smoke-202606291523-avistamento-de-tubarao-movimenta-a-ilha-dos-japoneses-em-cabo-frio: Set directory modification time (using SetModTime)
2026/08/08 19:48:00 INFO  : sites-v4/riocarta/dist/client/preview/rascunhos/smoke-202606291423-detran-rj-passa-a-exigir-exame-toxicologico-para-primeira-habilitacao-nas-categorias-a-e-b: Set directory modification time (using SetModTime)
2026/08/08 19:48:01 INFO  : sites-v4/riocarta/.vercel/output/static/preview/rascunhos/smoke-202606291523-concurso-da-saude-em-volta-redonda-abre-novas-oportunidades-de-emprego: Set directory modification time (using SetModTime)
2026/08/08 19:48:01 INFO  : sites-v4/riocarta/dist/client/preview/rascunhos/smoke-202606291423-douglas-ruas-faz-caminhada-em-belford-roxo-e-defende-dialogo-com-moradores: Set directory modification time (using SetModTime)
2026/08/08 19:48:02 INFO  : sites-v4/riocarta/.vercel/output/static/preview/rascunhos/smoke-202606291523-greve-dos-onibus-no-rio-justica-diz-que-pelo-menos-metade-da-frota-tem-que-rodar: Set directory modification time (using SetModTime)
2026/08/08 19:48:02 INFO  : sites-v4/riocarta/dist/client/preview/rascunhos/smoke-202606291423-gestora-educacional-carla-juca-problema-do-rio-nao-e-falta-de-dinheiro: Set directory modification time (using SetModTime)
2026/08/08 19:48:02 INFO  : sites-v4/riocarta/.vercel/output/static/preview/rascunhos/smoke-202606291523-homem-cai-de-penhasco-ao-tentar-descer-apos-foto-em-trilha-de-marica-e-morre: Set directory modification time (using SetModTime)
2026/08/08 19:48:02 INFO  : sites-v4/riocarta/dist/client/preview/rascunhos/smoke-202606291423-homem-e-baleado-na-cabeca-durante-ataque-a-tiros-em-barra-mansa: Set directory modification time (using SetModTime)
2026/08/08 19:48:03 INFO  : sites-v4/riocarta/.vercel/output/static/preview/rascunhos/smoke-202606291523-homem-e-preso-com-arma-maconha-pedras-de-crack-e-dinheiro-em-sao-fidelis: Set directory modification time (using SetModTime)
2026/08/08 19:48:03 INFO  : sites-v4/riocarta/dist/client/preview/rascunhos/smoke-202606291423-mais-de-400-corredores-participam-da-corrida-da-copa-do-mundo-em-angra: Set directory modification time (using SetModTime)
2026/08/08 19:48:04 INFO  : sites-v4/riocarta/.vercel/output/static/preview/rascunhos/smoke-202606291523-macae-ganha-destaque-nacional-no-mma-ao-receber-o-jungle-fight-152: Set directory modification time (using SetModTime)
2026/08/08 19:48:04 INFO  : sites-v4/riocarta/.vercel/output/static/preview/rascunhos/smoke-202606291523-ministerio-publico-eleitoral-cobra-acoes-de-partidos-para-barrar-crime-organizado-nas-eleicoes-d: Set directory modification time (using SetModTime)
2026/08/08 19:48:22 INFO  : sites-v4/riocarta/dist/client/preview/rascunhos/smoke-202606291423-obras-de-reforma-e-modernizacao-na-praca-da-trindade-estao-60-concluidas: Set directory modification time (using SetModTime)
2026/08/08 19:48:22 INFO  : sites-v4/riocarta/dist/client/preview/rascunhos/smoke-202606291423-passageiros-relatam-demora-dos-onibus-e-denunciam-atrasos-nas-redes-sociais: Set directory modification time (using SetModTime)
2026/08/08 19:48:32 INFO  :    16.065 MiB / 16.065 MiB, 100%, 16.261 KiB/s, ETA 0s
2026/08/08 19:48:38 INFO  : sites-v4/riocarta/.vercel/output/static/preview/rascunhos/smoke-202606291523-paraiso-de-cima-recebe-mutirao-de-servicos-da-prefeitura-de-barra-mansa: Set directory modification time (using SetModTime)
2026/08/08 19:48:39 INFO  : sites-v4/riocarta/.vercel/output/static/preview/rascunhos/smoke-202606291523-video-homem-morre-ao-cair-de-pedra-durante-trilha-em-marica: Set directory modification time (using SetModTime)
2026/08/08 19:48:39 INFO  : sites-v4/riocarta/.vercel/output/static/preview/rascunhos/smoke-202606291623-agua-iluminada-em-niteroi-leva-dezenas-de-pessoas-a-piratininga: Set directory modification time (using SetModTime)
2026/08/08 19:48:39 INFO  : sites-v4/riocarta/dist/client/preview/rascunhos/smoke-202606291423-policia-civil-cria-nucleo-especializado-para-investigar-lavagem-de-dinheiro-com-criptomoedas-no: Set directory modification time (using SetModTime)
2026/08/08 19:48:40 INFO  : sites-v4/riocarta/.vercel/output/static/preview/rascunhos/smoke-202606291623-alerj-convoca-colegio-de-lideres-para-evitar-que-emendas-comprometam-adicional-de-servidores: Set directory modification time (using SetModTime)
2026/08/08 19:48:40 INFO  : sites-v4/riocarta/dist/client/preview/rascunhos/smoke-202606291423-recicladora-clandestina-furta-r-1-5-milhao-em-energia-na-baixada-quatro-presos: Set directory modification time (using SetModTime)
2026/08/08 19:48:40 INFO  : sites-v4/riocarta/.vercel/output/static/preview/rascunhos/smoke-202606291623-detran-rj-comeca-a-exigir-exame-toxicologico-para-candidatos-da-1a-habilitacao-a-e-b-a-partir-de: Set directory modification time (using SetModTime)
2026/08/08 19:48:41 INFO  : sites-v4/riocarta/dist/client/preview/rascunhos/smoke-202606291523-acidente-entre-moto-e-carro-e-registrado-no-porto-do-carro-em-cabo-frio: Set directory modification time (using SetModTime)
2026/08/08 19:48:41 INFO  : sites-v4/riocarta/.vercel/output/static/preview/rascunhos/smoke-202606291623-feirinha-do-centro-se-torna-patrimonio-cultural-imaterial-de-rio-das-ostras: Set directory modification time (using SetModTime)
2026/08/08 19:48:41 INFO  : sites-v4/riocarta/dist/client/preview/rascunhos/smoke-202606291523-adolescente-e-morto-a-tiros-e-outro-fica-ferido-em-quatis: Set directory modification time (using SetModTime)
2026/08/08 19:48:42 INFO  : sites-v4/riocarta/.vercel/output/static/preview/rascunhos/smoke-202606291623-festa-de-sao-pedro-reune-fieis-e-pescadores-em-cidades-da-regiao-dos-lagos: Set directory modification time (using SetModTime)
2026/08/08 19:48:42 INFO  : sites-v4/riocarta/dist/client/preview/rascunhos/smoke-202606291523-audiencia-no-trt-pode-definir-fim-da-greve-dos-onibus-no-rio: Set directory modification time (using SetModTime)
2026/08/08 19:48:42 INFO  : sites-v4/riocarta/.vercel/output/static/preview/rascunhos/smoke-202606291623-greve-dos-rodoviarios-40-coletivos-amanhecem-depredados-nesta-segunda-feira-29: Set directory modification time (using SetModTime)
2026/08/08 19:48:42 INFO  : sites-v4/riocarta/dist/client/preview/rascunhos/smoke-202606291523-avistamento-de-tubarao-movimenta-a-ilha-dos-japoneses-em-cabo-frio: Set directory modification time (using SetModTime)
2026/08/08 19:48:43 INFO  : sites-v4/riocarta/.vercel/output/static/preview/rascunhos/smoke-202606291623-homens-sao-presos-e-adolescente-apreendido-por-roubo-no-centro: Set directory modification time (using SetModTime)
2026/08/08 19:48:43 INFO  : sites-v4/riocarta/dist/client/preview/rascunhos/smoke-202606291523-concurso-da-saude-em-volta-redonda-abre-novas-oportunidades-de-emprego: Set directory modification time (using SetModTime)
2026/08/08 19:48:44 INFO  : sites-v4/riocarta/.vercel/output/static/preview/rascunhos/smoke-202606291623-parintins-a-ponte-de-cores-entre-a-amazonia-e-o-carnaval-carioca: Set directory modification time (using SetModTime)
2026/08/08 19:48:44 INFO  : sites-v4/riocarta/.vercel/output/static/preview/rascunhos/smoke-202606291623-prefeitura-inaugura-ponto-de-atendimento-em-saude-no-distrito-de-antonio-rocha: Set directory modification time (using SetModTime)
2026/08/08 19:48:45 INFO  : sites-v4/riocarta/.vercel/output/static/preview/rascunhos/smoke-202606291623-ricardo-couto-sanciona-lei-da-alerj-que-preve-repasses-de-r-1-75-milhao-para-26-cidades-do-estad: Set directory modification time (using SetModTime)
2026/08/08 19:48:45 INFO  : sites-v4/riocarta/dist/client/preview/rascunhos/smoke-202606291523-greve-dos-onibus-no-rio-justica-diz-que-pelo-menos-metade-da-frota-tem-que-rodar: Set directory modification time (using SetModTime)
2026/08/08 19:48:46 INFO  : sites-v4/riocarta/.vercel/output/static/preview/rascunhos/smoke-202606291623-sem-onibus-trensrj-anuncia-esquema-especial-para-atender-passageiros-no-rio: Set directory modification time (using SetModTime)
2026/08/08 19:48:46 INFO  : sites-v4/riocarta/dist/client/preview/rascunhos/smoke-202606291523-homem-cai-de-penhasco-ao-tentar-descer-apos-foto-em-trilha-de-marica-e-morre: Set directory modification time (using SetModTime)
2026/08/08 19:48:46 INFO  : sites-v4/riocarta/.vercel/output/static/preview/rascunhos/smoke-202606291623-sol-aparece-e-segunda-feira-29-sera-de-tempo-firme-na-regiao-dos-lagos-sem-previsao-de-chuva: Set directory modification time (using SetModTime)
2026/08/08 19:48:47 INFO  : sites-v4/riocarta/dist/client/preview/rascunhos/smoke-202606291523-homem-e-preso-com-arma-maconha-pedras-de-crack-e-dinheiro-em-sao-fidelis: Set directory modification time (using SetModTime)
2026/08/08 19:48:47 INFO  : sites-v4/riocarta/.vercel/output/static/preview/rascunhos/smoke-202606291723-as-19-ruas-mais-valorizadas-do-rio-estao-na-zona-sul-leblon-e-ipanema-dominam-ranking: Set directory modification time (using SetModTime)
2026/08/08 19:48:47 INFO  : sites-v4/riocarta/dist/client/preview/rascunhos/smoke-202606291523-macae-ganha-destaque-nacional-no-mma-ao-receber-o-jungle-fight-152: Set directory modification time (using SetModTime)
2026/08/08 19:48:48 INFO  : sites-v4/riocarta/.vercel/output/static/preview/rascunhos/smoke-202606291723-conferencia-de-saude-mobiliza-cerca-de-400-pessoas-para-discutir-avancos-do-sus-em-volta-redonda: Set directory modification time (using SetModTime)
2026/08/08 19:48:48 INFO  : sites-v4/riocarta/dist/client/preview/rascunhos/smoke-202606291523-ministerio-publico-eleitoral-cobra-acoes-de-partidos-para-barrar-crime-organizado-nas-eleicoes-d: Set directory modification time (using SetModTime)
2026/08/08 19:48:48 INFO  : sites-v4/riocarta/.vercel/output/static/preview/rascunhos/smoke-202606291723-corredor-azul-tera-duas-unidades-de-conservacao-na-zona-sudoeste-do-rio: Set directory modification time (using SetModTime)
2026/08/08 19:48:49 INFO  : sites-v4/riocarta/dist/client/preview/rascunhos/smoke-202606291523-paraiso-de-cima-recebe-mutirao-de-servicos-da-prefeitura-de-barra-mansa: Set directory modification time (using SetModTime)
2026/08/08 19:48:49 INFO  : sites-v4/riocarta/.vercel/output/static/preview/rascunhos/smoke-202606291723-detran-rj-exige-exame-toxicologico-para-primeira-cnh-veja-datas: Set directory modification time (using SetModTime)
2026/08/08 19:48:49 INFO  : sites-v4/riocarta/.vercel/output/static/preview/rascunhos/smoke-202606291723-eduardo-paes-diz-que-pretende-trabalhar-ao-lado-de-dr-serginho-se-for-eleito: Set directory modification time (using SetModTime)
2026/08/08 19:48:49 INFO  : sites-v4/riocarta/dist/client/preview/rascunhos/smoke-202606291523-video-homem-morre-ao-cair-de-pedra-durante-trilha-em-marica: Set directory modification time (using SetModTime)
2026/08/08 19:48:50 INFO  : sites-v4/riocarta/dist/client/preview/rascunhos/smoke-202606291623-agua-iluminada-em-niteroi-leva-dezenas-de-pessoas-a-piratininga: Set directory modification time (using SetModTime)
2026/08/08 19:48:50 INFO  : sites-v4/riocarta/.vercel/output/static/preview/rascunhos/smoke-202606291723-instituto-br-abre-inscricoes-para-curso-gratuito-de-empreendedorismo-na-mare: Set directory modification time (using SetModTime)
2026/08/08 19:48:51 INFO  : sites-v4/riocarta/dist/client/preview/rascunhos/smoke-202606291623-alerj-convoca-colegio-de-lideres-para-evitar-que-emendas-comprometam-adicional-de-servidores: Set directory modification time (using SetModTime)
2026/08/08 19:48:51 INFO  : sites-v4/riocarta/.vercel/output/static/preview/rascunhos/smoke-202606291723-pedro-paulo-psd-defende-planejamento-e-integracao-no-combate-ao-crime-organizado: Set directory modification time (using SetModTime)
2026/08/08 19:48:51 INFO  : sites-v4/riocarta/.vercel/output/static/preview/rascunhos/smoke-202606291723-prefeito-de-cabo-frio-anuncia-multa-milionaria-contra-prolagos-por-falhas-no-escoamento: Set directory modification time (using SetModTime)
2026/08/08 19:48:51 INFO  : sites-v4/riocarta/dist/client/preview/rascunhos/smoke-202606291623-detran-rj-comeca-a-exigir-exame-toxicologico-para-candidatos-da-1a-habilitacao-a-e-b-a-partir-de: Set directory modification time (using SetModTime)
2026/08/08 19:48:52 INFO  : sites-v4/riocarta/dist/client/preview/rascunhos/smoke-202606291623-feirinha-do-centro-se-torna-patrimonio-cultural-imaterial-de-rio-das-ostras: Set directory modification time (using SetModTime)
2026/08/08 19:48:52 INFO  : sites-v4/riocarta/.vercel/output/static/preview/rascunhos/smoke-202606291723-prefeitura-e-agerio-promovem-acao-de-microcredito-para-empreendedores-em-ipiabas-e-california: Set directory modification time (using SetModTime)
2026/08/08 19:48:52 INFO  : sites-v4/riocarta/.vercel/output/static/preview/rascunhos/smoke-202606291723-quatro-homens-sao-detidos-por-furto-de-energia-em-recicladora-na-baixada: Set directory modification time (using SetModTime)
2026/08/08 19:48:53 INFO  : sites-v4/riocarta/dist/client/preview/rascunhos/smoke-202606291623-festa-de-sao-pedro-reune-fieis-e-pescadores-em-cidades-da-regiao-dos-lagos: Set directory modification time (using SetModTime)
2026/08/08 19:48:53 INFO  : sites-v4/riocarta/.vercel/output/static/preview/rascunhos/smoke-202606291723-rua-mais-decorada-para-a-copa-veja-quem-levou-o-premio-de-r-50-mil: Set directory modification time (using SetModTime)
2026/08/08 19:48:53 INFO  : sites-v4/riocarta/dist/client/preview/rascunhos/smoke-202606291623-greve-dos-rodoviarios-40-coletivos-amanhecem-depredados-nesta-segunda-feira-29: Set directory modification time (using SetModTime)
2026/08/08 19:48:54 INFO  : sites-v4/riocarta/.vercel/output/static/preview/rascunhos/smoke-202606291723-tremores-de-terra-sao-registrados-no-litoral-do-rio-proximo-a-saquarema: Set directory modification time (using SetModTime)
2026/08/08 19:48:54 INFO  : sites-v4/riocarta/dist/client/preview/rascunhos/smoke-202606291623-homens-sao-presos-e-adolescente-apreendido-por-roubo-no-centro: Set directory modification time (using SetModTime)
2026/08/08 19:48:54 INFO  : sites-v4/riocarta/dist/client/preview/rascunhos/smoke-202606291623-parintins-a-ponte-de-cores-entre-a-amazonia-e-o-carnaval-carioca: Set directory modification time (using SetModTime)
2026/08/08 19:48:54 INFO  : sites-v4/riocarta/.vercel/output/static/preview/rascunhos/smoke-202606291823-adolescente-e-flagrado-ao-tentar-fugir-com-carro-apos-serie-de-furtos-em-buzios: Set directory modification time (using SetModTime)
2026/08/08 19:48:55 INFO  : sites-v4/riocarta/dist/client/preview/rascunhos/smoke-202606291623-prefeitura-inaugura-ponto-de-atendimento-em-saude-no-distrito-de-antonio-rocha: Set directory modification time (using SetModTime)
2026/08/08 19:48:55 INFO  : sites-v4/riocarta/.vercel/output/static/preview/rascunhos/smoke-202606291823-ate-quando-vai-a-greve-dos-onibus-no-rio: Set directory modification time (using SetModTime)
2026/08/08 19:48:55 INFO  : sites-v4/riocarta/dist/client/preview/rascunhos/smoke-202606291623-ricardo-couto-sanciona-lei-da-alerj-que-preve-repasses-de-r-1-75-milhao-para-26-cidades-do-estad: Set directory modification time (using SetModTime)
2026/08/08 19:48:56 INFO  : sites-v4/riocarta/.vercel/output/static/preview/rascunhos/smoke-202606291823-ave-rara-ameacada-de-extincao-e-resgatada-apos-acidente-em-barra-do-pirai: Set directory modification time (using SetModTime)
2026/08/08 19:48:56 INFO  : sites-v4/riocarta/dist/client/preview/rascunhos/smoke-202606291623-sem-onibus-trensrj-anuncia-esquema-especial-para-atender-passageiros-no-rio: Set directory modification time (using SetModTime)
2026/08/08 19:48:56 INFO  : sites-v4/riocarta/.vercel/output/static/preview/rascunhos/smoke-202606291823-banco-de-empregos-de-rio-das-ostras-abre-478-vagas-nesta-segunda-feira-29: Set directory modification time (using SetModTime)
2026/08/08 19:48:57 INFO  : sites-v4/riocarta/dist/client/preview/rascunhos/smoke-202606291623-sol-aparece-e-segunda-feira-29-sera-de-tempo-firme-na-regiao-dos-lagos-sem-previsao-de-chuva: Set directory modification time (using SetModTime)
2026/08/08 19:48:57 INFO  : sites-v4/riocarta/.vercel/output/static/preview/rascunhos/smoke-202606291823-em-meio-a-greve-reforco-na-oferta-de-onibus-se-concentra-na-zona-norte: Set directory modification time (using SetModTime)
2026/08/08 19:48:57 INFO  : sites-v4/riocarta/dist/client/preview/rascunhos/smoke-202606291723-as-19-ruas-mais-valorizadas-do-rio-estao-na-zona-sul-leblon-e-ipanema-dominam-ranking: Set directory modification time (using SetModTime)
2026/08/08 19:48:57 INFO  : sites-v4/riocarta/.vercel/output/static/preview/rascunhos/smoke-202606291823-emergencial-sao-paulo-vai-captar-mais-agua-em-bacia-que-abastece-o-rio: Set directory modification time (using SetModTime)
2026/08/08 19:48:58 INFO  : sites-v4/riocarta/dist/client/preview/rascunhos/smoke-202606291723-conferencia-de-saude-mobiliza-cerca-de-400-pessoas-para-discutir-avancos-do-sus-em-volta-redonda: Set directory modification time (using SetModTime)
2026/08/08 19:48:58 INFO  : sites-v4/riocarta/.vercel/output/static/preview/rascunhos/smoke-202606291823-grupo-acusado-de-fraude-anuncia-sede-no-campo-de-golfe-olimpico-na-barra: Set directory modification time (using SetModTime)
2026/08/08 19:48:58 INFO  : sites-v4/riocarta/dist/client/preview/rascunhos/smoke-202606291723-corredor-azul-tera-duas-unidades-de-conservacao-na-zona-sudoeste-do-rio: Set directory modification time (using SetModTime)
2026/08/08 19:48:59 INFO  : sites-v4/riocarta/.vercel/output/static/preview/rascunhos/smoke-202606291823-homem-e-preso-em-flagrante-por-maus-tratos-a-animais-e-guarda-ilegal-de-aves-silvestres-em-pirai: Set directory modification time (using SetModTime)
2026/08/08 19:48:59 INFO  : sites-v4/riocarta/dist/client/preview/rascunhos/smoke-202606291723-detran-rj-exige-exame-toxicologico-para-primeira-cnh-veja-datas: Set directory modification time (using SetModTime)
2026/08/08 19:48:59 INFO  : sites-v4/riocarta/.vercel/output/static/preview/rascunhos/smoke-202606291823-litoral-de-saquarema-registrou-5-tremores-em-menos-de-24-horas-na-ultima-sexta-26: Set directory modification time (using SetModTime)
2026/08/08 19:49:00 INFO  : sites-v4/riocarta/dist/client/preview/rascunhos/smoke-202606291723-eduardo-paes-diz-que-pretende-trabalhar-ao-lado-de-dr-serginho-se-for-eleito: Set directory modification time (using SetModTime)
2026/08/08 19:49:00 INFO  : sites-v4/riocarta/.vercel/output/static/preview/rascunhos/smoke-202606291823-onde-ver-o-jogo-do-brasil-na-copa-5-bares-no-rio-para-uma-torcida-inesquecivel: Set directory modification time (using SetModTime)
2026/08/08 19:49:00 INFO  : sites-v4/riocarta/dist/client/preview/rascunhos/smoke-202606291723-instituto-br-abre-inscricoes-para-curso-gratuito-de-empreendedorismo-na-mare: Set directory modification time (using SetModTime)
2026/08/08 19:49:00 INFO  : sites-v4/riocarta/.vercel/output/static/preview/rascunhos/smoke-202606291823-video-nova-madrugada-de-tiroteio-assusta-moradores-de-rio-das-pedras: Set directory modification time (using SetModTime)
2026/08/08 19:49:01 INFO  : sites-v4/riocarta/dist/client/preview/rascunhos/smoke-202606291723-pedro-paulo-psd-defende-planejamento-e-integracao-no-combate-ao-crime-organizado: Set directory modification time (using SetModTime)
2026/08/08 19:49:01 INFO  : sites-v4/riocarta/.vercel/output/static/preview/rascunhos/smoke-202606291823-world-trail-races-reune-cerca-de-mil-atletas-na-regiao-as-agulhas-negras: Set directory modification time (using SetModTime)
2026/08/08 19:49:02 INFO  : sites-v4/riocarta/dist/client/preview/rascunhos/smoke-202606291723-prefeito-de-cabo-frio-anuncia-multa-milionaria-contra-prolagos-por-falhas-no-escoamento: Set directory modification time (using SetModTime)
2026/08/08 19:49:02 INFO  : sites-v4/riocarta/.vercel/output/static/preview/rascunhos/smoke-202606291923-aniversario-de-50-anos-de-rodrigo-neves-reune-nomes-de-peso-da-politica-fluminense: Set directory modification time (using SetModTime)
2026/08/08 19:49:02 INFO  : sites-v4/riocarta/dist/client/preview/rascunhos/smoke-202606291723-prefeitura-e-agerio-promovem-acao-de-microcredito-para-empreendedores-em-ipiabas-e-california: Set directory modification time (using SetModTime)
2026/08/08 19:49:02 INFO  : sites-v4/riocarta/.vercel/output/static/preview/rascunhos/smoke-202606291923-baleia-faz-aparicao-inedita-perto-de-canoa-havaiana-na-prainha-da-gloria: Set directory modification time (using SetModTime)
2026/08/08 19:49:03 INFO  : sites-v4/riocarta/dist/client/preview/rascunhos/smoke-202606291723-quatro-homens-sao-detidos-por-furto-de-energia-em-recicladora-na-baixada: Set directory modification time (using SetModTime)
2026/08/08 19:49:03 INFO  : sites-v4/riocarta/.vercel/output/static/preview/rascunhos/smoke-202606291923-deputado-abre-consulta-publica-para-criar-estatuto-das-maes-e-familias-atipicas: Set directory modification time (using SetModTime)
2026/08/08 19:49:03 INFO  : sites-v4/riocarta/.vercel/output/static/preview/rascunhos/smoke-202606291923-familia-tem-casa-danificada-apos-confusao-com-entregador-na-zona-sul: Set directory modification time (using SetModTime)
2026/08/08 19:49:03 INFO  : sites-v4/riocarta/dist/client/preview/rascunhos/smoke-202606291723-rua-mais-decorada-para-a-copa-veja-quem-levou-o-premio-de-r-50-mil: Set directory modification time (using SetModTime)
2026/08/08 19:49:04 INFO  : sites-v4/riocarta/dist/client/preview/rascunhos/smoke-202606291723-tremores-de-terra-sao-registrados-no-litoral-do-rio-proximo-a-saquarema: Set directory modification time (using SetModTime)
2026/08/08 19:49:04 INFO  : sites-v4/riocarta/.vercel/output/static/preview/rascunhos/smoke-202606291923-lei-seca-reforca-blitzes-no-rio-apos-jogo-da-selecao-brasileira-nesta-segunda: Set directory modification time (using SetModTime)
2026/08/08 19:49:05 INFO  : sites-v4/riocarta/dist/client/preview/rascunhos/smoke-202606291823-adolescente-e-flagrado-ao-tentar-fugir-com-carro-apos-serie-de-furtos-em-buzios: Set directory modification time (using SetModTime)
2026/08/08 19:49:05 INFO  : sites-v4/riocarta/.vercel/output/static/preview/rascunhos/smoke-202606291923-obras-da-nova-ubs-africa-i-entram-em-fase-de-acabamento-em-penedo: Set directory modification time (using SetModTime)
2026/08/08 19:49:05 INFO  : sites-v4/riocarta/dist/client/preview/rascunhos/smoke-202606291823-ate-quando-vai-a-greve-dos-onibus-no-rio: Set directory modification time (using SetModTime)
2026/08/08 19:49:05 INFO  : sites-v4/riocarta/.vercel/output/static/preview/rascunhos/smoke-202606291923-projeto-capacita-forma-novos-profissionais-em-maromba-e-maringa-nesta-terca-feira: Set directory modification time (using SetModTime)
2026/08/08 19:49:06 INFO  : sites-v4/riocarta/dist/client/preview/rascunhos/smoke-202606291823-ave-rara-ameacada-de-extincao-e-resgatada-apos-acidente-em-barra-do-pirai: Set directory modification time (using SetModTime)
2026/08/08 19:49:06 INFO  : sites-v4/riocarta/.vercel/output/static/preview/rascunhos/smoke-202606291923-reconhecimento-celebra-trajetoria-de-artista-responsavel-por-mural-de-vini-jr-em-sao-goncalo: Set directory modification time (using SetModTime)
2026/08/08 19:49:06 INFO  : sites-v4/riocarta/.vercel/output/static/preview/rascunhos/smoke-202606291923-rodrigo-neves-completa-50-anos-e-reune-liderancas-politicas-do-estado: Set directory modification time (using SetModTime)
2026/08/08 19:49:07 INFO  : sites-v4/riocarta/dist/client/preview/rascunhos/smoke-202606291823-banco-de-empregos-de-rio-das-ostras-abre-478-vagas-nesta-segunda-feira-29: Set directory modification time (using SetModTime)
2026/08/08 19:49:08 INFO  : sites-v4/riocarta/.vercel/output/static/preview/rascunhos/smoke-202606291923-stf-entra-em-recesso-e-decisoes-de-impacto-ficam-para-o-segundo-semestre: Set directory modification time (using SetModTime)
2026/08/08 19:49:13 INFO  : sites-v4/riocarta/.vercel/output/static/preview/rascunhos/smoke-202606291923-torcida-mostra-otimismo-na-vitoria-do-brasil-no-energia-para-torcer-em-niteroi: Set directory modification time (using SetModTime)
2026/08/08 19:49:14 INFO  : sites-v4/riocarta/.vercel/output/static/preview/rascunhos/smoke-202606291923-vini-jr-ja-foi-da-categoria-chupetinha-e-usava-camisa-10-em-niteroi: Set directory modification time (using SetModTime)
2026/08/08 19:49:14 INFO  : sites-v4/riocarta/.vercel/output/static/preview/rascunhos/smoke-202606292023-apos-furto-manuela-cit-diz-ter-panico-e-frustra-golpes-em-suas-contas: Set directory modification time (using SetModTime)
2026/08/08 19:49:15 INFO  : sites-v4/riocarta/.vercel/output/static/preview/rascunhos/smoke-202606292023-ave-ameacada-de-extincao-sofre-acidente-e-e-resgatada-em-barra-do-pirai: Set directory modification time (using SetModTime)
2026/08/08 19:49:16 INFO  : sites-v4/riocarta/.vercel/output/static/preview/rascunhos/smoke-202606292023-brasil-vence-o-japao-de-virada-e-faz-a-festa-da-torcida-em-niteroi: Set directory modification time (using SetModTime)
2026/08/08 19:49:22 INFO  : sites-v4/riocarta/dist/client/preview/rascunhos/smoke-202606291823-em-meio-a-greve-reforco-na-oferta-de-onibus-se-concentra-na-zona-norte: Set directory modification time (using SetModTime)
2026/08/08 19:49:22 INFO  : sites-v4/riocarta/dist/client/preview/rascunhos/smoke-202606291823-emergencial-sao-paulo-vai-captar-mais-agua-em-bacia-que-abastece-o-rio: Set directory modification time (using SetModTime)
2026/08/08 19:49:28 INFO  : sites-v4/riocarta/dist/client/preview/rascunhos/smoke-202606291823-grupo-acusado-de-fraude-anuncia-sede-no-campo-de-golfe-olimpico-na-barra: Set directory modification time (using SetModTime)
2026/08/08 19:49:29 INFO  : sites-v4/riocarta/dist/client/preview/rascunhos/smoke-202606291823-homem-e-preso-em-flagrante-por-maus-tratos-a-animais-e-guarda-ilegal-de-aves-silvestres-em-pirai: Set directory modification time (using SetModTime)
2026/08/08 19:49:29 INFO  : sites-v4/riocarta/dist/client/preview/rascunhos/smoke-202606291823-litoral-de-saquarema-registrou-5-tremores-em-menos-de-24-horas-na-ultima-sexta-26: Set directory modification time (using SetModTime)
2026/08/08 19:49:30 INFO  : sites-v4/riocarta/dist/client/preview/rascunhos/smoke-202606291823-onde-ver-o-jogo-do-brasil-na-copa-5-bares-no-rio-para-uma-torcida-inesquecivel: Set directory modification time (using SetModTime)
2026/08/08 19:49:30 INFO  : sites-v4/riocarta/.vercel/output/static/preview/rascunhos/smoke-202606292023-corrida-da-defesa-civil-abre-inscricoes-em-angra-dos-reis: Set directory modification time (using SetModTime)
2026/08/08 19:49:30 INFO  : sites-v4/riocarta/dist/client/preview/rascunhos/smoke-202606291823-video-nova-madrugada-de-tiroteio-assusta-moradores-de-rio-das-pedras: Set directory modification time (using SetModTime)
2026/08/08 19:49:31 INFO  : sites-v4/riocarta/.vercel/output/static/preview/rascunhos/smoke-202606292023-encontro-sobre-inclusao-e-empregabilidade-e-realizado-pela-cs-e-a-prefeitura-de-volta-redonda: Set directory modification time (using SetModTime)
2026/08/08 19:49:31 INFO  : sites-v4/riocarta/dist/client/preview/rascunhos/smoke-202606291823-world-trail-races-reune-cerca-de-mil-atletas-na-regiao-as-agulhas-negras: Set directory modification time (using SetModTime)
2026/08/08 19:49:32 INFO  : sites-v4/riocarta/.vercel/output/static/preview/rascunhos/smoke-202606292023-greve-de-onibus-no-rio-5-pontos-para-entender-a-paralisacao: Set directory modification time (using SetModTime)
2026/08/08 19:49:32 INFO  : sites-v4/riocarta/dist/client/preview/rascunhos/smoke-202606291923-aniversario-de-50-anos-de-rodrigo-neves-reune-nomes-de-peso-da-politica-fluminense: Set directory modification time (using SetModTime)
2026/08/08 19:49:32 INFO  :    16.065 MiB / 16.065 MiB, 100%, 16.261 KiB/s, ETA 0s
2026/08/08 19:49:32 INFO  : sites-v4/riocarta/dist/client/preview/rascunhos/smoke-202606291923-baleia-faz-aparicao-inedita-perto-de-canoa-havaiana-na-prainha-da-gloria: Set directory modification time (using SetModTime)
2026/08/08 19:49:32 INFO  : sites-v4/riocarta/.vercel/output/static/preview/rascunhos/smoke-202606292023-homem-morre-ao-cair-de-trilha-quando-ia-tirar-uma-foto: Set directory modification time (using SetModTime)
2026/08/08 19:49:33 INFO  : sites-v4/riocarta/.vercel/output/static/preview/rascunhos/smoke-202606292023-juliano-cazarre-pode-ganhar-duas-novas-homenagens-na-alerj: Set directory modification time (using SetModTime)
2026/08/08 19:49:33 INFO  : sites-v4/riocarta/dist/client/preview/rascunhos/smoke-202606291923-deputado-abre-consulta-publica-para-criar-estatuto-das-maes-e-familias-atipicas: Set directory modification time (using SetModTime)
2026/08/08 19:49:33 INFO  : sites-v4/riocarta/dist/client/preview/rascunhos/smoke-202606291923-familia-tem-casa-danificada-apos-confusao-com-entregador-na-zona-sul: Set directory modification time (using SetModTime)
2026/08/08 19:49:33 INFO  : sites-v4/riocarta/.vercel/output/static/preview/rascunhos/smoke-202606292023-pracas-de-ipanema-entram-em-reforma-e-nossa-senhora-da-paz-vai-ganhar-30-novas-arvores: Set directory modification time (using SetModTime)
2026/08/08 19:49:34 INFO  : sites-v4/riocarta/dist/client/preview/rascunhos/smoke-202606291923-lei-seca-reforca-blitzes-no-rio-apos-jogo-da-selecao-brasileira-nesta-segunda: Set directory modification time (using SetModTime)
2026/08/08 19:49:34 INFO  : sites-v4/riocarta/.vercel/output/static/preview/rascunhos/smoke-202606292023-prefeitura-de-itaguai-procon-governo-do-estado-e-parceiros-levam-grande-acao-de-cidadania-a-popu: Set directory modification time (using SetModTime)
2026/08/08 19:49:35 INFO  : sites-v4/riocarta/dist/client/preview/rascunhos/smoke-202606291923-obras-da-nova-ubs-africa-i-entram-em-fase-de-acabamento-em-penedo: Set directory modification time (using SetModTime)
2026/08/08 19:49:35 INFO  : sites-v4/riocarta/.vercel/output/static/preview/rascunhos/smoke-202606292023-radialista-apolinho-tera-rua-com-seu-nome-apos-aprovacao-no-rio: Set directory modification time (using SetModTime)
2026/08/08 19:49:35 INFO  : sites-v4/riocarta/.vercel/output/static/preview/rascunhos/smoke-202606292023-video-baleia-e-flagrada-na-baia-de-guanabara-perto-da-ponte-rio-niteroi: Set directory modification time (using SetModTime)
2026/08/08 19:49:35 INFO  : sites-v4/riocarta/dist/client/preview/rascunhos/smoke-202606291923-projeto-capacita-forma-novos-profissionais-em-maromba-e-maringa-nesta-terca-feira: Set directory modification time (using SetModTime)
2026/08/08 19:49:36 INFO  : sites-v4/riocarta/.vercel/output/static/preview/rascunhos/smoke-202606292123-a-tradicao-dos-15-anos-segue-em-alta-no-rio-festa-da-maria-bertoletti: Set directory modification time (using SetModTime)
2026/08/08 19:49:36 INFO  : sites-v4/riocarta/dist/client/preview/rascunhos/smoke-202606291923-reconhecimento-celebra-trajetoria-de-artista-responsavel-por-mural-de-vini-jr-em-sao-goncalo: Set directory modification time (using SetModTime)
2026/08/08 19:49:37 INFO  : sites-v4/riocarta/.vercel/output/static/preview/rascunhos/smoke-202606292123-ccbb-rio-reune-atividades-inspiradas-na-exposicao-vik-muniz-a-olho-nu: Set directory modification time (using SetModTime)
2026/08/08 19:49:37 INFO  : sites-v4/riocarta/dist/client/preview/rascunhos/smoke-202606291923-rodrigo-neves-completa-50-anos-e-reune-liderancas-politicas-do-estado: Set directory modification time (using SetModTime)
2026/08/08 19:49:37 INFO  : sites-v4/riocarta/dist/client/preview/rascunhos/smoke-202606291923-stf-entra-em-recesso-e-decisoes-de-impacto-ficam-para-o-segundo-semestre: Set directory modification time (using SetModTime)
2026/08/08 19:49:37 INFO  : sites-v4/riocarta/.vercel/output/static/preview/rascunhos/smoke-202606292123-greve-dos-rodoviarios-no-rio-continua-nesta-terca: Set directory modification time (using SetModTime)
2026/08/08 19:49:38 INFO  : sites-v4/riocarta/dist/client/preview/rascunhos/smoke-202606291923-torcida-mostra-otimismo-na-vitoria-do-brasil-no-energia-para-torcer-em-niteroi: Set directory modification time (using SetModTime)
2026/08/08 19:49:38 INFO  : sites-v4/riocarta/.vercel/output/static/preview/rascunhos/smoke-202606292123-homem-morre-apos-cair-de-150-metros-em-trilha-na-pedra-do-macaco-em-marica: Set directory modification time (using SetModTime)
2026/08/08 19:49:39 INFO  : sites-v4/riocarta/.vercel/output/static/preview/rascunhos/smoke-202606292123-humberto-martins-marlene-matos-e-cristiane-brasil-podem-disputar-vaga-de-deputado-federal-pelo-d: Set directory modification time (using SetModTime)
2026/08/08 19:49:39 INFO  : sites-v4/riocarta/.vercel/output/static/preview/rascunhos/smoke-202606292123-michelle-deixa-de-seguir-enteados-nas-redes-sociais-e-amplia-racha-no-cla-bolsonaro: Set directory modification time (using SetModTime)
2026/08/08 19:49:39 INFO  : sites-v4/riocarta/dist/client/preview/rascunhos/smoke-202606291923-vini-jr-ja-foi-da-categoria-chupetinha-e-usava-camisa-10-em-niteroi: Set directory modification time (using SetModTime)
2026/08/08 19:49:40 INFO  : sites-v4/riocarta/.vercel/output/static/preview/rascunhos/smoke-202606292123-pracas-de-copacabana-leme-e-ipanema-passam-por-revitalizacao-com-brinquedos-inclusivos-e-areas-p: Set directory modification time (using SetModTime)
2026/08/08 19:49:40 INFO  : sites-v4/riocarta/dist/client/preview/rascunhos/smoke-202606292023-apos-furto-manuela-cit-diz-ter-panico-e-frustra-golpes-em-suas-contas: Set directory modification time (using SetModTime)
2026/08/08 19:49:41 INFO  : sites-v4/riocarta/dist/client/preview/rascunhos/smoke-202606292023-ave-ameacada-de-extincao-sofre-acidente-e-e-resgatada-em-barra-do-pirai: Set directory modification time (using SetModTime)
2026/08/08 19:49:41 INFO  : sites-v4/riocarta/dist/client/preview/rascunhos/smoke-202606292023-brasil-vence-o-japao-de-virada-e-faz-a-festa-da-torcida-em-niteroi: Set directory modification time (using SetModTime)
2026/08/08 19:49:42 INFO  : sites-v4/riocarta/dist/client/preview/rascunhos/smoke-202606292023-corrida-da-defesa-civil-abre-inscricoes-em-angra-dos-reis: Set directory modification time (using SetModTime)
2026/08/08 19:49:42 INFO  : sites-v4/riocarta/dist/client/preview/rascunhos/smoke-202606292023-encontro-sobre-inclusao-e-empregabilidade-e-realizado-pela-cs-e-a-prefeitura-de-volta-redonda: Set directory modification time (using SetModTime)
2026/08/08 19:49:43 INFO  : sites-v4/riocarta/.vercel/output/static/preview/rascunhos/smoke-202606292123-prefeitura-do-rio-abre-1-049-vagas-de-emprego-nesta-semana: Set directory modification time (using SetModTime)
2026/08/08 19:49:43 INFO  : sites-v4/riocarta/dist/client/preview/rascunhos/smoke-202606292023-greve-de-onibus-no-rio-5-pontos-para-entender-a-paralisacao: Set directory modification time (using SetModTime)
2026/08/08 19:49:43 INFO  : sites-v4/riocarta/.vercel/output/static/preview/rascunhos/smoke-202606292123-programa-viva-melhor-promove-qualidade-de-vida-para-idosos-em-volta-redonda: Set directory modification time (using SetModTime)
2026/08/08 19:49:44 INFO  : sites-v4/riocarta/dist/client/preview/rascunhos/smoke-202606292023-homem-morre-ao-cair-de-trilha-quando-ia-tirar-uma-foto: Set directory modification time (using SetModTime)
2026/08/08 19:49:44 INFO  : sites-v4/riocarta/.vercel/output/static/preview/rascunhos/smoke-202606292123-rcfm-mauro-bernardo-relembra-casos-marcantes-da-carreira-policial-e-critica-abandono-de-animais: Set directory modification time (using SetModTime)
2026/08/08 19:49:44 INFO  : sites-v4/riocarta/dist/client/preview/rascunhos/smoke-202606292023-juliano-cazarre-pode-ganhar-duas-novas-homenagens-na-alerj: Set directory modification time (using SetModTime)
2026/08/08 19:49:44 INFO  : sites-v4/riocarta/.vercel/output/static/preview/rascunhos/smoke-202606292123-terremoto-na-regiao-dos-lagos-moradores-de-saquarema-relatam-tremor: Set directory modification time (using SetModTime)
2026/08/08 19:49:45 INFO  : sites-v4/riocarta/dist/client/preview/rascunhos/smoke-202606292023-pracas-de-ipanema-entram-em-reforma-e-nossa-senhora-da-paz-vai-ganhar-30-novas-arvores: Set directory modification time (using SetModTime)
2026/08/08 19:49:45 INFO  : sites-v4/riocarta/.vercel/output/static/preview/rascunhos/smoke-202606292123-video-em-meio-a-greve-de-onibus-terminal-alvorada-e-alvo-de-vandalismo: Set directory modification time (using SetModTime)
2026/08/08 19:49:46 INFO  : sites-v4/riocarta/.vercel/output/static/preview/rascunhos/smoke-202606292223-alceu-valenca-encerra-primeiro-ciclo-da-turne-80-girassois-na-lapa: Set directory modification time (using SetModTime)
2026/08/08 19:49:46 INFO  : sites-v4/riocarta/dist/client/preview/rascunhos/smoke-202606292023-prefeitura-de-itaguai-procon-governo-do-estado-e-parceiros-levam-grande-acao-de-cidadania-a-popu: Set directory modification time (using SetModTime)
2026/08/08 19:49:46 INFO  : sites-v4/riocarta/dist/client/preview/rascunhos/smoke-202606292023-radialista-apolinho-tera-rua-com-seu-nome-apos-aprovacao-no-rio: Set directory modification time (using SetModTime)
2026/08/08 19:49:46 INFO  : sites-v4/riocarta/.vercel/output/static/preview/rascunhos/smoke-202606292223-balao-cai-em-banca-de-jornal-em-botafogo-provoca-incendio-e-assusta-moradores: Set directory modification time (using SetModTime)
2026/08/08 19:49:47 INFO  : sites-v4/riocarta/dist/client/preview/rascunhos/smoke-202606292023-video-baleia-e-flagrada-na-baia-de-guanabara-perto-da-ponte-rio-niteroi: Set directory modification time (using SetModTime)
2026/08/08 19:49:47 INFO  : sites-v4/riocarta/.vercel/output/static/preview/rascunhos/smoke-202606292223-boca-miuda-os-bastidores-da-politica-na-regiao-dos-lagos-nesta-segunda-feira-29: Set directory modification time (using SetModTime)
2026/08/08 19:49:47 INFO  : sites-v4/riocarta/dist/client/preview/rascunhos/smoke-202606292123-a-tradicao-dos-15-anos-segue-em-alta-no-rio-festa-da-maria-bertoletti: Set directory modification time (using SetModTime)
2026/08/08 19:49:47 INFO  : sites-v4/riocarta/.vercel/output/static/preview/rascunhos/smoke-202606292223-dc-quer-lancar-ator-humberto-martins-e-filha-de-roberto-jefferson-para-deputado-federal-no-rio: Set directory modification time (using SetModTime)
2026/08/08 19:49:48 INFO  : sites-v4/riocarta/dist/client/preview/rascunhos/smoke-202606292123-ccbb-rio-reune-atividades-inspiradas-na-exposicao-vik-muniz-a-olho-nu: Set directory modification time (using SetModTime)
2026/08/08 19:49:48 INFO  : sites-v4/riocarta/.vercel/output/static/preview/rascunhos/smoke-202606292223-denuncia-de-imagens-sexualizadas-geradas-por-ia-provoca-protesto-em-escola-de-volta-redonda: Set directory modification time (using SetModTime)
2026/08/08 19:49:49 INFO  : sites-v4/riocarta/.vercel/output/static/preview/rascunhos/smoke-202606292223-esposa-atualiza-estado-de-saude-de-guto-nader-apos-acidente-em-fazenda: Set directory modification time (using SetModTime)
2026/08/08 19:49:49 INFO  : sites-v4/riocarta/dist/client/preview/rascunhos/smoke-202606292123-greve-dos-rodoviarios-no-rio-continua-nesta-terca: Set directory modification time (using SetModTime)
2026/08/08 19:49:49 INFO  : sites-v4/riocarta/.vercel/output/static/preview/rascunhos/smoke-202606292223-hospital-escola-de-valenca-entrega-novos-leitos-e-reforca-assistencia-na-regiao: Set directory modification time (using SetModTime)
2026/08/08 19:49:49 INFO  : sites-v4/riocarta/dist/client/preview/rascunhos/smoke-202606292123-homem-morre-apos-cair-de-150-metros-em-trilha-na-pedra-do-macaco-em-marica: Set directory modification time (using SetModTime)
2026/08/08 19:49:50 INFO  : sites-v4/riocarta/dist/client/preview/rascunhos/smoke-202606292123-humberto-martins-marlene-matos-e-cristiane-brasil-podem-disputar-vaga-de-deputado-federal-pelo-d: Set directory modification time (using SetModTime)
2026/08/08 19:49:50 INFO  : sites-v4/riocarta/.vercel/output/static/preview/rascunhos/smoke-202606292223-jogo-do-brasil-na-copa-gera-efeito-torcida-na-rede-eletrica-do-rio-e-liga-alerta-para-risco-de-a: Set directory modification time (using SetModTime)
2026/08/08 19:49:50 INFO  : sites-v4/riocarta/dist/client/preview/rascunhos/smoke-202606292123-michelle-deixa-de-seguir-enteados-nas-redes-sociais-e-amplia-racha-no-cla-bolsonaro: Set directory modification time (using SetModTime)
2026/08/08 19:49:50 INFO  : sites-v4/riocarta/.vercel/output/static/preview/rascunhos/smoke-202606292223-marica-cortaria-22-cargos-comissionados-e-r-504-mil-por-mes-com-a-reforma-administrativa-entenda: Set directory modification time (using SetModTime)
2026/08/08 19:49:51 INFO  : sites-v4/riocarta/dist/client/preview/rascunhos/smoke-202606292123-pracas-de-copacabana-leme-e-ipanema-passam-por-revitalizacao-com-brinquedos-inclusivos-e-areas-p: Set directory modification time (using SetModTime)
2026/08/08 19:49:51 INFO  : sites-v4/riocarta/.vercel/output/static/preview/rascunhos/smoke-202606292223-moraes-aciona-pgr-apos-pf-indiciar-flavio-bolsonaro-por-calunia-contra-lula: Set directory modification time (using SetModTime)
2026/08/08 19:49:52 INFO  : sites-v4/riocarta/.vercel/output/static/preview/rascunhos/smoke-202606292223-vereador-dinho-oficializa-pre-candidatura-a-deputado-estadual-pelo-prd-25-no-proximo-dia-4: Set directory modification time (using SetModTime)
2026/08/08 19:49:52 INFO  : sites-v4/riocarta/dist/client/preview/rascunhos/smoke-202606292123-prefeitura-do-rio-abre-1-049-vagas-de-emprego-nesta-semana: Set directory modification time (using SetModTime)
2026/08/08 19:49:52 INFO  : sites-v4/riocarta/dist/client/preview/rascunhos/smoke-202606292123-programa-viva-melhor-promove-qualidade-de-vida-para-idosos-em-volta-redonda: Set directory modification time (using SetModTime)
2026/08/08 19:49:52 INFO  : sites-v4/riocarta/.vercel/output/static/preview/rascunhos/smoke-202606292223-viaduto-elias-rodrigues-costa-sera-inaugurado-nesta-terca-feira: Set directory modification time (using SetModTime)
2026/08/08 19:49:53 INFO  : sites-v4/riocarta/dist/client/preview/rascunhos/smoke-202606292123-rcfm-mauro-bernardo-relembra-casos-marcantes-da-carreira-policial-e-critica-abandono-de-animais: Set directory modification time (using SetModTime)
2026/08/08 19:49:53 INFO  : sites-v4/riocarta/.vercel/output/static/preview/rascunhos/smoke-202606292323-desaparecido-desde-quarta-corpo-de-professor-bocao-e-encontrado-no-rio: Set directory modification time (using SetModTime)
2026/08/08 19:49:54 INFO  : sites-v4/riocarta/dist/client/preview/rascunhos/smoke-202606292123-terremoto-na-regiao-dos-lagos-moradores-de-saquarema-relatam-tremor: Set directory modification time (using SetModTime)
2026/08/08 19:49:54 INFO  : sites-v4/riocarta/.vercel/output/static/preview/rascunhos/smoke-202606292323-direito-a-moradia-exige-antes-de-tudo-estado: Set directory modification time (using SetModTime)
2026/08/08 19:49:54 INFO  : sites-v4/riocarta/dist/client/preview/rascunhos/smoke-202606292123-video-em-meio-a-greve-de-onibus-terminal-alvorada-e-alvo-de-vandalismo: Set directory modification time (using SetModTime)
2026/08/08 19:49:54 INFO  : sites-v4/riocarta/.vercel/output/static/preview/rascunhos/smoke-202606292323-grand-hyatt-rio-tera-brunch-julino-com-musica-ao-vivo: Set directory modification time (using SetModTime)
2026/08/08 19:49:55 INFO  : sites-v4/riocarta/dist/client/preview/rascunhos/smoke-202606292223-alceu-valenca-encerra-primeiro-ciclo-da-turne-80-girassois-na-lapa: Set directory modification time (using SetModTime)
2026/08/08 19:49:55 INFO  : sites-v4/riocarta/.vercel/output/static/preview/rascunhos/smoke-202606292323-leblon-recebe-festival-de-jazz-com-14-shows-entre-julho-e-agosto: Set directory modification time (using SetModTime)
2026/08/08 19:49:55 INFO  : sites-v4/riocarta/.vercel/output/static/preview/rascunhos/smoke-202606292323-michelle-bolsonaro-deixa-de-seguir-enteados-e-aprofunda-racha-no-cla-extremista-da-direita: Set directory modification time (using SetModTime)
2026/08/08 19:49:55 INFO  : sites-v4/riocarta/dist/client/preview/rascunhos/smoke-202606292223-balao-cai-em-banca-de-jornal-em-botafogo-provoca-incendio-e-assusta-moradores: Set directory modification time (using SetModTime)
2026/08/08 19:49:56 INFO  : sites-v4/riocarta/.vercel/output/static/preview/rascunhos/smoke-202606292323-no-rio-e-brasil-a-fila-do-perdao-a-casemiro-destaque-da-partida: Set directory modification time (using SetModTime)
2026/08/08 19:49:56 INFO  : sites-v4/riocarta/dist/client/preview/rascunhos/smoke-202606292223-boca-miuda-os-bastidores-da-politica-na-regiao-dos-lagos-nesta-segunda-feira-29: Set directory modification time (using SetModTime)
2026/08/08 19:49:57 INFO  : sites-v4/riocarta/.vercel/output/static/preview/rascunhos/smoke-202606292323-o-relato-da-empresaria-manu-cit-sobre-furto-sofrido-na-zona-sul: Set directory modification time (using SetModTime)
2026/08/08 19:49:57 INFO  : sites-v4/riocarta/dist/client/preview/rascunhos/smoke-202606292223-dc-quer-lancar-ator-humberto-martins-e-filha-de-roberto-jefferson-para-deputado-federal-no-rio: Set directory modification time (using SetModTime)
2026/08/08 19:49:57 INFO  : sites-v4/riocarta/dist/client/preview/rascunhos/smoke-202606292223-denuncia-de-imagens-sexualizadas-geradas-por-ia-provoca-protesto-em-escola-de-volta-redonda: Set directory modification time (using SetModTime)
2026/08/08 19:49:57 INFO  : sites-v4/riocarta/.vercel/output/static/preview/rascunhos/smoke-202606292323-parreira-passa-por-procedimento-e-segue-sedado-na-uti: Set directory modification time (using SetModTime)
2026/08/08 19:49:58 INFO  : sites-v4/riocarta/dist/client/preview/rascunhos/smoke-202606292223-esposa-atualiza-estado-de-saude-de-guto-nader-apos-acidente-em-fazenda: Set directory modification time (using SetModTime)
2026/08/08 19:49:58 INFO  : sites-v4/riocarta/.vercel/output/static/preview/rascunhos/smoke-202606292323-push-pop-sushi-inaugura-primeira-loja-em-copacabana-e-traz-ao-rio-a-tendencia-sushi-no-tubo: Set directory modification time (using SetModTime)
2026/08/08 19:49:58 INFO  : sites-v4/riocarta/dist/client/preview/rascunhos/smoke-202606292223-hospital-escola-de-valenca-entrega-novos-leitos-e-reforca-assistencia-na-regiao: Set directory modification time (using SetModTime)
2026/08/08 19:49:58 INFO  : sites-v4/riocarta/.vercel/output/static/preview/rascunhos/smoke-202606292323-rock-in-rio-2026-tera-hospitalidade-camarotes-vip-e-experiencias-exclusivas: Set directory modification time (using SetModTime)
2026/08/08 19:49:59 INFO  : sites-v4/riocarta/dist/client/preview/rascunhos/smoke-202606292223-jogo-do-brasil-na-copa-gera-efeito-torcida-na-rede-eletrica-do-rio-e-liga-alerta-para-risco-de-a: Set directory modification time (using SetModTime)
2026/08/08 19:49:59 INFO  : sites-v4/riocarta/.vercel/output/static/preview/rascunhos/smoke-202606292323-simone-apresenta-a-nova-turne-que-mulher-e-essa-no-vivo-rio: Set directory modification time (using SetModTime)
2026/08/08 19:50:00 INFO  : sites-v4/riocarta/.vercel/output/static/preview/rascunhos/smoke-202606292323-veja-quando-canobbio-se-reapresenta-ao-fluminense-apos-eliminacao-do-uruguai-na-copa-do-mundo: Set directory modification time (using SetModTime)
2026/08/08 19:50:00 INFO  : sites-v4/riocarta/dist/client/preview/rascunhos/smoke-202606292223-marica-cortaria-22-cargos-comissionados-e-r-504-mil-por-mes-com-a-reforma-administrativa-entenda: Set directory modification time (using SetModTime)
2026/08/08 19:50:00 INFO  : sites-v4/riocarta/dist/client/preview/rascunhos/smoke-202606292223-moraes-aciona-pgr-apos-pf-indiciar-flavio-bolsonaro-por-calunia-contra-lula: Set directory modification time (using SetModTime)
2026/08/08 19:50:00 INFO  : sites-v4/riocarta/.vercel/output/static/preview/rascunhos/smoke-202606300023-apolinho-sera-homenageado-com-nome-de-rua-no-rio: Set directory modification time (using SetModTime)
2026/08/08 19:50:01 INFO  : sites-v4/riocarta/.vercel/output/static/preview/rascunhos/smoke-202606300023-arraial-fan-fest-reune-publico-no-barcellao-durante-classificacao-do-brasil-as-oitavas-de-final: Set directory modification time (using SetModTime)
2026/08/08 19:50:01 INFO  : sites-v4/riocarta/dist/client/preview/rascunhos/smoke-202606292223-vereador-dinho-oficializa-pre-candidatura-a-deputado-estadual-pelo-prd-25-no-proximo-dia-4: Set directory modification time (using SetModTime)
2026/08/08 19:50:01 INFO  : sites-v4/riocarta/.vercel/output/static/preview/rascunhos/smoke-202606300023-cabo-frio-divulga-programacao-de-eventos-para-o-inverno-de-2026: Set directory modification time (using SetModTime)
2026/08/08 19:50:01 INFO  : sites-v4/riocarta/dist/client/preview/rascunhos/smoke-202606292223-viaduto-elias-rodrigues-costa-sera-inaugurado-nesta-terca-feira: Set directory modification time (using SetModTime)
2026/08/08 19:50:02 INFO  : sites-v4/riocarta/dist/client/preview/rascunhos/smoke-202606292323-desaparecido-desde-quarta-corpo-de-professor-bocao-e-encontrado-no-rio: Set directory modification time (using SetModTime)
2026/08/08 19:50:02 INFO  : sites-v4/riocarta/.vercel/output/static/preview/rascunhos/smoke-202606300023-corpo-de-professor-de-surfe-desaparecido-e-identificado-no-rio: Set directory modification time (using SetModTime)
2026/08/08 19:50:03 INFO  : sites-v4/riocarta/dist/client/preview/rascunhos/smoke-202606292323-direito-a-moradia-exige-antes-de-tudo-estado: Set directory modification time (using SetModTime)
2026/08/08 19:50:03 INFO  : sites-v4/riocarta/.vercel/output/static/preview/rascunhos/smoke-202606300023-e-inegociavel-irmaos-vieira-descartam-acordo-com-paes-e-mantem-helena-candidata-ao-senado-video: Set directory modification time (using SetModTime)
2026/08/08 19:50:03 INFO  : sites-v4/riocarta/.vercel/output/static/preview/rascunhos/smoke-202606300023-indio-da-costa-leva-a-campos-turne-nacional-de-livro-sobre-o-sus: Set directory modification time (using SetModTime)
2026/08/08 19:50:03 INFO  : sites-v4/riocarta/dist/client/preview/rascunhos/smoke-202606292323-grand-hyatt-rio-tera-brunch-julino-com-musica-ao-vivo: Set directory modification time (using SetModTime)
2026/08/08 19:50:04 INFO  : sites-v4/riocarta/dist/client/preview/rascunhos/smoke-202606292323-leblon-recebe-festival-de-jazz-com-14-shows-entre-julho-e-agosto: Set directory modification time (using SetModTime)
2026/08/08 19:50:04 INFO  : sites-v4/riocarta/.vercel/output/static/preview/rascunhos/smoke-202606300023-justica-do-rio-paralisa-acoes-sobre-aparelhos-queimados-por-raios-ate-definir-quem-deve-indeniza: Set directory modification time (using SetModTime)
2026/08/08 19:50:05 INFO  : sites-v4/riocarta/.vercel/output/static/preview/rascunhos/smoke-202606300023-justica-proibe-venda-da-fatia-da-oi-na-v-tal-por-r-4-5-bi: Set directory modification time (using SetModTime)
2026/08/08 19:50:05 INFO  : sites-v4/riocarta/dist/client/preview/rascunhos/smoke-202606292323-michelle-bolsonaro-deixa-de-seguir-enteados-e-aprofunda-racha-no-cla-extremista-da-direita: Set directory modification time (using SetModTime)
2026/08/08 19:50:05 INFO  : sites-v4/riocarta/.vercel/output/static/preview/rascunhos/smoke-202606300023-pgr-recebe-pedido-de-intervencao-federal-na-alerj-por-suposta-captura-pelo-crime-organizado: Set directory modification time (using SetModTime)
2026/08/08 19:50:05 INFO  : sites-v4/riocarta/dist/client/preview/rascunhos/smoke-202606292323-no-rio-e-brasil-a-fila-do-perdao-a-casemiro-destaque-da-partida: Set directory modification time (using SetModTime)
2026/08/08 19:50:06 INFO  : sites-v4/riocarta/.vercel/output/static/preview/rascunhos/smoke-202606300023-rio-esta-entre-as-piores-cidades-turisticas-do-mundo-para-encontrar-banheiros-publicos: Set directory modification time (using SetModTime)
2026/08/08 19:50:06 INFO  : sites-v4/riocarta/dist/client/preview/rascunhos/smoke-202606292323-o-relato-da-empresaria-manu-cit-sobre-furto-sofrido-na-zona-sul: Set directory modification time (using SetModTime)
2026/08/08 19:50:06 INFO  : sites-v4/riocarta/.vercel/output/static/preview/rascunhos/smoke-202606300123-marica-celebra-classificacao-do-brasil-na-quarta-edicao-da-esquina-da-copa: Set directory modification time (using SetModTime)
2026/08/08 19:50:06 INFO  : sites-v4/riocarta/dist/client/preview/rascunhos/smoke-202606292323-parreira-passa-por-procedimento-e-segue-sedado-na-uti: Set directory modification time (using SetModTime)
2026/08/08 19:50:07 INFO  : sites-v4/riocarta/.vercel/output/static/preview/rascunhos/smoke-202606300223-latinos-brasileiros-comemoram-eliminacao-da-alemanha-pro-paraguai: Set directory modification time (using SetModTime)
2026/08/08 19:50:07 INFO  : sites-v4/riocarta/dist/client/preview/rascunhos/smoke-202606292323-push-pop-sushi-inaugura-primeira-loja-em-copacabana-e-traz-ao-rio-a-tendencia-sushi-no-tubo: Set directory modification time (using SetModTime)
2026/08/08 19:50:08 INFO  : sites-v4/riocarta/dist/client/preview/rascunhos/smoke-202606292323-rock-in-rio-2026-tera-hospitalidade-camarotes-vip-e-experiencias-exclusivas: Set directory modification time (using SetModTime)
2026/08/08 19:50:08 INFO  : sites-v4/riocarta/dist/client/preview/rascunhos/smoke-202606292323-simone-apresenta-a-nova-turne-que-mulher-e-essa-no-vivo-rio: Set directory modification time (using SetModTime)
2026/08/08 19:50:09 INFO  : sites-v4/riocarta/dist/client/preview/rascunhos/smoke-202606292323-veja-quando-canobbio-se-reapresenta-ao-fluminense-apos-eliminacao-do-uruguai-na-copa-do-mundo: Set directory modification time (using SetModTime)
2026/08/08 19:50:10 INFO  : sites-v4/riocarta/dist/client/preview/rascunhos/smoke-202606300023-apolinho-sera-homenageado-com-nome-de-rua-no-rio: Set directory modification time (using SetModTime)
2026/08/08 19:50:10 INFO  : sites-v4/riocarta/dist/client/preview/rascunhos/smoke-202606300023-arraial-fan-fest-reune-publico-no-barcellao-durante-classificacao-do-brasil-as-oitavas-de-final: Set directory modification time (using SetModTime)
2026/08/08 19:50:11 INFO  : sites-v4/riocarta/dist/client/preview/rascunhos/smoke-202606300023-cabo-frio-divulga-programacao-de-eventos-para-o-inverno-de-2026: Set directory modification time (using SetModTime)
2026/08/08 19:50:16 INFO  : sites-v4/riocarta/.vercel/output/static/preview/rascunhos/smoke-202607040900-carlos-lacerda-tera-nova-biografia-escrita-por-mario-magalhaes: Set directory modification time (using SetModTime)
2026/08/08 19:50:21 INFO  : sites-v4/riocarta/dist/client/preview/rascunhos/smoke-202606300023-corpo-de-professor-de-surfe-desaparecido-e-identificado-no-rio: Set directory modification time (using SetModTime)
2026/08/08 19:50:21 INFO  : sites-v4/riocarta/dist/client/preview/rascunhos/smoke-202606300023-e-inegociavel-irmaos-vieira-descartam-acordo-com-paes-e-mantem-helena-candidata-ao-senado-video: Set directory modification time (using SetModTime)
2026/08/08 19:50:22 INFO  : sites-v4/riocarta/.vercel/output/static/preview/rascunhos/smoke-202607040900-entenda-a-treta-fabio-porchat-pode-virar-persona-non-grata-no-rio: Set directory modification time (using SetModTime)
2026/08/08 19:50:23 INFO  : sites-v4/riocarta/.vercel/output/static/preview/rascunhos/smoke-202607040900-flavio-bolsonaro-admite-que-novas-conversas-com-vorcaro-podem-surgir-mas-nega-relacao-alem-do-fi: Set directory modification time (using SetModTime)
2026/08/08 19:50:24 INFO  : sites-v4/riocarta/dist/client/preview/rascunhos/smoke-202606300023-indio-da-costa-leva-a-campos-turne-nacional-de-livro-sobre-o-sus: Set directory modification time (using SetModTime)
2026/08/08 19:50:28 INFO  : sites-v4/riocarta/.vercel/output/static/preview/rascunhos/smoke-202607040900-flavio-bolsonaro-explica-negociacoes-de-filme-nenhum-beneficio-pessoal: Set directory modification time (using SetModTime)
2026/08/08 19:50:29 INFO  : sites-v4/riocarta/.vercel/output/static/preview/rascunhos/smoke-202607040900-paes-reforca-agenda-no-sul-fluminense-e-reune-liderancas-em-valenca: Set directory modification time (using SetModTime)
2026/08/08 19:50:32 INFO  :    16.065 MiB / 16.065 MiB, 100%, 16.261 KiB/s, ETA 0s
2026/08/08 19:50:32 INFO  : sites-v4/riocarta/dist/client/preview/rascunhos/smoke-202606300023-justica-do-rio-paralisa-acoes-sobre-aparelhos-queimados-por-raios-ate-definir-quem-deve-indeniza: Set directory modification time (using SetModTime)
2026/08/08 19:50:34 INFO  : sites-v4/riocarta/.vercel/output/static/preview/rascunhos/smoke-202607060900-ao-lado-de-flavio-bolsonaro-douglas-ruas-participa-de-entrega-historica-de-armamentos-para-a-pm: Set directory modification time (using SetModTime)
2026/08/08 19:50:35 INFO  : sites-v4/riocarta/.vercel/output/static/preview/rascunhos/smoke-202607080900-homem-e-preso-apos-agredir-ex-namorada-por-30-minutos-em-nova-friburgo: Set directory modification time (using SetModTime)
2026/08/08 19:50:35 INFO  : sites-v4/riocarta/.vercel/output/static/preview/rascunhos/smoke-202607080900-jovem-morre-apos-grave-acidente-na-br-356-em-itaperuna: Set directory modification time (using SetModTime)
2026/08/08 19:50:36 INFO  : sites-v4/riocarta/dist/client/preview/rascunhos/smoke-202606300023-justica-proibe-venda-da-fatia-da-oi-na-v-tal-por-r-4-5-bi: Set directory modification time (using SetModTime)
2026/08/08 19:50:36 INFO  : sites-v4/riocarta/.vercel/output/static/preview/rascunhos/smoke-202607080900-pre-candidato-ao-senado-marcio-canella-e-preso-com-fuzil-dentro-de-carro-no-rio: Set directory modification time (using SetModTime)
2026/08/08 19:50:36 INFO  : sites-v4/riocarta/dist/client/preview/rascunhos/smoke-202606300023-pgr-recebe-pedido-de-intervencao-federal-na-alerj-por-suposta-captura-pelo-crime-organizado: Set directory modification time (using SetModTime)
2026/08/08 19:50:36 INFO  : sites-v4/riocarta/.vercel/output/static/preview/rascunhos/smoke-202607080900-prefeitura-cria-apac-bossa-nova-e-promete-preservar-ipanema-e-leblon: Set directory modification time (using SetModTime)
2026/08/08 19:50:37 INFO  : sites-v4/riocarta/dist/client/preview/rascunhos/smoke-202606300023-rio-esta-entre-as-piores-cidades-turisticas-do-mundo-para-encontrar-banheiros-publicos: Set directory modification time (using SetModTime)
2026/08/08 19:50:37 INFO  : sites-v4/riocarta/.vercel/output/static/preview/rascunhos/smoke-202607080900-roda-cultural-da-zn-rj-conquista-o-1o-lugar-do-rio-em-premio-nacional: Set directory modification time (using SetModTime)
2026/08/08 19:50:38 INFO  : sites-v4/riocarta/.vercel/output/static/preview/rascunhos/smoke-202607080900-rodoviarios-do-rio-e-empresarios-nao-chegam-a-acordo-em-nova-audiencia: Set directory modification time (using SetModTime)
2026/08/08 19:50:38 INFO  : sites-v4/riocarta/.vercel/output/static/preview/rascunhos/smoke-202607080900-saquarema-sediara-mais-uma-etapa-do-circuito-mineirinho-de-jiu-jitsu-costa-do-sol: Set directory modification time (using SetModTime)
2026/08/08 19:50:38 INFO  : sites-v4/riocarta/dist/client/preview/rascunhos/smoke-202606300123-marica-celebra-classificacao-do-brasil-na-quarta-edicao-da-esquina-da-copa: Set directory modification time (using SetModTime)
2026/08/08 19:50:39 INFO  : sites-v4/riocarta/.vercel/output/static/preview/rascunhos/smoke-202607080900-seguranca-presente-avanca-no-rio-com-novas-bases-e-reforco-policial-em-cinco-cidades: Set directory modification time (using SetModTime)
2026/08/08 19:50:39 INFO  : sites-v4/riocarta/dist/client/preview/rascunhos/smoke-202606300223-latinos-brasileiros-comemoram-eliminacao-da-alemanha-pro-paraguai: Set directory modification time (using SetModTime)
2026/08/08 19:50:40 INFO  : sites-v4/riocarta/.vercel/output/static/preview/rascunhos/smoke-202607080900-seguranca-presente-chega-a-tangua-resende-volta-redonda-paty-do-alferes-e-mangaratiba: Set directory modification time (using SetModTime)
2026/08/08 19:50:40 INFO  : sites-v4/riocarta/dist/client/preview/rascunhos/smoke-202607040900-carlos-lacerda-tera-nova-biografia-escrita-por-mario-magalhaes: Set directory modification time (using SetModTime)
2026/08/08 19:50:40 INFO  : sites-v4/riocarta/.vercel/output/static/preview/rascunhos/smoke-202607080900-suspeito-de-matar-homem-a-facadas-enquanto-bebe-dormia-ao-lado-e-preso-no-rio: Set directory modification time (using SetModTime)
2026/08/08 19:50:40 INFO  : sites-v4/riocarta/dist/client/preview/rascunhos/smoke-202607040900-entenda-a-treta-fabio-porchat-pode-virar-persona-non-grata-no-rio: Set directory modification time (using SetModTime)
2026/08/08 19:50:41 INFO  : sites-v4/riocarta/.vercel/output/static/preview/rascunhos/smoke-202607090900-caso-jeff-machado-juri-de-acusado-pela-morte-de-ator-comeca-na-quarta-feira-8: Set directory modification time (using SetModTime)
2026/08/08 19:50:41 INFO  : sites-v4/riocarta/dist/client/preview/rascunhos/smoke-202607040900-flavio-bolsonaro-admite-que-novas-conversas-com-vorcaro-podem-surgir-mas-nega-relacao-alem-do-fi: Set directory modification time (using SetModTime)
2026/08/08 19:50:41 INFO  : sites-v4/riocarta/dist/client/preview/rascunhos/smoke-202607040900-flavio-bolsonaro-explica-negociacoes-de-filme-nenhum-beneficio-pessoal: Set directory modification time (using SetModTime)
2026/08/08 19:50:41 INFO  : sites-v4/riocarta/.vercel/output/static/preview/rascunhos/smoke-202607090900-comecam-obras-do-maraey-de-r-11-bilhoes-que-vao-gerar-9-mil-empregos: Set directory modification time (using SetModTime)
2026/08/08 19:50:42 INFO  : sites-v4/riocarta/.vercel/output/static/preview/rascunhos/smoke-202607090900-ed-motta-depoe-apos-confusao-em-restaurante-na-gavea: Set directory modification time (using SetModTime)
2026/08/08 19:50:42 INFO  : sites-v4/riocarta/dist/client/preview/rascunhos/smoke-202607040900-paes-reforca-agenda-no-sul-fluminense-e-reune-liderancas-em-valenca: Set directory modification time (using SetModTime)
2026/08/08 19:50:43 INFO  : sites-v4/riocarta/.vercel/output/static/preview/rascunhos/smoke-202607090900-expo-macae-2026-celebra-os-213-anos-do-municipio-com-grandes-shows-e-agronegocio: Set directory modification time (using SetModTime)
2026/08/08 19:50:43 INFO  : sites-v4/riocarta/dist/client/preview/rascunhos/smoke-202607060900-ao-lado-de-flavio-bolsonaro-douglas-ruas-participa-de-entrega-historica-de-armamentos-para-a-pm: Set directory modification time (using SetModTime)
2026/08/08 19:50:43 INFO  : sites-v4/riocarta/.vercel/output/static/preview/rascunhos/smoke-202607090900-justica-manda-monica-benicio-excluir-postagem-sobre-pedro-paulo: Set directory modification time (using SetModTime)
2026/08/08 19:50:44 INFO  : sites-v4/riocarta/dist/client/preview/rascunhos/smoke-202607080900-homem-e-preso-apos-agredir-ex-namorada-por-30-minutos-em-nova-friburgo: Set directory modification time (using SetModTime)
2026/08/08 19:50:44 INFO  : sites-v4/riocarta/.vercel/output/static/preview/rascunhos/smoke-202607090900-marica-avanca-em-projeto-para-ter-fabrica-de-chocolates-e-comeca-plantio-de-cacau: Set directory modification time (using SetModTime)
2026/08/08 19:50:44 INFO  : sites-v4/riocarta/dist/client/preview/rascunhos/smoke-202607080900-jovem-morre-apos-grave-acidente-na-br-356-em-itaperuna: Set directory modification time (using SetModTime)
2026/08/08 19:50:45 INFO  : sites-v4/riocarta/.vercel/output/static/preview/rascunhos/smoke-202607090900-marica-oferece-oficinas-gratuitas-de-grafite-para-mais-de-600-alunos: Set directory modification time (using SetModTime)
2026/08/08 19:50:45 INFO  : sites-v4/riocarta/dist/client/preview/rascunhos/smoke-202607080900-pre-candidato-ao-senado-marcio-canella-e-preso-com-fuzil-dentro-de-carro-no-rio: Set directory modification time (using SetModTime)
2026/08/08 19:50:45 INFO  : sites-v4/riocarta/.vercel/output/static/preview/rascunhos/smoke-202607090900-moraes-manda-pf-colher-depoimento-de-flavio-bolsonaro: Set directory modification time (using SetModTime)
2026/08/08 19:50:46 INFO  : sites-v4/riocarta/dist/client/preview/rascunhos/smoke-202607080900-prefeitura-cria-apac-bossa-nova-e-promete-preservar-ipanema-e-leblon: Set directory modification time (using SetModTime)
2026/08/08 19:50:46 INFO  : sites-v4/riocarta/.vercel/output/static/preview/rascunhos/smoke-202607100900-como-vai-funcionar-o-complexo-gastronomico-do-estadio-do-maracana: Set directory modification time (using SetModTime)
2026/08/08 19:50:46 INFO  : sites-v4/riocarta/dist/client/preview/rascunhos/smoke-202607080900-roda-cultural-da-zn-rj-conquista-o-1o-lugar-do-rio-em-premio-nacional: Set directory modification time (using SetModTime)
2026/08/08 19:50:46 INFO  : sites-v4/riocarta/.vercel/output/static/preview/rascunhos/smoke-202607100900-homem-desaparece-no-rio-apos-sacar-rescisao-familia-denuncia-descaso-policial: Set directory modification time (using SetModTime)
2026/08/08 19:50:47 INFO  : sites-v4/riocarta/dist/client/preview/rascunhos/smoke-202607080900-rodoviarios-do-rio-e-empresarios-nao-chegam-a-acordo-em-nova-audiencia: Set directory modification time (using SetModTime)
2026/08/08 19:50:47 INFO  : sites-v4/riocarta/.vercel/output/static/preview/rascunhos/smoke-202607100900-jovens-do-mar-conquista-vitoria-inedita-em-regata-nautica: Set directory modification time (using SetModTime)
2026/08/08 19:50:48 INFO  : sites-v4/riocarta/dist/client/preview/rascunhos/smoke-202607080900-saquarema-sediara-mais-uma-etapa-do-circuito-mineirinho-de-jiu-jitsu-costa-do-sol: Set directory modification time (using SetModTime)
2026/08/08 19:50:48 INFO  : sites-v4/riocarta/.vercel/output/static/preview/rascunhos/smoke-202607100900-justica-mantem-postagens-de-eduardo-paes-contra-adversarios-nas-redes-sociais: Set directory modification time (using SetModTime)
2026/08/08 19:50:48 INFO  : sites-v4/riocarta/dist/client/preview/rascunhos/smoke-202607080900-seguranca-presente-avanca-no-rio-com-novas-bases-e-reforco-policial-em-cinco-cidades: Set directory modification time (using SetModTime)
2026/08/08 19:50:51 INFO  : sites-v4/riocarta/dist/client/preview/rascunhos/smoke-202607080900-seguranca-presente-chega-a-tangua-resende-volta-redonda-paty-do-alferes-e-mangaratiba: Set directory modification time (using SetModTime)
2026/08/08 19:50:52 INFO  : sites-v4/riocarta/dist/client/preview/rascunhos/smoke-202607080900-suspeito-de-matar-homem-a-facadas-enquanto-bebe-dormia-ao-lado-e-preso-no-rio: Set directory modification time (using SetModTime)
2026/08/08 19:50:52 INFO  : sites-v4/riocarta/dist/client/preview/rascunhos/smoke-202607090900-caso-jeff-machado-juri-de-acusado-pela-morte-de-ator-comeca-na-quarta-feira-8: Set directory modification time (using SetModTime)
2026/08/08 19:50:53 INFO  : sites-v4/riocarta/dist/client/preview/rascunhos/smoke-202607090900-comecam-obras-do-maraey-de-r-11-bilhoes-que-vao-gerar-9-mil-empregos: Set directory modification time (using SetModTime)
2026/08/08 19:50:53 INFO  : sites-v4/riocarta/.vercel/output/static/preview/rascunhos/smoke-202607100900-justica-suspende-empresa-de-apostas-ilegais-apos-acao-do-mprj: Set directory modification time (using SetModTime)
2026/08/08 19:50:54 INFO  : sites-v4/riocarta/dist/client/preview/rascunhos/smoke-202607090900-ed-motta-depoe-apos-confusao-em-restaurante-na-gavea: Set directory modification time (using SetModTime)
2026/08/08 19:50:54 INFO  : sites-v4/riocarta/.vercel/output/static/preview/rascunhos/smoke-202607100900-juventude-no-seu-bairro-leva-servicos-gratuitos-ao-bairro-acude-ii: Set directory modification time (using SetModTime)
2026/08/08 19:50:54 INFO  : sites-v4/riocarta/dist/client/preview/rascunhos/smoke-202607090900-expo-macae-2026-celebra-os-213-anos-do-municipio-com-grandes-shows-e-agronegocio: Set directory modification time (using SetModTime)
2026/08/08 19:50:54 INFO  : sites-v4/riocarta/.vercel/output/static/preview/rascunhos/smoke-202607100900-macae-divulga-986-oportunidades-de-emprego-esta-semana: Set directory modification time (using SetModTime)
2026/08/08 19:50:55 INFO  : sites-v4/riocarta/dist/client/preview/rascunhos/smoke-202607090900-justica-manda-monica-benicio-excluir-postagem-sobre-pedro-paulo: Set directory modification time (using SetModTime)
2026/08/08 19:50:56 INFO  : sites-v4/riocarta/dist/client/preview/rascunhos/smoke-202607090900-marica-avanca-em-projeto-para-ter-fabrica-de-chocolates-e-comeca-plantio-de-cacau: Set directory modification time (using SetModTime)
2026/08/08 19:50:56 INFO  : sites-v4/riocarta/dist/client/preview/rascunhos/smoke-202607090900-marica-oferece-oficinas-gratuitas-de-grafite-para-mais-de-600-alunos: Set directory modification time (using SetModTime)
2026/08/08 19:50:56 INFO  : sites-v4/riocarta/.vercel/output/static/preview/rascunhos/smoke-202607100900-no-dia-mundial-do-chocolate-marica-avanca-em-projeto-para-produzir-cacau-e-implantar-fabrica-de: Set directory modification time (using SetModTime)
2026/08/08 19:50:57 INFO  : sites-v4/riocarta/dist/client/preview/rascunhos/smoke-202607090900-moraes-manda-pf-colher-depoimento-de-flavio-bolsonaro: Set directory modification time (using SetModTime)
2026/08/08 19:50:57 INFO  : sites-v4/riocarta/.vercel/output/static/preview/rascunhos/smoke-202607100900-quaqua-anuncia-apoio-a-benedita-da-silva-e-pedro-paulo-para-o-senado-em-2026: Set directory modification time (using SetModTime)
2026/08/08 19:50:58 INFO  : sites-v4/riocarta/dist/client/preview/rascunhos/smoke-202607100900-como-vai-funcionar-o-complexo-gastronomico-do-estadio-do-maracana: Set directory modification time (using SetModTime)
2026/08/08 19:50:58 INFO  : sites-v4/riocarta/.vercel/output/static/preview/rascunhos/smoke-202607100900-sao-pedro-da-aldeia-abre-vagas-para-cursos-gratuitos-de-qualificacao: Set directory modification time (using SetModTime)
2026/08/08 19:50:58 INFO  : sites-v4/riocarta/dist/client/preview/rascunhos/smoke-202607100900-homem-desaparece-no-rio-apos-sacar-rescisao-familia-denuncia-descaso-policial: Set directory modification time (using SetModTime)
2026/08/08 19:50:58 INFO  : sites-v4/riocarta/.vercel/output/static/preview/rascunhos/smoke-202607100900-uniao-de-marica-aposta-em-darcy-ribeiro-para-fazer-historia-na-estreia-no-grupo-especial: Set directory modification time (using SetModTime)
2026/08/08 19:50:59 INFO  : sites-v4/riocarta/dist/client/preview/rascunhos/smoke-202607100900-jovens-do-mar-conquista-vitoria-inedita-em-regata-nautica: Set directory modification time (using SetModTime)
2026/08/08 19:50:59 INFO  : sites-v4/riocarta/.vercel/output/static/preview/rascunhos/smoke-202607110900-casal-de-namorados-e-baleado-durante-ataque-a-tiros-em-engenheiro-passos-em-resende: Set directory modification time (using SetModTime)
2026/08/08 19:51:00 INFO  : sites-v4/riocarta/dist/client/preview/rascunhos/smoke-202607100900-justica-mantem-postagens-de-eduardo-paes-contra-adversarios-nas-redes-sociais: Set directory modification time (using SetModTime)
2026/08/08 19:51:00 INFO  : sites-v4/riocarta/.vercel/output/static/preview/rascunhos/smoke-202607110900-eleicoes-2026-financiamento-coletivo-de-campanha-comeca-nesta-sexta: Set directory modification time (using SetModTime)
2026/08/08 19:51:00 INFO  : sites-v4/riocarta/.vercel/output/static/preview/rascunhos/smoke-202607110900-ex-prefeito-e-ex-secretario-de-policia-civil-sao-alvos-da-pf-no-rio: Set directory modification time (using SetModTime)
2026/08/08 19:51:00 INFO  : sites-v4/riocarta/dist/client/preview/rascunhos/smoke-202607100900-justica-suspende-empresa-de-apostas-ilegais-apos-acao-do-mprj: Set directory modification time (using SetModTime)
2026/08/08 19:51:01 INFO  : sites-v4/riocarta/.vercel/output/static/preview/rascunhos/smoke-202607110900-juarez-costa-de-andrade-ainda-ha-juizes-no-rio-de-janeiro: Set directory modification time (using SetModTime)
2026/08/08 19:51:01 INFO  : sites-v4/riocarta/dist/client/preview/rascunhos/smoke-202607100900-juventude-no-seu-bairro-leva-servicos-gratuitos-ao-bairro-acude-ii: Set directory modification time (using SetModTime)
2026/08/08 19:51:01 INFO  : sites-v4/riocarta/dist/client/preview/rascunhos/smoke-202607100900-macae-divulga-986-oportunidades-de-emprego-esta-semana: Set directory modification time (using SetModTime)
2026/08/08 19:51:01 INFO  : sites-v4/riocarta/.vercel/output/static/preview/rascunhos/smoke-202607110900-marcelinho-calil-revela-bastidores-da-escolha-de-bellinha-delfim-a-escola-fez-justica: Set directory modification time (using SetModTime)
2026/08/08 19:51:02 INFO  : sites-v4/riocarta/.vercel/output/static/preview/rascunhos/smoke-202607110900-mulher-consegue-escapar-de-tentativa-de-feminicidio-em-nova-friburgo-e-acusado-e-preso-por-polic: Set directory modification time (using SetModTime)
2026/08/08 19:51:02 INFO  : sites-v4/riocarta/dist/client/preview/rascunhos/smoke-202607100900-no-dia-mundial-do-chocolate-marica-avanca-em-projeto-para-produzir-cacau-e-implantar-fabrica-de: Set directory modification time (using SetModTime)
2026/08/08 19:51:03 INFO  : sites-v4/riocarta/dist/client/preview/rascunhos/smoke-202607100900-quaqua-anuncia-apoio-a-benedita-da-silva-e-pedro-paulo-para-o-senado-em-2026: Set directory modification time (using SetModTime)
2026/08/08 19:51:03 INFO  : sites-v4/riocarta/.vercel/output/static/preview/rascunhos/smoke-202607110900-niteroi-reviver-centro-aprova-1o-retrofit-privado-com-isencao-de-iptu: Set directory modification time (using SetModTime)
2026/08/08 19:51:03 INFO  : sites-v4/riocarta/dist/client/preview/rascunhos/smoke-202607100900-sao-pedro-da-aldeia-abre-vagas-para-cursos-gratuitos-de-qualificacao: Set directory modification time (using SetModTime)
2026/08/08 19:51:04 INFO  : sites-v4/riocarta/dist/client/preview/rascunhos/smoke-202607100900-uniao-de-marica-aposta-em-darcy-ribeiro-para-fazer-historia-na-estreia-no-grupo-especial: Set directory modification time (using SetModTime)
2026/08/08 19:51:05 INFO  : sites-v4/riocarta/.vercel/output/static/preview/rascunhos/smoke-202607110900-o-que-explica-a-corrida-por-vagas-em-um-congresso-gratuito-sobre-autismo-em-niteroi: Set directory modification time (using SetModTime)
2026/08/08 19:51:06 INFO  : sites-v4/riocarta/.vercel/output/static/preview/rascunhos/smoke-202607110900-prefeitura-desapropria-predios-abandonados-em-ipanema-e-copacabana-na-zona-sul: Set directory modification time (using SetModTime)
2026/08/08 19:51:21 INFO  : sites-v4/riocarta/dist/client/preview/rascunhos/smoke-202607110900-casal-de-namorados-e-baleado-durante-ataque-a-tiros-em-engenheiro-passos-em-resende: Set directory modification time (using SetModTime)
2026/08/08 19:51:22 INFO  : sites-v4/riocarta/dist/client/preview/rascunhos/smoke-202607110900-eleicoes-2026-financiamento-coletivo-de-campanha-comeca-nesta-sexta: Set directory modification time (using SetModTime)
2026/08/08 19:51:32 INFO  :    16.065 MiB / 16.065 MiB, 100%, 16.261 KiB/s, ETA 0s
2026/08/08 19:51:41 INFO  : sites-v4/riocarta/.vercel/output/static/preview/rascunhos/smoke-202607110900-rcfm-mauro-machado-o-painitto-fala-sobre-anitta-defende-eduardo-paes-e-critica-votacao-da-alerj: Set directory modification time (using SetModTime)
2026/08/08 19:51:42 INFO  : sites-v4/riocarta/.vercel/output/static/preview/rascunhos/smoke-202607120900-moraes-determina-depoimento-de-flavio-bolsonaro-a-pf-em-investigacao-por-calunia-contra-lula: Set directory modification time (using SetModTime)
2026/08/08 19:51:43 INFO  : sites-v4/riocarta/.vercel/output/static/preview/rascunhos/smoke-202607120900-mulher-e-presa-transportando-3-kg-de-drogas-do-rio-para-cantagalo: Set directory modification time (using SetModTime)
2026/08/08 19:51:43 INFO  : sites-v4/riocarta/.vercel/output/static/preview/rascunhos/smoke-202607120900-prefeitura-de-itatiaia-abre-processo-seletivo-com-vagas-temporarias-para-equipe-multidisciplinar: Set directory modification time (using SetModTime)
2026/08/08 19:51:44 INFO  : sites-v4/riocarta/.vercel/output/static/preview/rascunhos/smoke-202607120900-ultimo-cinema-de-rua-da-tijuca-fecha-e-vira-mais-uma-academia: Set directory modification time (using SetModTime)
2026/08/08 19:51:45 INFO  : sites-v4/riocarta/.vercel/output/static/preview/rascunhos/smoke-202607130900-tradicional-festa-dos-purezenses-comeca-nesta-quinta-feira-com-quatro-dias-de-shows: Set directory modification time (using SetModTime)
2026/08/08 19:51:45 INFO  : sites-v4/riocarta/.vercel/output/static/preview/rascunhos/smoke-202607130900-vale-como-promessa-de-campanha-paes-cumpre-o-que-diz-e-media-paz-entre-quaqua-e-benedita: Set directory modification time (using SetModTime)
2026/08/08 19:51:46 INFO  : sites-v4/riocarta/dist/client/preview/rascunhos/smoke-202607110900-ex-prefeito-e-ex-secretario-de-policia-civil-sao-alvos-da-pf-no-rio: Set directory modification time (using SetModTime)
2026/08/08 19:51:46 INFO  : sites-v4/riocarta/.vercel/output/static/preview/rascunhos/smoke-202607131448-eleicao-para-reitoria-da-uff-vai-para-segundo-turno: Set directory modification time (using SetModTime)
2026/08/08 19:51:46 INFO  : sites-v4/riocarta/dist/client/preview/rascunhos/smoke-202607110900-juarez-costa-de-andrade-ainda-ha-juizes-no-rio-de-janeiro: Set directory modification time (using SetModTime)
2026/08/08 19:51:46 INFO  : sites-v4/riocarta/.vercel/output/static/preview/rascunhos/smoke-202607140900-30-years-since-the-first-promises-and-10-years-after-the-olympics-the-cleanup-of-guanabara-bay-r: Set directory modification time (using SetModTime)
2026/08/08 19:51:47 INFO  : sites-v4/riocarta/dist/client/preview/rascunhos/smoke-202607110900-marcelinho-calil-revela-bastidores-da-escolha-de-bellinha-delfim-a-escola-fez-justica: Set directory modification time (using SetModTime)
2026/08/08 19:51:47 INFO  : sites-v4/riocarta/.vercel/output/static/preview/rascunhos/smoke-202607140900-angra-conquista-hotel-do-sesc-e-preve-geracao-de-empregos-no-turismo: Set directory modification time (using SetModTime)
2026/08/08 19:51:48 INFO  : sites-v4/riocarta/dist/client/preview/rascunhos/smoke-202607110900-mulher-consegue-escapar-de-tentativa-de-feminicidio-em-nova-friburgo-e-acusado-e-preso-por-polic: Set directory modification time (using SetModTime)
2026/08/08 19:51:48 INFO  : sites-v4/riocarta/.vercel/output/static/preview/rascunhos/smoke-202607140900-buzios-vence-fora-de-casa-e-larga-na-frente-nas-quartas-da-serie-c: Set directory modification time (using SetModTime)
2026/08/08 19:51:48 INFO  : sites-v4/riocarta/dist/client/preview/rascunhos/smoke-202607110900-niteroi-reviver-centro-aprova-1o-retrofit-privado-com-isencao-de-iptu: Set directory modification time (using SetModTime)
2026/08/08 19:51:48 INFO  : sites-v4/riocarta/.vercel/output/static/preview/rascunhos/smoke-202607140900-enel-rio-oferece-troca-de-geladeiras-e-servicos-em-itaborai: Set directory modification time (using SetModTime)
2026/08/08 19:51:49 INFO  : sites-v4/riocarta/.vercel/output/static/preview/rascunhos/smoke-202607140900-mulher-e-presa-transportando-3-kg-de-drogas-do-rio-para-cantagalo: Set directory modification time (using SetModTime)
2026/08/08 19:51:49 INFO  : sites-v4/riocarta/.vercel/output/static/preview/rascunhos/smoke-202607140900-ondas-gigantes-e-bandeira-vermelha-nao-intimidam-banhistas-em-niteroi: Set directory modification time (using SetModTime)
2026/08/08 19:51:50 INFO  : sites-v4/riocarta/dist/client/preview/rascunhos/smoke-202607110900-o-que-explica-a-corrida-por-vagas-em-um-congresso-gratuito-sobre-autismo-em-niteroi: Set directory modification time (using SetModTime)
2026/08/08 19:51:50 INFO  : sites-v4/riocarta/.vercel/output/static/preview/rascunhos/smoke-202607140900-policia-militar-realiza-operacao-no-morro-do-dende-para-a-retirada-de-barricadas: Set directory modification time (using SetModTime)
2026/08/08 19:51:51 INFO  : sites-v4/riocarta/dist/client/preview/rascunhos/smoke-202607110900-prefeitura-desapropria-predios-abandonados-em-ipanema-e-copacabana-na-zona-sul: Set directory modification time (using SetModTime)
2026/08/08 19:51:51 INFO  : sites-v4/riocarta/.vercel/output/static/preview/rascunhos/smoke-202607140900-posto-de-saude-do-sambura-e-invadido-e-tem-tablets-furtados-em-cabo-frio: Set directory modification time (using SetModTime)
2026/08/08 19:51:51 INFO  : sites-v4/riocarta/.vercel/output/static/preview/rascunhos/smoke-202607140900-rio-das-ostras-jazz-blues-festival-divulga-programacao-completa-com-novidades: Set directory modification time (using SetModTime)
2026/08/08 19:51:51 INFO  : sites-v4/riocarta/dist/client/preview/rascunhos/smoke-202607110900-rcfm-mauro-machado-o-painitto-fala-sobre-anitta-defende-eduardo-paes-e-critica-votacao-da-alerj: Set directory modification time (using SetModTime)
2026/08/08 19:51:52 INFO  : sites-v4/riocarta/.vercel/output/static/preview/rascunhos/smoke-202607140900-stj-exige-aprovacao-de-moradores-para-airbnb-em-condominios: Set directory modification time (using SetModTime)
2026/08/08 19:51:52 INFO  : sites-v4/riocarta/dist/client/preview/rascunhos/smoke-202607120900-moraes-determina-depoimento-de-flavio-bolsonaro-a-pf-em-investigacao-por-calunia-contra-lula: Set directory modification time (using SetModTime)
2026/08/08 19:51:52 INFO  : sites-v4/riocarta/.vercel/output/static/preview/rascunhos/smoke-202607140900-study-shows-that-violence-violates-the-right-to-education-in-rio-de-janeiro-more-shots-fewer-cla: Set directory modification time (using SetModTime)
2026/08/08 19:51:52 INFO  : sites-v4/riocarta/dist/client/preview/rascunhos/smoke-202607120900-mulher-e-presa-transportando-3-kg-de-drogas-do-rio-para-cantagalo: Set directory modification time (using SetModTime)
2026/08/08 19:51:53 INFO  : sites-v4/riocarta/.vercel/output/static/preview/rascunhos/smoke-202607140900-tribuna-cast-desta-quarta-recebe-o-produtor-pablo-castellar-para-falar-sobre-cultura-e-o-legado: Set directory modification time (using SetModTime)
2026/08/08 19:51:53 INFO  : sites-v4/riocarta/dist/client/preview/rascunhos/smoke-202607120900-prefeitura-de-itatiaia-abre-processo-seletivo-com-vagas-temporarias-para-equipe-multidisciplinar: Set directory modification time (using SetModTime)
2026/08/08 19:51:54 INFO  : sites-v4/riocarta/.vercel/output/static/preview/rascunhos/smoke-202607140900-unimed-amplia-rede-de-tratamento-oncologico-no-rio-com-parceria-da-rede-americas: Set directory modification time (using SetModTime)
2026/08/08 19:51:54 INFO  : sites-v4/riocarta/dist/client/preview/rascunhos/smoke-202607120900-ultimo-cinema-de-rua-da-tijuca-fecha-e-vira-mais-uma-academia: Set directory modification time (using SetModTime)
2026/08/08 19:51:54 INFO  : sites-v4/riocarta/.vercel/output/static/preview/rascunhos/smoke-202607150900-10-years-later-rio-2016-olympics-served-to-consolidate-speculative-plan-rejected-by-pioneering-b: Set directory modification time (using SetModTime)
2026/08/08 19:51:55 INFO  : sites-v4/riocarta/dist/client/preview/rascunhos/smoke-202607130900-tradicional-festa-dos-purezenses-comeca-nesta-quinta-feira-com-quatro-dias-de-shows: Set directory modification time (using SetModTime)
2026/08/08 19:51:55 INFO  : sites-v4/riocarta/.vercel/output/static/preview/rascunhos/smoke-202607150900-criminosos-assaltam-onibus-na-linha-vermelha-e-levam-ate-cinzas: Set directory modification time (using SetModTime)
2026/08/08 19:51:55 INFO  : sites-v4/riocarta/dist/client/preview/rascunhos/smoke-202607130900-vale-como-promessa-de-campanha-paes-cumpre-o-que-diz-e-media-paz-entre-quaqua-e-benedita: Set directory modification time (using SetModTime)
2026/08/08 19:51:55 INFO  : sites-v4/riocarta/.vercel/output/static/preview/rascunhos/smoke-202607150900-douglas-ruas-faz-aceno-aos-cortes-de-ricardo-couto-no-governo-do-rio-todas-as-medidas-para-enxug: Set directory modification time (using SetModTime)
2026/08/08 19:51:56 INFO  : sites-v4/riocarta/dist/client/preview/rascunhos/smoke-202607131448-eleicao-para-reitoria-da-uff-vai-para-segundo-turno: Set directory modification time (using SetModTime)
2026/08/08 19:51:56 INFO  : sites-v4/riocarta/.vercel/output/static/preview/rascunhos/smoke-202607150900-golpe-do-treino-expoe-falhas-em-condominios-de-niteroi: Set directory modification time (using SetModTime)
2026/08/08 19:51:57 INFO  : sites-v4/riocarta/dist/client/preview/rascunhos/smoke-202607140900-30-years-since-the-first-promises-and-10-years-after-the-olympics-the-cleanup-of-guanabara-bay-r: Set directory modification time (using SetModTime)
2026/08/08 19:51:57 INFO  : sites-v4/riocarta/.vercel/output/static/preview/rascunhos/smoke-202607150900-humorista-felipe-ferreira-apresenta-o-stand-up-show-novo-na-sala-nelson-pereira-dos-santos-em-ni: Set directory modification time (using SetModTime)
2026/08/08 19:51:57 INFO  : sites-v4/riocarta/dist/client/preview/rascunhos/smoke-202607140900-angra-conquista-hotel-do-sesc-e-preve-geracao-de-empregos-no-turismo: Set directory modification time (using SetModTime)
2026/08/08 19:51:57 INFO  : sites-v4/riocarta/.vercel/output/static/preview/rascunhos/smoke-202607150900-justica-concede-liberdade-a-mc-poze: Set directory modification time (using SetModTime)
2026/08/08 19:51:58 INFO  : sites-v4/riocarta/dist/client/preview/rascunhos/smoke-202607140900-buzios-vence-fora-de-casa-e-larga-na-frente-nas-quartas-da-serie-c: Set directory modification time (using SetModTime)
2026/08/08 19:51:58 INFO  : sites-v4/riocarta/.vercel/output/static/preview/rascunhos/smoke-202607150900-mp-move-acao-contra-mae-do-prefeito-de-porto-real-por-dano-ambiental: Set directory modification time (using SetModTime)
2026/08/08 19:51:58 INFO  : sites-v4/riocarta/dist/client/preview/rascunhos/smoke-202607140900-enel-rio-oferece-troca-de-geladeiras-e-servicos-em-itaborai: Set directory modification time (using SetModTime)
2026/08/08 19:51:58 INFO  : sites-v4/riocarta/.vercel/output/static/preview/rascunhos/smoke-202607150900-operacao-sossego-publico-apreende-13-motocicletas-irregulares-em-sao-vicente-distrito-de-araruam: Set directory modification time (using SetModTime)
2026/08/08 19:51:59 INFO  : sites-v4/riocarta/dist/client/preview/rascunhos/smoke-202607140900-mulher-e-presa-transportando-3-kg-de-drogas-do-rio-para-cantagalo: Set directory modification time (using SetModTime)
2026/08/08 19:51:59 INFO  : sites-v4/riocarta/.vercel/output/static/preview/rascunhos/smoke-202607150900-policia-civil-fecha-fabrica-clandestina-de-salgados-em-jacarepagua: Set directory modification time (using SetModTime)
2026/08/08 19:52:00 INFO  : sites-v4/riocarta/dist/client/preview/rascunhos/smoke-202607140900-ondas-gigantes-e-bandeira-vermelha-nao-intimidam-banhistas-em-niteroi: Set directory modification time (using SetModTime)
2026/08/08 19:52:00 INFO  : sites-v4/riocarta/.vercel/output/static/preview/rascunhos/smoke-202607150900-rio-de-janeiro-evictions-museum-celebrates-ten-years-of-art-memory-and-resistance-since-the-olym: Set directory modification time (using SetModTime)
2026/08/08 19:52:00 INFO  : sites-v4/riocarta/dist/client/preview/rascunhos/smoke-202607140900-policia-militar-realiza-operacao-no-morro-do-dende-para-a-retirada-de-barricadas: Set directory modification time (using SetModTime)
2026/08/08 19:52:00 INFO  : sites-v4/riocarta/.vercel/output/static/preview/rascunhos/smoke-202607150900-sana-reggae-festival-celebra-15-anos-com-edicao-historica-em-macae: Set directory modification time (using SetModTime)
2026/08/08 19:52:01 INFO  : sites-v4/riocarta/dist/client/preview/rascunhos/smoke-202607140900-posto-de-saude-do-sambura-e-invadido-e-tem-tablets-furtados-em-cabo-frio: Set directory modification time (using SetModTime)
2026/08/08 19:52:01 INFO  : sites-v4/riocarta/.vercel/output/static/preview/rascunhos/smoke-202607150900-santa-teresa-tera-2a-edicao-do-sao-joao-com-arraial-no-parque-gloria-maria: Set directory modification time (using SetModTime)
2026/08/08 19:52:01 INFO  : sites-v4/riocarta/dist/client/preview/rascunhos/smoke-202607140900-rio-das-ostras-jazz-blues-festival-divulga-programacao-completa-com-novidades: Set directory modification time (using SetModTime)
2026/08/08 19:52:01 INFO  : sites-v4/riocarta/.vercel/output/static/preview/rascunhos/smoke-202607150900-sao-goncalo-amplia-vacina-contra-gripe-desde-6-meses: Set directory modification time (using SetModTime)
2026/08/08 19:52:02 INFO  : sites-v4/riocarta/dist/client/preview/rascunhos/smoke-202607140900-stj-exige-aprovacao-de-moradores-para-airbnb-em-condominios: Set directory modification time (using SetModTime)
2026/08/08 19:52:02 INFO  : sites-v4/riocarta/.vercel/output/static/preview/rascunhos/smoke-202607170900-cemiterio-de-duque-de-caxias-esta-sob-investigacao-policia: Set directory modification time (using SetModTime)
2026/08/08 19:52:03 INFO  : sites-v4/riocarta/dist/client/preview/rascunhos/smoke-202607140900-study-shows-that-violence-violates-the-right-to-education-in-rio-de-janeiro-more-shots-fewer-cla: Set directory modification time (using SetModTime)
2026/08/08 19:52:03 INFO  : sites-v4/riocarta/.vercel/output/static/preview/rascunhos/smoke-202607170900-concurso-para-a-camara-de-saquarema-entra-na-ultima-semana-de-inscricoes: Set directory modification time (using SetModTime)
2026/08/08 19:52:03 INFO  : sites-v4/riocarta/dist/client/preview/rascunhos/smoke-202607140900-tribuna-cast-desta-quarta-recebe-o-produtor-pablo-castellar-para-falar-sobre-cultura-e-o-legado: Set directory modification time (using SetModTime)
2026/08/08 19:52:03 INFO  : sites-v4/riocarta/.vercel/output/static/preview/rascunhos/smoke-202607170900-critical-urban-park-in-rio-de-janeiros-north-zone-is-at-risk-of-disappearing-after-decades-of-go: Set directory modification time (using SetModTime)
2026/08/08 19:52:04 INFO  : sites-v4/riocarta/dist/client/preview/rascunhos/smoke-202607140900-unimed-amplia-rede-de-tratamento-oncologico-no-rio-com-parceria-da-rede-americas: Set directory modification time (using SetModTime)
2026/08/08 19:52:04 INFO  : sites-v4/riocarta/.vercel/output/static/preview/rascunhos/smoke-202607170900-douglas-ruas-defende-atuacao-na-secretaria-das-cidades-e-assume-pauta-do-equilibrio-fiscal: Set directory modification time (using SetModTime)
2026/08/08 19:52:04 INFO  : sites-v4/riocarta/dist/client/preview/rascunhos/smoke-202607150900-10-years-later-rio-2016-olympics-served-to-consolidate-speculative-plan-rejected-by-pioneering-b: Set directory modification time (using SetModTime)
2026/08/08 19:52:04 INFO  : sites-v4/riocarta/.vercel/output/static/preview/rascunhos/smoke-202607170900-edson-gomes-sera-atracao-do-sana-reggae-festival-no-distrito-de-macae: Set directory modification time (using SetModTime)
2026/08/08 19:52:05 INFO  : sites-v4/riocarta/dist/client/preview/rascunhos/smoke-202607150900-criminosos-assaltam-onibus-na-linha-vermelha-e-levam-ate-cinzas: Set directory modification time (using SetModTime)
2026/08/08 19:52:05 INFO  : sites-v4/riocarta/.vercel/output/static/preview/rascunhos/smoke-202607170900-homem-e-preso-por-estupro-de-vulneravel-contra-a-propria-neta-em-rio-das-ostras: Set directory modification time (using SetModTime)
2026/08/08 19:52:06 INFO  : sites-v4/riocarta/.vercel/output/static/preview/rascunhos/smoke-202607170900-maio-amarelo-criancas-aprendem-seguranca-no-transito-na-quinta-da-boa-vista: Set directory modification time (using SetModTime)
2026/08/08 19:52:07 INFO  : sites-v4/riocarta/dist/client/preview/rascunhos/smoke-202607150900-douglas-ruas-faz-aceno-aos-cortes-de-ricardo-couto-no-governo-do-rio-todas-as-medidas-para-enxug: Set directory modification time (using SetModTime)
2026/08/08 19:52:08 INFO  : sites-v4/riocarta/dist/client/preview/rascunhos/smoke-202607150900-golpe-do-treino-expoe-falhas-em-condominios-de-niteroi: Set directory modification time (using SetModTime)
2026/08/08 19:52:10 INFO  : sites-v4/riocarta/dist/client/preview/rascunhos/smoke-202607150900-humorista-felipe-ferreira-apresenta-o-stand-up-show-novo-na-sala-nelson-pereira-dos-santos-em-ni: Set directory modification time (using SetModTime)
2026/08/08 19:52:19 INFO  : sites-v4/riocarta/.vercel/output/static/preview/rascunhos/smoke-202607170900-marvvila-reuniu-mais-de-5-mil-pessoas-no-amanda-em-casa-na-copa-em-macae: Set directory modification time (using SetModTime)
2026/08/08 19:52:23 INFO  : sites-v4/riocarta/dist/client/preview/rascunhos/smoke-202607150900-justica-concede-liberdade-a-mc-poze: Set directory modification time (using SetModTime)
2026/08/08 19:52:24 INFO  : sites-v4/riocarta/dist/client/preview/rascunhos/smoke-202607150900-mp-move-acao-contra-mae-do-prefeito-de-porto-real-por-dano-ambiental: Set directory modification time (using SetModTime)
2026/08/08 19:52:25 INFO  : sites-v4/riocarta/.vercel/output/static/preview/rascunhos/smoke-202607170900-paraty-ganha-novo-polo-integrado-da-fundacao-cecierj: Set directory modification time (using SetModTime)
2026/08/08 19:52:27 INFO  : sites-v4/riocarta/.vercel/output/static/preview/rascunhos/smoke-202607170900-sao-goncalo-leva-defesa-civil-as-escolas-da-rede: Set directory modification time (using SetModTime)
2026/08/08 19:52:28 INFO  : sites-v4/riocarta/.vercel/output/static/preview/rascunhos/smoke-202607170900-terreiros-do-rio-celebram-pretos-velhos-com-giras-e-feijoadas: Set directory modification time (using SetModTime)
2026/08/08 19:52:29 INFO  : sites-v4/riocarta/.vercel/output/static/preview/rascunhos/smoke-202607170900-visiting-rio-before-july-30th-dont-miss-favela-climate-memory-exhibition-at-the-favela-museum-ov: Set directory modification time (using SetModTime)
2026/08/08 19:52:29 INFO  : sites-v4/riocarta/.vercel/output/static/preview/rascunhos/smoke-202607170900-volta-redonda-abre-inscricoes-para-concurso-publico-com-vagas-para-professores: Set directory modification time (using SetModTime)
2026/08/08 19:52:30 INFO  : sites-v4/riocarta/.vercel/output/static/preview/rascunhos/smoke-202607180900-barra-do-pirai-sedia-1o-encontro-brasileiro-de-canitrekking: Set directory modification time (using SetModTime)
2026/08/08 19:52:30 INFO  : sites-v4/riocarta/dist/client/preview/rascunhos/smoke-202607150900-operacao-sossego-publico-apreende-13-motocicletas-irregulares-em-sao-vicente-distrito-de-araruam: Set directory modification time (using SetModTime)
2026/08/08 19:52:31 INFO  : sites-v4/riocarta/dist/client/preview/rascunhos/smoke-202607150900-policia-civil-fecha-fabrica-clandestina-de-salgados-em-jacarepagua: Set directory modification time (using SetModTime)
2026/08/08 19:52:31 INFO  : sites-v4/riocarta/.vercel/output/static/preview/rascunhos/smoke-202607180900-camara-de-cabo-frio-debate-castracao-animal-transporte-em-tamoios-e-seguranca-viaria: Set directory modification time (using SetModTime)
2026/08/08 19:52:31 INFO  : sites-v4/riocarta/dist/client/preview/rascunhos/smoke-202607150900-rio-de-janeiro-evictions-museum-celebrates-ten-years-of-art-memory-and-resistance-since-the-olym: Set directory modification time (using SetModTime)
2026/08/08 19:52:32 INFO  : sites-v4/riocarta/.vercel/output/static/preview/rascunhos/smoke-202607180900-comissao-de-cortes-na-alerj-provoca-bate-boca-entre-douglas-ruas-rosenverg-reis-e-marcio-gualber: Set directory modification time (using SetModTime)
2026/08/08 19:52:32 INFO  :    16.065 MiB / 16.065 MiB, 100%, 16.261 KiB/s, ETA 0s
2026/08/08 19:52:32 INFO  : sites-v4/riocarta/dist/client/preview/rascunhos/smoke-202607150900-sana-reggae-festival-celebra-15-anos-com-edicao-historica-em-macae: Set directory modification time (using SetModTime)
2026/08/08 19:52:32 INFO  : sites-v4/riocarta/.vercel/output/static/preview/rascunhos/smoke-202607180900-cruzada-sao-sebastiao70-years-of-public-housing-in-the-heart-of-rio-de-janeiros-upscale-south-zo: Set directory modification time (using SetModTime)
2026/08/08 19:52:33 INFO  : sites-v4/riocarta/dist/client/preview/rascunhos/smoke-202607150900-santa-teresa-tera-2a-edicao-do-sao-joao-com-arraial-no-parque-gloria-maria: Set directory modification time (using SetModTime)
2026/08/08 19:52:33 INFO  : sites-v4/riocarta/.vercel/output/static/preview/rascunhos/smoke-202607180900-eco-ableism-in-favelas-people-with-disabilities-and-atypical-families-speak-out-about-challenges: Set directory modification time (using SetModTime)
2026/08/08 19:52:33 INFO  : sites-v4/riocarta/dist/client/preview/rascunhos/smoke-202607150900-sao-goncalo-amplia-vacina-contra-gripe-desde-6-meses: Set directory modification time (using SetModTime)
2026/08/08 19:52:33 INFO  : sites-v4/riocarta/.vercel/output/static/preview/rascunhos/smoke-202607180900-foragido-da-justica-argentina-procurado-pela-interpol-e-preso-na-regiao-dos-lagos: Set directory modification time (using SetModTime)
2026/08/08 19:52:34 INFO  : sites-v4/riocarta/dist/client/preview/rascunhos/smoke-202607170900-cemiterio-de-duque-de-caxias-esta-sob-investigacao-policia: Set directory modification time (using SetModTime)
2026/08/08 19:52:34 INFO  : sites-v4/riocarta/.vercel/output/static/preview/rascunhos/smoke-202607180900-mesquita-forma-200-mulheres-no-curso-mulheres-conectadas: Set directory modification time (using SetModTime)
2026/08/08 19:52:34 INFO  : sites-v4/riocarta/dist/client/preview/rascunhos/smoke-202607170900-concurso-para-a-camara-de-saquarema-entra-na-ultima-semana-de-inscricoes: Set directory modification time (using SetModTime)
2026/08/08 19:52:35 INFO  : sites-v4/riocarta/dist/client/preview/rascunhos/smoke-202607170900-critical-urban-park-in-rio-de-janeiros-north-zone-is-at-risk-of-disappearing-after-decades-of-go: Set directory modification time (using SetModTime)
2026/08/08 19:52:36 INFO  : sites-v4/riocarta/dist/client/preview/rascunhos/smoke-202607170900-douglas-ruas-defende-atuacao-na-secretaria-das-cidades-e-assume-pauta-do-equilibrio-fiscal: Set directory modification time (using SetModTime)
2026/08/08 19:52:38 INFO  : sites-v4/riocarta/dist/client/preview/rascunhos/smoke-202607170900-edson-gomes-sera-atracao-do-sana-reggae-festival-no-distrito-de-macae: Set directory modification time (using SetModTime)
2026/08/08 19:52:40 INFO  : sites-v4/riocarta/.vercel/output/static/preview/rascunhos/smoke-202607180900-orquestra-sinfonica-de-barra-mansa-apresenta-os-planetas-nesta-quarta: Set directory modification time (using SetModTime)
2026/08/08 19:52:41 INFO  : sites-v4/riocarta/.vercel/output/static/preview/rascunhos/smoke-202607180900-paracambi-avanca-com-obras-e-infraestrutura-urbana: Set directory modification time (using SetModTime)
2026/08/08 19:52:41 INFO  : sites-v4/riocarta/.vercel/output/static/preview/rascunhos/smoke-202607180900-policia-federal-prende-argentino-foragido-em-buzios-apos-alerta-da-interpol: Set directory modification time (using SetModTime)
2026/08/08 19:52:42 INFO  : sites-v4/riocarta/dist/client/preview/rascunhos/smoke-202607170900-homem-e-preso-por-estupro-de-vulneravel-contra-a-propria-neta-em-rio-das-ostras: Set directory modification time (using SetModTime)
2026/08/08 19:52:42 INFO  : sites-v4/riocarta/.vercel/output/static/preview/rascunhos/smoke-202607180900-prefeitura-de-sao-pedro-da-aldeia-abre-inscricoes-para-processo-seletivo-da-secretaria-de-saude: Set directory modification time (using SetModTime)
2026/08/08 19:52:43 INFO  : sites-v4/riocarta/.vercel/output/static/preview/rascunhos/smoke-202607180900-ressaca-com-ondas-de-ate-3-metros-danifica-pier-no-leblon: Set directory modification time (using SetModTime)
2026/08/08 19:52:43 INFO  : sites-v4/riocarta/dist/client/preview/rascunhos/smoke-202607170900-maio-amarelo-criancas-aprendem-seguranca-no-transito-na-quinta-da-boa-vista: Set directory modification time (using SetModTime)
2026/08/08 19:52:43 INFO  : sites-v4/riocarta/dist/client/preview/rascunhos/smoke-202607170900-marvvila-reuniu-mais-de-5-mil-pessoas-no-amanda-em-casa-na-copa-em-macae: Set directory modification time (using SetModTime)
2026/08/08 19:52:43 INFO  : sites-v4/riocarta/.vercel/output/static/preview/rascunhos/smoke-202607180900-world-environment-day-rally-in-rio-de-janeiro-demands-a-sustainable-future-with-thriving-forests: Set directory modification time (using SetModTime)
2026/08/08 19:52:44 INFO  : sites-v4/riocarta/dist/client/preview/rascunhos/smoke-202607170900-paraty-ganha-novo-polo-integrado-da-fundacao-cecierj: Set directory modification time (using SetModTime)
2026/08/08 19:52:44 INFO  : sites-v4/riocarta/.vercel/output/static/preview/rascunhos/smoke-202607190900-a-epica-historia-do-galeao-bombado-e-seu-artilheiro-que-batizaram-um-bairro-do-rio: Set directory modification time (using SetModTime)
2026/08/08 19:52:44 INFO  : sites-v4/riocarta/.vercel/output/static/preview/rascunhos/smoke-202607190900-animais-abandonados-nas-ruas-os-desafios-e-as-responsabilidades-dos-municipios: Set directory modification time (using SetModTime)
2026/08/08 19:52:44 INFO  : sites-v4/riocarta/dist/client/preview/rascunhos/smoke-202607170900-sao-goncalo-leva-defesa-civil-as-escolas-da-rede: Set directory modification time (using SetModTime)
2026/08/08 19:52:45 INFO  : sites-v4/riocarta/dist/client/preview/rascunhos/smoke-202607170900-terreiros-do-rio-celebram-pretos-velhos-com-giras-e-feijoadas: Set directory modification time (using SetModTime)
2026/08/08 19:52:45 INFO  : sites-v4/riocarta/.vercel/output/static/preview/rascunhos/smoke-202607190900-award-winning-middle-school-in-penha-favela-hosts-gardening-collective-action-engaging-passionat: Set directory modification time (using SetModTime)
2026/08/08 19:52:46 INFO  : sites-v4/riocarta/.vercel/output/static/preview/rascunhos/smoke-202607190900-buzios-abre-inscricoes-para-a-paralimpiada-2026: Set directory modification time (using SetModTime)
2026/08/08 19:52:46 INFO  : sites-v4/riocarta/dist/client/preview/rascunhos/smoke-202607170900-visiting-rio-before-july-30th-dont-miss-favela-climate-memory-exhibition-at-the-favela-museum-ov: Set directory modification time (using SetModTime)
2026/08/08 19:52:46 INFO  : sites-v4/riocarta/.vercel/output/static/preview/rascunhos/smoke-202607190900-condominios-minha-casa-minha-vida-do-rj-terao-supercopa-de-futebol-7-veja-como-inscrever-seu-tim: Set directory modification time (using SetModTime)
2026/08/08 19:52:46 INFO  : sites-v4/riocarta/dist/client/preview/rascunhos/smoke-202607170900-volta-redonda-abre-inscricoes-para-concurso-publico-com-vagas-para-professores: Set directory modification time (using SetModTime)
2026/08/08 19:52:47 INFO  : sites-v4/riocarta/dist/client/preview/rascunhos/smoke-202607180900-barra-do-pirai-sedia-1o-encontro-brasileiro-de-canitrekking: Set directory modification time (using SetModTime)
2026/08/08 19:52:48 INFO  : sites-v4/riocarta/.vercel/output/static/preview/rascunhos/smoke-202607190900-demissao-de-funcionaria-em-colegio-do-rio-apos-perda-gestacional-gera-polemica-e-nota-de-repudio: Set directory modification time (using SetModTime)
2026/08/08 19:52:48 INFO  : sites-v4/riocarta/dist/client/preview/rascunhos/smoke-202607180900-camara-de-cabo-frio-debate-castracao-animal-transporte-em-tamoios-e-seguranca-viaria: Set directory modification time (using SetModTime)
2026/08/08 19:52:48 INFO  : sites-v4/riocarta/dist/client/preview/rascunhos/smoke-202607180900-comissao-de-cortes-na-alerj-provoca-bate-boca-entre-douglas-ruas-rosenverg-reis-e-marcio-gualber: Set directory modification time (using SetModTime)
2026/08/08 19:52:48 INFO  : sites-v4/riocarta/.vercel/output/static/preview/rascunhos/smoke-202607190900-dudu-nobre-e-teresa-cristina-sao-destaques-em-comemoracao-dos-212-anos-de-marica: Set directory modification time (using SetModTime)
2026/08/08 19:52:49 INFO  : sites-v4/riocarta/.vercel/output/static/preview/rascunhos/smoke-202607190900-estado-do-rio-inicia-debates-para-fortalecer-agricultura-familiar-e-producao-sustentavel: Set directory modification time (using SetModTime)
2026/08/08 19:52:49 INFO  : sites-v4/riocarta/dist/client/preview/rascunhos/smoke-202607180900-cruzada-sao-sebastiao70-years-of-public-housing-in-the-heart-of-rio-de-janeiros-upscale-south-zo: Set directory modification time (using SetModTime)
2026/08/08 19:52:49 INFO  : sites-v4/riocarta/dist/client/preview/rascunhos/smoke-202607180900-eco-ableism-in-favelas-people-with-disabilities-and-atypical-families-speak-out-about-challenges: Set directory modification time (using SetModTime)
2026/08/08 19:52:50 INFO  : sites-v4/riocarta/.vercel/output/static/preview/rascunhos/smoke-202607190900-justica-eleitoral-impoe-multa-e-proibe-influencer-de-postar-acusacoes-contra-marcelo-freixo: Set directory modification time (using SetModTime)
2026/08/08 19:52:50 INFO  : sites-v4/riocarta/dist/client/preview/rascunhos/smoke-202607180900-foragido-da-justica-argentina-procurado-pela-interpol-e-preso-na-regiao-dos-lagos: Set directory modification time (using SetModTime)
2026/08/08 19:52:50 INFO  : sites-v4/riocarta/.vercel/output/static/preview/rascunhos/smoke-202607190900-policia-civil-cria-coordenadoria-especializada-para-operacoes-com-drones-no-rio: Set directory modification time (using SetModTime)
2026/08/08 19:52:51 INFO  : sites-v4/riocarta/dist/client/preview/rascunhos/smoke-202607180900-mesquita-forma-200-mulheres-no-curso-mulheres-conectadas: Set directory modification time (using SetModTime)
2026/08/08 19:52:51 INFO  : sites-v4/riocarta/.vercel/output/static/preview/rascunhos/smoke-202607190900-predio-irregular-de-sete-andares-avaliado-em-r-1-5-milhao-e-demolido-no-vidigal: Set directory modification time (using SetModTime)
2026/08/08 19:52:51 INFO  : sites-v4/riocarta/dist/client/preview/rascunhos/smoke-202607180900-orquestra-sinfonica-de-barra-mansa-apresenta-os-planetas-nesta-quarta: Set directory modification time (using SetModTime)
2026/08/08 19:52:51 INFO  : sites-v4/riocarta/.vercel/output/static/preview/rascunhos/smoke-202607190900-prefeitura-segue-com-a-implantacao-de-sistema-inteligente-de-videomonitoramento-em-itatiaia: Set directory modification time (using SetModTime)
2026/08/08 19:52:52 INFO  : sites-v4/riocarta/.vercel/output/static/preview/rascunhos/smoke-202607190900-volta-redonda-realiza-nova-edicao-do-ciencia-no-zoo-neste-domingo: Set directory modification time (using SetModTime)
2026/08/08 19:52:52 INFO  : sites-v4/riocarta/dist/client/preview/rascunhos/smoke-202607180900-paracambi-avanca-com-obras-e-infraestrutura-urbana: Set directory modification time (using SetModTime)
2026/08/08 19:52:52 INFO  : sites-v4/riocarta/dist/client/preview/rascunhos/smoke-202607180900-policia-federal-prende-argentino-foragido-em-buzios-apos-alerta-da-interpol: Set directory modification time (using SetModTime)
2026/08/08 19:52:52 INFO  : sites-v4/riocarta/.vercel/output/static/preview/rascunhos/smoke-202607200900-alerj-recebe-solenidade-em-homenagem-a-advocacia-negra-e-defensores-dos-direitos-humanos: Set directory modification time (using SetModTime)
2026/08/08 19:52:53 INFO  : sites-v4/riocarta/.vercel/output/static/preview/rascunhos/smoke-202607200900-bm-dnit-preve-concluir-obras-na-rua-eduardo-junqueira-ate-junho: Set directory modification time (using SetModTime)
2026/08/08 19:52:53 INFO  : sites-v4/riocarta/dist/client/preview/rascunhos/smoke-202607180900-prefeitura-de-sao-pedro-da-aldeia-abre-inscricoes-para-processo-seletivo-da-secretaria-de-saude: Set directory modification time (using SetModTime)
2026/08/08 19:52:54 INFO  : sites-v4/riocarta/.vercel/output/static/preview/rascunhos/smoke-202607200900-campos-amplia-telemedicina-para-comunidades-quilombolas: Set directory modification time (using SetModTime)
2026/08/08 19:52:54 INFO  : sites-v4/riocarta/dist/client/preview/rascunhos/smoke-202607180900-ressaca-com-ondas-de-ate-3-metros-danifica-pier-no-leblon: Set directory modification time (using SetModTime)
2026/08/08 19:52:54 INFO  : sites-v4/riocarta/dist/client/preview/rascunhos/smoke-202607180900-world-environment-day-rally-in-rio-de-janeiro-demands-a-sustainable-future-with-thriving-forests: Set directory modification time (using SetModTime)
2026/08/08 19:52:54 INFO  : sites-v4/riocarta/.vercel/output/static/preview/rascunhos/smoke-202607200900-conecta-mudes-oferece-mais-de-350-vagas-no-terminal-gentileza: Set directory modification time (using SetModTime)
2026/08/08 19:52:55 INFO  : sites-v4/riocarta/dist/client/preview/rascunhos/smoke-202607190900-a-epica-historia-do-galeao-bombado-e-seu-artilheiro-que-batizaram-um-bairro-do-rio: Set directory modification time (using SetModTime)
2026/08/08 19:52:55 INFO  : sites-v4/riocarta/.vercel/output/static/preview/rascunhos/smoke-202607200900-e-gratis-cacique-de-ramos-celebra-150a-edicao-de-tradicional-feijoada: Set directory modification time (using SetModTime)
2026/08/08 19:52:55 INFO  : sites-v4/riocarta/dist/client/preview/rascunhos/smoke-202607190900-animais-abandonados-nas-ruas-os-desafios-e-as-responsabilidades-dos-municipios: Set directory modification time (using SetModTime)
2026/08/08 19:52:55 INFO  : sites-v4/riocarta/.vercel/output/static/preview/rascunhos/smoke-202607200900-festa-do-divino-comeca-nesta-sexta-feira-em-angra-dos-reis: Set directory modification time (using SetModTime)
2026/08/08 19:52:56 INFO  : sites-v4/riocarta/.vercel/output/static/preview/rascunhos/smoke-202607200900-galeao-cresce-23-6-e-entra-no-top-10-dos-aeroportos-mais-movimentados-da-america-latina: Set directory modification time (using SetModTime)
2026/08/08 19:52:56 INFO  : sites-v4/riocarta/dist/client/preview/rascunhos/smoke-202607190900-award-winning-middle-school-in-penha-favela-hosts-gardening-collective-action-engaging-passionat: Set directory modification time (using SetModTime)
2026/08/08 19:52:57 INFO  : sites-v4/riocarta/.vercel/output/static/preview/rascunhos/smoke-202607200900-operacao-no-galeao-2-3-mil-camisas-de-futebol-falsificadas-sao-apreendidas: Set directory modification time (using SetModTime)
2026/08/08 19:52:57 INFO  : sites-v4/riocarta/dist/client/preview/rascunhos/smoke-202607190900-buzios-abre-inscricoes-para-a-paralimpiada-2026: Set directory modification time (using SetModTime)
2026/08/08 19:52:57 INFO  : sites-v4/riocarta/.vercel/output/static/preview/rascunhos/smoke-202607200900-orgao-especial-do-tj-rj-vota-remocao-de-juizes-com-48-vagas-abertas: Set directory modification time (using SetModTime)
2026/08/08 19:52:57 INFO  : sites-v4/riocarta/dist/client/preview/rascunhos/smoke-202607190900-condominios-minha-casa-minha-vida-do-rj-terao-supercopa-de-futebol-7-veja-como-inscrever-seu-tim: Set directory modification time (using SetModTime)
2026/08/08 19:52:58 INFO  : sites-v4/riocarta/.vercel/output/static/preview/rascunhos/smoke-202607200900-padroeiro-do-flamengo-ganhara-monumento-praca-sao-judas-tadeu-tera-imagem-do-santo: Set directory modification time (using SetModTime)
2026/08/08 19:52:58 INFO  : sites-v4/riocarta/dist/client/preview/rascunhos/smoke-202607190900-demissao-de-funcionaria-em-colegio-do-rio-apos-perda-gestacional-gera-polemica-e-nota-de-repudio: Set directory modification time (using SetModTime)
2026/08/08 19:52:58 INFO  : sites-v4/riocarta/dist/client/preview/rascunhos/smoke-202607190900-dudu-nobre-e-teresa-cristina-sao-destaques-em-comemoracao-dos-212-anos-de-marica: Set directory modification time (using SetModTime)
2026/08/08 19:52:59 INFO  : sites-v4/riocarta/.vercel/output/static/preview/rascunhos/smoke-202607200900-pcb-define-apoio-a-guilherme-boulos-do-psol: Set directory modification time (using SetModTime)
2026/08/08 19:52:59 INFO  : sites-v4/riocarta/dist/client/preview/rascunhos/smoke-202607190900-estado-do-rio-inicia-debates-para-fortalecer-agricultura-familiar-e-producao-sustentavel: Set directory modification time (using SetModTime)
2026/08/08 19:52:59 INFO  : sites-v4/riocarta/.vercel/output/static/preview/rascunhos/smoke-202607200900-restinga-do-pecado-em-macae-recebe-recuperacao-ambiental-com-projeto: Set directory modification time (using SetModTime)
2026/08/08 19:53:00 INFO  : sites-v4/riocarta/.vercel/output/static/preview/rascunhos/smoke-202607200900-rio-amplia-acao-contra-fraude-em-combustivel: Set directory modification time (using SetModTime)
2026/08/08 19:53:00 INFO  : sites-v4/riocarta/dist/client/preview/rascunhos/smoke-202607190900-justica-eleitoral-impoe-multa-e-proibe-influencer-de-postar-acusacoes-contra-marcelo-freixo: Set directory modification time (using SetModTime)
2026/08/08 19:53:00 INFO  : sites-v4/riocarta/dist/client/preview/rascunhos/smoke-202607190900-policia-civil-cria-coordenadoria-especializada-para-operacoes-com-drones-no-rio: Set directory modification time (using SetModTime)
2026/08/08 19:53:01 INFO  : sites-v4/riocarta/dist/client/preview/rascunhos/smoke-202607190900-predio-irregular-de-sete-andares-avaliado-em-r-1-5-milhao-e-demolido-no-vidigal: Set directory modification time (using SetModTime)
2026/08/08 19:53:02 INFO  : sites-v4/riocarta/dist/client/preview/rascunhos/smoke-202607190900-prefeitura-segue-com-a-implantacao-de-sistema-inteligente-de-videomonitoramento-em-itatiaia: Set directory modification time (using SetModTime)
2026/08/08 19:53:02 INFO  : sites-v4/riocarta/dist/client/preview/rascunhos/smoke-202607190900-volta-redonda-realiza-nova-edicao-do-ciencia-no-zoo-neste-domingo: Set directory modification time (using SetModTime)
2026/08/08 19:53:03 INFO  : sites-v4/riocarta/dist/client/preview/rascunhos/smoke-202607200900-alerj-recebe-solenidade-em-homenagem-a-advocacia-negra-e-defensores-dos-direitos-humanos: Set directory modification time (using SetModTime)
2026/08/08 19:53:03 INFO  : sites-v4/riocarta/dist/client/preview/rascunhos/smoke-202607200900-bm-dnit-preve-concluir-obras-na-rua-eduardo-junqueira-ate-junho: Set directory modification time (using SetModTime)
2026/08/08 19:53:04 INFO  : sites-v4/riocarta/dist/client/preview/rascunhos/smoke-202607200900-campos-amplia-telemedicina-para-comunidades-quilombolas: Set directory modification time (using SetModTime)
2026/08/08 19:53:05 INFO  : sites-v4/riocarta/dist/client/preview/rascunhos/smoke-202607200900-conecta-mudes-oferece-mais-de-350-vagas-no-terminal-gentileza: Set directory modification time (using SetModTime)
2026/08/08 19:53:05 INFO  : sites-v4/riocarta/dist/client/preview/rascunhos/smoke-202607200900-e-gratis-cacique-de-ramos-celebra-150a-edicao-de-tradicional-feijoada: Set directory modification time (using SetModTime)
2026/08/08 19:53:06 INFO  : sites-v4/riocarta/dist/client/preview/rascunhos/smoke-202607200900-festa-do-divino-comeca-nesta-sexta-feira-em-angra-dos-reis: Set directory modification time (using SetModTime)
2026/08/08 19:53:07 INFO  : sites-v4/riocarta/dist/client/preview/rascunhos/smoke-202607200900-galeao-cresce-23-6-e-entra-no-top-10-dos-aeroportos-mais-movimentados-da-america-latina: Set directory modification time (using SetModTime)
2026/08/08 19:53:32 INFO  :    16.065 MiB / 16.065 MiB, 100%, 16.261 KiB/s, ETA 0s
2026/08/08 19:54:32 INFO  :    16.065 MiB / 16.065 MiB, 100%, 16.261 KiB/s, ETA 0s
2026/08/08 19:55:32 INFO  :    16.065 MiB / 16.065 MiB, 100%, 16.261 KiB/s, ETA 0s
2026/08/08 19:55:47 INFO  : sites-v4/riocarta/dist/client/preview/rascunhos/smoke-202607200900-operacao-no-galeao-2-3-mil-camisas-de-futebol-falsificadas-sao-apreendidas: Set directory modification time (using SetModTime)
2026/08/08 19:55:48 INFO  : sites-v4/riocarta/dist/client/preview/rascunhos/smoke-202607200900-orgao-especial-do-tj-rj-vota-remocao-de-juizes-com-48-vagas-abertas: Set directory modification time (using SetModTime)
2026/08/08 19:55:48 INFO  : sites-v4/riocarta/dist/client/preview/rascunhos/smoke-202607200900-padroeiro-do-flamengo-ganhara-monumento-praca-sao-judas-tadeu-tera-imagem-do-santo: Set directory modification time (using SetModTime)
2026/08/08 19:55:49 INFO  : sites-v4/riocarta/dist/client/preview/rascunhos/smoke-202607200900-pcb-define-apoio-a-guilherme-boulos-do-psol: Set directory modification time (using SetModTime)
2026/08/08 19:55:50 INFO  : sites-v4/riocarta/dist/client/preview/rascunhos/smoke-202607200900-restinga-do-pecado-em-macae-recebe-recuperacao-ambiental-com-projeto: Set directory modification time (using SetModTime)
2026/08/08 19:55:50 INFO  : sites-v4/riocarta/dist/client/preview/rascunhos/smoke-202607200900-rio-amplia-acao-contra-fraude-em-combustivel: Set directory modification time (using SetModTime)
2026/08/08 19:56:32 INFO  :    16.065 MiB / 16.065 MiB, 100%, 16.261 KiB/s, ETA 0s
2026/08/08 19:57:32 INFO  :    16.065 MiB / 16.065 MiB, 100%, 16.261 KiB/s, ETA 0s
2026/08/08 19:58:32 INFO  :    16.065 MiB / 16.065 MiB, 100%, 16.261 KiB/s, ETA 0s
2026/08/08 19:59:32 INFO  :    16.065 MiB / 16.065 MiB, 100%, 16.261 KiB/s, ETA 0s
2026/08/08 20:00:32 INFO  :    16.065 MiB / 16.065 MiB, 100%, 16.261 KiB/s, ETA 0s
2026/08/08 20:00:55 INFO  : sites-v4/discoverbrazil/.git/logs/refs/remotes/origin: Set directory modification time (using SetModTime)
2026/08/08 20:00:55 INFO  : sites-v4/mundotrilhos/.git/logs/refs/remotes/origin: Set directory modification time (using SetModTime)
2026/08/08 20:00:55 INFO  : sites-v4/globalsouth/.git/logs/refs/remotes/origin: Set directory modification time (using SetModTime)
2026/08/08 20:00:55 INFO  : sites-v4/aiatolah/.git/logs/refs/remotes/origin: Set directory modification time (using SetModTime)
2026/08/08 20:00:55 INFO  : sites-v4/railpost/.git/logs/refs/remotes/origin: Set directory modification time (using SetModTime)
2026/08/08 20:00:55 INFO  : sites-v4/mapario/.git/logs/refs/remotes/origin: Set directory modification time (using SetModTime)
2026/08/08 20:00:55 INFO  : sites-v4/ceara/.git/logs/refs/remotes/origin: Set directory modification time (using SetModTime)
2026/08/08 20:00:55 INFO  : sites-v4/riocarta/.git/logs/refs/remotes/origin: Set directory modification time (using SetModTime)
2026/08/08 20:00:56 INFO  : sites-v4/ceara/.git/logs/refs/remotes: Set directory modification time (using SetModTime)
2026/08/08 20:00:56 INFO  : sites-v4/discoverbrazil/.git/logs/refs/remotes: Set directory modification time (using SetModTime)
2026/08/08 20:00:56 INFO  : sites-v4/aiatolah/.git/logs/refs/heads: Set directory modification time (using SetModTime)
2026/08/08 20:00:56 INFO  : sites-v4/aiatolah/.git/logs/refs/remotes: Set directory modification time (using SetModTime)
2026/08/08 20:00:56 INFO  : sites-v4/mapario/.git/logs/refs/remotes: Set directory modification time (using SetModTime)
2026/08/08 20:00:56 INFO  : sites-v4/discoverbrazil/.git/logs/refs/heads: Set directory modification time (using SetModTime)
2026/08/08 20:00:56 INFO  : sites-v4/mapario/.git/logs/refs/heads: Set directory modification time (using SetModTime)
2026/08/08 20:00:56 INFO  : sites-v4/ceara/.git/logs/refs/heads: Set directory modification time (using SetModTime)
2026/08/08 20:00:57 INFO  : sites-v4/riocarta/.git/logs/refs/remotes: Set directory modification time (using SetModTime)
2026/08/08 20:00:57 INFO  : sites-v4/globalsouth/.git/logs/refs/heads: Set directory modification time (using SetModTime)
2026/08/08 20:00:57 INFO  : sites-v4/globalsouth/.git/logs/refs/remotes: Set directory modification time (using SetModTime)
2026/08/08 20:00:57 INFO  : sites-v4/railpost/.git/logs/refs/remotes: Set directory modification time (using SetModTime)
2026/08/08 20:00:57 INFO  : sites-v4/riocarta/.git/logs/refs/heads: Set directory modification time (using SetModTime)
2026/08/08 20:00:57 INFO  : sites-v4/mundotrilhos/.git/logs/refs/heads: Set directory modification time (using SetModTime)
2026/08/08 20:00:57 INFO  : sites-v4/railpost/.git/logs/refs/heads: Set directory modification time (using SetModTime)
2026/08/08 20:00:57 INFO  : sites-v4/mundotrilhos/.git/logs/refs/remotes: Set directory modification time (using SetModTime)
2026/08/08 20:00:57 INFO  : sites-v4/globalsouth/.git/refs/remotes/origin: Set directory modification time (using SetModTime)
2026/08/08 20:00:57 INFO  : sites-v4/ceara/.git/refs/remotes/origin: Set directory modification time (using SetModTime)
2026/08/08 20:00:57 INFO  : sites-v4/mapario/.git/refs/remotes/origin: Set directory modification time (using SetModTime)
2026/08/08 20:00:57 INFO  : sites-v4/discoverbrazil/.git/refs/remotes/origin: Set directory modification time (using SetModTime)
2026/08/08 20:00:57 INFO  : sites-v4/railpost/.git/refs/remotes/origin: Set directory modification time (using SetModTime)
2026/08/08 20:00:57 INFO  : sites-v4/aiatolah/.git/refs/remotes/origin: Set directory modification time (using SetModTime)
2026/08/08 20:00:57 INFO  : sites-v4/riocarta/.git/refs/remotes/origin: Set directory modification time (using SetModTime)
2026/08/08 20:00:57 INFO  : sites-v4/mundotrilhos/.git/refs/remotes/origin: Set directory modification time (using SetModTime)
2026/08/08 20:00:58 INFO  : sites-v4/aiatolah/src/pages/en/posts: Set directory modification time (using SetModTime)
2026/08/08 20:00:59 INFO  : sites-v4/aiatolah/src/pages/pt/posts: Set directory modification time (using SetModTime)
2026/08/08 20:01:00 INFO  : sites-v4/discoverbrazil/.git/objects/06: Set directory modification time (using SetModTime)
2026/08/08 20:01:00 INFO  : sites-v4/discoverbrazil/.git/objects/0b: Set directory modification time (using SetModTime)
2026/08/08 20:01:00 INFO  : sites-v4/mapario/.git/logs/refs: Set directory modification time (using SetModTime)
2026/08/08 20:01:01 INFO  : sites-v4/mundotrilhos/.git/logs/refs: Set directory modification time (using SetModTime)
2026/08/08 20:01:01 INFO  : sites-v4/discoverbrazil/.git/objects/0e: Set directory modification time (using SetModTime)
2026/08/08 20:01:01 INFO  : sites-v4/aiatolah/.git/logs/refs: Set directory modification time (using SetModTime)
2026/08/08 20:01:01 INFO  : sites-v4/ceara/.git/objects/07: Set directory modification time (using SetModTime)
2026/08/08 20:01:01 INFO  : sites-v4/discoverbrazil/.git/objects/18: Set directory modification time (using SetModTime)
2026/08/08 20:01:02 INFO  : sites-v4/aiatolah/.git/objects/00: Set directory modification time (using SetModTime)
2026/08/08 20:01:04 INFO  : sites-v4/ceara/.git/logs/refs: Set directory modification time (using SetModTime)
2026/08/08 20:01:05 INFO  : sites-v4/ceara/.git/objects/0d: Set directory modification time (using SetModTime)
2026/08/08 20:01:06 INFO  : sites-v4/discoverbrazil/.git/objects/39: Set directory modification time (using SetModTime)
2026/08/08 20:01:06 INFO  : sites-v4/aiatolah/.git/objects/06: Set directory modification time (using SetModTime)
2026/08/08 20:01:09 INFO  : sites-v4/discoverbrazil/.git/objects/0a: Set directory modification time (using SetModTime)
2026/08/08 20:01:10 INFO  : sites-v4/discoverbrazil/.git/objects/3c: Set directory modification time (using SetModTime)
2026/08/08 20:01:21 INFO  : sites-v4/railpost/.git/logs/refs: Set directory modification time (using SetModTime)
2026/08/08 20:01:29 INFO  : sites-v4/globalsouth/.git/logs/refs: Set directory modification time (using SetModTime)
2026/08/08 20:01:30 INFO  : sites-v4/mapario/.git/objects/22: Set directory modification time (using DirSetModTime)
2026/08/08 20:01:30 INFO  : sites-v4/globalsouth/.git/objects/03: Set directory modification time (using SetModTime)
2026/08/08 20:01:31 INFO  : sites-v4/discoverbrazil/.git/objects/38: Set directory modification time (using SetModTime)
2026/08/08 20:01:31 INFO  : sites-v4/ceara/.git/objects/0e: Set directory modification time (using SetModTime)
2026/08/08 20:01:31 INFO  : sites-v4/aiatolah/.git/objects/07: Set directory modification time (using SetModTime)
2026/08/08 20:01:31 INFO  : sites-v4/ceara/.git/objects/0b: Set directory modification time (using SetModTime)
2026/08/08 20:01:31 INFO  : sites-v4/ceara/.git/objects/00: Set directory modification time (using SetModTime)
2026/08/08 20:01:31 INFO  : sites-v4/discoverbrazil/.git/logs/refs: Set directory modification time (using SetModTime)
2026/08/08 20:01:31 INFO  : sites-v4/ceara/.git/objects/13: Set directory modification time (using SetModTime)
2026/08/08 20:01:31 INFO  : sites-v4/discoverbrazil/.git/objects/40: Set directory modification time (using SetModTime)
2026/08/08 20:01:31 INFO  : sites-v4/aiatolah/.git/objects/0a: Set directory modification time (using SetModTime)
2026/08/08 20:01:31 INFO  : sites-v4/aiatolah/.git/objects/15: Set directory modification time (using SetModTime)
2026/08/08 20:01:31 INFO  : sites-v4/mapario/.git/objects/2c: Set directory modification time (using SetModTime)
2026/08/08 20:01:31 INFO  : sites-v4/discoverbrazil/.git/objects/43: Set directory modification time (using SetModTime)
2026/08/08 20:01:32 INFO  : sites-v4/mapario/.git/objects/2f: Set directory modification time (using SetModTime)
2026/08/08 20:01:32 INFO  : sites-v4/globalsouth/.git/objects/06: Set directory modification time (using SetModTime)
2026/08/08 20:01:32 INFO  : sites-v4/mapario/.git/objects/4c: Set directory modification time (using SetModTime)
2026/08/08 20:01:32 INFO  : sites-v4/aiatolah/.git/objects/1a: Set directory modification time (using SetModTime)
2026/08/08 20:01:32 INFO  : sites-v4/globalsouth/.git/objects/0d: Set directory modification time (using SetModTime)
2026/08/08 20:01:32 INFO  : sites-v4/mapario/.git/objects/0e: Set directory modification time (using SetModTime)
2026/08/08 20:01:32 INFO  :    16.065 MiB / 16.065 MiB, 100%, 16.261 KiB/s, ETA 0s
2026/08/08 20:01:32 INFO  : sites-v4/aiatolah/.git/objects/23: Set directory modification time (using SetModTime)
2026/08/08 20:01:32 INFO  : sites-v4/discoverbrazil/.git/objects/4f: Set directory modification time (using SetModTime)
2026/08/08 20:01:32 INFO  : sites-v4/mapario/.git/objects/7e: Set directory modification time (using SetModTime)
2026/08/08 20:01:32 INFO  : sites-v4/globalsouth/.git/objects/0f: Set directory modification time (using SetModTime)
2026/08/08 20:01:32 INFO  : sites-v4/aiatolah/.git/objects/25: Set directory modification time (using SetModTime)
2026/08/08 20:01:33 INFO  : sites-v4/discoverbrazil/.git/objects/58: Set directory modification time (using SetModTime)
2026/08/08 20:01:33 INFO  : sites-v4/globalsouth/.git/objects/10: Set directory modification time (using SetModTime)
2026/08/08 20:01:33 INFO  : sites-v4/aiatolah/.git/objects/40: Set directory modification time (using SetModTime)
2026/08/08 20:01:33 INFO  : sites-v4/mapario/.git/objects/92: Set directory modification time (using SetModTime)
2026/08/08 20:01:33 INFO  : sites-v4/discoverbrazil/.git/objects/4c: Set directory modification time (using SetModTime)
2026/08/08 20:01:33 INFO  : sites-v4/ceara/.git/objects/27: Set directory modification time (using SetModTime)
2026/08/08 20:01:33 INFO  : sites-v4/discoverbrazil/.git/objects/56: Set directory modification time (using DirSetModTime)
2026/08/08 20:01:33 INFO  : sites-v4/aiatolah/.git/objects/50: Set directory modification time (using DirSetModTime)
2026/08/08 20:01:33 INFO  : sites-v4/discoverbrazil/.git/objects/5d: Set directory modification time (using SetModTime)
2026/08/08 20:01:33 INFO  : sites-v4/mapario/.git/objects/a3: Set directory modification time (using SetModTime)
2026/08/08 20:01:33 INFO  : sites-v4/globalsouth/.git/objects/15: Set directory modification time (using SetModTime)
2026/08/08 20:01:34 INFO  : sites-v4/mapario/.git/objects/c8: Set directory modification time (using SetModTime)
2026/08/08 20:01:34 INFO  : sites-v4/aiatolah/.git/objects/55: Set directory modification time (using SetModTime)
2026/08/08 20:01:34 INFO  : sites-v4/globalsouth/.git/objects/1a: Set directory modification time (using SetModTime)
2026/08/08 20:01:34 INFO  : sites-v4/discoverbrazil/.git/objects/60: Set directory modification time (using SetModTime)
2026/08/08 20:01:34 INFO  : sites-v4/aiatolah/.git/objects/5a: Set directory modification time (using SetModTime)
2026/08/08 20:01:34 INFO  : sites-v4/discoverbrazil/.git/objects/6c: Set directory modification time (using SetModTime)
2026/08/08 20:01:34 INFO  : sites-v4/discoverbrazil/.git/objects/6f: Set directory modification time (using DirSetModTime)
2026/08/08 20:01:34 INFO  : sites-v4/globalsouth/.git/objects/1c: Set directory modification time (using SetModTime)
2026/08/08 20:01:34 INFO  : sites-v4/riocarta/.git/logs/refs: Set directory modification time (using SetModTime)
2026/08/08 20:01:35 INFO  : sites-v4/discoverbrazil/.git/refs/remotes: Set directory modification time (using SetModTime)
2026/08/08 20:01:35 INFO  : sites-v4/ceara/.git/objects/47: Set directory modification time (using SetModTime)
2026/08/08 20:01:35 INFO  : sites-v4/discoverbrazil/.git/objects/90: Set directory modification time (using DirSetModTime)
2026/08/08 20:01:35 INFO  : sites-v4/aiatolah/.git/objects/65: Set directory modification time (using SetModTime)
2026/08/08 20:01:35 INFO  : sites-v4/discoverbrazil/.git/objects/96: Set directory modification time (using SetModTime)
2026/08/08 20:01:35 INFO  : sites-v4/globalsouth/.git/objects/22: Set directory modification time (using SetModTime)
2026/08/08 20:01:36 INFO  : sites-v4/aiatolah/.git/objects/74: Set directory modification time (using SetModTime)
2026/08/08 20:01:36 INFO  : sites-v4/globalsouth/.git/objects/28: Set directory modification time (using SetModTime)
2026/08/08 20:01:37 INFO  : sites-v4/ceara/.git/refs/heads: Set directory modification time (using SetModTime)
2026/08/08 20:01:37 INFO  : sites-v4/aiatolah/.git/refs/heads: Set directory modification time (using SetModTime)
2026/08/08 20:01:37 INFO  : sites-v4/discoverbrazil/.git/objects/9b: Set directory modification time (using SetModTime)
2026/08/08 20:01:38 INFO  : sites-v4/ceara/.git/objects/4a: Set directory modification time (using SetModTime)
2026/08/08 20:01:38 INFO  : sites-v4/aiatolah/.git/objects/76: Set directory modification time (using SetModTime)
2026/08/08 20:01:38 INFO  : sites-v4/globalsouth/.git/objects/29: Set directory modification time (using SetModTime)
2026/08/08 20:01:38 INFO  : sites-v4/ceara/.git/objects/4e: Set directory modification time (using SetModTime)
2026/08/08 20:01:38 INFO  : sites-v4/aiatolah/.git/refs/remotes: Set directory modification time (using SetModTime)
2026/08/08 20:01:38 INFO  : sites-v4/ceara/.git/objects/48: Set directory modification time (using SetModTime)
2026/08/08 20:01:38 INFO  : sites-v4/aiatolah/.git/objects/59: Set directory modification time (using SetModTime)
2026/08/08 20:01:38 INFO  : sites-v4/discoverbrazil/.git/objects/8e: Set directory modification time (using SetModTime)
2026/08/08 20:01:38 INFO  : sites-v4/discoverbrazil/.git/refs/heads: Set directory modification time (using SetModTime)
2026/08/08 20:01:39 INFO  : sites-v4/discoverbrazil/.git/objects/9d: Set directory modification time (using SetModTime)
2026/08/08 20:01:39 INFO  : sites-v4/aiatolah/.git/objects/77: Set directory modification time (using SetModTime)
2026/08/08 20:01:39 INFO  : sites-v4/mundotrilhos/.git/objects/03: Set directory modification time (using SetModTime)
2026/08/08 20:01:39 INFO  : sites-v4/globalsouth/.git/objects/2f: Set directory modification time (using SetModTime)
2026/08/08 20:01:39 INFO  : sites-v4/ceara/.git/objects/53: Set directory modification time (using SetModTime)
2026/08/08 20:01:39 INFO  : sites-v4/discoverbrazil/.git/objects/a1: Set directory modification time (using SetModTime)
2026/08/08 20:01:39 INFO  : sites-v4/globalsouth/.git/objects/33: Set directory modification time (using DirSetModTime)
2026/08/08 20:01:39 INFO  : sites-v4/mundotrilhos/.git/objects/11: Set directory modification time (using SetModTime)
2026/08/08 20:01:39 INFO  : sites-v4/discoverbrazil/src/content/blog: Set directory modification time (using SetModTime)
2026/08/08 20:01:39 INFO  : sites-v4/globalsouth/.git/objects/38: Set directory modification time (using SetModTime)
2026/08/08 20:01:39 INFO  : sites-v4/ceara/.git/objects/54: Set directory modification time (using SetModTime)
2026/08/08 20:01:39 INFO  : sites-v4/discoverbrazil/.git/objects/b3: Set directory modification time (using SetModTime)
2026/08/08 20:01:39 INFO  : sites-v4/mundotrilhos/.git/objects/22: Set directory modification time (using SetModTime)
2026/08/08 20:01:40 INFO  : sites-v4/globalsouth/.git/objects/3c: Set directory modification time (using SetModTime)
2026/08/08 20:01:40 INFO  : sites-v4/aiatolah/.git/objects/85: Set directory modification time (using SetModTime)
2026/08/08 20:01:40 INFO  : sites-v4/ceara/.git/refs/remotes: Set directory modification time (using SetModTime)
2026/08/08 20:01:40 INFO  : sites-v4/mundotrilhos/.git/objects/30: Set directory modification time (using SetModTime)
2026/08/08 20:01:40 INFO  : sites-v4/aiatolah/.git/objects/8d: Set directory modification time (using SetModTime)
2026/08/08 20:01:40 INFO  : sites-v4/discoverbrazil/.git/objects/b6: Set directory modification time (using SetModTime)
2026/08/08 20:01:40 INFO  : sites-v4/mapario/.git/refs/heads: Set directory modification time (using SetModTime)
2026/08/08 20:01:40 INFO  : sites-v4/mapario/.git/refs/remotes: Set directory modification time (using SetModTime)
2026/08/08 20:01:40 INFO  : sites-v4/aiatolah/.git/objects/8f: Set directory modification time (using SetModTime)
2026/08/08 20:01:40 INFO  : sites-v4/discoverbrazil/.git/objects/c6: Set directory modification time (using SetModTime)
2026/08/08 20:01:40 INFO  : sites-v4/railpost/.git/objects/05: Set directory modification time (using SetModTime)
2026/08/08 20:01:40 INFO  : sites-v4/globalsouth/.git/objects/3e: Set directory modification time (using SetModTime)
2026/08/08 20:01:40 INFO  : sites-v4/aiatolah/.git/objects/90: Set directory modification time (using SetModTime)
2026/08/08 20:01:40 INFO  : sites-v4/mundotrilhos/.git/objects/35: Set directory modification time (using SetModTime)
2026/08/08 20:01:40 INFO  : sites-v4/discoverbrazil/.git/objects/c8: Set directory modification time (using DirSetModTime)
2026/08/08 20:01:41 INFO  : sites-v4/ceara/.git/objects/6b: Set directory modification time (using SetModTime)
2026/08/08 20:01:41 INFO  : sites-v4/discoverbrazil/.git/objects/cb: Set directory modification time (using SetModTime)
2026/08/08 20:01:41 INFO  : sites-v4/railpost/.git/objects/14: Set directory modification time (using SetModTime)
2026/08/08 20:01:41 INFO  : sites-v4/mundotrilhos/.git/objects/45: Set directory modification time (using SetModTime)
2026/08/08 20:01:41 INFO  : sites-v4/railpost/.git/objects/15: Set directory modification time (using DirSetModTime)
2026/08/08 20:01:41 INFO  : sites-v4/globalsouth/.git/refs/heads: Set directory modification time (using SetModTime)
2026/08/08 20:01:41 INFO  : sites-v4/globalsouth/.git/refs/remotes: Set directory modification time (using SetModTime)
2026/08/08 20:01:41 INFO  : sites-v4/globalsouth/.git/objects/45: Set directory modification time (using SetModTime)
2026/08/08 20:01:41 INFO  : sites-v4/discoverbrazil/.git/objects/d5: Set directory modification time (using SetModTime)
2026/08/08 20:01:41 INFO  : sites-v4/mundotrilhos/.git/objects/4b: Set directory modification time (using SetModTime)
2026/08/08 20:01:42 INFO  : sites-v4/railpost/.git/objects/16: Set directory modification time (using SetModTime)
2026/08/08 20:01:42 INFO  : sites-v4/aiatolah/.git/objects/92: Set directory modification time (using SetModTime)
2026/08/08 20:01:42 INFO  : sites-v4/globalsouth/.git/objects/5a: Set directory modification time (using SetModTime)
2026/08/08 20:01:42 INFO  : sites-v4/discoverbrazil/.git/objects/d7: Set directory modification time (using SetModTime)
2026/08/08 20:01:42 INFO  : sites-v4/ceara/.git/objects/75: Set directory modification time (using SetModTime)
2026/08/08 20:01:42 INFO  : sites-v4/mundotrilhos/.git/objects/4f: Set directory modification time (using SetModTime)
2026/08/08 20:01:42 INFO  : sites-v4/ceara/.git/objects/71: Set directory modification time (using SetModTime)
2026/08/08 20:01:42 INFO  : sites-v4/discoverbrazil/.git/objects/dc: Set directory modification time (using SetModTime)
2026/08/08 20:01:42 INFO  : sites-v4/ceara/.git/objects/7c: Set directory modification time (using SetModTime)
2026/08/08 20:01:42 INFO  : sites-v4/railpost/.git/objects/2a: Set directory modification time (using SetModTime)
2026/08/08 20:01:42 INFO  : sites-v4/aiatolah/.git/objects/96: Set directory modification time (using SetModTime)
2026/08/08 20:01:42 INFO  : sites-v4/mundotrilhos/.git/objects/5d: Set directory modification time (using SetModTime)
2026/08/08 20:01:42 INFO  : sites-v4/mundotrilhos/.git/objects/5e: Set directory modification time (using DirSetModTime)
2026/08/08 20:01:42 INFO  : sites-v4/globalsouth/.git/objects/62: Set directory modification time (using SetModTime)
2026/08/08 20:01:42 INFO  : sites-v4/mundotrilhos/.git/objects/60: Set directory modification time (using DirSetModTime)
2026/08/08 20:01:43 INFO  : sites-v4/globalsouth/.git/objects/65: Set directory modification time (using SetModTime)
2026/08/08 20:01:43 INFO  : sites-v4/discoverbrazil/.git/objects/dd: Set directory modification time (using SetModTime)
2026/08/08 20:01:43 INFO  : sites-v4/railpost/.git/objects/38: Set directory modification time (using SetModTime)
2026/08/08 20:01:43 INFO  : sites-v4/aiatolah/.git/objects/97: Set directory modification time (using SetModTime)
2026/08/08 20:01:43 INFO  : sites-v4/globalsouth/.git/objects/69: Set directory modification time (using DirSetModTime)
2026/08/08 20:01:43 INFO  : sites-v4/mundotrilhos/.git/objects/62: Set directory modification time (using SetModTime)
2026/08/08 20:01:43 INFO  : sites-v4/railpost/.git/objects/40: Set directory modification time (using SetModTime)
2026/08/08 20:01:43 INFO  : sites-v4/aiatolah/.git/objects/9b: Set directory modification time (using SetModTime)
2026/08/08 20:01:43 INFO  : sites-v4/mundotrilhos/.git/objects/64: Set directory modification time (using SetModTime)
2026/08/08 20:01:43 INFO  : sites-v4/ceara/.git/objects/7f: Set directory modification time (using SetModTime)
2026/08/08 20:01:43 INFO  : sites-v4/globalsouth/.git/objects/72: Set directory modification time (using SetModTime)
2026/08/08 20:01:43 INFO  : sites-v4/aiatolah/.git/objects/a9: Set directory modification time (using SetModTime)
2026/08/08 20:01:43 INFO  : sites-v4/ceara/.git/objects/89: Set directory modification time (using SetModTime)
2026/08/08 20:01:43 INFO  : sites-v4/globalsouth/.git/objects/81: Set directory modification time (using SetModTime)
2026/08/08 20:01:43 INFO  : sites-v4/ceara/.git/objects/8f: Set directory modification time (using DirSetModTime)
2026/08/08 20:01:44 INFO  : sites-v4/mundotrilhos/.git/objects/69: Set directory modification time (using SetModTime)
2026/08/08 20:01:44 INFO  : sites-v4/railpost/.git/objects/4d: Set directory modification time (using SetModTime)
2026/08/08 20:01:44 INFO  : sites-v4/aiatolah/.git/objects/b0: Set directory modification time (using SetModTime)
2026/08/08 20:01:44 INFO  : sites-v4/aiatolah/.git/objects/b2: Set directory modification time (using DirSetModTime)
2026/08/08 20:01:44 INFO  : sites-v4/ceara/.git/objects/92: Set directory modification time (using SetModTime)
2026/08/08 20:01:44 INFO  : sites-v4/globalsouth/.git/objects/88: Set directory modification time (using SetModTime)
2026/08/08 20:01:44 INFO  : sites-v4/mundotrilhos/.git/objects/70: Set directory modification time (using SetModTime)
2026/08/08 20:01:44 INFO  : sites-v4/railpost/.git/objects/47: Set directory modification time (using SetModTime)
2026/08/08 20:01:44 INFO  : sites-v4/railpost/.git/objects/4f: Set directory modification time (using SetModTime)
2026/08/08 20:01:44 INFO  : sites-v4/ceara/.git/objects/9b: Set directory modification time (using SetModTime)
2026/08/08 20:01:44 INFO  : sites-v4/aiatolah/.git/objects/b6: Set directory modification time (using SetModTime)
2026/08/08 20:01:44 INFO  : sites-v4/globalsouth/.git/objects/8e: Set directory modification time (using SetModTime)
2026/08/08 20:01:44 INFO  : sites-v4/mundotrilhos/.git/objects/71: Set directory modification time (using SetModTime)
2026/08/08 20:01:44 INFO  : sites-v4/railpost/.git/objects/59: Set directory modification time (using SetModTime)
2026/08/08 20:01:44 INFO  : sites-v4/aiatolah/.git/objects/b7: Set directory modification time (using SetModTime)
2026/08/08 20:01:44 INFO  : sites-v4/globalsouth/.git/objects/94: Set directory modification time (using SetModTime)
2026/08/08 20:01:45 INFO  : sites-v4/railpost/.git/objects/5f: Set directory modification time (using SetModTime)
2026/08/08 20:01:45 INFO  : sites-v4/mundotrilhos/.git/objects/7a: Set directory modification time (using SetModTime)
2026/08/08 20:01:45 INFO  : sites-v4/globalsouth/.git/objects/95: Set directory modification time (using DirSetModTime)
2026/08/08 20:01:45 INFO  : sites-v4/aiatolah/.git/objects/b8: Set directory modification time (using SetModTime)
2026/08/08 20:01:45 INFO  : sites-v4/ceara/.git/objects/a2: Set directory modification time (using SetModTime)
2026/08/08 20:01:45 INFO  : sites-v4/globalsouth/.git/objects/a3: Set directory modification time (using SetModTime)
2026/08/08 20:01:45 INFO  : sites-v4/mundotrilhos/.git/objects/7d: Set directory modification time (using SetModTime)
2026/08/08 20:01:45 INFO  : sites-v4/railpost/.git/objects/6f: Set directory modification time (using SetModTime)
2026/08/08 20:01:45 INFO  : sites-v4/mundotrilhos/.git/objects/8a: Set directory modification time (using SetModTime)
2026/08/08 20:01:45 INFO  : sites-v4/aiatolah/.git/objects/ba: Set directory modification time (using SetModTime)
2026/08/08 20:01:45 INFO  : sites-v4/globalsouth/.git/objects/a4: Set directory modification time (using SetModTime)
2026/08/08 20:01:45 INFO  : sites-v4/railpost/.git/objects/72: Set directory modification time (using SetModTime)
2026/08/08 20:01:45 INFO  : sites-v4/ceara/.git/objects/a9: Set directory modification time (using SetModTime)
2026/08/08 20:01:45 INFO  : sites-v4/aiatolah/.git/objects/cb: Set directory modification time (using SetModTime)
2026/08/08 20:01:45 INFO  : sites-v4/globalsouth/.git/objects/a7: Set directory modification time (using SetModTime)
2026/08/08 20:01:45 INFO  : sites-v4/mundotrilhos/.git/objects/8d: Set directory modification time (using SetModTime)
2026/08/08 20:01:46 INFO  : sites-v4/aiatolah/.git/objects/d2: Set directory modification time (using SetModTime)
2026/08/08 20:01:46 INFO  : sites-v4/ceara/.git/objects/ac: Set directory modification time (using SetModTime)
2026/08/08 20:01:46 INFO  : sites-v4/railpost/.git/objects/74: Set directory modification time (using SetModTime)
2026/08/08 20:01:46 INFO  : sites-v4/railpost/.git/objects/91: Set directory modification time (using SetModTime)
2026/08/08 20:01:46 INFO  : sites-v4/ceara/.git/objects/ae: Set directory modification time (using SetModTime)
2026/08/08 20:01:46 INFO  : sites-v4/mundotrilhos/.git/objects/90: Set directory modification time (using SetModTime)
2026/08/08 20:01:46 INFO  : sites-v4/globalsouth/.git/objects/a9: Set directory modification time (using SetModTime)
2026/08/08 20:01:46 INFO  : sites-v4/railpost/.git/objects/a3: Set directory modification time (using SetModTime)
2026/08/08 20:01:46 INFO  : sites-v4/globalsouth/.git/objects/b0: Set directory modification time (using SetModTime)
2026/08/08 20:01:46 INFO  : sites-v4/mundotrilhos/.git/objects/98: Set directory modification time (using SetModTime)
2026/08/08 20:01:46 INFO  : sites-v4/ceara/.git/objects/b2: Set directory modification time (using SetModTime)
2026/08/08 20:01:46 INFO  : sites-v4/railpost/.git/objects/a7: Set directory modification time (using SetModTime)
2026/08/08 20:01:46 INFO  : sites-v4/aiatolah/.git/objects/d4: Set directory modification time (using SetModTime)
2026/08/08 20:01:46 INFO  : sites-v4/globalsouth/.git/objects/b1: Set directory modification time (using SetModTime)
2026/08/08 20:01:46 INFO  : sites-v4/mundotrilhos/.git/objects/9a: Set directory modification time (using SetModTime)
2026/08/08 20:01:47 INFO  : sites-v4/ceara/.git/objects/b6: Set directory modification time (using SetModTime)
2026/08/08 20:01:47 INFO  : sites-v4/ceara/.git/objects/c8: Set directory modification time (using SetModTime)
2026/08/08 20:01:47 INFO  : sites-v4/mundotrilhos/.git/objects/a9: Set directory modification time (using SetModTime)
2026/08/08 20:01:47 INFO  : sites-v4/mundotrilhos/.git/objects/a3: Set directory modification time (using SetModTime)
2026/08/08 20:01:47 INFO  : sites-v4/ceara/.git/objects/cd: Set directory modification time (using SetModTime)
2026/08/08 20:01:47 INFO  : sites-v4/globalsouth/.git/objects/b3: Set directory modification time (using SetModTime)
2026/08/08 20:01:47 INFO  : sites-v4/mundotrilhos/.git/objects/ab: Set directory modification time (using SetModTime)
2026/08/08 20:01:47 INFO  : sites-v4/ceara/.git/objects/d2: Set directory modification time (using SetModTime)
2026/08/08 20:01:47 INFO  : sites-v4/railpost/.git/objects/aa: Set directory modification time (using SetModTime)
2026/08/08 20:01:47 INFO  : sites-v4/globalsouth/.git/objects/b6: Set directory modification time (using SetModTime)
2026/08/08 20:01:47 INFO  : sites-v4/railpost/.git/objects/b4: Set directory modification time (using SetModTime)
2026/08/08 20:01:47 INFO  : sites-v4/mundotrilhos/.git/objects/b3: Set directory modification time (using SetModTime)
2026/08/08 20:01:47 INFO  : sites-v4/mundotrilhos/.git/objects/ba: Set directory modification time (using SetModTime)
2026/08/08 20:01:47 INFO  : sites-v4/railpost/.git/objects/c3: Set directory modification time (using SetModTime)
2026/08/08 20:01:47 INFO  : sites-v4/mundotrilhos/.git/objects/c2: Set directory modification time (using SetModTime)
2026/08/08 20:01:47 INFO  : sites-v4/mundotrilhos/.git/objects/c8: Set directory modification time (using SetModTime)
2026/08/08 20:01:48 INFO  : sites-v4/mundotrilhos/.git/objects/e0: Set directory modification time (using SetModTime)
2026/08/08 20:01:48 INFO  : sites-v4/railpost/.git/objects/c5: Set directory modification time (using SetModTime)
2026/08/08 20:01:48 INFO  : sites-v4/globalsouth/.git/objects/b7: Set directory modification time (using SetModTime)
2026/08/08 20:01:48 INFO  : sites-v4/globalsouth/.git/objects/b9: Set directory modification time (using DirSetModTime)
2026/08/08 20:01:48 INFO  : sites-v4/globalsouth/.git/objects/c0: Set directory modification time (using DirSetModTime)
2026/08/08 20:01:48 INFO  : sites-v4/railpost/.git/objects/c6: Set directory modification time (using SetModTime)
2026/08/08 20:01:48 INFO  : sites-v4/ceara/.git/objects/e2: Set directory modification time (using SetModTime)
2026/08/08 20:01:48 INFO  : sites-v4/railpost/.git/objects/c9: Set directory modification time (using SetModTime)
2026/08/08 20:01:48 INFO  : sites-v4/railpost/.git/objects/d1: Set directory modification time (using SetModTime)
2026/08/08 20:01:48 INFO  : sites-v4/globalsouth/.git/objects/c1: Set directory modification time (using SetModTime)
2026/08/08 20:01:48 INFO  : sites-v4/discoverbrazil/.git/objects/f9: Set directory modification time (using SetModTime)
2026/08/08 20:01:48 INFO  : sites-v4/globalsouth/.git/objects/c3: Set directory modification time (using SetModTime)
2026/08/08 20:01:48 INFO  : sites-v4/globalsouth/.git/objects/c9: Set directory modification time (using SetModTime)
2026/08/08 20:01:48 INFO  : sites-v4/railpost/.git/objects/d2: Set directory modification time (using SetModTime)
2026/08/08 20:01:48 INFO  : sites-v4/globalsouth/.git/objects/cf: Set directory modification time (using SetModTime)
2026/08/08 20:01:49 INFO  : sites-v4/aiatolah/.git/objects/df: Set directory modification time (using SetModTime)
2026/08/08 20:01:49 INFO  : sites-v4/railpost/.git/objects/db: Set directory modification time (using DirSetModTime)
2026/08/08 20:01:49 INFO  : sites-v4/aiatolah/.git/objects/e1: Set directory modification time (using SetModTime)
2026/08/08 20:01:49 INFO  : sites-v4/globalsouth/.git/objects/df: Set directory modification time (using SetModTime)
2026/08/08 20:01:49 INFO  : sites-v4/railpost/.git/objects/e0: Set directory modification time (using SetModTime)
2026/08/08 20:01:49 INFO  : sites-v4/railpost/.git/objects/df: Set directory modification time (using DirSetModTime)
2026/08/08 20:01:49 INFO  : sites-v4/aiatolah/.git/objects/e2: Set directory modification time (using SetModTime)
2026/08/08 20:01:49 INFO  : sites-v4/riocarta/.git/objects/03: Set directory modification time (using SetModTime)
2026/08/08 20:01:49 INFO  : sites-v4/railpost/.git/objects/d7: Set directory modification time (using SetModTime)
2026/08/08 20:01:49 INFO  : sites-v4/aiatolah/.git/objects/e4: Set directory modification time (using SetModTime)
2026/08/08 20:01:49 INFO  : sites-v4/ceara/.git/objects/ec: Set directory modification time (using SetModTime)
2026/08/08 20:01:49 INFO  : sites-v4/ceara/.git/objects/ea: Set directory modification time (using SetModTime)
2026/08/08 20:01:49 INFO  : sites-v4/discoverbrazil/.git/objects/fd: Set directory modification time (using SetModTime)
2026/08/08 20:01:49 INFO  : sites-v4/mundotrilhos/.git/objects/ef: Set directory modification time (using SetModTime)
2026/08/08 20:01:49 INFO  : sites-v4/aiatolah/.git/objects/e7: Set directory modification time (using SetModTime)
2026/08/08 20:01:50 INFO  : sites-v4/ceara/.git/objects/ef: Set directory modification time (using SetModTime)
2026/08/08 20:01:50 INFO  : sites-v4/aiatolah/.git/objects/e9: Set directory modification time (using SetModTime)
2026/08/08 20:01:50 INFO  : sites-v4/riocarta/.git/objects/2c: Set directory modification time (using SetModTime)
2026/08/08 20:01:50 INFO  : sites-v4/ceara/.git/objects/f2: Set directory modification time (using SetModTime)
2026/08/08 20:01:50 INFO  : sites-v4/mundotrilhos/.git/refs/heads: Set directory modification time (using SetModTime)
2026/08/08 20:01:50 INFO  : sites-v4/mundotrilhos/.git/refs/remotes: Set directory modification time (using SetModTime)
2026/08/08 20:01:50 INFO  : sites-v4/mundotrilhos/.git/objects/fb: Set directory modification time (using SetModTime)
2026/08/08 20:01:50 INFO  : sites-v4/globalsouth/.git/objects/f3: Set directory modification time (using SetModTime)
2026/08/08 20:01:50 INFO  : sites-v4/railpost/.git/objects/f0: Set directory modification time (using SetModTime)
2026/08/08 20:01:50 INFO  : sites-v4/aiatolah/.git/objects/ed: Set directory modification time (using SetModTime)
2026/08/08 20:01:50 INFO  : sites-v4/aiatolah/.git/objects/ee: Set directory modification time (using DirSetModTime)
2026/08/08 20:01:50 INFO  : sites-v4/ceara/.git/objects/f7: Set directory modification time (using SetModTime)
2026/08/08 20:01:50 INFO  : sites-v4/aiatolah/.git/objects/f1: Set directory modification time (using SetModTime)
2026/08/08 20:01:50 INFO  : sites-v4/globalsouth/.git/objects/f8: Set directory modification time (using DirSetModTime)
2026/08/08 20:01:50 INFO  : sites-v4/ceara/.git/objects/f9: Set directory modification time (using SetModTime)
2026/08/08 20:01:50 INFO  : sites-v4/railpost/.git/refs/heads: Set directory modification time (using SetModTime)
2026/08/08 20:01:51 INFO  : sites-v4/railpost/.git/refs/remotes: Set directory modification time (using SetModTime)
2026/08/08 20:01:51 INFO  : sites-v4/aiatolah/.git/objects/f4: Set directory modification time (using SetModTime)
2026/08/08 20:01:51 INFO  : sites-v4/riocarta/.git/objects/75: Set directory modification time (using SetModTime)
2026/08/08 20:01:51 INFO  : sites-v4/ceara/.git/objects/fd: Set directory modification time (using SetModTime)
2026/08/08 20:01:51 INFO  : sites-v4/globalsouth/.git/objects/fe: Set directory modification time (using SetModTime)
2026/08/08 20:01:51 INFO  : sites-v4/globalsouth/.git/objects/ff: Set directory modification time (using SetModTime)
2026/08/08 20:01:51 INFO  : sites-v4/ceara/.git/objects/ff: Set directory modification time (using SetModTime)
2026/08/08 20:01:51 INFO  : sites-v4/mundotrilhos/src/content/blog: Set directory modification time (using SetModTime)
2026/08/08 20:01:51 INFO  : sites-v4/riocarta/.git/objects/99: Set directory modification time (using DirSetModTime)
2026/08/08 20:01:51 INFO  : sites-v4/aiatolah/.git/objects/fc: Set directory modification time (using SetModTime)
2026/08/08 20:01:51 INFO  : sites-v4/riocarta/.git/objects/9f: Set directory modification time (using SetModTime)
2026/08/08 20:01:51 INFO  : sites-v4/mapario/src/content/blog: Set directory modification time (using SetModTime)
2026/08/08 20:01:51 INFO  : sites-v4/riocarta/.git/objects/b6: Set directory modification time (using SetModTime)
2026/08/08 20:01:51 INFO  : sites-v4/railpost/src/content/blog: Set directory modification time (using SetModTime)
2026/08/08 20:01:51 INFO  : sites-v4/aiatolah/.git/objects/ff: Set directory modification time (using SetModTime)
2026/08/08 20:01:52 INFO  : sites-v4/riocarta/.git/objects/c5: Set directory modification time (using SetModTime)
2026/08/08 20:01:52 INFO  : sites-v4/globalsouth/src/content/blog: Set directory modification time (using SetModTime)
2026/08/08 20:01:52 INFO  : sites-v4/riocarta/.git/objects/cf: Set directory modification time (using SetModTime)
2026/08/08 20:01:52 INFO  : sites-v4/riocarta/.git/refs/heads: Set directory modification time (using SetModTime)
2026/08/08 20:01:52 INFO  : sites-v4/riocarta/.git/objects/d3: Set directory modification time (using SetModTime)
2026/08/08 20:01:52 INFO  : sites-v4/riocarta/.git/objects/dd: Set directory modification time (using SetModTime)
2026/08/08 20:01:52 INFO  : sites-v4/riocarta/.git/refs/remotes: Set directory modification time (using SetModTime)
2026/08/08 20:01:52 INFO  : sites-v4/riocarta/.git/objects/d9: Set directory modification time (using SetModTime)
2026/08/08 20:01:52 INFO  : sites-v4/riocarta/.git/objects/d6: Set directory modification time (using SetModTime)
2026/08/08 20:01:52 INFO  : sites-v4/ceara/src/content/blog: Set directory modification time (using SetModTime)
2026/08/08 20:01:52 INFO  : sites-v4/riocarta/.git/objects/df: Set directory modification time (using SetModTime)
2026/08/08 20:01:52 INFO  : sites-v4/riocarta/.git/objects/e1: Set directory modification time (using SetModTime)
2026/08/08 20:01:52 INFO  : sites-v4/riocarta/.git/objects/e9: Set directory modification time (using SetModTime)
2026/08/08 20:01:52 INFO  : sites-v4/riocarta/.git/objects/ee: Set directory modification time (using SetModTime)
2026/08/08 20:01:52 INFO  : sites-v4/riocarta/src/content/blog: Set directory modification time (using SetModTime)
2026/08/08 20:01:53 INFO  : sites-v4/riocarta/.git/objects/f4: Set directory modification time (using DirSetModTime)
2026/08/08 20:01:53 INFO  : sites-v4/aiatolah/src/pages/pt: Set directory modification time (using SetModTime)
2026/08/08 20:01:53 INFO  : sites-v4/aiatolah/src/pages/en: Set directory modification time (using SetModTime)
2026/08/08 20:01:53 INFO  : sites-v4/aiatolah/.git/objects: Set directory modification time (using SetModTime)
2026/08/08 20:01:53 INFO  : sites-v4/discoverbrazil/.git/objects: Set directory modification time (using SetModTime)
2026/08/08 20:01:53 INFO  : sites-v4/ceara/.git/logs: Set directory modification time (using SetModTime)
2026/08/08 20:01:53 INFO  : sites-v4/aiatolah/.git/logs: Set directory modification time (using SetModTime)
2026/08/08 20:01:53 INFO  : sites-v4/aiatolah/.git/refs: Set directory modification time (using SetModTime)
2026/08/08 20:01:53 INFO  : sites-v4/mapario/.git/logs: Set directory modification time (using SetModTime)
2026/08/08 20:01:53 INFO  : sites-v4/discoverbrazil/.git/refs: Set directory modification time (using SetModTime)
2026/08/08 20:01:53 INFO  : sites-v4/discoverbrazil/.git/logs: Set directory modification time (using SetModTime)
2026/08/08 20:01:54 INFO  : sites-v4/ceara/.git/refs: Set directory modification time (using SetModTime)
2026/08/08 20:01:54 INFO  : sites-v4/mapario/.git/objects: Set directory modification time (using SetModTime)
2026/08/08 20:01:54 INFO  : sites-v4/mapario/.git/refs: Set directory modification time (using SetModTime)
2026/08/08 20:01:54 INFO  : sites-v4/ceara/.git/objects: Set directory modification time (using SetModTime)
2026/08/08 20:01:54 INFO  : sites-v4/globalsouth/.git/logs: Set directory modification time (using SetModTime)
2026/08/08 20:01:54 INFO  : sites-v4/globalsouth/.git/refs: Set directory modification time (using SetModTime)
2026/08/08 20:01:54 INFO  : sites-v4/mundotrilhos/.git/logs: Set directory modification time (using SetModTime)
2026/08/08 20:01:54 INFO  : sites-v4/globalsouth/.git/objects: Set directory modification time (using SetModTime)
2026/08/08 20:01:54 INFO  : sites-v4/railpost/.git/objects: Set directory modification time (using SetModTime)
2026/08/08 20:01:54 INFO  : sites-v4/railpost/.git/logs: Set directory modification time (using SetModTime)
2026/08/08 20:01:54 INFO  : sites-v4/riocarta/.git/objects: Set directory modification time (using SetModTime)
2026/08/08 20:01:54 INFO  : sites-v4/mundotrilhos/.git/objects: Set directory modification time (using SetModTime)
2026/08/08 20:01:54 INFO  : sites-v4/mundotrilhos/.git/refs: Set directory modification time (using SetModTime)
2026/08/08 20:01:54 INFO  : sites-v4/riocarta/.git/refs: Set directory modification time (using SetModTime)
2026/08/08 20:01:54 INFO  : sites-v4/railpost/.git/refs: Set directory modification time (using SetModTime)
2026/08/08 20:01:54 INFO  : sites-v4/riocarta/.git/logs: Set directory modification time (using SetModTime)
2026/08/08 20:01:55 INFO  : sites-v4/ceara/public/hero: Set directory modification time (using SetModTime)
2026/08/08 20:01:55 INFO  : sites-v4/discoverbrazil/src/content: Set directory modification time (using SetModTime)
2026/08/08 20:01:55 INFO  : sites-v4/railpost/public/hero: Set directory modification time (using SetModTime)
2026/08/08 20:01:55 INFO  : sites-v4/globalsouth/public/hero: Set directory modification time (using SetModTime)
2026/08/08 20:01:55 INFO  : sites-v4/discoverbrazil/public/hero: Set directory modification time (using SetModTime)
2026/08/08 20:01:55 INFO  : sites-v4/mundotrilhos/public/hero: Set directory modification time (using SetModTime)
2026/08/08 20:01:55 INFO  : sites-v4/mapario/public/hero: Set directory modification time (using SetModTime)
2026/08/08 20:01:55 INFO  : sites-v4/mundotrilhos/src/content: Set directory modification time (using SetModTime)
2026/08/08 20:01:55 INFO  : sites-v4/aiatolah/public/hero: Set directory modification time (using SetModTime)
2026/08/08 20:01:55 INFO  : sites-v4/riocarta/public/hero: Set directory modification time (using SetModTime)
2026/08/08 20:01:55 INFO  : sites-v4/riocarta/src/content: Set directory modification time (using SetModTime)
2026/08/08 20:01:55 INFO  : sites-v4/globalsouth/src/content: Set directory modification time (using SetModTime)
2026/08/08 20:01:55 INFO  : sites-v4/railpost/src/content: Set directory modification time (using SetModTime)
2026/08/08 20:01:55 INFO  : sites-v4/ceara/src/content: Set directory modification time (using SetModTime)
2026/08/08 20:01:55 INFO  : sites-v4/mapario/src/content: Set directory modification time (using SetModTime)
2026/08/08 20:01:55 INFO  : sites-v4/aiatolah/src/pages: Set directory modification time (using SetModTime)
2026/08/08 20:01:56 INFO  : sites-v4/ceara/.git: Set directory modification time (using SetModTime)
2026/08/08 20:01:56 INFO  : sites-v4/aiatolah/.git: Set directory modification time (using SetModTime)
2026/08/08 20:01:56 INFO  : sites-v4/discoverbrazil/src: Set directory modification time (using SetModTime)
2026/08/08 20:01:56 INFO  : sites-v4/aiatolah/src: Set directory modification time (using SetModTime)
2026/08/08 20:01:56 INFO  : sites-v4/ceara/public: Set directory modification time (using SetModTime)
2026/08/08 20:01:56 INFO  : sites-v4/discoverbrazil/.git: Set directory modification time (using SetModTime)
2026/08/08 20:01:56 INFO  : sites-v4/aiatolah/public: Set directory modification time (using SetModTime)
2026/08/08 20:01:56 INFO  : sites-v4/discoverbrazil/public: Set directory modification time (using SetModTime)
2026/08/08 20:01:56 INFO  : sites-v4/mapario/.git: Set directory modification time (using SetModTime)
2026/08/08 20:01:56 INFO  : sites-v4/mapario/public: Set directory modification time (using SetModTime)
2026/08/08 20:01:56 INFO  : sites-v4/globalsouth/.git: Set directory modification time (using SetModTime)
2026/08/08 20:01:56 INFO  : sites-v4/mapario/src: Set directory modification time (using SetModTime)
2026/08/08 20:01:56 INFO  : sites-v4/globalsouth/src: Set directory modification time (using SetModTime)
2026/08/08 20:01:56 INFO  : sites-v4/globalsouth/public: Set directory modification time (using SetModTime)
2026/08/08 20:01:56 INFO  : sites-v4/ceara/src: Set directory modification time (using SetModTime)
2026/08/08 20:01:56 INFO  : sites-v4/mundotrilhos/.git: Set directory modification time (using SetModTime)
2026/08/08 20:01:57 INFO  : sites-v4/mundotrilhos/public: Set directory modification time (using SetModTime)
2026/08/08 20:01:57 INFO  : sites-v4/mundotrilhos/src: Set directory modification time (using SetModTime)
2026/08/08 20:01:57 INFO  : sites-v4/riocarta/.git: Set directory modification time (using SetModTime)
2026/08/08 20:01:57 INFO  : sites-v4/railpost/.git: Set directory modification time (using SetModTime)
2026/08/08 20:01:57 INFO  : sites-v4/railpost/src: Set directory modification time (using SetModTime)
2026/08/08 20:01:57 INFO  : sites-v4/railpost/public: Set directory modification time (using SetModTime)
2026/08/08 20:01:57 INFO  : sites-v4/riocarta/src: Set directory modification time (using SetModTime)
2026/08/08 20:01:57 INFO  : sites-v4/riocarta/public: Set directory modification time (using SetModTime)
2026/08/08 20:01:57 INFO  : sites-v4/mapario: Set directory modification time (using SetModTime)
2026/08/08 20:01:57 INFO  : sites-v4/riocarta: Set directory modification time (using SetModTime)
2026/08/08 20:01:57 INFO  : sites-v4/railpost: Set directory modification time (using SetModTime)
2026/08/08 20:01:57 INFO  : sites-v4/globalsouth: Set directory modification time (using SetModTime)
2026/08/08 20:01:57 INFO  : sites-v4/mundotrilhos: Set directory modification time (using SetModTime)
2026/08/08 20:01:57 INFO  : sites-v4/ceara: Set directory modification time (using SetModTime)
2026/08/08 20:01:57 INFO  : sites-v4/discoverbrazil: Set directory modification time (using SetModTime)
2026/08/08 20:01:58 INFO  : sites-v4/aiatolah: Set directory modification time (using SetModTime)
2026/08/08 20:01:58 INFO  : sites-v4: Set directory modification time (using SetModTime)
2026/08/08 20:01:58 INFO  : dados_baleia_azul: Set directory modification time (using SetModTime)
2026/08/08 20:01:58 INFO  : agent_data: Set directory modification time (using SetModTime)
2026/08/08 20:01:58 INFO  : Foruns: Set directory modification time (using SetModTime)
2026/08/08 20:01:58 INFO  :    16.065 MiB / 16.065 MiB, 100%, 16.261 KiB/s, ETA 0s
