2026/08/08 17:55:12 INFO  : Using md5 for hash comparisons
2026/08/08 17:55:14 ERROR : backup_total_2026/logs/C16.j3_check.stdout: file not in Google drive root 'Workspace_Vivo/Cerebro'
2026/08/08 17:55:14 ERROR : backup_total_2026/logs/C16.j2.stdout: sizes differ
2026/08/08 17:55:14 ERROR : backup_total_2026/logs/C16.log: file not in Google drive root 'Workspace_Vivo/Cerebro'
2026/08/08 17:55:14 ERROR : backup_total_2026/logs/C16_check.log: file not in Google drive root 'Workspace_Vivo/Cerebro'
2026/08/08 17:55:14 ERROR : backup_total_2026/logs/C16_j3_check.sh: file not in Google drive root 'Workspace_Vivo/Cerebro'
2026/08/08 17:55:14 ERROR : monitoramento_horario/bugs_encontrados/bugs_2026-08-08.jsonl: sizes differ
2026/08/08 17:55:52 NOTICE: Backups/limpeza_comunicacao_reforma_v4_20260717_131257/inbox_trindade_antes/antigravity_desktop.md: Can't follow symlink without -L/--copy-links
2026/08/08 17:55:52 NOTICE: Backups/reforma_v4_abertura_sprint_20260717_1042/inbox_trindade_antes_da_limpeza/antigravity_desktop.md: Can't follow symlink without -L/--copy-links
2026/08/08 17:55:53 NOTICE: Foruns/v4_labs_espelhos/contratos_v4_gsn_espelho_ingles_v1.md: Can't follow symlink without -L/--copy-links
2026/08/08 17:55:53 NOTICE: Foruns/v4_labs_espelhos/contratos_v4_cultura_v1.md: Can't follow symlink without -L/--copy-links
2026/08/08 17:55:53 NOTICE: Foruns/v4_labs_espelhos/v4_memoria_carta_gpt56pro_autocura_imagens_v4_20260714.md: Can't follow symlink without -L/--copy-links
2026/08/08 17:55:53 NOTICE: Foruns/v4_labs_espelhos/v4_memoria_forum_retomada_v4_imagens_drafts_20260716.md: Can't follow symlink without -L/--copy-links
2026/08/08 17:55:53 NOTICE: Foruns/v4_labs_espelhos/labs_forum_autocura_imagens_v4_20260714.md: Can't follow symlink without -L/--copy-links
2026/08/08 17:55:53 NOTICE: Foruns/v4_labs_espelhos/contratos_v4_ciencia_tecnologia_ia_v1.md: Can't follow symlink without -L/--copy-links
2026/08/08 17:55:53 NOTICE: Foruns/v4_labs_espelhos/v4_memoria_forum_autocura_imagens_v4_20260714.md: Can't follow symlink without -L/--copy-links
2026/08/08 17:55:53 NOTICE: Foruns/v4_labs_espelhos/labs_MANIFESTO.md: Can't follow symlink without -L/--copy-links
2026/08/08 17:55:53 NOTICE: Foruns/v4_labs_espelhos/contratos_v4_internacional_v1.md: Can't follow symlink without -L/--copy-links
2026/08/08 17:55:53 NOTICE: Foruns/v4_labs_espelhos/contratos_v4_nucleo_editorial_comum_v1.md: Can't follow symlink without -L/--copy-links
2026/08/08 17:55:53 NOTICE: Foruns/v4_labs_espelhos/contratos_v4_nucleo_editorial_comum_v2.md: Can't follow symlink without -L/--copy-links
2026/08/08 17:55:53 NOTICE: Foruns/v4_labs_espelhos/v4_memoria_MANIFESTO_PATCH_GPT56PRO_20260714.md: Can't follow symlink without -L/--copy-links
2026/08/08 17:55:53 NOTICE: Foruns/v4_labs_espelhos/contratos_v4_nucleo_editorial_redacao_v1.md: Can't follow symlink without -L/--copy-links
2026/08/08 17:55:53 NOTICE: Foruns/v4_labs_espelhos/v4_memoria_forum_arquitetura_cafezinho_media_group_v4_20260715.md: Can't follow symlink without -L/--copy-links
2026/08/08 17:55:53 NOTICE: Foruns/v4_labs_espelhos/contratos_v4_repetidor_v1.md: Can't follow symlink without -L/--copy-links
2026/08/08 17:55:53 NOTICE: Foruns/v4_labs_espelhos/contratos_forum_v4_qualidade_editorial_ciencia_ia_20260712.md: Can't follow symlink without -L/--copy-links
2026/08/08 17:55:53 NOTICE: Foruns/v4_labs_espelhos/v4_memoria_forum_retomada_v4_imagens_drafts_20260716_run14.md: Can't follow symlink without -L/--copy-links
2026/08/08 17:55:53 NOTICE: Foruns/v4_labs_espelhos/v4_memoria_forum_imagens_261602_20260714.md: Can't follow symlink without -L/--copy-links
2026/08/08 17:55:53 NOTICE: Foruns/v4_labs_espelhos/contratos_v4_politica_economia_v1.md: Can't follow symlink without -L/--copy-links
2026/08/08 17:55:53 NOTICE: Foruns/v4_labs_espelhos/v4_memoria_forum_retomada_v4_imagens_drafts_20260716_run6.md: Can't follow symlink without -L/--copy-links
2026/08/08 17:55:53 NOTICE: Foruns/v4_labs_espelhos/v4_memoria_forum_retomada_v4_imagens_drafts_20260716_run11.md: Can't follow symlink without -L/--copy-links
2026/08/08 17:55:53 NOTICE: Foruns/v4_labs_espelhos/v4_memoria_forum_resposta_gpt56pro_autocura_imagens_v4_20260714.md: Can't follow symlink without -L/--copy-links
2026/08/08 17:55:53 NOTICE: Foruns/v4_labs_espelhos/v4_memoria_forum_retomada_v4_imagens_drafts_20260716_run9.md: Can't follow symlink without -L/--copy-links
2026/08/08 17:55:54 NOTICE: Backups/rotacao_trindade_v4_20260718_220604/projeto/inbox_trindade/pesquisas_tse_2026_tabela.csv: Can't follow symlink without -L/--copy-links
2026/08/08 17:55:54 NOTICE: Backups/rotacao_trindade_v4_20260718_220604/projeto/inbox_trindade/pesquisas_tse_2026_detalhes.json: Can't follow symlink without -L/--copy-links
2026/08/08 17:55:54 NOTICE: Backups/rotacao_trindade_v4_20260718_220604/projeto/inbox_trindade/pesqele_results_html.txt: Can't follow symlink without -L/--copy-links
2026/08/08 17:55:54 NOTICE: Backups/rotacao_trindade_v4_20260718_220604/projeto/inbox_trindade/publicar_pagina_direitos.py: Can't follow symlink without -L/--copy-links
2026/08/08 17:55:54 NOTICE: Backups/rotacao_trindade_v4_20260718_220604/projeto/inbox_trindade/test_quaest.js: Can't follow symlink without -L/--copy-links
2026/08/08 17:55:54 NOTICE: Backups/rotacao_trindade_v4_20260718_220604/projeto/inbox_trindade/pesquisas_tse_2026_todas_br.json: Can't follow symlink without -L/--copy-links
2026/08/08 17:55:54 NOTICE: Backups/rotacao_trindade_v4_20260718_220604/projeto/inbox_trindade/scraper_tse6.js: Can't follow symlink without -L/--copy-links
2026/08/08 17:55:54 NOTICE: Backups/rotacao_trindade_v4_20260718_220604/projeto/inbox_trindade/scraper_tse_custos.js: Can't follow symlink without -L/--copy-links
2026/08/08 17:55:54 NOTICE: Backups/rotacao_trindade_v4_20260718_220604/projeto/inbox_trindade/apresentacao_eidas.pdf: Can't follow symlink without -L/--copy-links
2026/08/08 17:55:54 NOTICE: Backups/rotacao_trindade_v4_20260718_220604/projeto/inbox_trindade/qwen_coding.md: Can't follow symlink without -L/--copy-links
2026/08/08 17:55:54 NOTICE: Backups/rotacao_trindade_v4_20260718_220604/projeto/inbox_trindade/pesqele_search_html.txt: Can't follow symlink without -L/--copy-links
2026/08/08 17:55:54 NOTICE: Backups/rotacao_trindade_v4_20260718_220604/projeto/inbox_trindade/pesqele_search_body.txt: Can't follow symlink without -L/--copy-links
2026/08/08 17:55:54 NOTICE: Backups/rotacao_trindade_v4_20260718_220604/projeto/inbox_trindade/scraper_tse_form.js: Can't follow symlink without -L/--copy-links
2026/08/08 17:55:54 NOTICE: Backups/rotacao_trindade_v4_20260718_220604/projeto/inbox_trindade/scraper_tse2.js: Can't follow symlink without -L/--copy-links
2026/08/08 17:55:54 NOTICE: Backups/rotacao_trindade_v4_20260718_220604/projeto/inbox_trindade/ming.md: Can't follow symlink without -L/--copy-links
2026/08/08 17:55:54 NOTICE: Backups/rotacao_trindade_v4_20260718_220604/projeto/inbox_trindade/pesquisas_tse_2026_processadas.json: Can't follow symlink without -L/--copy-links
2026/08/08 17:55:54 NOTICE: Backups/rotacao_trindade_v4_20260718_220604/projeto/inbox_trindade/resumo_pesquisas.json: Can't follow symlink without -L/--copy-links
2026/08/08 17:55:54 NOTICE: Backups/rotacao_trindade_v4_20260718_220604/projeto/inbox_trindade/pedido_ponto_de_retomada_20260628.md: Can't follow symlink without -L/--copy-links
2026/08/08 17:55:54 NOTICE: Backups/rotacao_trindade_v4_20260718_220604/projeto/inbox_trindade/scraper_tse_modals2.js: Can't follow symlink without -L/--copy-links
2026/08/08 17:55:54 NOTICE: Backups/rotacao_trindade_v4_20260718_220604/projeto/inbox_trindade/scraper_tse_todas_br.js: Can't follow symlink without -L/--copy-links
2026/08/08 17:55:54 NOTICE: Backups/rotacao_trindade_v4_20260718_220604/projeto/inbox_trindade/detalhar_page_html.txt: Can't follow symlink without -L/--copy-links
2026/08/08 17:55:54 NOTICE: Backups/rotacao_trindade_v4_20260718_220604/projeto/inbox_trindade/pesquisas_tse_2026.json: Can't follow symlink without -L/--copy-links
2026/08/08 17:55:54 NOTICE: Backups/rotacao_trindade_v4_20260718_220604/projeto/inbox_trindade/package.json: Can't follow symlink without -L/--copy-links
2026/08/08 17:55:54 NOTICE: Backups/rotacao_trindade_v4_20260718_220604/projeto/inbox_trindade/analise_ipca15_junho2026.md: Can't follow symlink without -L/--copy-links
2026/08/08 17:55:54 NOTICE: Backups/rotacao_trindade_v4_20260718_220604/projeto/inbox_trindade/package-lock.json: Can't follow symlink without -L/--copy-links
2026/08/08 17:55:54 NOTICE: Backups/rotacao_trindade_v4_20260718_220604/projeto/inbox_trindade/README.md: Can't follow symlink without -L/--copy-links
2026/08/08 17:55:54 NOTICE: Backups/rotacao_trindade_v4_20260718_220604/projeto/inbox_trindade/scraper_tse_detalhar_test.js: Can't follow symlink without -L/--copy-links
2026/08/08 17:55:54 NOTICE: Backups/rotacao_trindade_v4_20260718_220604/projeto/inbox_trindade/quaest_ipec.json: Can't follow symlink without -L/--copy-links
2026/08/08 17:55:54 NOTICE: Backups/rotacao_trindade_v4_20260718_220604/projeto/inbox_trindade/pesqele_home.png: Can't follow symlink without -L/--copy-links
2026/08/08 17:55:54 NOTICE: Backups/rotacao_trindade_v4_20260718_220604/projeto/inbox_trindade/scraper_tse_detalhes.js: Can't follow symlink without -L/--copy-links
2026/08/08 17:55:54 NOTICE: Backups/rotacao_trindade_v4_20260718_220604/projeto/inbox_trindade/pesquisas_tse_2026_full.json: Can't follow symlink without -L/--copy-links
2026/08/08 17:55:54 NOTICE: Backups/rotacao_trindade_v4_20260718_220604/projeto/inbox_trindade/pesqele_search.png: Can't follow symlink without -L/--copy-links
2026/08/08 17:55:54 NOTICE: Backups/rotacao_trindade_v4_20260718_220604/projeto/inbox_trindade/agy_cli.md: Can't follow symlink without -L/--copy-links
2026/08/08 17:55:54 NOTICE: Backups/rotacao_trindade_v4_20260718_220604/projeto/inbox_trindade/pesqele_body.txt: Can't follow symlink without -L/--copy-links
2026/08/08 17:55:54 NOTICE: Backups/rotacao_trindade_v4_20260718_220604/projeto/inbox_trindade/scraper_tse4.js: Can't follow symlink without -L/--copy-links
2026/08/08 17:55:54 NOTICE: Backups/rotacao_trindade_v4_20260718_220604/projeto/inbox_trindade/scraper_tse_paginator.js: Can't follow symlink without -L/--copy-links
2026/08/08 17:55:54 NOTICE: Backups/rotacao_trindade_v4_20260718_220604/projeto/inbox_trindade/materia_eidas_diagramada.pdf: Can't follow symlink without -L/--copy-links
2026/08/08 17:55:54 NOTICE: Backups/rotacao_trindade_v4_20260718_220604/projeto/inbox_trindade/parser_tse.js: Can't follow symlink without -L/--copy-links
2026/08/08 17:55:54 NOTICE: Backups/rotacao_trindade_v4_20260718_220604/projeto/inbox_trindade/materia_eidas_20260630.md: Can't follow symlink without -L/--copy-links
2026/08/08 17:55:54 NOTICE: Backups/rotacao_trindade_v4_20260718_220604/projeto/inbox_trindade/relatorio_pesquisas_2026.md: Can't follow symlink without -L/--copy-links
2026/08/08 17:55:54 NOTICE: Backups/rotacao_trindade_v4_20260718_220604/projeto/inbox_trindade/scraper_tse_isolated.js: Can't follow symlink without -L/--copy-links
2026/08/08 17:55:54 NOTICE: Backups/rotacao_trindade_v4_20260718_220604/projeto/inbox_trindade/scraper_tse_modals.js: Can't follow symlink without -L/--copy-links
2026/08/08 17:55:54 NOTICE: Backups/rotacao_trindade_v4_20260718_220604/projeto/inbox_trindade/scraper_tse_fast.js: Can't follow symlink without -L/--copy-links
2026/08/08 17:55:54 NOTICE: Backups/rotacao_trindade_v4_20260718_220604/projeto/inbox_trindade/antigravity_desktop.md: Can't follow symlink without -L/--copy-links
2026/08/08 17:55:54 NOTICE: Backups/rotacao_trindade_v4_20260718_220604/projeto/inbox_trindade/scraper_tse_modals3.js: Can't follow symlink without -L/--copy-links
2026/08/08 17:55:54 NOTICE: Backups/rotacao_trindade_v4_20260718_220604/projeto/inbox_trindade/pesqele_results.png: Can't follow symlink without -L/--copy-links
2026/08/08 17:55:54 NOTICE: Backups/rotacao_trindade_v4_20260718_220604/projeto/inbox_trindade/grok_coding.md: Can't follow symlink without -L/--copy-links
2026/08/08 17:55:54 NOTICE: Backups/rotacao_trindade_v4_20260718_220604/projeto/inbox_trindade/miguel.md: Can't follow symlink without -L/--copy-links
2026/08/08 17:55:54 NOTICE: Backups/rotacao_trindade_v4_20260718_220604/projeto/inbox_trindade/scraper_tse_full.js: Can't follow symlink without -L/--copy-links
2026/08/08 17:55:54 NOTICE: Backups/rotacao_trindade_v4_20260718_220604/projeto/inbox_trindade/glm_coding.md: Can't follow symlink without -L/--copy-links
2026/08/08 17:55:54 NOTICE: Backups/rotacao_trindade_v4_20260718_220604/projeto/inbox_trindade/parser_tse_quaest_fixed.js: Can't follow symlink without -L/--copy-links
2026/08/08 17:55:54 NOTICE: Backups/rotacao_trindade_v4_20260718_220604/projeto/inbox_trindade/scraper_tse5.js: Can't follow symlink without -L/--copy-links
2026/08/08 17:55:54 NOTICE: Backups/rotacao_trindade_v4_20260718_220604/projeto/inbox_trindade/parser_tse_quaest.js: Can't follow symlink without -L/--copy-links
2026/08/08 17:55:54 NOTICE: Backups/rotacao_trindade_v4_20260718_220604/projeto/inbox_trindade/gerar_pdfs.py: Can't follow symlink without -L/--copy-links
2026/08/08 17:55:54 NOTICE: Backups/rotacao_trindade_v4_20260718_220604/projeto/inbox_trindade/materia_eidas_diagramada.html: Can't follow symlink without -L/--copy-links
2026/08/08 17:55:54 NOTICE: Backups/rotacao_trindade_v4_20260718_220604/projeto/inbox_trindade/pesqele_results_body.txt: Can't follow symlink without -L/--copy-links
2026/08/08 17:55:54 NOTICE: Backups/rotacao_trindade_v4_20260718_220604/projeto/inbox_trindade/pesquisas_tse_2026_todas.json: Can't follow symlink without -L/--copy-links
2026/08/08 17:55:54 NOTICE: Backups/rotacao_trindade_v4_20260718_220604/projeto/inbox_trindade/pesquisas_tse_2026_raw_modals.json: Can't follow symlink without -L/--copy-links
2026/08/08 17:55:54 NOTICE: Backups/rotacao_trindade_v4_20260718_220604/projeto/inbox_trindade/scraper_tse.js: Can't follow symlink without -L/--copy-links
2026/08/08 17:55:54 NOTICE: Backups/rotacao_trindade_v4_20260718_220604/projeto/inbox_trindade/detalhar_page.txt: Can't follow symlink without -L/--copy-links
2026/08/08 17:55:54 NOTICE: Backups/rotacao_trindade_v4_20260718_220604/projeto/inbox_trindade/apresentacao_eidas.html: Can't follow symlink without -L/--copy-links
2026/08/08 17:55:54 NOTICE: Backups/rotacao_trindade_v4_20260718_220604/projeto/inbox_trindade/pesqele_html.txt: Can't follow symlink without -L/--copy-links
2026/08/08 17:55:54 NOTICE: Backups/rotacao_trindade_v4_20260718_220604/projeto/inbox_trindade/vibe_mistral_cli.md: Can't follow symlink without -L/--copy-links
2026/08/08 17:55:54 NOTICE: Backups/rotacao_trindade_v4_20260718_220604/projeto/inbox_trindade/pesqele_data.json: Can't follow symlink without -L/--copy-links
2026/08/08 17:55:54 NOTICE: Backups/rotacao_trindade_v4_20260718_220604/projeto/inbox_trindade/find_institutes.js: Can't follow symlink without -L/--copy-links
2026/08/08 17:55:54 NOTICE: Backups/rotacao_trindade_v4_20260718_220604/projeto/inbox_trindade/scraper_tse3.js: Can't follow symlink without -L/--copy-links
2026/08/08 17:55:54 NOTICE: Backups/rotacao_trindade_v4_20260718_220604/projeto/inbox_trindade/pesqele_form_html.txt: Can't follow symlink without -L/--copy-links
2026/08/08 17:55:56 NOTICE: Backups/backup_cerebro_20260728_164635/Foruns/v4_labs_espelhos/contratos_v4_gsn_espelho_ingles_v1.md: Can't follow symlink without -L/--copy-links
2026/08/08 17:55:56 NOTICE: Backups/backup_cerebro_20260728_164635/Foruns/v4_labs_espelhos/contratos_v4_cultura_v1.md: Can't follow symlink without -L/--copy-links
2026/08/08 17:55:56 NOTICE: Backups/backup_cerebro_20260728_164635/Foruns/v4_labs_espelhos/v4_memoria_carta_gpt56pro_autocura_imagens_v4_20260714.md: Can't follow symlink without -L/--copy-links
2026/08/08 17:55:56 NOTICE: Backups/backup_cerebro_20260728_164635/Foruns/v4_labs_espelhos/v4_memoria_forum_retomada_v4_imagens_drafts_20260716.md: Can't follow symlink without -L/--copy-links
2026/08/08 17:55:56 NOTICE: Backups/backup_cerebro_20260728_164635/Foruns/v4_labs_espelhos/labs_forum_autocura_imagens_v4_20260714.md: Can't follow symlink without -L/--copy-links
2026/08/08 17:55:56 NOTICE: Backups/backup_cerebro_20260728_164635/Foruns/v4_labs_espelhos/contratos_v4_ciencia_tecnologia_ia_v1.md: Can't follow symlink without -L/--copy-links
2026/08/08 17:55:56 NOTICE: Backups/backup_cerebro_20260728_164635/Foruns/v4_labs_espelhos/v4_memoria_forum_autocura_imagens_v4_20260714.md: Can't follow symlink without -L/--copy-links
2026/08/08 17:55:56 NOTICE: Backups/backup_cerebro_20260728_164635/Foruns/v4_labs_espelhos/labs_MANIFESTO.md: Can't follow symlink without -L/--copy-links
2026/08/08 17:55:56 NOTICE: Backups/backup_cerebro_20260728_164635/Foruns/v4_labs_espelhos/contratos_v4_internacional_v1.md: Can't follow symlink without -L/--copy-links
2026/08/08 17:55:56 NOTICE: Backups/backup_cerebro_20260728_164635/Foruns/v4_labs_espelhos/contratos_v4_nucleo_editorial_comum_v1.md: Can't follow symlink without -L/--copy-links
2026/08/08 17:55:56 NOTICE: Backups/backup_cerebro_20260728_164635/Foruns/v4_labs_espelhos/contratos_v4_nucleo_editorial_comum_v2.md: Can't follow symlink without -L/--copy-links
2026/08/08 17:55:56 NOTICE: Backups/backup_cerebro_20260728_164635/Foruns/v4_labs_espelhos/v4_memoria_MANIFESTO_PATCH_GPT56PRO_20260714.md: Can't follow symlink without -L/--copy-links
2026/08/08 17:55:56 NOTICE: Backups/backup_cerebro_20260728_164635/Foruns/v4_labs_espelhos/contratos_v4_nucleo_editorial_redacao_v1.md: Can't follow symlink without -L/--copy-links
2026/08/08 17:55:56 NOTICE: Backups/backup_cerebro_20260728_164635/Foruns/v4_labs_espelhos/v4_memoria_forum_arquitetura_cafezinho_media_group_v4_20260715.md: Can't follow symlink without -L/--copy-links
2026/08/08 17:55:56 NOTICE: Backups/backup_cerebro_20260728_164635/Foruns/v4_labs_espelhos/contratos_v4_repetidor_v1.md: Can't follow symlink without -L/--copy-links
2026/08/08 17:55:56 NOTICE: Backups/backup_cerebro_20260728_164635/Foruns/v4_labs_espelhos/contratos_forum_v4_qualidade_editorial_ciencia_ia_20260712.md: Can't follow symlink without -L/--copy-links
2026/08/08 17:55:56 NOTICE: Backups/backup_cerebro_20260728_164635/Foruns/v4_labs_espelhos/v4_memoria_forum_retomada_v4_imagens_drafts_20260716_run14.md: Can't follow symlink without -L/--copy-links
2026/08/08 17:55:56 NOTICE: Backups/backup_cerebro_20260728_164635/Foruns/v4_labs_espelhos/v4_memoria_forum_imagens_261602_20260714.md: Can't follow symlink without -L/--copy-links
2026/08/08 17:55:56 NOTICE: Backups/backup_cerebro_20260728_164635/Foruns/v4_labs_espelhos/contratos_v4_politica_economia_v1.md: Can't follow symlink without -L/--copy-links
2026/08/08 17:55:56 NOTICE: Backups/backup_cerebro_20260728_164635/Foruns/v4_labs_espelhos/v4_memoria_forum_retomada_v4_imagens_drafts_20260716_run6.md: Can't follow symlink without -L/--copy-links
2026/08/08 17:55:56 NOTICE: Backups/backup_cerebro_20260728_164635/Foruns/v4_labs_espelhos/v4_memoria_forum_retomada_v4_imagens_drafts_20260716_run11.md: Can't follow symlink without -L/--copy-links
2026/08/08 17:55:56 NOTICE: Backups/backup_cerebro_20260728_164635/Foruns/v4_labs_espelhos/v4_memoria_forum_resposta_gpt56pro_autocura_imagens_v4_20260714.md: Can't follow symlink without -L/--copy-links
2026/08/08 17:55:56 NOTICE: Backups/backup_cerebro_20260728_164635/Foruns/v4_labs_espelhos/v4_memoria_forum_retomada_v4_imagens_drafts_20260716_run9.md: Can't follow symlink without -L/--copy-links
2026/08/08 17:55:58 NOTICE: Google drive root 'Workspace_Vivo/Cerebro': 4 files missing
2026/08/08 17:55:58 NOTICE: Google drive root 'Workspace_Vivo/Cerebro': 6 differences found
2026/08/08 17:55:58 NOTICE: Google drive root 'Workspace_Vivo/Cerebro': 6 errors while checking
2026/08/08 17:55:58 NOTICE: Google drive root 'Workspace_Vivo/Cerebro': 4192 matching files
2026/08/08 17:55:58 INFO  : 
Transferred:   	          0 B / 0 B, -, 0 B/s, ETA -
Errors:                 6 (retrying may help)
Checks:              4194 / 4194, 100%, Listed 8682
Elapsed time:        45.8s

2026/08/08 17:55:58 NOTICE: Failed to check with 6 errors: last error was: 6 differences found
2026/08/08 17:56:25 INFO  : Using md5 for hash comparisons
2026/08/08 17:56:27 ERROR : backup_total_2026/logs/C16.j3_check.stdout: file not in Google drive root 'Workspace_Vivo/Cerebro'
2026/08/08 17:56:27 ERROR : backup_total_2026/logs/C16.j2.stdout: sizes differ
2026/08/08 17:56:27 ERROR : backup_total_2026/logs/C16.log: file not in Google drive root 'Workspace_Vivo/Cerebro'
2026/08/08 17:56:27 ERROR : backup_total_2026/logs/C16_check.log: file not in Google drive root 'Workspace_Vivo/Cerebro'
2026/08/08 17:56:27 ERROR : backup_total_2026/logs/C16_j3_check.sh: file not in Google drive root 'Workspace_Vivo/Cerebro'
2026/08/08 17:56:27 NOTICE: Backups/limpeza_comunicacao_reforma_v4_20260717_131257/inbox_trindade_antes/antigravity_desktop.md: Can't follow symlink without -L/--copy-links
2026/08/08 17:56:27 ERROR : monitoramento_horario/bugs_encontrados/bugs_2026-08-08.jsonl: sizes differ
2026/08/08 17:56:27 NOTICE: Backups/reforma_v4_abertura_sprint_20260717_1042/inbox_trindade_antes_da_limpeza/antigravity_desktop.md: Can't follow symlink without -L/--copy-links
2026/08/08 17:56:29 NOTICE: Backups/rotacao_trindade_v4_20260718_220604/projeto/inbox_trindade/pesquisas_tse_2026_tabela.csv: Can't follow symlink without -L/--copy-links
2026/08/08 17:56:29 NOTICE: Backups/rotacao_trindade_v4_20260718_220604/projeto/inbox_trindade/pesquisas_tse_2026_detalhes.json: Can't follow symlink without -L/--copy-links
2026/08/08 17:56:29 NOTICE: Backups/rotacao_trindade_v4_20260718_220604/projeto/inbox_trindade/pesqele_results_html.txt: Can't follow symlink without -L/--copy-links
2026/08/08 17:56:29 NOTICE: Backups/rotacao_trindade_v4_20260718_220604/projeto/inbox_trindade/publicar_pagina_direitos.py: Can't follow symlink without -L/--copy-links
2026/08/08 17:56:29 NOTICE: Backups/rotacao_trindade_v4_20260718_220604/projeto/inbox_trindade/test_quaest.js: Can't follow symlink without -L/--copy-links
2026/08/08 17:56:29 NOTICE: Backups/rotacao_trindade_v4_20260718_220604/projeto/inbox_trindade/pesquisas_tse_2026_todas_br.json: Can't follow symlink without -L/--copy-links
2026/08/08 17:56:29 NOTICE: Backups/rotacao_trindade_v4_20260718_220604/projeto/inbox_trindade/scraper_tse6.js: Can't follow symlink without -L/--copy-links
2026/08/08 17:56:29 NOTICE: Backups/rotacao_trindade_v4_20260718_220604/projeto/inbox_trindade/scraper_tse_custos.js: Can't follow symlink without -L/--copy-links
2026/08/08 17:56:29 NOTICE: Backups/rotacao_trindade_v4_20260718_220604/projeto/inbox_trindade/apresentacao_eidas.pdf: Can't follow symlink without -L/--copy-links
2026/08/08 17:56:29 NOTICE: Backups/rotacao_trindade_v4_20260718_220604/projeto/inbox_trindade/qwen_coding.md: Can't follow symlink without -L/--copy-links
2026/08/08 17:56:29 NOTICE: Backups/rotacao_trindade_v4_20260718_220604/projeto/inbox_trindade/pesqele_search_html.txt: Can't follow symlink without -L/--copy-links
2026/08/08 17:56:29 NOTICE: Backups/rotacao_trindade_v4_20260718_220604/projeto/inbox_trindade/pesqele_search_body.txt: Can't follow symlink without -L/--copy-links
2026/08/08 17:56:29 NOTICE: Backups/rotacao_trindade_v4_20260718_220604/projeto/inbox_trindade/scraper_tse_form.js: Can't follow symlink without -L/--copy-links
2026/08/08 17:56:29 NOTICE: Backups/rotacao_trindade_v4_20260718_220604/projeto/inbox_trindade/scraper_tse2.js: Can't follow symlink without -L/--copy-links
2026/08/08 17:56:29 NOTICE: Backups/rotacao_trindade_v4_20260718_220604/projeto/inbox_trindade/ming.md: Can't follow symlink without -L/--copy-links
2026/08/08 17:56:29 NOTICE: Backups/rotacao_trindade_v4_20260718_220604/projeto/inbox_trindade/pesquisas_tse_2026_processadas.json: Can't follow symlink without -L/--copy-links
2026/08/08 17:56:29 NOTICE: Backups/rotacao_trindade_v4_20260718_220604/projeto/inbox_trindade/resumo_pesquisas.json: Can't follow symlink without -L/--copy-links
2026/08/08 17:56:29 NOTICE: Backups/rotacao_trindade_v4_20260718_220604/projeto/inbox_trindade/pedido_ponto_de_retomada_20260628.md: Can't follow symlink without -L/--copy-links
2026/08/08 17:56:29 NOTICE: Backups/rotacao_trindade_v4_20260718_220604/projeto/inbox_trindade/scraper_tse_modals2.js: Can't follow symlink without -L/--copy-links
2026/08/08 17:56:29 NOTICE: Backups/rotacao_trindade_v4_20260718_220604/projeto/inbox_trindade/scraper_tse_todas_br.js: Can't follow symlink without -L/--copy-links
2026/08/08 17:56:29 NOTICE: Backups/rotacao_trindade_v4_20260718_220604/projeto/inbox_trindade/detalhar_page_html.txt: Can't follow symlink without -L/--copy-links
2026/08/08 17:56:29 NOTICE: Backups/rotacao_trindade_v4_20260718_220604/projeto/inbox_trindade/pesquisas_tse_2026.json: Can't follow symlink without -L/--copy-links
2026/08/08 17:56:29 NOTICE: Backups/rotacao_trindade_v4_20260718_220604/projeto/inbox_trindade/package.json: Can't follow symlink without -L/--copy-links
2026/08/08 17:56:29 NOTICE: Backups/rotacao_trindade_v4_20260718_220604/projeto/inbox_trindade/analise_ipca15_junho2026.md: Can't follow symlink without -L/--copy-links
2026/08/08 17:56:29 NOTICE: Backups/rotacao_trindade_v4_20260718_220604/projeto/inbox_trindade/package-lock.json: Can't follow symlink without -L/--copy-links
2026/08/08 17:56:29 NOTICE: Backups/rotacao_trindade_v4_20260718_220604/projeto/inbox_trindade/README.md: Can't follow symlink without -L/--copy-links
2026/08/08 17:56:29 NOTICE: Backups/rotacao_trindade_v4_20260718_220604/projeto/inbox_trindade/scraper_tse_detalhar_test.js: Can't follow symlink without -L/--copy-links
2026/08/08 17:56:29 NOTICE: Backups/rotacao_trindade_v4_20260718_220604/projeto/inbox_trindade/quaest_ipec.json: Can't follow symlink without -L/--copy-links
2026/08/08 17:56:29 NOTICE: Backups/rotacao_trindade_v4_20260718_220604/projeto/inbox_trindade/pesqele_home.png: Can't follow symlink without -L/--copy-links
2026/08/08 17:56:29 NOTICE: Backups/rotacao_trindade_v4_20260718_220604/projeto/inbox_trindade/scraper_tse_detalhes.js: Can't follow symlink without -L/--copy-links
2026/08/08 17:56:29 NOTICE: Backups/rotacao_trindade_v4_20260718_220604/projeto/inbox_trindade/pesquisas_tse_2026_full.json: Can't follow symlink without -L/--copy-links
2026/08/08 17:56:29 NOTICE: Backups/rotacao_trindade_v4_20260718_220604/projeto/inbox_trindade/pesqele_search.png: Can't follow symlink without -L/--copy-links
2026/08/08 17:56:29 NOTICE: Backups/rotacao_trindade_v4_20260718_220604/projeto/inbox_trindade/agy_cli.md: Can't follow symlink without -L/--copy-links
2026/08/08 17:56:29 NOTICE: Backups/rotacao_trindade_v4_20260718_220604/projeto/inbox_trindade/pesqele_body.txt: Can't follow symlink without -L/--copy-links
2026/08/08 17:56:29 NOTICE: Backups/rotacao_trindade_v4_20260718_220604/projeto/inbox_trindade/scraper_tse4.js: Can't follow symlink without -L/--copy-links
2026/08/08 17:56:29 NOTICE: Backups/rotacao_trindade_v4_20260718_220604/projeto/inbox_trindade/scraper_tse_paginator.js: Can't follow symlink without -L/--copy-links
2026/08/08 17:56:29 NOTICE: Backups/rotacao_trindade_v4_20260718_220604/projeto/inbox_trindade/materia_eidas_diagramada.pdf: Can't follow symlink without -L/--copy-links
2026/08/08 17:56:29 NOTICE: Backups/rotacao_trindade_v4_20260718_220604/projeto/inbox_trindade/parser_tse.js: Can't follow symlink without -L/--copy-links
2026/08/08 17:56:29 NOTICE: Backups/rotacao_trindade_v4_20260718_220604/projeto/inbox_trindade/materia_eidas_20260630.md: Can't follow symlink without -L/--copy-links
2026/08/08 17:56:29 NOTICE: Backups/rotacao_trindade_v4_20260718_220604/projeto/inbox_trindade/relatorio_pesquisas_2026.md: Can't follow symlink without -L/--copy-links
2026/08/08 17:56:29 NOTICE: Backups/rotacao_trindade_v4_20260718_220604/projeto/inbox_trindade/scraper_tse_isolated.js: Can't follow symlink without -L/--copy-links
2026/08/08 17:56:29 NOTICE: Backups/rotacao_trindade_v4_20260718_220604/projeto/inbox_trindade/scraper_tse_modals.js: Can't follow symlink without -L/--copy-links
2026/08/08 17:56:29 NOTICE: Backups/rotacao_trindade_v4_20260718_220604/projeto/inbox_trindade/scraper_tse_fast.js: Can't follow symlink without -L/--copy-links
2026/08/08 17:56:29 NOTICE: Backups/rotacao_trindade_v4_20260718_220604/projeto/inbox_trindade/antigravity_desktop.md: Can't follow symlink without -L/--copy-links
2026/08/08 17:56:29 NOTICE: Backups/rotacao_trindade_v4_20260718_220604/projeto/inbox_trindade/scraper_tse_modals3.js: Can't follow symlink without -L/--copy-links
2026/08/08 17:56:29 NOTICE: Backups/rotacao_trindade_v4_20260718_220604/projeto/inbox_trindade/pesqele_results.png: Can't follow symlink without -L/--copy-links
2026/08/08 17:56:29 NOTICE: Backups/rotacao_trindade_v4_20260718_220604/projeto/inbox_trindade/grok_coding.md: Can't follow symlink without -L/--copy-links
2026/08/08 17:56:29 NOTICE: Backups/rotacao_trindade_v4_20260718_220604/projeto/inbox_trindade/miguel.md: Can't follow symlink without -L/--copy-links
2026/08/08 17:56:29 NOTICE: Backups/rotacao_trindade_v4_20260718_220604/projeto/inbox_trindade/scraper_tse_full.js: Can't follow symlink without -L/--copy-links
2026/08/08 17:56:29 NOTICE: Backups/rotacao_trindade_v4_20260718_220604/projeto/inbox_trindade/glm_coding.md: Can't follow symlink without -L/--copy-links
2026/08/08 17:56:29 NOTICE: Backups/rotacao_trindade_v4_20260718_220604/projeto/inbox_trindade/parser_tse_quaest_fixed.js: Can't follow symlink without -L/--copy-links
2026/08/08 17:56:29 NOTICE: Backups/rotacao_trindade_v4_20260718_220604/projeto/inbox_trindade/scraper_tse5.js: Can't follow symlink without -L/--copy-links
2026/08/08 17:56:29 NOTICE: Backups/rotacao_trindade_v4_20260718_220604/projeto/inbox_trindade/parser_tse_quaest.js: Can't follow symlink without -L/--copy-links
2026/08/08 17:56:29 NOTICE: Backups/rotacao_trindade_v4_20260718_220604/projeto/inbox_trindade/gerar_pdfs.py: Can't follow symlink without -L/--copy-links
2026/08/08 17:56:29 NOTICE: Backups/rotacao_trindade_v4_20260718_220604/projeto/inbox_trindade/materia_eidas_diagramada.html: Can't follow symlink without -L/--copy-links
2026/08/08 17:56:29 NOTICE: Backups/rotacao_trindade_v4_20260718_220604/projeto/inbox_trindade/pesqele_results_body.txt: Can't follow symlink without -L/--copy-links
2026/08/08 17:56:29 NOTICE: Backups/rotacao_trindade_v4_20260718_220604/projeto/inbox_trindade/pesquisas_tse_2026_todas.json: Can't follow symlink without -L/--copy-links
2026/08/08 17:56:29 NOTICE: Backups/rotacao_trindade_v4_20260718_220604/projeto/inbox_trindade/pesquisas_tse_2026_raw_modals.json: Can't follow symlink without -L/--copy-links
2026/08/08 17:56:29 NOTICE: Backups/rotacao_trindade_v4_20260718_220604/projeto/inbox_trindade/scraper_tse.js: Can't follow symlink without -L/--copy-links
2026/08/08 17:56:29 NOTICE: Backups/rotacao_trindade_v4_20260718_220604/projeto/inbox_trindade/detalhar_page.txt: Can't follow symlink without -L/--copy-links
2026/08/08 17:56:29 NOTICE: Backups/rotacao_trindade_v4_20260718_220604/projeto/inbox_trindade/apresentacao_eidas.html: Can't follow symlink without -L/--copy-links
2026/08/08 17:56:29 NOTICE: Backups/rotacao_trindade_v4_20260718_220604/projeto/inbox_trindade/pesqele_html.txt: Can't follow symlink without -L/--copy-links
2026/08/08 17:56:29 NOTICE: Backups/rotacao_trindade_v4_20260718_220604/projeto/inbox_trindade/vibe_mistral_cli.md: Can't follow symlink without -L/--copy-links
2026/08/08 17:56:29 NOTICE: Backups/rotacao_trindade_v4_20260718_220604/projeto/inbox_trindade/pesqele_data.json: Can't follow symlink without -L/--copy-links
2026/08/08 17:56:29 NOTICE: Backups/rotacao_trindade_v4_20260718_220604/projeto/inbox_trindade/find_institutes.js: Can't follow symlink without -L/--copy-links
2026/08/08 17:56:29 NOTICE: Backups/rotacao_trindade_v4_20260718_220604/projeto/inbox_trindade/scraper_tse3.js: Can't follow symlink without -L/--copy-links
2026/08/08 17:56:29 NOTICE: Backups/rotacao_trindade_v4_20260718_220604/projeto/inbox_trindade/pesqele_form_html.txt: Can't follow symlink without -L/--copy-links
2026/08/08 17:56:31 NOTICE: Foruns/v4_labs_espelhos/contratos_v4_gsn_espelho_ingles_v1.md: Can't follow symlink without -L/--copy-links
2026/08/08 17:56:31 NOTICE: Foruns/v4_labs_espelhos/contratos_v4_cultura_v1.md: Can't follow symlink without -L/--copy-links
2026/08/08 17:56:31 NOTICE: Foruns/v4_labs_espelhos/v4_memoria_carta_gpt56pro_autocura_imagens_v4_20260714.md: Can't follow symlink without -L/--copy-links
2026/08/08 17:56:31 NOTICE: Foruns/v4_labs_espelhos/v4_memoria_forum_retomada_v4_imagens_drafts_20260716.md: Can't follow symlink without -L/--copy-links
2026/08/08 17:56:31 NOTICE: Foruns/v4_labs_espelhos/labs_forum_autocura_imagens_v4_20260714.md: Can't follow symlink without -L/--copy-links
2026/08/08 17:56:31 NOTICE: Foruns/v4_labs_espelhos/contratos_v4_ciencia_tecnologia_ia_v1.md: Can't follow symlink without -L/--copy-links
2026/08/08 17:56:31 NOTICE: Foruns/v4_labs_espelhos/v4_memoria_forum_autocura_imagens_v4_20260714.md: Can't follow symlink without -L/--copy-links
2026/08/08 17:56:31 NOTICE: Foruns/v4_labs_espelhos/labs_MANIFESTO.md: Can't follow symlink without -L/--copy-links
2026/08/08 17:56:31 NOTICE: Foruns/v4_labs_espelhos/contratos_v4_internacional_v1.md: Can't follow symlink without -L/--copy-links
2026/08/08 17:56:31 NOTICE: Foruns/v4_labs_espelhos/contratos_v4_nucleo_editorial_comum_v1.md: Can't follow symlink without -L/--copy-links
2026/08/08 17:56:31 NOTICE: Foruns/v4_labs_espelhos/contratos_v4_nucleo_editorial_comum_v2.md: Can't follow symlink without -L/--copy-links
2026/08/08 17:56:31 NOTICE: Foruns/v4_labs_espelhos/v4_memoria_MANIFESTO_PATCH_GPT56PRO_20260714.md: Can't follow symlink without -L/--copy-links
2026/08/08 17:56:31 NOTICE: Foruns/v4_labs_espelhos/contratos_v4_nucleo_editorial_redacao_v1.md: Can't follow symlink without -L/--copy-links
2026/08/08 17:56:31 NOTICE: Foruns/v4_labs_espelhos/v4_memoria_forum_arquitetura_cafezinho_media_group_v4_20260715.md: Can't follow symlink without -L/--copy-links
2026/08/08 17:56:31 NOTICE: Foruns/v4_labs_espelhos/contratos_v4_repetidor_v1.md: Can't follow symlink without -L/--copy-links
2026/08/08 17:56:31 NOTICE: Foruns/v4_labs_espelhos/contratos_forum_v4_qualidade_editorial_ciencia_ia_20260712.md: Can't follow symlink without -L/--copy-links
2026/08/08 17:56:31 NOTICE: Foruns/v4_labs_espelhos/v4_memoria_forum_retomada_v4_imagens_drafts_20260716_run14.md: Can't follow symlink without -L/--copy-links
2026/08/08 17:56:31 NOTICE: Foruns/v4_labs_espelhos/v4_memoria_forum_imagens_261602_20260714.md: Can't follow symlink without -L/--copy-links
2026/08/08 17:56:31 NOTICE: Foruns/v4_labs_espelhos/contratos_v4_politica_economia_v1.md: Can't follow symlink without -L/--copy-links
2026/08/08 17:56:31 NOTICE: Foruns/v4_labs_espelhos/v4_memoria_forum_retomada_v4_imagens_drafts_20260716_run6.md: Can't follow symlink without -L/--copy-links
2026/08/08 17:56:31 NOTICE: Foruns/v4_labs_espelhos/v4_memoria_forum_retomada_v4_imagens_drafts_20260716_run11.md: Can't follow symlink without -L/--copy-links
2026/08/08 17:56:31 NOTICE: Foruns/v4_labs_espelhos/v4_memoria_forum_resposta_gpt56pro_autocura_imagens_v4_20260714.md: Can't follow symlink without -L/--copy-links
2026/08/08 17:56:31 NOTICE: Foruns/v4_labs_espelhos/v4_memoria_forum_retomada_v4_imagens_drafts_20260716_run9.md: Can't follow symlink without -L/--copy-links
2026/08/08 17:56:32 NOTICE: Backups/backup_cerebro_20260728_164635/Foruns/v4_labs_espelhos/contratos_v4_gsn_espelho_ingles_v1.md: Can't follow symlink without -L/--copy-links
2026/08/08 17:56:32 NOTICE: Backups/backup_cerebro_20260728_164635/Foruns/v4_labs_espelhos/contratos_v4_cultura_v1.md: Can't follow symlink without -L/--copy-links
2026/08/08 17:56:32 NOTICE: Backups/backup_cerebro_20260728_164635/Foruns/v4_labs_espelhos/v4_memoria_carta_gpt56pro_autocura_imagens_v4_20260714.md: Can't follow symlink without -L/--copy-links
2026/08/08 17:56:32 NOTICE: Backups/backup_cerebro_20260728_164635/Foruns/v4_labs_espelhos/v4_memoria_forum_retomada_v4_imagens_drafts_20260716.md: Can't follow symlink without -L/--copy-links
2026/08/08 17:56:32 NOTICE: Backups/backup_cerebro_20260728_164635/Foruns/v4_labs_espelhos/labs_forum_autocura_imagens_v4_20260714.md: Can't follow symlink without -L/--copy-links
2026/08/08 17:56:32 NOTICE: Backups/backup_cerebro_20260728_164635/Foruns/v4_labs_espelhos/contratos_v4_ciencia_tecnologia_ia_v1.md: Can't follow symlink without -L/--copy-links
2026/08/08 17:56:32 NOTICE: Backups/backup_cerebro_20260728_164635/Foruns/v4_labs_espelhos/v4_memoria_forum_autocura_imagens_v4_20260714.md: Can't follow symlink without -L/--copy-links
2026/08/08 17:56:32 NOTICE: Backups/backup_cerebro_20260728_164635/Foruns/v4_labs_espelhos/labs_MANIFESTO.md: Can't follow symlink without -L/--copy-links
2026/08/08 17:56:32 NOTICE: Backups/backup_cerebro_20260728_164635/Foruns/v4_labs_espelhos/contratos_v4_internacional_v1.md: Can't follow symlink without -L/--copy-links
2026/08/08 17:56:32 NOTICE: Backups/backup_cerebro_20260728_164635/Foruns/v4_labs_espelhos/contratos_v4_nucleo_editorial_comum_v1.md: Can't follow symlink without -L/--copy-links
2026/08/08 17:56:32 NOTICE: Backups/backup_cerebro_20260728_164635/Foruns/v4_labs_espelhos/contratos_v4_nucleo_editorial_comum_v2.md: Can't follow symlink without -L/--copy-links
2026/08/08 17:56:32 NOTICE: Backups/backup_cerebro_20260728_164635/Foruns/v4_labs_espelhos/v4_memoria_MANIFESTO_PATCH_GPT56PRO_20260714.md: Can't follow symlink without -L/--copy-links
2026/08/08 17:56:32 NOTICE: Backups/backup_cerebro_20260728_164635/Foruns/v4_labs_espelhos/contratos_v4_nucleo_editorial_redacao_v1.md: Can't follow symlink without -L/--copy-links
2026/08/08 17:56:32 NOTICE: Backups/backup_cerebro_20260728_164635/Foruns/v4_labs_espelhos/v4_memoria_forum_arquitetura_cafezinho_media_group_v4_20260715.md: Can't follow symlink without -L/--copy-links
2026/08/08 17:56:32 NOTICE: Backups/backup_cerebro_20260728_164635/Foruns/v4_labs_espelhos/contratos_v4_repetidor_v1.md: Can't follow symlink without -L/--copy-links
2026/08/08 17:56:32 NOTICE: Backups/backup_cerebro_20260728_164635/Foruns/v4_labs_espelhos/contratos_forum_v4_qualidade_editorial_ciencia_ia_20260712.md: Can't follow symlink without -L/--copy-links
2026/08/08 17:56:32 NOTICE: Backups/backup_cerebro_20260728_164635/Foruns/v4_labs_espelhos/v4_memoria_forum_retomada_v4_imagens_drafts_20260716_run14.md: Can't follow symlink without -L/--copy-links
2026/08/08 17:56:32 NOTICE: Backups/backup_cerebro_20260728_164635/Foruns/v4_labs_espelhos/v4_memoria_forum_imagens_261602_20260714.md: Can't follow symlink without -L/--copy-links
2026/08/08 17:56:32 NOTICE: Backups/backup_cerebro_20260728_164635/Foruns/v4_labs_espelhos/contratos_v4_politica_economia_v1.md: Can't follow symlink without -L/--copy-links
2026/08/08 17:56:32 NOTICE: Backups/backup_cerebro_20260728_164635/Foruns/v4_labs_espelhos/v4_memoria_forum_retomada_v4_imagens_drafts_20260716_run6.md: Can't follow symlink without -L/--copy-links
2026/08/08 17:56:32 NOTICE: Backups/backup_cerebro_20260728_164635/Foruns/v4_labs_espelhos/v4_memoria_forum_retomada_v4_imagens_drafts_20260716_run11.md: Can't follow symlink without -L/--copy-links
2026/08/08 17:56:32 NOTICE: Backups/backup_cerebro_20260728_164635/Foruns/v4_labs_espelhos/v4_memoria_forum_resposta_gpt56pro_autocura_imagens_v4_20260714.md: Can't follow symlink without -L/--copy-links
2026/08/08 17:56:32 NOTICE: Backups/backup_cerebro_20260728_164635/Foruns/v4_labs_espelhos/v4_memoria_forum_retomada_v4_imagens_drafts_20260716_run9.md: Can't follow symlink without -L/--copy-links
2026/08/08 17:56:35 NOTICE: Google drive root 'Workspace_Vivo/Cerebro': 4 files missing
2026/08/08 17:56:35 NOTICE: Google drive root 'Workspace_Vivo/Cerebro': 6 differences found
2026/08/08 17:56:35 NOTICE: Google drive root 'Workspace_Vivo/Cerebro': 6 errors while checking
2026/08/08 17:56:35 NOTICE: Google drive root 'Workspace_Vivo/Cerebro': 4192 matching files
2026/08/08 17:56:35 INFO  : 
Transferred:   	          0 B / 0 B, -, 0 B/s, ETA -
Errors:                 6 (retrying may help)
Checks:              4194 / 4194, 100%, Listed 8682
Elapsed time:        10.1s

2026/08/08 17:56:35 NOTICE: Failed to check with 6 errors: last error was: 6 differences found
2026/08/08 17:56:36 INFO  : Using md5 for hash comparisons
2026/08/08 17:56:37 ERROR : boletim_baleia_azul_20260807.md: sizes differ
2026/08/08 17:56:37 ERROR : boletim_baleia_azul_20260808.md: file not in Google drive root 'Workspace_Vivo/Projeto Cafezinho Agentes'
2026/08/08 17:56:37 NOTICE: Ponto de Retomada/Antigravity Desktop: Can't follow symlink without -L/--copy-links
2026/08/08 17:56:37 NOTICE: Foruns/carta_agy_ativacao_proxy_nyc_20260703.md: Can't follow symlink without -L/--copy-links
2026/08/08 17:56:37 NOTICE: Foruns/forum_v4_canario_ciencia_geopolitica_20260713.md: Can't follow symlink without -L/--copy-links
2026/08/08 17:56:37 NOTICE: Foruns/credenciais_pesquisa_petroleo.md: Can't follow symlink without -L/--copy-links
2026/08/08 17:56:37 NOTICE: Foruns/INDICE_FORUNS_SEMANAL.md: Can't follow symlink without -L/--copy-links
2026/08/08 17:56:37 NOTICE: Foruns/ensaio_geopolitica_petroleo_2026.md: Can't follow symlink without -L/--copy-links
2026/08/08 17:56:37 NOTICE: Foruns/carta_humanizada_codex_trindade_reforma_agentes_20260717.md: Can't follow symlink without -L/--copy-links
2026/08/08 17:56:37 NOTICE: Foruns/checkpoint_v4_ciencia_geopolitica_20260713.md: Can't follow symlink without -L/--copy-links
2026/08/08 17:56:37 NOTICE: Foruns/forum_saneamento_seo_automatizado_lotes_20260701.md: Can't follow symlink without -L/--copy-links
2026/08/08 17:56:37 NOTICE: Foruns/tutorial_pacer_monitor_20260707.md: Can't follow symlink without -L/--copy-links
2026/08/08 17:56:37 NOTICE: Foruns/forum_pautas_editoriais_20260701.md: Can't follow symlink without -L/--copy-links
2026/08/08 17:56:37 NOTICE: Foruns/forum_auditoria_indexacao_sites_tematicos_20260713.md: Can't follow symlink without -L/--copy-links
2026/08/08 17:56:37 NOTICE: Foruns/forum_backup_v4_tematicos_backblaze_20260717_004222.md: Can't follow symlink without -L/--copy-links
2026/08/08 17:56:37 NOTICE: Foruns/tutorial_publicacao_direta_wp_20260706.md: Can't follow symlink without -L/--copy-links
2026/08/08 17:56:37 NOTICE: Foruns/forum_coleta_dados_petroleo_20260711.md: Can't follow symlink without -L/--copy-links
2026/08/08 17:56:37 NOTICE: Foruns/forum_tutorial_acesso_dados_ibge_sidra_20260710.md: Can't follow symlink without -L/--copy-links
2026/08/08 17:56:37 NOTICE: Foruns/forum_reorganizacao_agentes_cafezinho_fase3_20260717.md: Can't follow symlink without -L/--copy-links
2026/08/08 17:56:37 NOTICE: Foruns/dossie_jason_miller_20260707.md: Can't follow symlink without -L/--copy-links
2026/08/08 17:56:37 NOTICE: Foruns/forum_exercicio_copia_cafezinho_news_20260629.md: Can't follow symlink without -L/--copy-links
2026/08/08 17:56:37 NOTICE: Foruns/forum_arquitetura_legendador_bbc.md: Can't follow symlink without -L/--copy-links
2026/08/08 17:56:37 NOTICE: Foruns/forum_explicativo_agentes_tematicos_20260714.md: Can't follow symlink without -L/--copy-links
2026/08/08 17:56:37 NOTICE: Foruns/forum_autocura_v3_20260703.md: Can't follow symlink without -L/--copy-links
2026/08/08 17:56:37 NOTICE: Foruns/carta_humanizada_codex_trindade_reforma_agentes_fase3_20260717.md: Can't follow symlink without -L/--copy-links
2026/08/08 17:56:37 NOTICE: Foruns/prompt_pesquisa_petroleo_gpt_claude.md: Can't follow symlink without -L/--copy-links
2026/08/08 17:56:37 NOTICE: Foruns/canal_claude_antigravity.md: Can't follow symlink without -L/--copy-links
2026/08/08 17:56:37 NOTICE: Foruns/sub_cerebro_antigravity_desktop.md: Can't follow symlink without -L/--copy-links
2026/08/08 17:56:37 NOTICE: Foruns/carta_agy_descoberta_gpt5_5_pro_api_20260701.md: Can't follow symlink without -L/--copy-links
2026/08/08 17:56:37 NOTICE: Foruns/artigo_panorama_petroleo_20260711.md: Can't follow symlink without -L/--copy-links
2026/08/08 17:56:37 NOTICE: Foruns/forum_auditoria_failover_crontab_20260701.md: Can't follow symlink without -L/--copy-links
2026/08/08 17:56:37 NOTICE: Foruns/forum_reorganizacao_agentes_cafezinho_20260717.md: Can't follow symlink without -L/--copy-links
2026/08/08 17:56:37 ERROR : dados_baleia_azul/audiencia_20260808.json: file not in Google drive root 'Workspace_Vivo/Projeto Cafezinho Agentes'
2026/08/08 17:56:37 ERROR : dados_baleia_azul/audiencia_20260808.md: file not in Google drive root 'Workspace_Vivo/Projeto Cafezinho Agentes'
2026/08/08 17:56:37 ERROR : dados_baleia_azul/audiencia_20260807.json: sizes differ
2026/08/08 17:56:37 ERROR : dados_baleia_azul/audiencia_atual.md: sizes differ
2026/08/08 17:56:37 ERROR : dados_baleia_azul/audiencia_20260807.md: md5 differ
2026/08/08 17:56:37 ERROR : dados_baleia_azul/auditor_titulos_20260808.json: file not in Google drive root 'Workspace_Vivo/Projeto Cafezinho Agentes'
2026/08/08 17:56:37 ERROR : dados_baleia_azul/auditor_titulos_20260807.md: sizes differ
2026/08/08 17:56:37 ERROR : dados_baleia_azul/auditor_titulos_20260808.md: file not in Google drive root 'Workspace_Vivo/Projeto Cafezinho Agentes'
2026/08/08 17:56:37 ERROR : dados_baleia_azul/auditor_titulos_relatorio_20260808.md: file not in Google drive root 'Workspace_Vivo/Projeto Cafezinho Agentes'
2026/08/08 17:56:37 ERROR : dados_baleia_azul/coluna_kimi_20260808.md: file not in Google drive root 'Workspace_Vivo/Projeto Cafezinho Agentes'
2026/08/08 17:56:37 ERROR : dados_baleia_azul/auditor_titulos_atual.md: sizes differ
2026/08/08 17:56:37 ERROR : dados_baleia_azul/auditor_titulos_relatorio_20260807.md: sizes differ
2026/08/08 17:56:37 ERROR : dados_baleia_azul/disco_tematicos_20260808.json: file not in Google drive root 'Workspace_Vivo/Projeto Cafezinho Agentes'
2026/08/08 17:56:37 ERROR : dados_baleia_azul/disco_tematicos_20260808.md: file not in Google drive root 'Workspace_Vivo/Projeto Cafezinho Agentes'
2026/08/08 17:56:37 ERROR : dados_baleia_azul/disco_tematicos_historico.jsonl: sizes differ
2026/08/08 17:56:37 ERROR : dados_baleia_azul/disco_tematicos_20260807.json: sizes differ
2026/08/08 17:56:37 ERROR : dados_baleia_azul/disco_tematicos_20260807.md: sizes differ
2026/08/08 17:56:37 ERROR : dados_baleia_azul/auditor_titulos_20260807.json: md5 differ
2026/08/08 17:56:37 ERROR : dados_baleia_azul/auditor_titulos_atual.json: md5 differ
2026/08/08 17:56:37 ERROR : dados_baleia_azul/saude_site_20260807.json: sizes differ
2026/08/08 17:56:37 ERROR : dados_baleia_azul/saude_site_20260808.json: file not in Google drive root 'Workspace_Vivo/Projeto Cafezinho Agentes'
2026/08/08 17:56:37 ERROR : dados_baleia_azul/saude_site_20260808.md: file not in Google drive root 'Workspace_Vivo/Projeto Cafezinho Agentes'
2026/08/08 17:56:37 ERROR : agent_data/hero_tentativas.json: sizes differ
2026/08/08 17:56:37 ERROR : agent_data/heroes_hash_usadas.json: sizes differ
2026/08/08 17:56:37 ERROR : agent_data/heroes_usadas.json: sizes differ
2026/08/08 17:56:37 ERROR : dados_baleia_azul/saude_site_20260807.md: md5 differ
2026/08/08 17:56:37 ERROR : dados_baleia_azul/sinal_google_20260808.md: file not in Google drive root 'Workspace_Vivo/Projeto Cafezinho Agentes'
2026/08/08 17:56:37 ERROR : dados_baleia_azul/sinal_google_atual.md: sizes differ
2026/08/08 17:56:37 ERROR : Foruns/canal_trindade.md: sizes differ
2026/08/08 17:56:38 NOTICE: Foruns/inbox_trindade/pesquisas_tse_2026_tabela.csv: Can't follow symlink without -L/--copy-links
2026/08/08 17:56:38 NOTICE: Foruns/inbox_trindade/pesquisas_tse_2026_detalhes.json: Can't follow symlink without -L/--copy-links
2026/08/08 17:56:38 NOTICE: Foruns/inbox_trindade/pesqele_results_html.txt: Can't follow symlink without -L/--copy-links
2026/08/08 17:56:38 NOTICE: Foruns/inbox_trindade/publicar_pagina_direitos.py: Can't follow symlink without -L/--copy-links
2026/08/08 17:56:38 NOTICE: Foruns/inbox_trindade/test_quaest.js: Can't follow symlink without -L/--copy-links
2026/08/08 17:56:38 NOTICE: Foruns/inbox_trindade/pesquisas_tse_2026_todas_br.json: Can't follow symlink without -L/--copy-links
2026/08/08 17:56:38 NOTICE: Foruns/inbox_trindade/scraper_tse6.js: Can't follow symlink without -L/--copy-links
2026/08/08 17:56:38 NOTICE: Foruns/inbox_trindade/scraper_tse_custos.js: Can't follow symlink without -L/--copy-links
2026/08/08 17:56:38 NOTICE: Foruns/inbox_trindade/apresentacao_eidas.pdf: Can't follow symlink without -L/--copy-links
2026/08/08 17:56:38 NOTICE: Foruns/inbox_trindade/qwen_coding.md: Can't follow symlink without -L/--copy-links
2026/08/08 17:56:38 NOTICE: Foruns/inbox_trindade/pesqele_search_html.txt: Can't follow symlink without -L/--copy-links
2026/08/08 17:56:38 NOTICE: Foruns/inbox_trindade/pesqele_search_body.txt: Can't follow symlink without -L/--copy-links
2026/08/08 17:56:38 NOTICE: Foruns/inbox_trindade/scraper_tse_form.js: Can't follow symlink without -L/--copy-links
2026/08/08 17:56:38 NOTICE: Foruns/inbox_trindade/scraper_tse2.js: Can't follow symlink without -L/--copy-links
2026/08/08 17:56:38 NOTICE: Foruns/inbox_trindade/ming.md: Can't follow symlink without -L/--copy-links
2026/08/08 17:56:38 NOTICE: Foruns/inbox_trindade/pesquisas_tse_2026_processadas.json: Can't follow symlink without -L/--copy-links
2026/08/08 17:56:38 NOTICE: Foruns/inbox_trindade/resumo_pesquisas.json: Can't follow symlink without -L/--copy-links
2026/08/08 17:56:38 NOTICE: Foruns/inbox_trindade/pedido_ponto_de_retomada_20260628.md: Can't follow symlink without -L/--copy-links
2026/08/08 17:56:38 NOTICE: Foruns/inbox_trindade/scraper_tse_modals2.js: Can't follow symlink without -L/--copy-links
2026/08/08 17:56:38 NOTICE: Foruns/inbox_trindade/scraper_tse_todas_br.js: Can't follow symlink without -L/--copy-links
2026/08/08 17:56:38 NOTICE: Foruns/inbox_trindade/detalhar_page_html.txt: Can't follow symlink without -L/--copy-links
2026/08/08 17:56:38 NOTICE: Foruns/inbox_trindade/pesquisas_tse_2026.json: Can't follow symlink without -L/--copy-links
2026/08/08 17:56:38 NOTICE: Foruns/inbox_trindade/package.json: Can't follow symlink without -L/--copy-links
2026/08/08 17:56:38 NOTICE: Foruns/inbox_trindade/analise_ipca15_junho2026.md: Can't follow symlink without -L/--copy-links
2026/08/08 17:56:38 NOTICE: Foruns/inbox_trindade/package-lock.json: Can't follow symlink without -L/--copy-links
2026/08/08 17:56:38 NOTICE: Foruns/inbox_trindade/README.md: Can't follow symlink without -L/--copy-links
2026/08/08 17:56:38 NOTICE: Foruns/inbox_trindade/scraper_tse_detalhar_test.js: Can't follow symlink without -L/--copy-links
2026/08/08 17:56:38 NOTICE: Foruns/inbox_trindade/quaest_ipec.json: Can't follow symlink without -L/--copy-links
2026/08/08 17:56:38 NOTICE: Foruns/inbox_trindade/pesqele_home.png: Can't follow symlink without -L/--copy-links
2026/08/08 17:56:38 NOTICE: Foruns/inbox_trindade/scraper_tse_detalhes.js: Can't follow symlink without -L/--copy-links
2026/08/08 17:56:38 NOTICE: Foruns/inbox_trindade/pesquisas_tse_2026_full.json: Can't follow symlink without -L/--copy-links
2026/08/08 17:56:38 NOTICE: Foruns/inbox_trindade/pesqele_search.png: Can't follow symlink without -L/--copy-links
2026/08/08 17:56:38 NOTICE: Foruns/inbox_trindade/agy_cli.md: Can't follow symlink without -L/--copy-links
2026/08/08 17:56:38 NOTICE: Foruns/inbox_trindade/pesqele_body.txt: Can't follow symlink without -L/--copy-links
2026/08/08 17:56:38 NOTICE: Foruns/inbox_trindade/scraper_tse4.js: Can't follow symlink without -L/--copy-links
2026/08/08 17:56:38 NOTICE: Foruns/inbox_trindade/scraper_tse_paginator.js: Can't follow symlink without -L/--copy-links
2026/08/08 17:56:38 NOTICE: Foruns/inbox_trindade/materia_eidas_diagramada.pdf: Can't follow symlink without -L/--copy-links
2026/08/08 17:56:38 NOTICE: Foruns/inbox_trindade/parser_tse.js: Can't follow symlink without -L/--copy-links
2026/08/08 17:56:38 NOTICE: Foruns/inbox_trindade/materia_eidas_20260630.md: Can't follow symlink without -L/--copy-links
2026/08/08 17:56:38 NOTICE: Foruns/inbox_trindade/relatorio_pesquisas_2026.md: Can't follow symlink without -L/--copy-links
2026/08/08 17:56:38 NOTICE: Foruns/inbox_trindade/scraper_tse_isolated.js: Can't follow symlink without -L/--copy-links
2026/08/08 17:56:38 NOTICE: Foruns/inbox_trindade/scraper_tse_modals.js: Can't follow symlink without -L/--copy-links
2026/08/08 17:56:38 NOTICE: Foruns/inbox_trindade/scraper_tse_fast.js: Can't follow symlink without -L/--copy-links
2026/08/08 17:56:38 NOTICE: Foruns/inbox_trindade/antigravity_desktop.md: Can't follow symlink without -L/--copy-links
2026/08/08 17:56:38 NOTICE: Foruns/inbox_trindade/scraper_tse_modals3.js: Can't follow symlink without -L/--copy-links
2026/08/08 17:56:38 NOTICE: Foruns/inbox_trindade/pesqele_results.png: Can't follow symlink without -L/--copy-links
2026/08/08 17:56:38 NOTICE: Foruns/inbox_trindade/grok_coding.md: Can't follow symlink without -L/--copy-links
2026/08/08 17:56:38 NOTICE: Foruns/inbox_trindade/miguel.md: Can't follow symlink without -L/--copy-links
2026/08/08 17:56:38 NOTICE: Foruns/inbox_trindade/scraper_tse_full.js: Can't follow symlink without -L/--copy-links
2026/08/08 17:56:38 NOTICE: Foruns/inbox_trindade/glm_coding.md: Can't follow symlink without -L/--copy-links
2026/08/08 17:56:38 NOTICE: Foruns/inbox_trindade/parser_tse_quaest_fixed.js: Can't follow symlink without -L/--copy-links
2026/08/08 17:56:38 NOTICE: Foruns/inbox_trindade/scraper_tse5.js: Can't follow symlink without -L/--copy-links
2026/08/08 17:56:38 NOTICE: Foruns/inbox_trindade/parser_tse_quaest.js: Can't follow symlink without -L/--copy-links
2026/08/08 17:56:38 NOTICE: Foruns/inbox_trindade/gerar_pdfs.py: Can't follow symlink without -L/--copy-links
2026/08/08 17:56:38 NOTICE: Foruns/inbox_trindade/materia_eidas_diagramada.html: Can't follow symlink without -L/--copy-links
2026/08/08 17:56:38 NOTICE: Foruns/inbox_trindade/pesqele_results_body.txt: Can't follow symlink without -L/--copy-links
2026/08/08 17:56:38 NOTICE: Foruns/inbox_trindade/pesquisas_tse_2026_todas.json: Can't follow symlink without -L/--copy-links
2026/08/08 17:56:38 NOTICE: Foruns/inbox_trindade/pesquisas_tse_2026_raw_modals.json: Can't follow symlink without -L/--copy-links
2026/08/08 17:56:38 NOTICE: Foruns/inbox_trindade/scraper_tse.js: Can't follow symlink without -L/--copy-links
2026/08/08 17:56:38 NOTICE: Foruns/inbox_trindade/detalhar_page.txt: Can't follow symlink without -L/--copy-links
2026/08/08 17:56:38 NOTICE: Foruns/inbox_trindade/apresentacao_eidas.html: Can't follow symlink without -L/--copy-links
2026/08/08 17:56:38 NOTICE: Foruns/inbox_trindade/pesqele_html.txt: Can't follow symlink without -L/--copy-links
2026/08/08 17:56:38 NOTICE: Foruns/inbox_trindade/vibe_mistral_cli.md: Can't follow symlink without -L/--copy-links
2026/08/08 17:56:38 NOTICE: Foruns/inbox_trindade/pesqele_data.json: Can't follow symlink without -L/--copy-links
2026/08/08 17:56:38 NOTICE: Foruns/inbox_trindade/find_institutes.js: Can't follow symlink without -L/--copy-links
2026/08/08 17:56:38 NOTICE: Foruns/inbox_trindade/scraper_tse3.js: Can't follow symlink without -L/--copy-links
2026/08/08 17:56:38 NOTICE: Foruns/inbox_trindade/pesqele_form_html.txt: Can't follow symlink without -L/--copy-links
2026/08/08 17:56:38 NOTICE: sites-tematicos_LEGADO_NAO_USAR/cafezinhomediagroup/CLAUDE.md: Can't follow symlink without -L/--copy-links
2026/08/08 17:56:39 ERROR : sites-v4/aiatolah/.git/COMMIT_EDITMSG: sizes differ
2026/08/08 17:56:39 ERROR : sites-v4/aiatolah/.git/index: sizes differ
2026/08/08 17:56:39 ERROR : sites-v4/aiatolah/.git/FETCH_HEAD: md5 differ
2026/08/08 17:56:39 ERROR : sites-v4/ceara/.git/COMMIT_EDITMSG: sizes differ
2026/08/08 17:56:39 ERROR : sites-v4/ceara/.git/FETCH_HEAD: md5 differ
2026/08/08 17:56:39 ERROR : sites-v4/ceara/.git/index: sizes differ
2026/08/08 17:56:40 ERROR : sites-v4/discoverbrazil/.git/COMMIT_EDITMSG: sizes differ
2026/08/08 17:56:40 ERROR : sites-v4/discoverbrazil/.git/index: sizes differ
2026/08/08 17:56:40 ERROR : sites-v4/discoverbrazil/.git/FETCH_HEAD: md5 differ
2026/08/08 17:56:40 ERROR : sites-v4/globalsouth/.git/COMMIT_EDITMSG: sizes differ
2026/08/08 17:56:40 ERROR : sites-v4/globalsouth/.git/index: sizes differ
2026/08/08 17:56:40 ERROR : sites-v4/globalsouth/.git/ORIG_HEAD: md5 differ
2026/08/08 17:56:40 ERROR : sites-v4/globalsouth/.git/FETCH_HEAD: md5 differ
2026/08/08 17:56:40 ERROR : sites-v4/mapario/.git/COMMIT_EDITMSG: sizes differ
2026/08/08 17:56:40 ERROR : sites-v4/mapario/.git/index: sizes differ
2026/08/08 17:56:40 ERROR : sites-v4/mapario/.git/FETCH_HEAD: md5 differ
2026/08/08 17:56:41 ERROR : sites-v4/mundotrilhos/.git/COMMIT_EDITMSG: sizes differ
2026/08/08 17:56:41 ERROR : sites-v4/mundotrilhos/.git/index: sizes differ
2026/08/08 17:56:41 ERROR : sites-v4/mundotrilhos/.git/FETCH_HEAD: md5 differ
2026/08/08 17:56:41 ERROR : sites-v4/railpost/.git/COMMIT_EDITMSG: sizes differ
2026/08/08 17:56:41 ERROR : sites-v4/railpost/.git/index: sizes differ
2026/08/08 17:56:41 ERROR : sites-v4/railpost/.git/FETCH_HEAD: md5 differ
2026/08/08 17:56:42 ERROR : sites-v4/riocarta/.git/COMMIT_EDITMSG: sizes differ
2026/08/08 17:56:42 ERROR : sites-v4/riocarta/.git/index: sizes differ
2026/08/08 17:56:42 ERROR : sites-v4/riocarta/.git/FETCH_HEAD: md5 differ
2026/08/08 17:56:47 ERROR : sites-v4/ceara/.git/logs/HEAD: sizes differ
2026/08/08 17:56:47 ERROR : sites-v4/aiatolah/.git/logs/HEAD: sizes differ
2026/08/08 17:56:47 ERROR : sites-v4/discoverbrazil/public/hero/can-the-2027-indian-ocean-games-transform-tourism-in-comoros.jpg: file not in Google drive root 'Workspace_Vivo/Projeto Cafezinho Agentes'
2026/08/08 17:56:47 ERROR : sites-v4/discoverbrazil/public/hero/capital-one-travel-curates-luxury-hotels-for-premium-cardhol.jpg: file not in Google drive root 'Workspace_Vivo/Projeto Cafezinho Agentes'
2026/08/08 17:56:47 ERROR : sites-v4/discoverbrazil/public/hero/global-travel-tourism-investment-tops-1-trillion-for-first-t.jpg: file not in Google drive root 'Workspace_Vivo/Projeto Cafezinho Agentes'
2026/08/08 17:56:47 ERROR : sites-v4/discoverbrazil/public/hero/swiss-outshines-lufthansa-group-in-q2-earnings.jpg: file not in Google drive root 'Workspace_Vivo/Projeto Cafezinho Agentes'
2026/08/08 17:56:47 ERROR : sites-v4/ceara/public/hero/ceara-reduz-em-42-6-crimes-violentos-letais-nos-sete-primeir.jpg: file not in Google drive root 'Workspace_Vivo/Projeto Cafezinho Agentes'
2026/08/08 17:56:47 ERROR : sites-v4/ceara/public/hero/dino-manda-pf-ampliar-investigacao-sobre-emendas-pix-que-che.jpg: file not in Google drive root 'Workspace_Vivo/Projeto Cafezinho Agentes'
2026/08/08 17:56:47 ERROR : sites-v4/ceara/public/hero/luizianne-inicia-mobilizacao-de-rua-pela-vaga-ao-senado-em-2.jpg: file not in Google drive root 'Workspace_Vivo/Projeto Cafezinho Agentes'
2026/08/08 17:56:47 ERROR : sites-v4/ceara/public/hero/pf-cumpre-cinco-mandados-contra-abuso-sexual-infantojuvenil.jpg: file not in Google drive root 'Workspace_Vivo/Projeto Cafezinho Agentes'
2026/08/08 17:56:47 ERROR : sites-v4/ceara/public/hero/policias-civis-fizeram-783-mil-atendimentos-a-mulheres-em-20.jpg: file not in Google drive root 'Workspace_Vivo/Projeto Cafezinho Agentes'
2026/08/08 17:56:50 ERROR : sites-v4/discoverbrazil/.git/logs/HEAD: sizes differ
2026/08/08 17:56:51 ERROR : sites-v4/globalsouth/public/hero/kinshasa-art-project-steers-street-children-away-from-drugs.jpg: file not in Google drive root 'Workspace_Vivo/Projeto Cafezinho Agentes'
2026/08/08 17:56:51 ERROR : sites-v4/globalsouth/public/hero/myanmar-student-leader-gets-37-years-for-protesting-junta-el.jpg: file not in Google drive root 'Workspace_Vivo/Projeto Cafezinho Agentes'
2026/08/08 17:56:51 ERROR : sites-v4/globalsouth/public/hero/senegal-president-visits-mali-for-talks-with-junta-leader-go.jpg: file not in Google drive root 'Workspace_Vivo/Projeto Cafezinho Agentes'
2026/08/08 17:56:51 ERROR : sites-v4/globalsouth/public/hero/tunisia-heatwave-power-cuts-kill-200-000-chickens-destroy-mi.jpg: file not in Google drive root 'Workspace_Vivo/Projeto Cafezinho Agentes'
2026/08/08 17:56:51 ERROR : sites-v4/globalsouth/public/hero/youtube--LSXA-kR7dA.jpg: file not in Google drive root 'Workspace_Vivo/Projeto Cafezinho Agentes'
2026/08/08 17:56:52 ERROR : sites-v4/globalsouth/.git/logs/HEAD: sizes differ
2026/08/08 17:56:54 ERROR : sites-v4/mapario/.git/logs/HEAD: sizes differ
2026/08/08 17:56:54 ERROR : sites-v4/mundotrilhos/public/hero/a-battle-for-rail-capacity-in-europe.jpg: file not in Google drive root 'Workspace_Vivo/Projeto Cafezinho Agentes'
2026/08/08 17:56:54 ERROR : sites-v4/mundotrilhos/public/hero/metros-orbitais-singapura-conclui-circle-line-e-tendencia-cr.jpg: file not in Google drive root 'Workspace_Vivo/Projeto Cafezinho Agentes'
2026/08/08 17:56:54 ERROR : sites-v4/mundotrilhos/public/hero/stadler-etr300-entra-em-operacao-na-rede-circumvesuviana.jpg: file not in Google drive root 'Workspace_Vivo/Projeto Cafezinho Agentes'
2026/08/08 17:56:54 ERROR : sites-v4/mundotrilhos/public/hero/t2-de-bergamo-cumpre-prazo-da-ue-e-abre-caminho-para-operaca.jpg: file not in Google drive root 'Workspace_Vivo/Projeto Cafezinho Agentes'
2026/08/08 17:56:57 ERROR : sites-v4/mundotrilhos/.git/logs/HEAD: sizes differ
2026/08/08 17:56:57 ERROR : sites-v4/mapario/public/hero/youtube-mtDqkpWEwaw.jpg: file not in Google drive root 'Workspace_Vivo/Projeto Cafezinho Agentes'
2026/08/08 17:56:57 ERROR : sites-v4/railpost/public/hero/bergamo-t2-tramway-clears-eu-funding-deadline-opening-set-fo.jpg: file not in Google drive root 'Workspace_Vivo/Projeto Cafezinho Agentes'
2026/08/08 17:56:57 ERROR : sites-v4/railpost/public/hero/european-railways-face-intensifying-battle-for-scarce-capaci.jpg: file not in Google drive root 'Workspace_Vivo/Projeto Cafezinho Agentes'
2026/08/08 17:56:57 ERROR : sites-v4/railpost/public/hero/orbital-metros-gain-momentum-as-singapore-circle-line-comple.jpg: file not in Google drive root 'Workspace_Vivo/Projeto Cafezinho Agentes'
2026/08/08 17:56:57 ERROR : sites-v4/railpost/public/hero/stadler-etr300-trains-enter-service-on-circumvesuviana-netwo.jpg: file not in Google drive root 'Workspace_Vivo/Projeto Cafezinho Agentes'
2026/08/08 17:56:59 ERROR : sites-v4/railpost/.git/logs/HEAD: sizes differ
2026/08/08 17:57:00 ERROR : sites-v4/ceara/.git/objects/00/3d91eae51f299dd8e05aec4f5ff52ff8e3f480: file not in Google drive root 'Workspace_Vivo/Projeto Cafezinho Agentes'
2026/08/08 17:57:00 ERROR : sites-v4/aiatolah/.git/objects/00/00b7bda1c55bfdbde4e698f0917a0a352ef09c: file not in Google drive root 'Workspace_Vivo/Projeto Cafezinho Agentes'
2026/08/08 17:57:02 ERROR : sites-v4/ceara/.git/logs/refs/heads/main: sizes differ
2026/08/08 17:57:02 ERROR : sites-v4/riocarta/.git/logs/HEAD: sizes differ
2026/08/08 17:57:02 ERROR : sites-v4/aiatolah/.git/logs/refs/heads/main: sizes differ
2026/08/08 17:57:07 ERROR : sites-v4/discoverbrazil/.git/logs/refs/heads/main: sizes differ
2026/08/08 17:57:07 ERROR : sites-v4/aiatolah/.git/refs/heads/main: md5 differ
2026/08/08 17:57:09 ERROR : sites-v4/ceara/.git/refs/heads/main: md5 differ
2026/08/08 17:57:10 ERROR : sites-v4/globalsouth/.git/logs/refs/heads/main: sizes differ
2026/08/08 17:57:10 ERROR : sites-v4/riocarta/public/hero/rio-celebra-10-anos-da-olimpiada-com-oficinas-e-homenagens-n.jpg: file not in Google drive root 'Workspace_Vivo/Projeto Cafezinho Agentes'
2026/08/08 17:57:10 ERROR : sites-v4/riocarta/public/hero/rio-e-aws-firmam-acordo-de-r-20-5-mi-em-creditos-de-nuvem-pa.jpg: file not in Google drive root 'Workspace_Vivo/Projeto Cafezinho Agentes'
2026/08/08 17:57:19 ERROR : sites-v4/mapario/.git/logs/refs/heads/main: sizes differ
2026/08/08 17:57:36 INFO  : 
Transferred:   	          0 B / 0 B, -, 0 B/s, ETA -
Errors:                98 (retrying may help)
Checks:              4152 / 4152, 100%, Listed 16503
Elapsed time:       1m0.0s

2026/08/08 17:57:41 ERROR : sites-v4/discoverbrazil/.git/refs/heads/main: md5 differ
2026/08/08 17:57:44 ERROR : sites-v4/globalsouth/.git/refs/heads/main: md5 differ
2026/08/08 17:57:44 ERROR : sites-v4/mundotrilhos/.git/logs/refs/heads/main: sizes differ
2026/08/08 17:57:44 ERROR : sites-v4/discoverbrazil/src/content/blog/20260808-can-the-2027-indian-ocean-games-transform-tourism-in-comoros.md: file not in Google drive root 'Workspace_Vivo/Projeto Cafezinho Agentes'
2026/08/08 17:57:44 ERROR : sites-v4/discoverbrazil/src/content/blog/20260808-capital-one-travel-curates-luxury-hotels-for-premium-cardhol.md: file not in Google drive root 'Workspace_Vivo/Projeto Cafezinho Agentes'
2026/08/08 17:57:44 ERROR : sites-v4/discoverbrazil/src/content/blog/20260808-global-travel-tourism-investment-tops-1-trillion-for-first-t.md: file not in Google drive root 'Workspace_Vivo/Projeto Cafezinho Agentes'
2026/08/08 17:57:44 ERROR : sites-v4/discoverbrazil/src/content/blog/20260808-swiss-outshines-lufthansa-group-in-q2-earnings.md: file not in Google drive root 'Workspace_Vivo/Projeto Cafezinho Agentes'
2026/08/08 17:57:46 ERROR : sites-v4/railpost/.git/logs/refs/heads/main: sizes differ
2026/08/08 17:57:46 ERROR : sites-v4/mapario/.git/refs/heads/main: md5 differ
2026/08/08 17:57:47 ERROR : sites-v4/aiatolah/.git/logs/refs/remotes/origin/main: sizes differ
2026/08/08 17:57:47 ERROR : sites-v4/ceara/.git/logs/refs/remotes/origin/main: sizes differ
2026/08/08 17:57:48 ERROR : sites-v4/mundotrilhos/.git/refs/heads/main: md5 differ
2026/08/08 17:57:49 ERROR : sites-v4/riocarta/.git/logs/refs/heads/main: sizes differ
2026/08/08 17:57:49 ERROR : sites-v4/ceara/src/content/blog/20260808-ceara-reduz-em-42-6-crimes-violentos-letais-nos-sete-primeir.md: file not in Google drive root 'Workspace_Vivo/Projeto Cafezinho Agentes'
2026/08/08 17:57:49 ERROR : sites-v4/ceara/src/content/blog/20260808-dino-manda-pf-ampliar-investigacao-sobre-emendas-pix-que-che.md: file not in Google drive root 'Workspace_Vivo/Projeto Cafezinho Agentes'
2026/08/08 17:57:49 ERROR : sites-v4/ceara/src/content/blog/20260808-luizianne-inicia-mobilizacao-de-rua-pela-vaga-ao-senado-em-2.md: file not in Google drive root 'Workspace_Vivo/Projeto Cafezinho Agentes'
2026/08/08 17:57:49 ERROR : sites-v4/ceara/src/content/blog/20260808-pf-cumpre-cinco-mandados-contra-abuso-sexual-infantojuvenil.md: file not in Google drive root 'Workspace_Vivo/Projeto Cafezinho Agentes'
2026/08/08 17:57:49 ERROR : sites-v4/ceara/src/content/blog/20260808-policias-civis-fizeram-783-mil-atendimentos-a-mulheres-em-20.md: file not in Google drive root 'Workspace_Vivo/Projeto Cafezinho Agentes'
2026/08/08 17:57:50 ERROR : sites-v4/discoverbrazil/.git/logs/refs/remotes/origin/main: sizes differ
2026/08/08 17:57:50 ERROR : sites-v4/railpost/.git/refs/heads/main: md5 differ
2026/08/08 17:57:50 ERROR : sites-v4/aiatolah/.git/refs/remotes/origin/main: md5 differ
2026/08/08 17:57:50 ERROR : sites-v4/ceara/.git/refs/remotes/origin/main: md5 differ
2026/08/08 17:57:50 ERROR : sites-v4/aiatolah/public/hero/a-casa-que-nao-sabia-que-a-humanidade-morreu-4-de-agosto-de.jpg: file not in Google drive root 'Workspace_Vivo/Projeto Cafezinho Agentes'
2026/08/08 17:57:50 ERROR : sites-v4/aiatolah/public/hero/alemanha-bate-recorde-12-bilhoes-de-kwh-solares-na-rede-em-j.jpg: file not in Google drive root 'Workspace_Vivo/Projeto Cafezinho Agentes'
2026/08/08 17:57:50 ERROR : sites-v4/aiatolah/public/hero/deepseek-v4-flash-roda-em-um-unico-amd-mi300x-com-168-tok-s.jpg: file not in Google drive root 'Workspace_Vivo/Projeto Cafezinho Agentes'
2026/08/08 17:57:50 ERROR : sites-v4/aiatolah/public/hero/dominio-tecnico-e-a-chave-para-extrair-o-maximo-dos-llms.jpg: file not in Google drive root 'Workspace_Vivo/Projeto Cafezinho Agentes'
2026/08/08 17:57:51 ERROR : sites-v4/globalsouth/.git/logs/refs/remotes/origin/main: sizes differ
2026/08/08 17:57:52 ERROR : sites-v4/mundotrilhos/src/content/blog/20260808-a-battle-for-rail-capacity-in-europe.md: file not in Google drive root 'Workspace_Vivo/Projeto Cafezinho Agentes'
2026/08/08 17:57:52 ERROR : sites-v4/mundotrilhos/src/content/blog/20260808-metros-orbitais-singapura-conclui-circle-line-e-tendencia-cr.md: file not in Google drive root 'Workspace_Vivo/Projeto Cafezinho Agentes'
2026/08/08 17:57:52 ERROR : sites-v4/mundotrilhos/src/content/blog/20260808-stadler-etr300-entra-em-operacao-na-rede-circumvesuviana.md: file not in Google drive root 'Workspace_Vivo/Projeto Cafezinho Agentes'
2026/08/08 17:57:52 ERROR : sites-v4/mundotrilhos/src/content/blog/20260808-t2-de-bergamo-cumpre-prazo-da-ue-e-abre-caminho-para-operaca.md: file not in Google drive root 'Workspace_Vivo/Projeto Cafezinho Agentes'
2026/08/08 17:57:52 ERROR : sites-v4/riocarta/.git/refs/heads/main: md5 differ
2026/08/08 17:57:52 ERROR : sites-v4/globalsouth/src/content/blog/20260808-kinshasa-art-project-steers-street-children-away-from-drugs.md: file not in Google drive root 'Workspace_Vivo/Projeto Cafezinho Agentes'
2026/08/08 17:57:52 ERROR : sites-v4/globalsouth/src/content/blog/20260808-myanmar-student-leader-gets-37-years-for-protesting-junta-el.md: file not in Google drive root 'Workspace_Vivo/Projeto Cafezinho Agentes'
2026/08/08 17:57:52 ERROR : sites-v4/globalsouth/src/content/blog/20260808-senegal-president-visits-mali-for-talks-with-junta-leader-go.md: file not in Google drive root 'Workspace_Vivo/Projeto Cafezinho Agentes'
2026/08/08 17:57:52 ERROR : sites-v4/globalsouth/src/content/blog/20260808-tunisia-heatwave-power-cuts-kill-200-000-chickens-destroy-mi.md: file not in Google drive root 'Workspace_Vivo/Projeto Cafezinho Agentes'
2026/08/08 17:57:52 ERROR : sites-v4/globalsouth/src/content/blog/brief-202608081436-alastair-crooke-if-the-west-thinks-that-russia-will-just-look-the-othe.md: file not in Google drive root 'Workspace_Vivo/Projeto Cafezinho Agentes'
2026/08/08 17:57:54 ERROR : sites-v4/mapario/src/content/blog/20260808-garotinho-em-sabatina-propostas-e-polemicas-para-o-governo-d.md: file not in Google drive root 'Workspace_Vivo/Projeto Cafezinho Agentes'
2026/08/08 17:57:54 ERROR : sites-v4/railpost/src/content/blog/20260808-bergamo-t2-tramway-clears-eu-funding-deadline-opening-set-fo.md: file not in Google drive root 'Workspace_Vivo/Projeto Cafezinho Agentes'
2026/08/08 17:57:54 ERROR : sites-v4/railpost/src/content/blog/20260808-european-railways-face-intensifying-battle-for-scarce-capaci.md: file not in Google drive root 'Workspace_Vivo/Projeto Cafezinho Agentes'
2026/08/08 17:57:54 ERROR : sites-v4/railpost/src/content/blog/20260808-orbital-metros-gain-momentum-as-singapore-circle-line-comple.md: file not in Google drive root 'Workspace_Vivo/Projeto Cafezinho Agentes'
2026/08/08 17:57:54 ERROR : sites-v4/railpost/src/content/blog/20260808-stadler-etr300-trains-enter-service-on-circumvesuviana-netwo.md: file not in Google drive root 'Workspace_Vivo/Projeto Cafezinho Agentes'
2026/08/08 17:57:54 ERROR : sites-v4/mapario/.git/logs/refs/remotes/origin/main: sizes differ
2026/08/08 17:57:55 ERROR : sites-v4/discoverbrazil/.git/refs/remotes/origin/main: md5 differ
2026/08/08 17:57:57 ERROR : sites-v4/globalsouth/.git/refs/remotes/origin/main: md5 differ
2026/08/08 17:57:58 ERROR : sites-v4/globalsouth/.git/objects/03/35d2ebdfee83e4aedd9627cd34bfbeac8df89d: file not in Google drive root 'Workspace_Vivo/Projeto Cafezinho Agentes'
2026/08/08 17:57:58 ERROR : sites-v4/mundotrilhos/.git/logs/refs/remotes/origin/main: sizes differ
2026/08/08 17:58:00 ERROR : sites-v4/railpost/.git/logs/refs/remotes/origin/main: sizes differ
2026/08/08 17:58:00 ERROR : sites-v4/mapario/.git/refs/remotes/origin/main: md5 differ
2026/08/08 17:58:08 ERROR : sites-v4/mundotrilhos/.git/objects/03/88b98612f27201bae37d636fff24ccfecaa4f3: file not in Google drive root 'Workspace_Vivo/Projeto Cafezinho Agentes'
2026/08/08 17:58:08 ERROR : sites-v4/mundotrilhos/.git/refs/remotes/origin/main: md5 differ
2026/08/08 17:58:09 ERROR : sites-v4/riocarta/.git/logs/refs/remotes/origin/main: sizes differ
2026/08/08 17:58:36 INFO  : 
Transferred:   	          0 B / 0 B, -, 0 B/s, ETA -
Errors:               150 (retrying may help)
Checks:              7337 / 7337, 100%, Listed 26434
Elapsed time:       2m0.0s

2026/08/08 17:59:31 ERROR : sites-v4/railpost/.git/refs/remotes/origin/main: md5 differ
2026/08/08 17:59:36 INFO  : 
Transferred:   	          0 B / 0 B, -, 0 B/s, ETA -
Errors:               151 (retrying may help)
Checks:              7501 / 7501, 100%, Listed 26826
Elapsed time:       3m0.0s

2026/08/08 17:59:38 ERROR : sites-v4/riocarta/.git/objects/03/a4b84a4c4f1832e1cbbc0ac45830e59631e3a9: file not in Google drive root 'Workspace_Vivo/Projeto Cafezinho Agentes'
2026/08/08 17:59:39 ERROR : sites-v4/riocarta/.git/refs/remotes/origin/main: md5 differ
2026/08/08 17:59:41 ERROR : sites-v4/aiatolah/.git/objects/06/f7bde175c4b607b203b32089c12fa6aa91eb40: file not in Google drive root 'Workspace_Vivo/Projeto Cafezinho Agentes'
2026/08/08 17:59:43 ERROR : sites-v4/discoverbrazil/.git/objects/06/7fab359b0663901ad64c28537e288eeca75b55: file not in Google drive root 'Workspace_Vivo/Projeto Cafezinho Agentes'
2026/08/08 17:59:45 ERROR : sites-v4/globalsouth/.git/objects/06/403bb01110a2b5ca885ffccfc3c4c4807621d9: file not in Google drive root 'Workspace_Vivo/Projeto Cafezinho Agentes'
2026/08/08 17:59:45 ERROR : sites-v4/ceara/.git/objects/07/11aef3413b6ae18e4243b93d55e114efc8ba63: file not in Google drive root 'Workspace_Vivo/Projeto Cafezinho Agentes'
2026/08/08 17:59:45 ERROR : sites-v4/railpost/.git/objects/05/75c25b3687e4c097a9e27701f64c992794575c: file not in Google drive root 'Workspace_Vivo/Projeto Cafezinho Agentes'
2026/08/08 17:59:45 ERROR : sites-v4/aiatolah/.git/objects/07/8d447bab62b3091df941761b25656aa946d326: file not in Google drive root 'Workspace_Vivo/Projeto Cafezinho Agentes'
2026/08/08 17:59:52 ERROR : sites-v4/riocarta/src/content/blog/20260808-rio-celebra-10-anos-da-olimpiada-com-oficinas-e-homenagens-n.md: file not in Google drive root 'Workspace_Vivo/Projeto Cafezinho Agentes'
2026/08/08 17:59:52 ERROR : sites-v4/riocarta/src/content/blog/20260808-rio-e-aws-firmam-acordo-de-r-20-5-mi-em-creditos-de-nuvem-pa.md: file not in Google drive root 'Workspace_Vivo/Projeto Cafezinho Agentes'
2026/08/08 18:00:36 INFO  : 
Transferred:   	          0 B / 0 B, -, 0 B/s, ETA -
Errors:               161 (retrying may help)
Checks:             12829 / 12829, 100%, Listed 41182
Elapsed time:       4m0.0s

2026/08/08 18:01:36 INFO  : 
Transferred:   	          0 B / 0 B, -, 0 B/s, ETA -
Errors:               161 (retrying may help)
Checks:             12866 / 12866, 100%, Listed 41278
Elapsed time:       5m0.0s

2026/08/08 18:01:38 ERROR : sites-v4/aiatolah/.git/objects/0a/d3f6a6329a819ba479963d441dbd83b7aca229: file not in Google drive root 'Workspace_Vivo/Projeto Cafezinho Agentes'
2026/08/08 18:01:56 ERROR : sites-v4/aiatolah/src/pages/en/posts/20260808-deepseek-v4-flash-runs-on-a-single-amd-mi300x-with-168-tok-s.md: file not in Google drive root 'Workspace_Vivo/Projeto Cafezinho Agentes'
2026/08/08 18:01:56 ERROR : sites-v4/aiatolah/src/pages/en/posts/20260808-germany-sets-record-12-billion-kwh-of-solar-power-fed-into-t.md: file not in Google drive root 'Workspace_Vivo/Projeto Cafezinho Agentes'
2026/08/08 18:01:56 ERROR : sites-v4/aiatolah/src/pages/en/posts/20260808-technical-expertise-is-the-key-to-getting-the-most-out-of-ll.md: file not in Google drive root 'Workspace_Vivo/Projeto Cafezinho Agentes'
2026/08/08 18:01:56 ERROR : sites-v4/aiatolah/src/pages/en/posts/20260808-the-house-that-didn-t-know-humanity-died-august-4-2026.md: file not in Google drive root 'Workspace_Vivo/Projeto Cafezinho Agentes'
2026/08/08 18:01:56 ERROR : sites-v4/discoverbrazil/.git/objects/0a/8d660a146312ccd24840a90b020aeae1370335: file not in Google drive root 'Workspace_Vivo/Projeto Cafezinho Agentes'
2026/08/08 18:01:57 ERROR : sites-v4/ceara/.git/objects/0b/76ba3c7b47a3e547d4b48f2b6afeca11aff636: file not in Google drive root 'Workspace_Vivo/Projeto Cafezinho Agentes'
2026/08/08 18:01:59 ERROR : sites-v4/aiatolah/src/pages/pt/posts/20260808-a-casa-que-nao-sabia-que-a-humanidade-morreu-4-de-agosto-de.md: file not in Google drive root 'Workspace_Vivo/Projeto Cafezinho Agentes'
2026/08/08 18:01:59 ERROR : sites-v4/aiatolah/src/pages/pt/posts/20260808-alemanha-bate-recorde-12-bilhoes-de-kwh-solares-na-rede-em-j.md: file not in Google drive root 'Workspace_Vivo/Projeto Cafezinho Agentes'
2026/08/08 18:01:59 ERROR : sites-v4/aiatolah/src/pages/pt/posts/20260808-deepseek-v4-flash-roda-em-um-unico-amd-mi300x-com-168-tok-s.md: file not in Google drive root 'Workspace_Vivo/Projeto Cafezinho Agentes'
2026/08/08 18:01:59 ERROR : sites-v4/aiatolah/src/pages/pt/posts/20260808-dominio-tecnico-e-a-chave-para-extrair-o-maximo-dos-llms.md: file not in Google drive root 'Workspace_Vivo/Projeto Cafezinho Agentes'
2026/08/08 18:01:59 ERROR : sites-v4/discoverbrazil/.git/objects/0b/548bbfb22096418966933f0aae23343d404418: file not in Google drive root 'Workspace_Vivo/Projeto Cafezinho Agentes'
2026/08/08 18:02:01 ERROR : sites-v4/mapario/.git/objects/0e/e61927f6c355a4e31fa0b1a1aece698038b93e: file not in Google drive root 'Workspace_Vivo/Projeto Cafezinho Agentes'
2026/08/08 18:02:07 ERROR : sites-v4/ceara/.git/objects/0d/d3033e698e21bfc0cc078f00cc744114c8d0f0: file not in Google drive root 'Workspace_Vivo/Projeto Cafezinho Agentes'
2026/08/08 18:02:36 INFO  : 
Transferred:   	          0 B / 0 B, -, 0 B/s, ETA -
Errors:               175 (retrying may help)
Checks:             13775 / 13775, 100%, Listed 45419
Elapsed time:       6m0.0s

2026/08/08 18:02:44 ERROR : sites-v4/globalsouth/.git/objects/0d/499975b238859863442121f62fbb559909405a: file not in Google drive root 'Workspace_Vivo/Projeto Cafezinho Agentes'
2026/08/08 18:02:48 ERROR : sites-v4/ceara/.git/objects/0e/13a11162deb872b9a450e3cafbf352a4e4d862: file not in Google drive root 'Workspace_Vivo/Projeto Cafezinho Agentes'
2026/08/08 18:03:02 ERROR : sites-v4/discoverbrazil/.git/objects/0e/1ba38e10f9e8130166ea12e531235d9ac411da: file not in Google drive root 'Workspace_Vivo/Projeto Cafezinho Agentes'
2026/08/08 18:03:06 ERROR : sites-v4/globalsouth/.git/objects/0f/cc8b634254356b023a5c1c3308d0284236d14e: file not in Google drive root 'Workspace_Vivo/Projeto Cafezinho Agentes'
2026/08/08 18:03:36 INFO  : 
Transferred:   	          0 B / 0 B, -, 0 B/s, ETA -
Errors:               179 (retrying may help)
Checks:             14182 / 14182, 100%, Listed 46252
Elapsed time:       7m0.0s

2026/08/08 18:04:22 ERROR : sites-v4/globalsouth/.git/objects/10/373c9daf515b21ec3dad9b74cb41f7fa641609: file not in Google drive root 'Workspace_Vivo/Projeto Cafezinho Agentes'
2026/08/08 18:04:33 ERROR : sites-v4/mundotrilhos/.git/objects/11/c0a0b72ffb4d30424377b72b2961b80841cbac: file not in Google drive root 'Workspace_Vivo/Projeto Cafezinho Agentes'
2026/08/08 18:04:34 ERROR : sites-v4/ceara/.git/objects/13/f694cc3ce6d9d33e0171ba7784e9508b97819d: file not in Google drive root 'Workspace_Vivo/Projeto Cafezinho Agentes'
2026/08/08 18:04:36 INFO  : 
Transferred:   	          0 B / 0 B, -, 0 B/s, ETA -
Errors:               182 (retrying may help)
Checks:             14553 / 14553, 100%, Listed 47043
Elapsed time:       8m0.0s

2026/08/08 18:04:38 ERROR : sites-v4/railpost/.git/objects/14/a2b8658918ffeaf693d8a63cb34e27cd221763: file not in Google drive root 'Workspace_Vivo/Projeto Cafezinho Agentes'
2026/08/08 18:04:38 ERROR : sites-v4/aiatolah/.git/objects/15/86d8416bb9d8d28fc90ea6dbe308ea9a2d28b0: file not in Google drive root 'Workspace_Vivo/Projeto Cafezinho Agentes'
2026/08/08 18:04:40 ERROR : sites-v4/railpost/.git/objects/15/dab66b663c113c39ad1219d007867d1fcd8271: file not in Google drive root 'Workspace_Vivo/Projeto Cafezinho Agentes'
2026/08/08 18:04:40 ERROR : sites-v4/globalsouth/.git/objects/15/05dbc4b72046cd22d82ad35ee12a7c5fb3a900: file not in Google drive root 'Workspace_Vivo/Projeto Cafezinho Agentes'
2026/08/08 18:04:45 ERROR : sites-v4/railpost/.git/objects/16/8b145032578aa7a99cb75090763c90cde631dd: file not in Google drive root 'Workspace_Vivo/Projeto Cafezinho Agentes'
2026/08/08 18:04:50 ERROR : sites-v4/discoverbrazil/.git/objects/18/2dc581c453053be625bfbc490158d6823ebdaa: file not in Google drive root 'Workspace_Vivo/Projeto Cafezinho Agentes'
2026/08/08 18:04:52 ERROR : sites-v4/aiatolah/.git/objects/1a/41b60abd459d3394b0a8478df6089d46eb0b5b: file not in Google drive root 'Workspace_Vivo/Projeto Cafezinho Agentes'
2026/08/08 18:04:56 ERROR : sites-v4/globalsouth/.git/objects/1a/b5f525b9df057c2c8e85fabc3a83f30768e69a: file not in Google drive root 'Workspace_Vivo/Projeto Cafezinho Agentes'
2026/08/08 18:05:05 ERROR : sites-v4/globalsouth/.git/objects/1c/af97443e7fe433bdc9375073d85c758c3a81c8: file not in Google drive root 'Workspace_Vivo/Projeto Cafezinho Agentes'
2026/08/08 18:05:06 ERROR : sites-v4/mapario/.git/objects/22/f82013eeb149f8d53d23b8d77596103562544e: file not in Google drive root 'Workspace_Vivo/Projeto Cafezinho Agentes'
2026/08/08 18:05:36 INFO  : 
Transferred:   	          0 B / 0 B, -, 0 B/s, ETA -
Errors:               192 (retrying may help)
Checks:             15164 / 15164, 100%, Listed 48392
Elapsed time:       9m0.0s

2026/08/08 18:06:00 ERROR : sites-v4/globalsouth/.git/objects/22/f0f27a6d86c32120d5b386e4ce58eecf1d1f68: file not in Google drive root 'Workspace_Vivo/Projeto Cafezinho Agentes'
2026/08/08 18:06:36 INFO  : 
Transferred:   	          0 B / 0 B, -, 0 B/s, ETA -
Errors:               193 (retrying may help)
Checks:             15506 / 15506, 100%, Listed 49109
Elapsed time:      10m0.0s

2026/08/08 18:06:47 ERROR : sites-v4/mapario/.git/objects/2c/697f877839b988ceb79f94d1a8db46a29ecd43: file not in Google drive root 'Workspace_Vivo/Projeto Cafezinho Agentes'
2026/08/08 18:06:48 ERROR : sites-v4/aiatolah/.git/objects/23/db55e6be0da9b2b5b1267c9bef78d2eede3e61: file not in Google drive root 'Workspace_Vivo/Projeto Cafezinho Agentes'
2026/08/08 18:06:48 ERROR : sites-v4/mundotrilhos/.git/objects/22/ce28194c721b5be13d7e3ed8030177c8fa7dde: file not in Google drive root 'Workspace_Vivo/Projeto Cafezinho Agentes'
2026/08/08 18:06:48 ERROR : sites-v4/mundotrilhos/.git/objects/22/fb0f82d3839de02159eb095f746212f18ca726: file not in Google drive root 'Workspace_Vivo/Projeto Cafezinho Agentes'
2026/08/08 18:06:49 ERROR : sites-v4/aiatolah/.git/objects/25/067766fd441c7a6acc1fd816ba2b593523dc81: file not in Google drive root 'Workspace_Vivo/Projeto Cafezinho Agentes'
2026/08/08 18:06:53 ERROR : sites-v4/mapario/.git/objects/2f/a70c2c26dc87b9af2943fc09c93561b709d46e: file not in Google drive root 'Workspace_Vivo/Projeto Cafezinho Agentes'
2026/08/08 18:06:54 ERROR : sites-v4/ceara/.git/objects/27/6817f8091abe0732d33ab52777bbbff7a1d468: file not in Google drive root 'Workspace_Vivo/Projeto Cafezinho Agentes'
2026/08/08 18:06:55 ERROR : sites-v4/globalsouth/.git/objects/28/18ae75c00254d73e96a03321cde1c6ee1a1a5d: file not in Google drive root 'Workspace_Vivo/Projeto Cafezinho Agentes'
2026/08/08 18:06:55 ERROR : sites-v4/globalsouth/.git/objects/28/a0393e1dde13f1041d597924b95cd09d5539b7: file not in Google drive root 'Workspace_Vivo/Projeto Cafezinho Agentes'
2026/08/08 18:06:56 ERROR : sites-v4/globalsouth/.git/objects/29/666f2e3a4361ab8db62bcf33717f1968010261: file not in Google drive root 'Workspace_Vivo/Projeto Cafezinho Agentes'
2026/08/08 18:07:01 ERROR : sites-v4/riocarta/.git/objects/2c/2bc7dd7be889d10ed1164c5e53883b3101c2c0: file not in Google drive root 'Workspace_Vivo/Projeto Cafezinho Agentes'
2026/08/08 18:07:02 ERROR : sites-v4/railpost/.git/objects/2a/0817916e7cdafa7e06f8689918e40efa91734b: file not in Google drive root 'Workspace_Vivo/Projeto Cafezinho Agentes'
2026/08/08 18:07:06 ERROR : sites-v4/mundotrilhos/.git/objects/30/ba4b8e775df1cab6f2eee10371d78c7237a81f: file not in Google drive root 'Workspace_Vivo/Projeto Cafezinho Agentes'
2026/08/08 18:07:36 INFO  : 
Transferred:   	          0 B / 0 B, -, 0 B/s, ETA -
Errors:               206 (retrying may help)
Checks:             16096 / 16096, 100%, Listed 50310
Elapsed time:      11m0.0s

2026/08/08 18:08:35 ERROR : sites-v4/globalsouth/.git/objects/2f/2871134aae614208b2442114656b5a6b6e68db: file not in Google drive root 'Workspace_Vivo/Projeto Cafezinho Agentes'
2026/08/08 18:08:36 INFO  : 
Transferred:   	          0 B / 0 B, -, 0 B/s, ETA -
Errors:               207 (retrying may help)
Checks:             16193 / 16193, 100%, Listed 50502
Elapsed time:      12m0.0s

2026/08/08 18:08:37 ERROR : sites-v4/mundotrilhos/.git/objects/35/0d5daeb89f620b0e00932a7b2c47a25eef21b0: file not in Google drive root 'Workspace_Vivo/Projeto Cafezinho Agentes'
2026/08/08 18:08:38 ERROR : sites-v4/globalsouth/.git/objects/33/03c567b7af4263585813d47e679dfbd837f73c: file not in Google drive root 'Workspace_Vivo/Projeto Cafezinho Agentes'
2026/08/08 18:08:48 ERROR : sites-v4/globalsouth/.git/objects/38/a224b0326d647dc590dbb585fb393154cddbe4: file not in Google drive root 'Workspace_Vivo/Projeto Cafezinho Agentes'
2026/08/08 18:08:48 ERROR : sites-v4/discoverbrazil/.git/objects/38/7894fe7bf083ba49b91a8086b5d10566fb37e8: file not in Google drive root 'Workspace_Vivo/Projeto Cafezinho Agentes'
2026/08/08 18:08:51 ERROR : sites-v4/discoverbrazil/.git/objects/39/3360f23302f04a746f467fa60e4bc3908ff0c2: file not in Google drive root 'Workspace_Vivo/Projeto Cafezinho Agentes'
2026/08/08 18:08:53 ERROR : sites-v4/railpost/.git/objects/38/1f2bdad1fad8545cb03a5d7e2c9a90d187e735: file not in Google drive root 'Workspace_Vivo/Projeto Cafezinho Agentes'
2026/08/08 18:08:55 ERROR : sites-v4/globalsouth/.git/objects/3c/95a01640a13f853ab074e91ba630928adc98ce: file not in Google drive root 'Workspace_Vivo/Projeto Cafezinho Agentes'
2026/08/08 18:08:55 ERROR : sites-v4/globalsouth/.git/objects/3c/bab733750e697b74e640e28819634cb014f61c: file not in Google drive root 'Workspace_Vivo/Projeto Cafezinho Agentes'
2026/08/08 18:08:59 ERROR : sites-v4/discoverbrazil/.git/objects/3c/5cca4cddcf7f641dd330abdc7132a13cdbb217: file not in Google drive root 'Workspace_Vivo/Projeto Cafezinho Agentes'
2026/08/08 18:09:00 ERROR : sites-v4/globalsouth/.git/objects/3e/8cb221faf63c215d9544e5d73e80ab12674260: file not in Google drive root 'Workspace_Vivo/Projeto Cafezinho Agentes'
2026/08/08 18:09:05 ERROR : sites-v4/mundotrilhos/.git/objects/45/44a30e8b209ca7d43b0ca5268d135c58251b3c: file not in Google drive root 'Workspace_Vivo/Projeto Cafezinho Agentes'
2026/08/08 18:09:07 ERROR : sites-v4/aiatolah/.git/objects/40/988d2901f95a473798d64f80254c28d6be2d66: file not in Google drive root 'Workspace_Vivo/Projeto Cafezinho Agentes'
2026/08/08 18:09:36 INFO  : 
Transferred:   	          0 B / 0 B, -, 0 B/s, ETA -
Errors:               219 (retrying may help)
Checks:             16820 / 16820, 100%, Listed 51767
Elapsed time:      13m0.0s

2026/08/08 18:09:51 ERROR : sites-v4/discoverbrazil/.git/objects/40/813959c244f249154eeccbe67c8803bf51fafa: file not in Google drive root 'Workspace_Vivo/Projeto Cafezinho Agentes'
2026/08/08 18:09:59 ERROR : sites-v4/mapario/.git/objects/4c/5bf8b0c23f023590d5a427dff99ffeb8f11add: file not in Google drive root 'Workspace_Vivo/Projeto Cafezinho Agentes'
2026/08/08 18:10:00 ERROR : sites-v4/railpost/.git/objects/40/8a449209b894b9a2778610d08aacde3becf917: file not in Google drive root 'Workspace_Vivo/Projeto Cafezinho Agentes'
2026/08/08 18:10:01 ERROR : sites-v4/globalsouth/.git/objects/45/0d0f204da77661922be11afe637befdca1fa60: file not in Google drive root 'Workspace_Vivo/Projeto Cafezinho Agentes'
2026/08/08 18:10:01 ERROR : sites-v4/discoverbrazil/.git/objects/43/6e8b51da9d9a6105c6265c7dacf72dff1a9ff6: file not in Google drive root 'Workspace_Vivo/Projeto Cafezinho Agentes'
2026/08/08 18:10:01 ERROR : sites-v4/mundotrilhos/.git/objects/4b/98a9657dcf2ddc80dabfeb1ef0d224e9c4d864: file not in Google drive root 'Workspace_Vivo/Projeto Cafezinho Agentes'
2026/08/08 18:10:04 ERROR : sites-v4/ceara/.git/objects/47/108b4392c85779eef8e8f9770eb4fb63c17cc2: file not in Google drive root 'Workspace_Vivo/Projeto Cafezinho Agentes'
2026/08/08 18:10:36 INFO  : 
Transferred:   	          0 B / 0 B, -, 0 B/s, ETA -
Errors:               226 (retrying may help)
Checks:             17147 / 17147, 100%, Listed 52427
Elapsed time:      14m0.0s

2026/08/08 18:11:36 INFO  : 
Transferred:   	          0 B / 0 B, -, 0 B/s, ETA -
Errors:               226 (retrying may help)
Checks:             17174 / 17174, 100%, Listed 52488
Elapsed time:      15m0.0s

2026/08/08 18:11:54 ERROR : sites-v4/mundotrilhos/.git/objects/4f/2a0008f956356b790871d56ed7d1847893e3b8: file not in Google drive root 'Workspace_Vivo/Projeto Cafezinho Agentes'
2026/08/08 18:11:54 ERROR : sites-v4/mundotrilhos/.git/objects/4f/67a65ed6e0e8a93635a3e13038093e47cd72f9: file not in Google drive root 'Workspace_Vivo/Projeto Cafezinho Agentes'
2026/08/08 18:11:55 ERROR : sites-v4/ceara/.git/objects/48/b9c7fde9cf30d3c89345311d447e689e413fdb: file not in Google drive root 'Workspace_Vivo/Projeto Cafezinho Agentes'
2026/08/08 18:11:56 ERROR : sites-v4/railpost/.git/objects/47/19936b497d60d60df39a3d65875621456f52e4: file not in Google drive root 'Workspace_Vivo/Projeto Cafezinho Agentes'
2026/08/08 18:11:56 ERROR : sites-v4/ceara/.git/objects/4a/c75635812cddb86891eeea958c3079acfe541c: file not in Google drive root 'Workspace_Vivo/Projeto Cafezinho Agentes'
2026/08/08 18:11:56 ERROR : sites-v4/ceara/.git/objects/4a/cbe77916cc4b5a38cee9c98d06dea152f6937d: file not in Google drive root 'Workspace_Vivo/Projeto Cafezinho Agentes'
2026/08/08 18:11:58 ERROR : sites-v4/discoverbrazil/.git/objects/4c/7f9235ba9a65986d8575bb0582392457d51c27: file not in Google drive root 'Workspace_Vivo/Projeto Cafezinho Agentes'
2026/08/08 18:12:01 ERROR : sites-v4/ceara/.git/objects/4e/bcc7584e03815a6b8f36d65434d80f5114814b: file not in Google drive root 'Workspace_Vivo/Projeto Cafezinho Agentes'
2026/08/08 18:12:01 ERROR : sites-v4/railpost/.git/objects/4d/ce4358cf1a67f7a3f84aa68fb7e4c62db43aca: file not in Google drive root 'Workspace_Vivo/Projeto Cafezinho Agentes'
2026/08/08 18:12:01 ERROR : sites-v4/discoverbrazil/.git/objects/4f/4988c4b89ce8b764e20bb3d04bdc7067190c00: file not in Google drive root 'Workspace_Vivo/Projeto Cafezinho Agentes'
2026/08/08 18:12:05 ERROR : sites-v4/railpost/.git/objects/4f/e45c306b970cece8e2253507659ba6ef8d8ef3: file not in Google drive root 'Workspace_Vivo/Projeto Cafezinho Agentes'
2026/08/08 18:12:05 ERROR : sites-v4/railpost/.git/objects/4f/ed310b0b76e25df3251d55fcfd46d06f51be5b: file not in Google drive root 'Workspace_Vivo/Projeto Cafezinho Agentes'
2026/08/08 18:12:05 ERROR : sites-v4/aiatolah/.git/objects/50/da70d4317ff228256274c53e288e697962d8df: file not in Google drive root 'Workspace_Vivo/Projeto Cafezinho Agentes'
2026/08/08 18:12:36 INFO  : 
Transferred:   	          0 B / 0 B, -, 0 B/s, ETA -
Errors:               239 (retrying may help)
Checks:             17563 / 17563, 100%, Listed 53280
Elapsed time:      16m0.0s

2026/08/08 18:13:36 INFO  : 
Transferred:   	          0 B / 0 B, -, 0 B/s, ETA -
Errors:               239 (retrying may help)
Checks:             17604 / 17604, 100%, Listed 53360
Elapsed time:      17m0.0s

2026/08/08 18:14:00 ERROR : sites-v4/ceara/.git/objects/53/ee0433cc00ae8da4601c05ff12a555a8c87616: file not in Google drive root 'Workspace_Vivo/Projeto Cafezinho Agentes'
2026/08/08 18:14:00 ERROR : sites-v4/discoverbrazil/.git/objects/56/f2cf4589175ed0ba4084a422bc72639d70515c: file not in Google drive root 'Workspace_Vivo/Projeto Cafezinho Agentes'
2026/08/08 18:14:01 ERROR : sites-v4/ceara/.git/objects/54/042f117d467b956f8ecf211099639bbde3816d: file not in Google drive root 'Workspace_Vivo/Projeto Cafezinho Agentes'
2026/08/08 18:14:02 ERROR : sites-v4/aiatolah/.git/objects/55/338e04cb54d5efcd3a2cca15d696a2903c4d7e: file not in Google drive root 'Workspace_Vivo/Projeto Cafezinho Agentes'
2026/08/08 18:14:03 ERROR : sites-v4/discoverbrazil/.git/objects/58/4803ac304e0e2778448649a40c350ece863397: file not in Google drive root 'Workspace_Vivo/Projeto Cafezinho Agentes'
2026/08/08 18:14:36 INFO  : 
Transferred:   	          0 B / 0 B, -, 0 B/s, ETA -
Errors:               244 (retrying may help)
Checks:             17800 / 17800, 100%, Listed 53758
Elapsed time:      18m0.0s

2026/08/08 18:14:49 ERROR : sites-v4/mundotrilhos/.git/objects/5e/585f208364cc5eab9bae69e81cb2d473a053f3: file not in Google drive root 'Workspace_Vivo/Projeto Cafezinho Agentes'
2026/08/08 18:14:50 ERROR : sites-v4/mundotrilhos/.git/objects/5d/bbb83abefb85ee3447e49c7164ca13ec39d550: file not in Google drive root 'Workspace_Vivo/Projeto Cafezinho Agentes'
2026/08/08 18:14:51 ERROR : sites-v4/globalsouth/.git/objects/5a/3360c6ba62484ba0e032b1f82e7d01ab365a3f: file not in Google drive root 'Workspace_Vivo/Projeto Cafezinho Agentes'
2026/08/08 18:14:51 ERROR : sites-v4/aiatolah/.git/objects/59/4d25d58720345208f271db7f0f3de209020198: file not in Google drive root 'Workspace_Vivo/Projeto Cafezinho Agentes'
2026/08/08 18:14:51 ERROR : sites-v4/aiatolah/.git/objects/59/7d30c58d860f72543ef5f6ec548ada7bd5c963: file not in Google drive root 'Workspace_Vivo/Projeto Cafezinho Agentes'
2026/08/08 18:14:52 ERROR : sites-v4/mundotrilhos/.git/objects/60/6bf66f05769a1824a0af3537c45daa7b3657c1: file not in Google drive root 'Workspace_Vivo/Projeto Cafezinho Agentes'
2026/08/08 18:14:52 ERROR : sites-v4/railpost/.git/objects/59/65d8050736bd335110e5a9115e5e78d2c23b5a: file not in Google drive root 'Workspace_Vivo/Projeto Cafezinho Agentes'
2026/08/08 18:14:52 ERROR : sites-v4/aiatolah/.git/objects/5a/7e1ce39da867a87ce1b62820473a201fc67c97: file not in Google drive root 'Workspace_Vivo/Projeto Cafezinho Agentes'
2026/08/08 18:14:53 ERROR : sites-v4/discoverbrazil/.git/objects/5d/1a9ba42f11966369367f37e465309ae6edb637: file not in Google drive root 'Workspace_Vivo/Projeto Cafezinho Agentes'
2026/08/08 18:14:54 ERROR : sites-v4/mundotrilhos/.git/objects/62/e89a22737da02e493c1ab335ffa65c2b55e466: file not in Google drive root 'Workspace_Vivo/Projeto Cafezinho Agentes'
2026/08/08 18:14:56 ERROR : sites-v4/discoverbrazil/.git/objects/60/b7e76ae5d2685394c4f2e1b1496a6b888556e6: file not in Google drive root 'Workspace_Vivo/Projeto Cafezinho Agentes'
2026/08/08 18:14:56 ERROR : sites-v4/mundotrilhos/.git/objects/64/abb7375c2d17386c05d414e767a247a6c1c263: file not in Google drive root 'Workspace_Vivo/Projeto Cafezinho Agentes'
2026/08/08 18:15:02 ERROR : sites-v4/railpost/.git/objects/5f/6dfc05007a3ba0e840b21886ae9648eae7b1b8: file not in Google drive root 'Workspace_Vivo/Projeto Cafezinho Agentes'
2026/08/08 18:15:05 ERROR : sites-v4/globalsouth/.git/objects/62/3cf3e6c8d57dc03883d7bed8f68c61f4a0c547: file not in Google drive root 'Workspace_Vivo/Projeto Cafezinho Agentes'
2026/08/08 18:15:05 ERROR : sites-v4/globalsouth/.git/objects/62/5a5a6752daf8175a3bbc89f970e7a77a84cdce: file not in Google drive root 'Workspace_Vivo/Projeto Cafezinho Agentes'
2026/08/08 18:15:36 INFO  : 
Transferred:   	          0 B / 0 B, -, 0 B/s, ETA -
Errors:               259 (retrying may help)
Checks:             18316 / 18316, 100%, Listed 54801
Elapsed time:      19m0.0s

2026/08/08 18:15:53 ERROR : sites-v4/mundotrilhos/.git/objects/69/8304995ed27c4e772a6efc7a6d28932a2455f6: file not in Google drive root 'Workspace_Vivo/Projeto Cafezinho Agentes'
2026/08/08 18:15:54 ERROR : sites-v4/globalsouth/.git/objects/65/502ea8359cd520b11648e3f8fe9227a0d8f28e: file not in Google drive root 'Workspace_Vivo/Projeto Cafezinho Agentes'
2026/08/08 18:15:56 ERROR : sites-v4/aiatolah/.git/objects/65/296409ad6f2d03cd27af168ccacd87c273f04e: file not in Google drive root 'Workspace_Vivo/Projeto Cafezinho Agentes'
2026/08/08 18:15:57 ERROR : sites-v4/discoverbrazil/.git/objects/6c/5cb217ad85cae9f5e6f4e6586ef5963e252d47: file not in Google drive root 'Workspace_Vivo/Projeto Cafezinho Agentes'
2026/08/08 18:15:57 ERROR : sites-v4/discoverbrazil/.git/objects/6c/cc24a1d5218c8b02c39b425cf62835b988dc76: file not in Google drive root 'Workspace_Vivo/Projeto Cafezinho Agentes'
2026/08/08 18:15:58 ERROR : sites-v4/mapario/.git/objects/7e/1a995d8255587a8e43295286880e3fe00431ab: file not in Google drive root 'Workspace_Vivo/Projeto Cafezinho Agentes'
2026/08/08 18:15:58 ERROR : sites-v4/globalsouth/.git/objects/69/8e93471b67c4b35ebb5a6a4d1ac889aa49411e: file not in Google drive root 'Workspace_Vivo/Projeto Cafezinho Agentes'
2026/08/08 18:15:59 ERROR : sites-v4/ceara/.git/objects/6b/57a9b411e986ae2968875ddcd1d39ccccecc8c: file not in Google drive root 'Workspace_Vivo/Projeto Cafezinho Agentes'
2026/08/08 18:16:00 ERROR : sites-v4/discoverbrazil/.git/objects/6f/a8a449e0fa53e1a2e8146c118e0d975852fa8b: file not in Google drive root 'Workspace_Vivo/Projeto Cafezinho Agentes'
2026/08/08 18:16:00 ERROR : sites-v4/mundotrilhos/.git/objects/70/e4677dbb4ee90df148728a5053a782539c3029: file not in Google drive root 'Workspace_Vivo/Projeto Cafezinho Agentes'
2026/08/08 18:16:02 ERROR : sites-v4/mundotrilhos/.git/objects/71/7faa8ccf30334d646ffa69f70272d98889aaaa: file not in Google drive root 'Workspace_Vivo/Projeto Cafezinho Agentes'
2026/08/08 18:16:13 ERROR : sites-v4/ceara/.git/objects/71/86f85d8ba90c264ba5282f442bcd47d0223bfb: file not in Google drive root 'Workspace_Vivo/Projeto Cafezinho Agentes'
2026/08/08 18:16:13 ERROR : sites-v4/railpost/.git/objects/6f/9367b4891df3fd6013227d62c863d476d816d6: file not in Google drive root 'Workspace_Vivo/Projeto Cafezinho Agentes'
2026/08/08 18:16:13 ERROR : sites-v4/railpost/.git/objects/6f/cd1f6a905f563fcb7db46ada0e81743bd52b1e: file not in Google drive root 'Workspace_Vivo/Projeto Cafezinho Agentes'
2026/08/08 18:16:36 INFO  : 
Transferred:   	          0 B / 0 B, -, 0 B/s, ETA -
Errors:               273 (retrying may help)
Checks:             18845 / 18845, 100%, Listed 55874
Elapsed time:      20m0.0s

2026/08/08 18:17:03 ERROR : sites-v4/globalsouth/.git/objects/72/319e3fd64ae1eb5ac2c1ea400776f96edea37e: file not in Google drive root 'Workspace_Vivo/Projeto Cafezinho Agentes'
2026/08/08 18:17:03 ERROR : sites-v4/globalsouth/.git/objects/72/9c3a73fa6edaaa433b2119cb87bd8eff1d35aa: file not in Google drive root 'Workspace_Vivo/Projeto Cafezinho Agentes'
2026/08/08 18:17:04 ERROR : sites-v4/riocarta/.git/objects/75/3fb7c0ee95b2bb2daa8a752eae11ee53ad8fa0: file not in Google drive root 'Workspace_Vivo/Projeto Cafezinho Agentes'
2026/08/08 18:17:36 INFO  : 
Transferred:   	          0 B / 0 B, -, 0 B/s, ETA -
Errors:               276 (retrying may help)
Checks:             18947 / 18947, 100%, Listed 56088
Elapsed time:      21m0.0s

2026/08/08 18:18:36 INFO  : 
Transferred:   	          0 B / 0 B, -, 0 B/s, ETA -
Errors:               276 (retrying may help)
Checks:             18947 / 18947, 100%, Listed 56088
Elapsed time:      22m0.0s

2026/08/08 18:18:39 ERROR : sites-v4/railpost/.git/objects/72/26c86cc0805f9d8b80d0084a69dfa0a9773c66: file not in Google drive root 'Workspace_Vivo/Projeto Cafezinho Agentes'
2026/08/08 18:18:39 ERROR : sites-v4/railpost/.git/objects/72/b778402cbcd9c2f68aa0c9c6607814a79d2aac: file not in Google drive root 'Workspace_Vivo/Projeto Cafezinho Agentes'
2026/08/08 18:18:48 ERROR : sites-v4/ceara/.git/objects/75/72f2e68b2e1e93695658acd55d1f30089c9ad7: file not in Google drive root 'Workspace_Vivo/Projeto Cafezinho Agentes'
2026/08/08 18:18:57 ERROR : sites-v4/railpost/.git/objects/74/27b3fa549626a88bbc651268f9dcffd816a00c: file not in Google drive root 'Workspace_Vivo/Projeto Cafezinho Agentes'
2026/08/08 18:18:58 ERROR : sites-v4/aiatolah/.git/objects/74/1bc90007c2e05ecb5ecb33528131d84b558ae8: file not in Google drive root 'Workspace_Vivo/Projeto Cafezinho Agentes'
2026/08/08 18:18:58 ERROR : sites-v4/mundotrilhos/.git/objects/7a/62e4624a9f841a25865d95d3581cdd22aa7be3: file not in Google drive root 'Workspace_Vivo/Projeto Cafezinho Agentes'
2026/08/08 18:18:59 ERROR : sites-v4/aiatolah/.git/objects/76/dba319bb0c36f5f977be5b3cfc078f6064de16: file not in Google drive root 'Workspace_Vivo/Projeto Cafezinho Agentes'
2026/08/08 18:18:59 ERROR : sites-v4/mapario/.git/objects/92/f10e204cb5510146660792e6f805ac0dadee45: file not in Google drive root 'Workspace_Vivo/Projeto Cafezinho Agentes'
2026/08/08 18:19:00 ERROR : sites-v4/aiatolah/.git/objects/77/f7a1c78c98728112cb692f3cf0b0675421c8cb: file not in Google drive root 'Workspace_Vivo/Projeto Cafezinho Agentes'
2026/08/08 18:19:01 ERROR : sites-v4/mundotrilhos/.git/objects/7d/2b15a68e85921097f38ea3964696f609a89171: file not in Google drive root 'Workspace_Vivo/Projeto Cafezinho Agentes'
2026/08/08 18:19:05 ERROR : sites-v4/ceara/.git/objects/7c/1f14f0f73ec085c4d485bf599644d851d52a8f: file not in Google drive root 'Workspace_Vivo/Projeto Cafezinho Agentes'
2026/08/08 18:19:36 INFO  : 
Transferred:   	          0 B / 0 B, -, 0 B/s, ETA -
Errors:               287 (retrying may help)
Checks:             19370 / 19370, 100%, Listed 56935
Elapsed time:      23m0.0s

2026/08/08 18:19:59 ERROR : sites-v4/ceara/.git/objects/7f/afb4634913709f250208bf5273dec6575aad8a: file not in Google drive root 'Workspace_Vivo/Projeto Cafezinho Agentes'
2026/08/08 18:19:59 ERROR : sites-v4/globalsouth/.git/objects/81/93cb02fb00fc9d6095c675072214a74896ccce: file not in Google drive root 'Workspace_Vivo/Projeto Cafezinho Agentes'
2026/08/08 18:20:05 ERROR : sites-v4/mapario/.git/objects/a3/71e2f7547cc97b97cb509da91c8714159811ef: file not in Google drive root 'Workspace_Vivo/Projeto Cafezinho Agentes'
2026/08/08 18:20:36 INFO  : 
Transferred:   	          0 B / 0 B, -, 0 B/s, ETA -
Errors:               290 (retrying may help)
Checks:             19670 / 19670, 100%, Listed 57536
Elapsed time:      24m0.0s

2026/08/08 18:21:00 ERROR : sites-v4/mundotrilhos/.git/objects/8a/41e6ca821a069ea33c37e7d586d6b92ef6dfea: file not in Google drive root 'Workspace_Vivo/Projeto Cafezinho Agentes'
2026/08/08 18:21:03 ERROR : sites-v4/globalsouth/.git/objects/88/e50534fac39001a5081ac2d00fc3702e72a0c0: file not in Google drive root 'Workspace_Vivo/Projeto Cafezinho Agentes'
2026/08/08 18:21:36 INFO  : Using md5 for hash comparisons
2026/08/08 18:21:55 NOTICE: Google drive root 'novo livro': 0 differences found
2026/08/08 18:21:55 NOTICE: Google drive root 'novo livro': 1271 matching files
2026/08/08 18:21:55 INFO  : 
Transferred:   	          0 B / 0 B, -, 0 B/s, ETA -
Checks:              1271 / 1271, 100%, Listed 3135
Elapsed time:        19.0s

2026/08/08 18:21:56 INFO  : Using md5 for hash comparisons
2026/08/08 18:21:57 ERROR : Jornais do dia/(20260731-PT) Público OPO_260731_080112.pdf: file not in Google drive root 'Workspace_Vivo/Outros'
2026/08/08 18:21:57 ERROR : Jornais do dia/01-08-26-El Mundo Completo.pdf: file not in Google drive root 'Workspace_Vivo/Outros'
2026/08/08 18:21:57 ERROR : Jornais do dia/03-08-26-El Mundo_260803_060556.pdf: file not in Google drive root 'Workspace_Vivo/Outros'
2026/08/08 18:21:57 ERROR : Jornais do dia/04-08-26-El Mundo_260804_053026.pdf: file not in Google drive root 'Workspace_Vivo/Outros'
2026/08/08 18:21:57 ERROR : Jornais do dia/04-08-26-El Pais_260804_053044.pdf: file not in Google drive root 'Workspace_Vivo/Outros'
2026/08/08 18:21:57 ERROR : Jornais do dia/23-07-26-El Mundo_260723_055926.pdf: file not in Google drive root 'Workspace_Vivo/Outros'
2026/08/08 18:21:57 ERROR : Jornais do dia/23-07-26-El Pais_260723_055940.pdf: file not in Google drive root 'Workspace_Vivo/Outros'
2026/08/08 18:21:57 ERROR : Jornais do dia/24-07-26-El Mundo_260724_055108.pdf: file not in Google drive root 'Workspace_Vivo/Outros'
2026/08/08 18:21:57 ERROR : Jornais do dia/24-07-26-El Pais_260724_055124.pdf: file not in Google drive root 'Workspace_Vivo/Outros'
2026/08/08 18:21:57 ERROR : Jornais do dia/27-07-26-El Mundo_260727_055357.pdf: file not in Google drive root 'Workspace_Vivo/Outros'
2026/08/08 18:21:57 ERROR : Jornais do dia/27-07-26-El Pais_260727_055414.pdf: file not in Google drive root 'Workspace_Vivo/Outros'
2026/08/08 18:21:57 ERROR : Jornais do dia/28-07-26-El Pais_260728_054411.pdf: file not in Google drive root 'Workspace_Vivo/Outros'
2026/08/08 18:21:57 ERROR : Jornais do dia/29-07-26-El Mundo_260729_053626.pdf: file not in Google drive root 'Workspace_Vivo/Outros'
2026/08/08 18:21:57 ERROR : Jornais do dia/29-07-26-El Pais_260729_053641.pdf: file not in Google drive root 'Workspace_Vivo/Outros'
2026/08/08 18:21:57 ERROR : Jornais do dia/30-07-26-El Mundo_260730_060801.pdf: file not in Google drive root 'Workspace_Vivo/Outros'
2026/08/08 18:21:57 ERROR : Jornais do dia/30-07-26-El Pais_260730_060815.pdf: file not in Google drive root 'Workspace_Vivo/Outros'
2026/08/08 18:21:57 ERROR : Jornais do dia/31-07-26-El Mundo_260731_053224.pdf: file not in Google drive root 'Workspace_Vivo/Outros'
2026/08/08 18:21:57 ERROR : Jornais do dia/31-07-26-El Pais_260731_053243.pdf: file not in Google drive root 'Workspace_Vivo/Outros'
2026/08/08 18:21:57 ERROR : Jornais do dia/BA Correio da Bahia  - 270726.pdf: file not in Google drive root 'Workspace_Vivo/Outros'
2026/08/08 18:21:57 ERROR : Jornais do dia/BA Correio da Bahia- 310726.pdf: file not in Google drive root 'Workspace_Vivo/Outros'
2026/08/08 18:21:57 ERROR : Jornais do dia/DF Correio Braziliense  - 300726.pdf: file not in Google drive root 'Workspace_Vivo/Outros'
2026/08/08 18:21:57 ERROR : Jornais do dia/DF Correio Braziliense- 040826_260804_093947.pdf: file not in Google drive root 'Workspace_Vivo/Outros'
2026/08/08 18:21:57 ERROR : Jornais do dia/DF Correio Braziliense- 230726.pdf: file not in Google drive root 'Workspace_Vivo/Outros'
2026/08/08 18:21:57 ERROR : Jornais do dia/DF Correio Braziliense- 240726.pdf: file not in Google drive root 'Workspace_Vivo/Outros'
2026/08/08 18:21:57 ERROR : Jornais do dia/DF Correio Braziliense- 270726_260727_060333.pdf: file not in Google drive root 'Workspace_Vivo/Outros'
2026/08/08 18:21:57 ERROR : Jornais do dia/DF Correio Braziliense- 310726.pdf: file not in Google drive root 'Workspace_Vivo/Outros'
2026/08/08 18:21:57 ERROR : Jornais do dia/El Pais - 3 de agosto de 2026.pdf: file not in Google drive root 'Workspace_Vivo/Outros'
2026/08/08 18:21:57 ERROR : Jornais do dia/El País • 01 de Agosto de 2026.pdf: file not in Google drive root 'Workspace_Vivo/Outros'
2026/08/08 18:21:57 ERROR : Jornais do dia/FOLHA DE S PAULO SP 23-07-26_260723_130011.pdf: file not in Google drive root 'Workspace_Vivo/Outros'
2026/08/08 18:21:57 ERROR : Jornais do dia/FOLHA DE S PAULO SP 24-07-26.pdf: file not in Google drive root 'Workspace_Vivo/Outros'
2026/08/08 18:21:57 ERROR : Jornais do dia/FT EU.pdf: file not in Google drive root 'Workspace_Vivo/Outros'
2026/08/08 18:21:57 ERROR : Jornais do dia/FT UK.pdf: file not in Google drive root 'Workspace_Vivo/Outros'
2026/08/08 18:21:57 ERROR : Jornais do dia/FT US-1.pdf: file not in Google drive root 'Workspace_Vivo/Outros'
2026/08/08 18:21:57 ERROR : Jornais do dia/Folha De S.Paulo 010826.pdf: file not in Google drive root 'Workspace_Vivo/Outros'
2026/08/08 18:21:57 ERROR : Jornais do dia/Folha de SP 030826.pdf: file not in Google drive root 'Workspace_Vivo/Outros'
2026/08/08 18:21:57 ERROR : Jornais do dia/Folha de SP 040826.pdf: file not in Google drive root 'Workspace_Vivo/Outros'
2026/08/08 18:21:57 ERROR : Jornais do dia/Folha de SP 270726.pdf: file not in Google drive root 'Workspace_Vivo/Outros'
2026/08/08 18:21:57 ERROR : Jornais do dia/Folha de SP 280726.pdf: file not in Google drive root 'Workspace_Vivo/Outros'
2026/08/08 18:21:57 ERROR : Jornais do dia/Folha de SP 290726.pdf: file not in Google drive root 'Workspace_Vivo/Outros'
2026/08/08 18:21:57 ERROR : Jornais do dia/Folha de SP 310726.pdf: file not in Google drive root 'Workspace_Vivo/Outros'
2026/08/08 18:21:57 ERROR : Jornais do dia/Folha_de_S.Paulo_-_30_julho_2026.pdf: file not in Google drive root 'Workspace_Vivo/Outros'
2026/08/08 18:21:57 ERROR : Jornais do dia/LA TImes_0308_260803_094335.pdf: file not in Google drive root 'Workspace_Vivo/Outros'
2026/08/08 18:21:57 ERROR : Jornais do dia/LA Times_0408_260804_105133.pdf: file not in Google drive root 'Workspace_Vivo/Outros'
2026/08/08 18:21:57 ERROR : Jornais do dia/LA Times_2707.pdf: file not in Google drive root 'Workspace_Vivo/Outros'
2026/08/08 18:21:57 ERROR : Jornais do dia/LA Times_3007.pdf: file not in Google drive root 'Workspace_Vivo/Outros'
2026/08/08 18:21:57 ERROR : Jornais do dia/MG Estado de Minas- 030826.pdf: file not in Google drive root 'Workspace_Vivo/Outros'
2026/08/08 18:21:57 ERROR : Jornais do dia/MG Estado de Minas- 040826.pdf: file not in Google drive root 'Workspace_Vivo/Outros'
2026/08/08 18:21:57 ERROR : Jornais do dia/MG Estado de Minas- HD ‐240726.pdf: file not in Google drive root 'Workspace_Vivo/Outros'
2026/08/08 18:21:57 ERROR : Jornais do dia/MG Estado de Minas- HD- 230726.pdf: file not in Google drive root 'Workspace_Vivo/Outros'
2026/08/08 18:21:57 ERROR : Jornais do dia/MG Estado de Minas- HD- 270726.pdf: file not in Google drive root 'Workspace_Vivo/Outros'
2026/08/08 18:21:57 ERROR : Jornais do dia/MG Estado de Minas- HD- 300726.pdf: file not in Google drive root 'Workspace_Vivo/Outros'
2026/08/08 18:21:57 ERROR : Jornais do dia/MG Estado de Minas-HD‐310726 (1).pdf: file not in Google drive root 'Workspace_Vivo/Outros'
2026/08/08 18:21:57 ERROR : Jornais do dia/NYT 0308.pdf: file not in Google drive root 'Workspace_Vivo/Outros'
2026/08/08 18:21:57 ERROR : Jornais do dia/NYT 0408.pdf: file not in Google drive root 'Workspace_Vivo/Outros'
2026/08/08 18:21:57 ERROR : Jornais do dia/NYT 2307.pdf: file not in Google drive root 'Workspace_Vivo/Outros'
2026/08/08 18:21:57 ERROR : Jornais do dia/NYT 2407.pdf: file not in Google drive root 'Workspace_Vivo/Outros'
2026/08/08 18:21:57 ERROR : Jornais do dia/NYT 2807_260728_080318.pdf: file not in Google drive root 'Workspace_Vivo/Outros'
2026/08/08 18:21:57 ERROR : Jornais do dia/NYT 3107.pdf: file not in Google drive root 'Workspace_Vivo/Outros'
2026/08/08 18:21:57 ERROR : Jornais do dia/NYT International ²³⁰⁷²⁰²⁶_260723_063952 (1).pdf: file not in Google drive root 'Workspace_Vivo/Outros'
2026/08/08 18:21:57 ERROR : Jornais do dia/NYT International ²³⁰⁷²⁰²⁶_260723_063952.pdf: file not in Google drive root 'Workspace_Vivo/Outros'
2026/08/08 18:21:57 ERROR : Jornais do dia/NYT International ²⁴⁰⁷²⁰²⁶.pdf: file not in Google drive root 'Workspace_Vivo/Outros'
2026/08/08 18:21:57 ERROR : Jornais do dia/NYT International ²⁹⁰⁷²⁰²⁶.pdf: file not in Google drive root 'Workspace_Vivo/Outros'
2026/08/08 18:21:57 ERROR : Jornais do dia/NYT International ³¹⁰⁷²⁰²⁶.pdf: file not in Google drive root 'Workspace_Vivo/Outros'
2026/08/08 18:21:57 ERROR : Jornais do dia/NYT International ⁰³⁰⁸²⁰²⁶.pdf: file not in Google drive root 'Workspace_Vivo/Outros'
2026/08/08 18:21:57 ERROR : Jornais do dia/O Dia RJ - 030826.pdf: file not in Google drive root 'Workspace_Vivo/Outros'
2026/08/08 18:21:57 ERROR : Jornais do dia/O Dia RJ - 040826.pdf: file not in Google drive root 'Workspace_Vivo/Outros'
2026/08/08 18:21:57 ERROR : Jornais do dia/O Dia RJ - 240726.pdf: file not in Google drive root 'Workspace_Vivo/Outros'
2026/08/08 18:21:57 ERROR : Jornais do dia/O Dia RJ - 270726.pdf: file not in Google drive root 'Workspace_Vivo/Outros'
2026/08/08 18:21:57 ERROR : Jornais do dia/O Dia RJ - 300726.pdf: file not in Google drive root 'Workspace_Vivo/Outros'
2026/08/08 18:21:57 ERROR : Jornais do dia/O Dia RJ- 010826.pdf: file not in Google drive root 'Workspace_Vivo/Outros'
2026/08/08 18:21:57 ERROR : Jornais do dia/O Dia RJ- 230726.pdf: file not in Google drive root 'Workspace_Vivo/Outros'
2026/08/08 18:21:57 ERROR : Jornais do dia/O Globo - HD  - 010826.pdf: file not in Google drive root 'Workspace_Vivo/Outros'
2026/08/08 18:21:57 ERROR : Jornais do dia/O Globo - HD ‐ 230726.pdf: file not in Google drive root 'Workspace_Vivo/Outros'
2026/08/08 18:21:57 ERROR : Jornais do dia/O Globo - HD- 040826.pdf: file not in Google drive root 'Workspace_Vivo/Outros'
2026/08/08 18:21:57 ERROR : Jornais do dia/O Globo - HD- 240726.pdf: file not in Google drive root 'Workspace_Vivo/Outros'
2026/08/08 18:21:57 ERROR : Jornais do dia/O Globo - HD- 270726.pdf: file not in Google drive root 'Workspace_Vivo/Outros'
2026/08/08 18:21:57 ERROR : Jornais do dia/O Globo - HD- 280726.pdf: file not in Google drive root 'Workspace_Vivo/Outros'
2026/08/08 18:21:57 ERROR : Jornais do dia/O Globo - HD- 290726.pdf: file not in Google drive root 'Workspace_Vivo/Outros'
2026/08/08 18:21:57 ERROR : Jornais do dia/O Globo -HD- 030826.pdf: file not in Google drive root 'Workspace_Vivo/Outros'
2026/08/08 18:21:57 ERROR : Jornais do dia/O Globo ‐ HD- 300726.pdf: file not in Google drive root 'Workspace_Vivo/Outros'
2026/08/08 18:21:57 ERROR : Jornais do dia/O Globo- HD- 310726.pdf: file not in Google drive root 'Workspace_Vivo/Outros'
2026/08/08 18:21:57 ERROR : Jornais do dia/SP O  Estado de S Paulo ‐ 280726.pdf: file not in Google drive root 'Workspace_Vivo/Outros'
2026/08/08 18:21:57 ERROR : Jornais do dia/SP O Estado de S Paulo  - 240726.pdf: file not in Google drive root 'Workspace_Vivo/Outros'
2026/08/08 18:21:57 ERROR : Jornais do dia/SP O Estado de S Paulo  - 290726.pdf: file not in Google drive root 'Workspace_Vivo/Outros'
2026/08/08 18:21:57 ERROR : Jornais do dia/SP O Estado de S Paulo - 310726_260731_052951.pdf: file not in Google drive root 'Workspace_Vivo/Outros'
2026/08/08 18:21:57 ERROR : Jornais do dia/SP O Estado de S Paulo ‐ 010826.pdf: file not in Google drive root 'Workspace_Vivo/Outros'
2026/08/08 18:21:57 ERROR : Jornais do dia/SP O Estado de S Paulo ‐230726.pdf: file not in Google drive root 'Workspace_Vivo/Outros'
2026/08/08 18:21:57 ERROR : Jornais do dia/SP O Estado de S Paulo- 030826.pdf: file not in Google drive root 'Workspace_Vivo/Outros'
2026/08/08 18:21:57 ERROR : Jornais do dia/SP O Estado de S Paulo- 300726.pdf: file not in Google drive root 'Workspace_Vivo/Outros'
2026/08/08 18:21:57 ERROR : Jornais do dia/The New York Times - July 29, 2026_260729_083200.pdf: file not in Google drive root 'Workspace_Vivo/Outros'
2026/08/08 18:21:57 ERROR : Jornais do dia/The New York Times - July 30, 2026.pdf: file not in Google drive root 'Workspace_Vivo/Outros'
2026/08/08 18:21:57 ERROR : Jornais do dia/The New York Times • July 27, 2026_260727_074559.pdf: file not in Google drive root 'Workspace_Vivo/Outros'
2026/08/08 18:21:57 ERROR : Jornais do dia/The Wall Street Journal  - 28 July 2026_260728_075148.pdf: file not in Google drive root 'Workspace_Vivo/Outros'
2026/08/08 18:21:57 ERROR : Jornais do dia/The Wall Street Journal - August 3, 2026_260803_070343.pdf: file not in Google drive root 'Workspace_Vivo/Outros'
2026/08/08 18:21:57 ERROR : Jornais do dia/The Wall Street Journal - July 23, 2026.pdf: file not in Google drive root 'Workspace_Vivo/Outros'
2026/08/08 18:21:57 ERROR : Jornais do dia/The Wall Street Journal - July 24, 2026.pdf: file not in Google drive root 'Workspace_Vivo/Outros'
2026/08/08 18:21:57 ERROR : Jornais do dia/The Wall Street Journal - July 30, 2026.pdf: file not in Google drive root 'Workspace_Vivo/Outros'
2026/08/08 18:21:57 ERROR : Jornais do dia/The Wall Street Journal Weekend • August 01&02, 2026.pdf: file not in Google drive root 'Workspace_Vivo/Outros'
2026/08/08 18:21:57 ERROR : Jornais do dia/The Wall Street Journal • July 27, 2026_260727_074616.pdf: file not in Google drive root 'Workspace_Vivo/Outros'
2026/08/08 18:21:57 ERROR : Jornais do dia/The Washington Post - August 3, 2026.pdf: file not in Google drive root 'Workspace_Vivo/Outros'
2026/08/08 18:21:57 ERROR : Jornais do dia/The Washington Post - August 4, 2026_260804_105106.pdf: file not in Google drive root 'Workspace_Vivo/Outros'
2026/08/08 18:21:57 ERROR : Jornais do dia/The Washington Post - July 27, 2026.pdf: file not in Google drive root 'Workspace_Vivo/Outros'
2026/08/08 18:21:57 ERROR : Jornais do dia/The Washington Post • August 01, 2026.pdf: file not in Google drive root 'Workspace_Vivo/Outros'
2026/08/08 18:21:57 ERROR : Jornais do dia/The Washington Post_3007.pdf: file not in Google drive root 'Workspace_Vivo/Outros'
2026/08/08 18:21:57 ERROR : Jornais do dia/USA Today - July 23, 2026.pdf: file not in Google drive root 'Workspace_Vivo/Outros'
2026/08/08 18:21:57 ERROR : Jornais do dia/USA Today - July 24, 2026.pdf: file not in Google drive root 'Workspace_Vivo/Outros'
2026/08/08 18:21:57 ERROR : Jornais do dia/VALOR ECONÔMICO 04-08-26_260804_085211.pdf: file not in Google drive root 'Workspace_Vivo/Outros'
2026/08/08 18:21:57 ERROR : Jornais do dia/Valor Econômico-  HD- 01 a 030826.pdf: file not in Google drive root 'Workspace_Vivo/Outros'
2026/08/08 18:21:57 ERROR : Jornais do dia/Valor Econômico- EU&- HD- 240726.pdf: file not in Google drive root 'Workspace_Vivo/Outros'
2026/08/08 18:21:57 ERROR : Jornais do dia/Valor Econômico- EU&- HD- 310726.pdf: file not in Google drive root 'Workspace_Vivo/Outros'
2026/08/08 18:21:57 ERROR : Jornais do dia/Valor Econômico- HD - 280726.pdf: file not in Google drive root 'Workspace_Vivo/Outros'
2026/08/08 18:21:57 ERROR : Jornais do dia/Valor Econômico- HD- 230726.pdf: file not in Google drive root 'Workspace_Vivo/Outros'
2026/08/08 18:21:57 ERROR : Jornais do dia/Valor Econômico- HD- 25 a 270726.pdf: file not in Google drive root 'Workspace_Vivo/Outros'
2026/08/08 18:21:57 ERROR : Jornais do dia/Valor Econômico- HD- 290726.pdf: file not in Google drive root 'Workspace_Vivo/Outros'
2026/08/08 18:21:57 ERROR : Jornais do dia/Valor Econômico- HD- 300726.pdf: file not in Google drive root 'Workspace_Vivo/Outros'
2026/08/08 18:21:57 ERROR : Jornais do dia/jornaisdodia.sh: file not in Google drive root 'Workspace_Vivo/Outros'
2026/08/08 18:21:57 ERROR : Jornais do dia/resync_jornais.sh: file not in Google drive root 'Workspace_Vivo/Outros'
2026/08/08 18:21:57 ERROR : Jornais do dia/sync_jornais.log: file not in Google drive root 'Workspace_Vivo/Outros'
2026/08/08 18:21:59 ERROR : Aplicativos/Moka/Moka-Lab/.git/COMMIT_EDITMSG: sizes differ
2026/08/08 18:22:00 ERROR : Aplicativos/Moka/Moka-Lab/.git/index: md5 differ
2026/08/08 18:22:02 ERROR : Aplicativos/Moka/Moka-Lab/apps/web/tsconfig.tsbuildinfo: sizes differ
2026/08/08 18:22:02 ERROR : Aplicativos/Moka/Moka-Lab/.git/logs/HEAD: sizes differ
2026/08/08 18:22:02 ERROR : Aplicativos/Moka/backups/moka_lab_pre_correcoes_fase1_20260808_1027/src/app/globals.css.bak_zcode_20260723_pre_scroll_fix: file not in Google drive root 'Workspace_Vivo/Outros'
2026/08/08 18:22:02 ERROR : Aplicativos/Moka/backups/moka_lab_pre_correcoes_fase1_20260808_1027/src/app/globals.css: file not in Google drive root 'Workspace_Vivo/Outros'
2026/08/08 18:22:02 ERROR : Aplicativos/Moka/backups/moka_lab_pre_correcoes_fase1_20260808_1027/src/app/layout.tsx: file not in Google drive root 'Workspace_Vivo/Outros'
2026/08/08 18:22:02 ERROR : Aplicativos/Moka/backups/moka_lab_pre_correcoes_fase1_20260808_1027/src/app/page.tsx.bak_zcode_20260723_pre_prewarm: file not in Google drive root 'Workspace_Vivo/Outros'
2026/08/08 18:22:02 ERROR : Aplicativos/Moka/backups/moka_lab_pre_correcoes_fase1_20260808_1027/src/app/page.tsx.bak_zcode_20260723_pre_v3capa: file not in Google drive root 'Workspace_Vivo/Outros'
2026/08/08 18:22:02 ERROR : Aplicativos/Moka/backups/moka_lab_pre_correcoes_fase1_20260808_1027/src/app/page.tsx: file not in Google drive root 'Workspace_Vivo/Outros'
2026/08/08 18:22:03 ERROR : Aplicativos/Moka/backups/moka_lab_pre_correcoes_fase1_20260808_1027/src/components/AIPanel.tsx: file not in Google drive root 'Workspace_Vivo/Outros'
2026/08/08 18:22:03 ERROR : Aplicativos/Moka/backups/moka_lab_pre_correcoes_fase1_20260808_1027/src/components/AskModal.tsx: file not in Google drive root 'Workspace_Vivo/Outros'
2026/08/08 18:22:03 ERROR : Aplicativos/Moka/backups/moka_lab_pre_correcoes_fase1_20260808_1027/src/components/AuthButton.tsx: file not in Google drive root 'Workspace_Vivo/Outros'
2026/08/08 18:22:03 ERROR : Aplicativos/Moka/backups/moka_lab_pre_correcoes_fase1_20260808_1027/src/components/AuthGate.tsx: file not in Google drive root 'Workspace_Vivo/Outros'
2026/08/08 18:22:03 ERROR : Aplicativos/Moka/backups/moka_lab_pre_correcoes_fase1_20260808_1027/src/components/AuthModal.tsx: file not in Google drive root 'Workspace_Vivo/Outros'
2026/08/08 18:22:03 ERROR : Aplicativos/Moka/backups/moka_lab_pre_correcoes_fase1_20260808_1027/src/components/BackButton.tsx: file not in Google drive root 'Workspace_Vivo/Outros'
2026/08/08 18:22:03 ERROR : Aplicativos/Moka/backups/moka_lab_pre_correcoes_fase1_20260808_1027/src/components/CafezinhoLogo.tsx: file not in Google drive root 'Workspace_Vivo/Outros'
2026/08/08 18:22:03 ERROR : Aplicativos/Moka/backups/moka_lab_pre_correcoes_fase1_20260808_1027/src/components/CloseAppButton.tsx: file not in Google drive root 'Workspace_Vivo/Outros'
2026/08/08 18:22:03 ERROR : Aplicativos/Moka/backups/moka_lab_pre_correcoes_fase1_20260808_1027/src/components/ContaButton.tsx: file not in Google drive root 'Workspace_Vivo/Outros'
2026/08/08 18:22:03 ERROR : Aplicativos/Moka/backups/moka_lab_pre_correcoes_fase1_20260808_1027/src/components/I18nProvider.tsx: file not in Google drive root 'Workspace_Vivo/Outros'
2026/08/08 18:22:03 ERROR : Aplicativos/Moka/backups/moka_lab_pre_correcoes_fase1_20260808_1027/src/components/InstallPrompt.tsx: file not in Google drive root 'Workspace_Vivo/Outros'
2026/08/08 18:22:03 ERROR : Aplicativos/Moka/backups/moka_lab_pre_correcoes_fase1_20260808_1027/src/components/LangSwitcher.tsx: file not in Google drive root 'Workspace_Vivo/Outros'
2026/08/08 18:22:03 ERROR : Aplicativos/Moka/backups/moka_lab_pre_correcoes_fase1_20260808_1027/src/components/LlmPriceRanking.tsx: file not in Google drive root 'Workspace_Vivo/Outros'
2026/08/08 18:22:03 ERROR : Aplicativos/Moka/backups/moka_lab_pre_correcoes_fase1_20260808_1027/src/components/Markdown.tsx: file not in Google drive root 'Workspace_Vivo/Outros'
2026/08/08 18:22:03 ERROR : Aplicativos/Moka/backups/moka_lab_pre_correcoes_fase1_20260808_1027/src/components/PageActionModal.tsx: file not in Google drive root 'Workspace_Vivo/Outros'
2026/08/08 18:22:03 ERROR : Aplicativos/Moka/backups/moka_lab_pre_correcoes_fase1_20260808_1027/src/components/PdfPageCanvas.tsx: file not in Google drive root 'Workspace_Vivo/Outros'
2026/08/08 18:22:03 ERROR : Aplicativos/Moka/backups/moka_lab_pre_correcoes_fase1_20260808_1027/src/components/Reader.tsx.bak_zcode_20260723_pre_pan_fix: file not in Google drive root 'Workspace_Vivo/Outros'
2026/08/08 18:22:03 ERROR : Aplicativos/Moka/backups/moka_lab_pre_correcoes_fase1_20260808_1027/src/components/Reader.tsx: file not in Google drive root 'Workspace_Vivo/Outros'
2026/08/08 18:22:03 ERROR : Aplicativos/Moka/backups/moka_lab_pre_correcoes_fase1_20260808_1027/src/components/SectionSwitcher.tsx: file not in Google drive root 'Workspace_Vivo/Outros'
2026/08/08 18:22:03 ERROR : Aplicativos/Moka/backups/moka_lab_pre_correcoes_fase1_20260808_1027/src/components/ServiceWorkerRegister.tsx: file not in Google drive root 'Workspace_Vivo/Outros'
2026/08/08 18:22:03 ERROR : Aplicativos/Moka/backups/moka_lab_pre_correcoes_fase1_20260808_1027/src/components/SettingsForm.tsx.bak_zcode_20260723_pre_v3: file not in Google drive root 'Workspace_Vivo/Outros'
2026/08/08 18:22:03 ERROR : Aplicativos/Moka/backups/moka_lab_pre_correcoes_fase1_20260808_1027/src/components/SettingsForm.tsx: file not in Google drive root 'Workspace_Vivo/Outros'
2026/08/08 18:22:03 ERROR : Aplicativos/Moka/backups/moka_lab_pre_correcoes_fase1_20260808_1027/src/components/SettingsModal.tsx: file not in Google drive root 'Workspace_Vivo/Outros'
2026/08/08 18:22:03 ERROR : Aplicativos/Moka/backups/moka_lab_pre_correcoes_fase1_20260808_1027/src/components/SiteFooter.tsx: file not in Google drive root 'Workspace_Vivo/Outros'
2026/08/08 18:22:03 ERROR : Aplicativos/Moka/backups/moka_lab_pre_correcoes_fase1_20260808_1027/src/components/SummaryModal.tsx: file not in Google drive root 'Workspace_Vivo/Outros'
2026/08/08 18:22:03 ERROR : Aplicativos/Moka/backups/moka_lab_pre_correcoes_fase1_20260808_1027/src/components/TranslateBookModal.tsx: file not in Google drive root 'Workspace_Vivo/Outros'
2026/08/08 18:22:03 ERROR : Aplicativos/Moka/backups/moka_lab_pre_correcoes_fase1_20260808_1027/src/components/Uploader.tsx: file not in Google drive root 'Workspace_Vivo/Outros'
2026/08/08 18:22:03 ERROR : Aplicativos/Moka/backups/moka_lab_pre_correcoes_fase1_20260808_1027/src/components/VideoAskModal.tsx.bak_zcode_20260723_pre_working_ui: file not in Google drive root 'Workspace_Vivo/Outros'
2026/08/08 18:22:03 ERROR : Aplicativos/Moka/backups/moka_lab_pre_correcoes_fase1_20260808_1027/src/components/VideoAskModal.tsx: file not in Google drive root 'Workspace_Vivo/Outros'
2026/08/08 18:22:03 ERROR : Aplicativos/Moka/backups/moka_lab_pre_correcoes_fase1_20260808_1027/src/components/VisitPing.tsx: file not in Google drive root 'Workspace_Vivo/Outros'
2026/08/08 18:22:03 ERROR : Aplicativos/Moka/Moka-Lab/apps/web/public/sw.js: md5 differ
2026/08/08 18:22:03 ERROR : Aplicativos/Moka/backups/moka_lab_pre_correcoes_fase1_20260808_1027/src/app/ajuda/page.tsx.bak_zcode_20260724_pre_help_v3: file not in Google drive root 'Workspace_Vivo/Outros'
2026/08/08 18:22:03 ERROR : Aplicativos/Moka/backups/moka_lab_pre_correcoes_fase1_20260808_1027/src/app/ajuda/page.tsx: file not in Google drive root 'Workspace_Vivo/Outros'
2026/08/08 18:22:05 ERROR : Aplicativos/Moka/backups/moka_lab_pre_correcoes_fase1_20260808_1027/src/hooks/useSpeechRecognition.ts: file not in Google drive root 'Workspace_Vivo/Outros'
2026/08/08 18:22:05 ERROR : Aplicativos/Moka/backups/moka_lab_pre_correcoes_fase1_20260808_1027/src/hooks/useTTS.ts: file not in Google drive root 'Workspace_Vivo/Outros'
2026/08/08 18:22:07 ERROR : pautas editoriais o cafezinho/artigo_macartismo_americano.md: file not in Google drive root 'Workspace_Vivo/Outros'
2026/08/08 18:22:07 ERROR : Aplicativos/Moka/backups/moka_lab_pre_correcoes_fase1_20260808_1027/src/lib/ai-client.ts: file not in Google drive root 'Workspace_Vivo/Outros'
2026/08/08 18:22:07 ERROR : Aplicativos/Moka/backups/moka_lab_pre_correcoes_fase1_20260808_1027/src/lib/auth.ts: file not in Google drive root 'Workspace_Vivo/Outros'
2026/08/08 18:22:07 ERROR : Aplicativos/Moka/backups/moka_lab_pre_correcoes_fase1_20260808_1027/src/lib/biblioteca-livre.ts: file not in Google drive root 'Workspace_Vivo/Outros'
2026/08/08 18:22:07 ERROR : Aplicativos/Moka/backups/moka_lab_pre_correcoes_fase1_20260808_1027/src/lib/book-translate.ts: file not in Google drive root 'Workspace_Vivo/Outros'
2026/08/08 18:22:07 ERROR : Aplicativos/Moka/backups/moka_lab_pre_correcoes_fase1_20260808_1027/src/lib/config.ts: file not in Google drive root 'Workspace_Vivo/Outros'
2026/08/08 18:22:07 ERROR : Aplicativos/Moka/backups/moka_lab_pre_correcoes_fase1_20260808_1027/src/lib/cover-generator.ts: file not in Google drive root 'Workspace_Vivo/Outros'
2026/08/08 18:22:07 ERROR : Aplicativos/Moka/backups/moka_lab_pre_correcoes_fase1_20260808_1027/src/lib/crypto.ts: file not in Google drive root 'Workspace_Vivo/Outros'
2026/08/08 18:22:07 ERROR : Aplicativos/Moka/backups/moka_lab_pre_correcoes_fase1_20260808_1027/src/lib/db.ts: file not in Google drive root 'Workspace_Vivo/Outros'
2026/08/08 18:22:07 ERROR : Aplicativos/Moka/backups/moka_lab_pre_correcoes_fase1_20260808_1027/src/lib/donate.ts: file not in Google drive root 'Workspace_Vivo/Outros'
2026/08/08 18:22:07 ERROR : Aplicativos/Moka/backups/moka_lab_pre_correcoes_fase1_20260808_1027/src/lib/i18n.ts: file not in Google drive root 'Workspace_Vivo/Outros'
2026/08/08 18:22:07 ERROR : Aplicativos/Moka/backups/moka_lab_pre_correcoes_fase1_20260808_1027/src/lib/lang-detect.ts: file not in Google drive root 'Workspace_Vivo/Outros'
2026/08/08 18:22:07 ERROR : Aplicativos/Moka/backups/moka_lab_pre_correcoes_fase1_20260808_1027/src/lib/llm-prices.ts: file not in Google drive root 'Workspace_Vivo/Outros'
2026/08/08 18:22:07 ERROR : Aplicativos/Moka/backups/moka_lab_pre_correcoes_fase1_20260808_1027/src/lib/messages.ts: file not in Google drive root 'Workspace_Vivo/Outros'
2026/08/08 18:22:07 ERROR : Aplicativos/Moka/backups/moka_lab_pre_correcoes_fase1_20260808_1027/src/lib/moka-conta.ts: file not in Google drive root 'Workspace_Vivo/Outros'
2026/08/08 18:22:07 ERROR : Aplicativos/Moka/backups/moka_lab_pre_correcoes_fase1_20260808_1027/src/lib/paginate.ts: file not in Google drive root 'Workspace_Vivo/Outros'
2026/08/08 18:22:07 ERROR : Aplicativos/Moka/backups/moka_lab_pre_correcoes_fase1_20260808_1027/src/lib/pdf-cover.ts: file not in Google drive root 'Workspace_Vivo/Outros'
2026/08/08 18:22:07 ERROR : Aplicativos/Moka/backups/moka_lab_pre_correcoes_fase1_20260808_1027/src/lib/repository.ts: file not in Google drive root 'Workspace_Vivo/Outros'
2026/08/08 18:22:07 ERROR : Aplicativos/Moka/backups/moka_lab_pre_correcoes_fase1_20260808_1027/src/lib/session.ts: file not in Google drive root 'Workspace_Vivo/Outros'
2026/08/08 18:22:07 ERROR : Aplicativos/Moka/backups/moka_lab_pre_correcoes_fase1_20260808_1027/src/lib/subscription.ts: file not in Google drive root 'Workspace_Vivo/Outros'
2026/08/08 18:22:07 ERROR : Aplicativos/Moka/backups/moka_lab_pre_correcoes_fase1_20260808_1027/src/lib/types.ts: file not in Google drive root 'Workspace_Vivo/Outros'
2026/08/08 18:22:07 ERROR : Aplicativos/Moka/backups/moka_lab_pre_correcoes_fase1_20260808_1027/src/lib/ui-strings.ts: file not in Google drive root 'Workspace_Vivo/Outros'
2026/08/08 18:22:07 ERROR : Aplicativos/Moka/Moka-Lab/.git/logs/refs/heads/main: sizes differ
2026/08/08 18:22:08 ERROR : Aplicativos/Moka/Moka-Lab/.git/refs/heads/main: md5 differ
2026/08/08 18:22:14 ERROR : pautas editoriais o cafezinho/2026 Abr 08/Pesquisa-MeioIdeia-abril-2026.pdf: file not in Google drive root 'Workspace_Vivo/Outros'
2026/08/08 18:22:15 ERROR : Aplicativos/Moka/backups/moka_lab_pre_correcoes_fase1_20260808_1027/src/app/biblioteca/page.tsx: file not in Google drive root 'Workspace_Vivo/Outros'
2026/08/08 18:22:15 ERROR : Aplicativos/Moka/backups/moka_lab_pre_correcoes_fase1_20260808_1027/src/lib/supabase/client.ts: file not in Google drive root 'Workspace_Vivo/Outros'
2026/08/08 18:22:15 ERROR : Aplicativos/Moka/backups/moka_lab_pre_correcoes_fase1_20260808_1027/src/lib/supabase/server.ts: file not in Google drive root 'Workspace_Vivo/Outros'
2026/08/08 18:22:21 ERROR : Aplicativos/Moka/backups/moka_lab_pre_correcoes_fase1_20260808_1027/src/app/auth/atualizar-senha/page.tsx: file not in Google drive root 'Workspace_Vivo/Outros'
2026/08/08 18:22:21 ERROR : Aplicativos/Moka/backups/moka_lab_pre_correcoes_fase1_20260808_1027/src/app/api/ingest/route.ts: file not in Google drive root 'Workspace_Vivo/Outros'
2026/08/08 18:22:54 ERROR : Aplicativos/Moka/backups/moka_lab_pre_correcoes_fase1_20260808_1027/src/app/api/auth/callback/route.ts: file not in Google drive root 'Workspace_Vivo/Outros'
2026/08/08 18:22:56 INFO  : 
Transferred:   	          0 B / 0 B, -, 0 B/s, ETA -
Errors:               194 (retrying may help)
Checks:              1122 / 1122, 100%, Listed 6979
Elapsed time:       1m0.0s

2026/08/08 18:22:56 ERROR : Aplicativos/Moka/Moka-Lab/apps/web/src/app/layout.tsx: sizes differ
2026/08/08 18:22:58 ERROR : Aplicativos/Moka/backups/moka_lab_pre_correcoes_fase1_20260808_1027/src/lib/video/ai-client.ts.bak_zcode_20260723_pre_ask_fix: file not in Google drive root 'Workspace_Vivo/Outros'
2026/08/08 18:22:58 ERROR : Aplicativos/Moka/backups/moka_lab_pre_correcoes_fase1_20260808_1027/src/lib/video/ai-client.ts: file not in Google drive root 'Workspace_Vivo/Outros'
2026/08/08 18:22:58 ERROR : Aplicativos/Moka/backups/moka_lab_pre_correcoes_fase1_20260808_1027/src/lib/video/db.ts: file not in Google drive root 'Workspace_Vivo/Outros'
2026/08/08 18:22:58 ERROR : Aplicativos/Moka/backups/moka_lab_pre_correcoes_fase1_20260808_1027/src/lib/video/transkriptor.ts: file not in Google drive root 'Workspace_Vivo/Outros'
2026/08/08 18:22:59 ERROR : Aplicativos/Moka/backups/moka_lab_pre_correcoes_fase1_20260808_1027/src/app/auth/confirmado/page.tsx: file not in Google drive root 'Workspace_Vivo/Outros'
2026/08/08 18:22:59 ERROR : Aplicativos/Moka/Moka-Lab/apps/web/src/components/AuthGate.tsx: sizes differ
2026/08/08 18:22:59 ERROR : Aplicativos/Moka/Moka-Lab/apps/web/src/components/AuthButton.tsx: sizes differ
2026/08/08 18:22:59 ERROR : Aplicativos/Moka/Moka-Lab/apps/web/src/components/SiteFooter.tsx: sizes differ
2026/08/08 18:22:59 ERROR : Aplicativos/Moka/backups/moka_lab_pre_correcoes_fase1_20260808_1027/src/app/estante/page.tsx: file not in Google drive root 'Workspace_Vivo/Outros'
2026/08/08 18:22:59 ERROR : pautas editoriais o cafezinho/2026 Ago 01/China X EUA/People in Many Countries Now View China More Positively Than the U.txt: file not in Google drive root 'Workspace_Vivo/Outros'
2026/08/08 18:22:59 ERROR : pautas editoriais o cafezinho/2026 Ago 01/China X EUA/canadians_and_mexicans_now_view_china_more_positively_than_the_us.png: file not in Google drive root 'Workspace_Vivo/Outros'
2026/08/08 18:22:59 ERROR : pautas editoriais o cafezinho/2026 Ago 01/China X EUA/canadians_and_mexicans_now_view_china_more_positively_than_the_us_data_2026-07-27.csv: file not in Google drive root 'Workspace_Vivo/Outros'
2026/08/08 18:22:59 ERROR : pautas editoriais o cafezinho/2026 Ago 01/China X EUA/few_canadians_and_mexicans_say_the_us_and_chinese_governments_respect_their_peoples_freedoms_data_2026-07-27.csv: file not in Google drive root 'Workspace_Vivo/Outros'
2026/08/08 18:22:59 ERROR : pautas editoriais o cafezinho/2026 Ago 01/China X EUA/gerar_graficos_pew.py: file not in Google drive root 'Workspace_Vivo/Outros'
2026/08/08 18:22:59 ERROR : pautas editoriais o cafezinho/2026 Ago 01/China X EUA/grafico_1_virada_global_pew.png: file not in Google drive root 'Workspace_Vivo/Outros'
2026/08/08 18:22:59 ERROR : pautas editoriais o cafezinho/2026 Ago 01/China X EUA/grafico_2_confianca_lideres_pew.png: file not in Google drive root 'Workspace_Vivo/Outros'
2026/08/08 18:22:59 ERROR : pautas editoriais o cafezinho/2026 Ago 01/China X EUA/grafico_3_renda_media_pew.png: file not in Google drive root 'Workspace_Vivo/Outros'
2026/08/08 18:22:59 ERROR : pautas editoriais o cafezinho/2026 Ago 01/China X EUA/grafico_4_canada_mexico_pew.png: file not in Google drive root 'Workspace_Vivo/Outros'
2026/08/08 18:22:59 ERROR : pautas editoriais o cafezinho/2026 Ago 01/China X EUA/more_mexicans_now_say_china_contributes_to_global_stability_than_the_us_data_2026-07-27.csv: file not in Google drive root 'Workspace_Vivo/Outros'
2026/08/08 18:22:59 ERROR : pautas editoriais o cafezinho/2026 Ago 01/China X EUA/most_younger_adults_in_canada_and_mexico_have_favorable_views_of_china_data_2026-07-27.csv: file not in Google drive root 'Workspace_Vivo/Outros'
2026/08/08 18:22:59 ERROR : pautas editoriais o cafezinho/2026 Ago 01/China X EUA/pg_2026.07.15_china-balance-power_0_01.webp: file not in Google drive root 'Workspace_Vivo/Outros'
2026/08/08 18:22:59 ERROR : pautas editoriais o cafezinho/2026 Ago 01/China X EUA/pg_2026.07.15_china-balance-power_0_02.webp: file not in Google drive root 'Workspace_Vivo/Outros'
2026/08/08 18:22:59 ERROR : pautas editoriais o cafezinho/2026 Ago 01/China X EUA/pg_2026.07.15_china-balance-power_0_04.webp: file not in Google drive root 'Workspace_Vivo/Outros'
2026/08/08 18:22:59 ERROR : pautas editoriais o cafezinho/2026 Ago 01/China X EUA/pg_2026.07.15_china-balance-power_0_05.webp: file not in Google drive root 'Workspace_Vivo/Outros'
2026/08/08 18:22:59 ERROR : pautas editoriais o cafezinho/2026 Ago 01/China X EUA/pg_2026.07.15_china-balance-power_0_06.webp: file not in Google drive root 'Workspace_Vivo/Outros'
2026/08/08 18:22:59 ERROR : pautas editoriais o cafezinho/2026 Ago 01/China X EUA/pg_2026.07.15_china-balance-power_0_07.webp: file not in Google drive root 'Workspace_Vivo/Outros'
2026/08/08 18:22:59 ERROR : pautas editoriais o cafezinho/2026 Ago 01/China X EUA/pg_2026.07.15_china-balance-power_0_08.webp: file not in Google drive root 'Workspace_Vivo/Outros'
2026/08/08 18:22:59 ERROR : pautas editoriais o cafezinho/2026 Ago 01/China X EUA/publicar_rascunho_china_eua.py: file not in Google drive root 'Workspace_Vivo/Outros'
2026/08/08 18:22:59 ERROR : pautas editoriais o cafezinho/2026 Ago 01/China X EUA/trump e xi.webp: file not in Google drive root 'Workspace_Vivo/Outros'
2026/08/08 18:23:00 ERROR : Aplicativos/Moka/backups/moka_lab_pre_correcoes_fase1_20260808_1027/src/app/book/[id]/page.tsx: file not in Google drive root 'Workspace_Vivo/Outros'
2026/08/08 18:23:00 ERROR : Aplicativos/Moka/backups/moka_lab_pre_correcoes_fase1_20260808_1027/src/app/api/proxy-stream/route.ts: file not in Google drive root 'Workspace_Vivo/Outros'
2026/08/08 18:23:00 ERROR : pautas editoriais o cafezinho/2026 Ago 04/Captura de tela de 2026-08-04 11-23-00.png: file not in Google drive root 'Workspace_Vivo/Outros'
2026/08/08 18:23:00 ERROR : pautas editoriais o cafezinho/2026 Ago 04/Captura de tela de 2026-08-04 21-46-49.png: file not in Google drive root 'Workspace_Vivo/Outros'
2026/08/08 18:23:00 ERROR : pautas editoriais o cafezinho/2026 Ago 04/Captura de tela de 2026-08-05 11-06-41.png: file not in Google drive root 'Workspace_Vivo/Outros'
2026/08/08 18:23:00 ERROR : pautas editoriais o cafezinho/2026 Ago 04/Captura de tela de 2026-08-05 11-09-29.png: file not in Google drive root 'Workspace_Vivo/Outros'
2026/08/08 18:23:00 ERROR : pautas editoriais o cafezinho/2026 Ago 04/Captura de tela de 2026-08-05 22-57-48.png: file not in Google drive root 'Workspace_Vivo/Outros'
2026/08/08 18:23:00 ERROR : pautas editoriais o cafezinho/2026 Ago 04/Captura de tela de 2026-08-05 22-58-59.png: file not in Google drive root 'Workspace_Vivo/Outros'
2026/08/08 18:23:00 ERROR : pautas editoriais o cafezinho/2026 Ago 04/Voz 001.m4a: file not in Google drive root 'Workspace_Vivo/Outros'
2026/08/08 18:23:00 ERROR : pautas editoriais o cafezinho/2026 Ago 04/Voz 214.m4a: file not in Google drive root 'Workspace_Vivo/Outros'
2026/08/08 18:23:00 ERROR : pautas editoriais o cafezinho/2026 Ago 04/transcricao_Voz_001.txt: file not in Google drive root 'Workspace_Vivo/Outros'
2026/08/08 18:23:00 ERROR : pautas editoriais o cafezinho/2026 Ago 04/transcricao_Voz_214.txt: file not in Google drive root 'Workspace_Vivo/Outros'
2026/08/08 18:23:01 ERROR : Aplicativos/Moka/backups/moka_lab_pre_correcoes_fase1_20260808_1027/src/app/api/metrics/ping/route.ts: file not in Google drive root 'Workspace_Vivo/Outros'
2026/08/08 18:23:01 ERROR : Aplicativos/Moka/backups/moka_lab_pre_correcoes_fase1_20260808_1027/src/app/experimente/page.tsx: file not in Google drive root 'Workspace_Vivo/Outros'
2026/08/08 18:23:01 ERROR : pautas editoriais o cafezinho/2026 Ago 03/cloroquina/Captura de tela de 2026-08-04 10-33-31.png: file not in Google drive root 'Workspace_Vivo/Outros'
2026/08/08 18:23:01 ERROR : pautas editoriais o cafezinho/2026 Ago 03/cloroquina/Captura de tela de 2026-08-04 10-34-44.png: file not in Google drive root 'Workspace_Vivo/Outros'
2026/08/08 18:23:01 ERROR : pautas editoriais o cafezinho/2026 Ago 03/cloroquina/Captura de tela de 2026-08-04 10-35-35.png: file not in Google drive root 'Workspace_Vivo/Outros'
2026/08/08 18:23:01 ERROR : pautas editoriais o cafezinho/2026 Ago 03/cloroquina/cloroquina.png: file not in Google drive root 'Workspace_Vivo/Outros'
2026/08/08 18:23:01 ERROR : Aplicativos/Moka/backups/moka_lab_pre_correcoes_fase1_20260808_1027/src/app/api/proxy/route.ts: file not in Google drive root 'Workspace_Vivo/Outros'
2026/08/08 18:23:01 ERROR : Aplicativos/Moka/Moka-Lab/apps/web/src/lib/auth.ts: sizes differ
2026/08/08 18:23:01 ERROR : Aplicativos/Moka/Moka-Lab/apps/web/src/lib/ui-strings.ts: sizes differ
2026/08/08 18:23:01 ERROR : Aplicativos/Moka/backups/moka_lab_pre_correcoes_fase1_20260808_1027/src/app/api/metrics/summary/route.ts: file not in Google drive root 'Workspace_Vivo/Outros'
2026/08/08 18:23:01 ERROR : Aplicativos/Moka/backups/moka_lab_pre_correcoes_fase1_20260808_1027/src/app/premium/page.tsx: file not in Google drive root 'Workspace_Vivo/Outros'
2026/08/08 18:23:02 ERROR : pautas editoriais o cafezinho/2026 Ago 03/divida publica/Divggnp.xlsx: file not in Google drive root 'Workspace_Vivo/Outros'
2026/08/08 18:23:02 ERROR : pautas editoriais o cafezinho/2026 Ago 03/divida publica/Nfspp.xlsx: file not in Google drive root 'Workspace_Vivo/Outros'
2026/08/08 18:23:02 ERROR : Aplicativos/Moka/backups/moka_lab_pre_correcoes_fase1_20260808_1027/src/app/api/tts/route.ts: file not in Google drive root 'Workspace_Vivo/Outros'
2026/08/08 18:23:02 ERROR : Aplicativos/Moka/backups/moka_lab_pre_correcoes_fase1_20260808_1027/src/app/privacidade/page.tsx: file not in Google drive root 'Workspace_Vivo/Outros'
2026/08/08 18:23:03 ERROR : pautas editoriais o cafezinho/2026 Ago 05/quaest brasil ago/55445066744_803a8823bb_c.jpg: file not in Google drive root 'Workspace_Vivo/Outros'
2026/08/08 18:23:03 ERROR : pautas editoriais o cafezinho/2026 Ago 05/quaest brasil ago/Pesquisa_Genial_Quaest_Agosto_2026_COMPLETA (1).csv: file not in Google drive root 'Workspace_Vivo/Outros'
2026/08/08 18:23:03 ERROR : pautas editoriais o cafezinho/2026 Ago 05/quaest brasil ago/Voz 002.m4a: file not in Google drive root 'Workspace_Vivo/Outros'
2026/08/08 18:23:03 ERROR : pautas editoriais o cafezinho/2026 Ago 05/quaest brasil ago/Voz 003.m4a: file not in Google drive root 'Workspace_Vivo/Outros'
2026/08/08 18:23:03 ERROR : pautas editoriais o cafezinho/2026 Ago 05/quaest brasil ago/artigo_quaest_agosto_2026_revisado.md: file not in Google drive root 'Workspace_Vivo/Outros'
2026/08/08 18:23:03 ERROR : pautas editoriais o cafezinho/2026 Ago 05/quaest brasil ago/base_quatro_graficos_quaest_abril_agosto_2026.xlsx: file not in Google drive root 'Workspace_Vivo/Outros'
2026/08/08 18:23:03 ERROR : pautas editoriais o cafezinho/2026 Ago 05/quaest brasil ago/g1_primeiro_turno.png: file not in Google drive root 'Workspace_Vivo/Outros'
2026/08/08 18:23:03 ERROR : pautas editoriais o cafezinho/2026 Ago 05/quaest brasil ago/g2_segundo_turno.png: file not in Google drive root 'Workspace_Vivo/Outros'
2026/08/08 18:23:03 ERROR : pautas editoriais o cafezinho/2026 Ago 05/quaest brasil ago/g3_aprovacao.png: file not in Google drive root 'Workspace_Vivo/Outros'
2026/08/08 18:23:03 ERROR : pautas editoriais o cafezinho/2026 Ago 05/quaest brasil ago/g4_evangelicos.png: file not in Google drive root 'Workspace_Vivo/Outros'
2026/08/08 18:23:03 ERROR : pautas editoriais o cafezinho/2026 Ago 03/flavio bolsonaro/dossie_checagem_flavio_bolsonaro_canal_livre.docx: file not in Google drive root 'Workspace_Vivo/Outros'
2026/08/08 18:23:03 ERROR : pautas editoriais o cafezinho/2026 Ago 03/flavio bolsonaro/flavio bolsonaro no canal livre ago 2026 2.jpg: file not in Google drive root 'Workspace_Vivo/Outros'
2026/08/08 18:23:03 ERROR : pautas editoriais o cafezinho/2026 Ago 03/flavio bolsonaro/flavio bolsonaro no canal livre ago 2026.png: file not in Google drive root 'Workspace_Vivo/Outros'
2026/08/08 18:23:03 ERROR : pautas editoriais o cafezinho/2026 Ago 03/flavio bolsonaro/videoplayback.mp4: file not in Google drive root 'Workspace_Vivo/Outros'
2026/08/08 18:23:03 ERROR : pautas editoriais o cafezinho/2026 Ago 03/flavio bolsonaro/videoplayback.txt: file not in Google drive root 'Workspace_Vivo/Outros'
2026/08/08 18:23:03 ERROR : pautas editoriais o cafezinho/2026 Jul 01/INDICE.txt: file not in Google drive root 'Workspace_Vivo/Outros'
2026/08/08 18:23:03 ERROR : Aplicativos/Moka/backups/moka_lab_pre_correcoes_fase1_20260808_1027/src/app/sobre/page.tsx: file not in Google drive root 'Workspace_Vivo/Outros'
2026/08/08 18:23:03 ERROR : pautas editoriais o cafezinho/2026 Ago 06/atlas /55419435038_016c79c1ce_c (1).jpg: file not in Google drive root 'Workspace_Vivo/Outros'
2026/08/08 18:23:03 ERROR : pautas editoriais o cafezinho/2026 Ago 06/atlas /Captura de tela de 2026-08-06 22-42-09.png: file not in Google drive root 'Workspace_Vivo/Outros'
2026/08/08 18:23:03 ERROR : pautas editoriais o cafezinho/2026 Ago 06/atlas /g1-rejeicao-presidentes-latam-atlasintel-ago2026.png: file not in Google drive root 'Workspace_Vivo/Outros'
2026/08/08 18:23:03 ERROR : pautas editoriais o cafezinho/2026 Ago 06/atlas /g2-aprovacao-presidentes-latam-atlasintel-ago2026.png: file not in Google drive root 'Workspace_Vivo/Outros'
2026/08/08 18:23:04 ERROR : pautas editoriais o cafezinho/2026 Jul 03/BA_Jun26-1.pdf: file not in Google drive root 'Workspace_Vivo/Outros'
2026/08/08 18:23:04 ERROR : pautas editoriais o cafezinho/2026 Jul 03/RJ_Jul2026.pdf: file not in Google drive root 'Workspace_Vivo/Outros'
2026/08/08 18:23:04 ERROR : Aplicativos/Moka/backups/moka_lab_pre_correcoes_fase1_20260808_1027/src/app/socios/page.tsx: file not in Google drive root 'Workspace_Vivo/Outros'
2026/08/08 18:23:04 ERROR : pautas editoriais o cafezinho/2026 Jul 01/Atlas Intel/1 turno cenar 3 (com michelle).png: file not in Google drive root 'Workspace_Vivo/Outros'
2026/08/08 18:23:04 ERROR : pautas editoriais o cafezinho/2026 Jul 01/Atlas Intel/1 turno cenario 2.png: file not in Google drive root 'Workspace_Vivo/Outros'
2026/08/08 18:23:04 ERROR : pautas editoriais o cafezinho/2026 Jul 01/Atlas Intel/2 turno lula x flavio.png: file not in Google drive root 'Workspace_Vivo/Outros'
2026/08/08 18:23:04 ERROR : pautas editoriais o cafezinho/2026 Jul 01/Atlas Intel/Captura de tela de 2026-07-01 10-25-35.png: file not in Google drive root 'Workspace_Vivo/Outros'
2026/08/08 18:23:04 ERROR : pautas editoriais o cafezinho/2026 Jul 01/Atlas Intel/primeiro turno cenario 4 (com haddad).png: file not in Google drive root 'Workspace_Vivo/Outros'
2026/08/08 18:23:04 ERROR : pautas editoriais o cafezinho/2026 Jul 01/Atlas Intel/segundo turno cenario haddad e alckmin.png: file not in Google drive root 'Workspace_Vivo/Outros'
2026/08/08 18:23:04 ERROR : pautas editoriais o cafezinho/2026 Ago 06/milei /patricia bulrich.jpg: file not in Google drive root 'Workspace_Vivo/Outros'
2026/08/08 18:23:04 ERROR : pautas editoriais o cafezinho/2026 Jul 04/Captura de tela de 2026-07-05 19-46-26.png: file not in Google drive root 'Workspace_Vivo/Outros'
2026/08/08 18:23:05 ERROR : Aplicativos/Moka/backups/moka_lab_pre_correcoes_fase1_20260808_1027/src/app/tutorial/page.tsx: file not in Google drive root 'Workspace_Vivo/Outros'
2026/08/08 18:23:05 ERROR : pautas editoriais o cafezinho/2026 Jul 03/jdvance/Captura de tela de 2026-07-04 17-54-48-compressed.jpg: file not in Google drive root 'Workspace_Vivo/Outros'
2026/08/08 18:23:05 ERROR : pautas editoriais o cafezinho/2026 Jul 03/jdvance/OopsGuess-2072992702833254486-01.mp4: file not in Google drive root 'Workspace_Vivo/Outros'
2026/08/08 18:23:05 ERROR : pautas editoriais o cafezinho/2026 Jul 03/jdvance/jdvance_legendado_bbc.mp4: file not in Google drive root 'Workspace_Vivo/Outros'
2026/08/08 18:23:05 ERROR : pautas editoriais o cafezinho/2026 Jul 01/alcolumbre/briefing.txt: file not in Google drive root 'Workspace_Vivo/Outros'
2026/08/08 18:23:05 ERROR : pautas editoriais o cafezinho/2026 Jul 01/alcolumbre/featured.webp: file not in Google drive root 'Workspace_Vivo/Outros'
2026/08/08 18:23:05 ERROR : pautas editoriais o cafezinho/2026 Jul 01/alcolumbre/rickazzevedo-2072103369548714024-01.mp4: file not in Google drive root 'Workspace_Vivo/Outros'
2026/08/08 18:23:05 ERROR : pautas editoriais o cafezinho/2026 Jul 01/Atlas Intel/finais/1 turno lula x flavio.png: file not in Google drive root 'Workspace_Vivo/Outros'
2026/08/08 18:23:05 ERROR : pautas editoriais o cafezinho/2026 Jul 01/Atlas Intel/finais/cafe_1turno_cenario3_michelle.png: file not in Google drive root 'Workspace_Vivo/Outros'
2026/08/08 18:23:05 ERROR : pautas editoriais o cafezinho/2026 Jul 01/Atlas Intel/finais/cafe_1turno_cenario4_haddad.png: file not in Google drive root 'Workspace_Vivo/Outros'
2026/08/08 18:23:05 ERROR : pautas editoriais o cafezinho/2026 Jul 01/Atlas Intel/finais/cafe_2turno_lula_flavio.png: file not in Google drive root 'Workspace_Vivo/Outros'
2026/08/08 18:23:05 ERROR : pautas editoriais o cafezinho/2026 Jul 01/Atlas Intel/finais/cafe_2turno_lula_todos.png: file not in Google drive root 'Workspace_Vivo/Outros'
2026/08/08 18:23:05 ERROR : pautas editoriais o cafezinho/2026 Jul 01/Atlas Intel/finais/cafe_2turno_sem_lula.png: file not in Google drive root 'Workspace_Vivo/Outros'
2026/08/08 18:23:05 ERROR : pautas editoriais o cafezinho/2026 Jul 01/Atlas Intel/finais/flavio bolsonaro com eduardo bolsonaro abril 2026.jpg: file not in Google drive root 'Workspace_Vivo/Outros'
2026/08/08 18:23:05 ERROR : pautas editoriais o cafezinho/2026 Jul 06/midia-v3-6201ea7ec99b34e9fc8da1fc-400x225.jpg: file not in Google drive root 'Workspace_Vivo/Outros'
2026/08/08 18:23:05 ERROR : Aplicativos/Moka/backups/moka_lab_pre_correcoes_fase1_20260808_1027/src/app/video/layout.tsx: file not in Google drive root 'Workspace_Vivo/Outros'
2026/08/08 18:23:05 ERROR : Aplicativos/Moka/backups/moka_lab_pre_correcoes_fase1_20260808_1027/src/app/video/page.tsx: file not in Google drive root 'Workspace_Vivo/Outros'
2026/08/08 18:23:05 ERROR : pautas editoriais o cafezinho/2026 Jul 01/btg_nexus_nao_polarizados/briefing.txt: file not in Google drive root 'Workspace_Vivo/Outros'
2026/08/08 18:23:05 ERROR : pautas editoriais o cafezinho/2026 Jul 01/btg_nexus_nao_polarizados/featured.webp: file not in Google drive root 'Workspace_Vivo/Outros'
2026/08/08 18:23:05 ERROR : pautas editoriais o cafezinho/2026 Jul 03/jdvance/work_dir/audio.wav: file not in Google drive root 'Workspace_Vivo/Outros'
2026/08/08 18:23:05 ERROR : pautas editoriais o cafezinho/2026 Jul 03/jdvance/work_dir/idioma_detectado.json: file not in Google drive root 'Workspace_Vivo/Outros'
2026/08/08 18:23:05 ERROR : pautas editoriais o cafezinho/2026 Jul 03/jdvance/work_dir/legenda_bbc.ass: file not in Google drive root 'Workspace_Vivo/Outros'
2026/08/08 18:23:05 ERROR : pautas editoriais o cafezinho/2026 Jul 03/jdvance/work_dir/legenda_original.srt: file not in Google drive root 'Workspace_Vivo/Outros'
2026/08/08 18:23:05 ERROR : pautas editoriais o cafezinho/2026 Jul 03/jdvance/work_dir/legenda_pt_bbc.srt: file not in Google drive root 'Workspace_Vivo/Outros'
2026/08/08 18:23:05 ERROR : pautas editoriais o cafezinho/2026 Jul 03/jdvance/work_dir/relatorio.json: file not in Google drive root 'Workspace_Vivo/Outros'
2026/08/08 18:23:05 ERROR : pautas editoriais o cafezinho/2026 Jul 01/Atlas Intel/rede social/cafe_demografia_1turno.png: file not in Google drive root 'Workspace_Vivo/Outros'
2026/08/08 18:23:05 ERROR : pautas editoriais o cafezinho/2026 Jul 07/Captura de tela de 2026-07-07 12-21-51.png: file not in Google drive root 'Workspace_Vivo/Outros'
2026/08/08 18:23:05 ERROR : pautas editoriais o cafezinho/2026 Jul 07/Captura de tela de 2026-07-07 14-58-23.png: file not in Google drive root 'Workspace_Vivo/Outros'
2026/08/08 18:23:05 ERROR : pautas editoriais o cafezinho/2026 Jul 07/imagem-9.webp: file not in Google drive root 'Workspace_Vivo/Outros'
2026/08/08 18:23:05 ERROR : pautas editoriais o cafezinho/2026 Jul 06/Exportações 2/artigo_comercio_exterior_brasil.md: file not in Google drive root 'Workspace_Vivo/Outros'
2026/08/08 18:23:05 ERROR : pautas editoriais o cafezinho/2026 Jul 06/Exportações 2/grafico-frango-blocos-comparativo-scaled.jpg: file not in Google drive root 'Workspace_Vivo/Outros'
2026/08/08 18:23:05 ERROR : pautas editoriais o cafezinho/2026 Jul 06/Exportações 2/grafico1-frango-2026.jpg: file not in Google drive root 'Workspace_Vivo/Outros'
2026/08/08 18:23:05 ERROR : pautas editoriais o cafezinho/2026 Jul 01/china solar/RUB2RS7W75NMHBZ2WIEWWNOWMU-compressed.jpg: file not in Google drive root 'Workspace_Vivo/Outros'
2026/08/08 18:23:05 ERROR : pautas editoriais o cafezinho/2026 Jul 01/china solar/RUB2RS7W75NMHBZ2WIEWWNOWMU.avif: file not in Google drive root 'Workspace_Vivo/Outros'
2026/08/08 18:23:05 ERROR : pautas editoriais o cafezinho/2026 Jul 01/china solar/US working on ban targeting Chinese energy inverters, a move politicizing clean-energy supply chains, ignoring industrial, consumer interests_ expert.txt: file not in Google drive root 'Workspace_Vivo/Outros'
2026/08/08 18:23:06 ERROR : Aplicativos/Moka/backups/moka_lab_pre_correcoes_fase1_20260808_1027/src/app/video/[id]/page.tsx: file not in Google drive root 'Workspace_Vivo/Outros'
2026/08/08 18:23:06 ERROR : pautas editoriais o cafezinho/2026 Jul 08/Captura de tela de 2026-07-08 09-37-08.png: file not in Google drive root 'Workspace_Vivo/Outros'
2026/08/08 18:23:06 ERROR : pautas editoriais o cafezinho/2026 Jul 08/Captura de tela de 2026-07-08 10-22-28.png: file not in Google drive root 'Workspace_Vivo/Outros'
2026/08/08 18:23:06 ERROR : pautas editoriais o cafezinho/2026 Jul 08/Captura de tela de 2026-07-08 10-26-50.png: file not in Google drive root 'Workspace_Vivo/Outros'
2026/08/08 18:23:06 ERROR : pautas editoriais o cafezinho/2026 Jul 08/Captura de tela de 2026-07-08 20-45-23.png: file not in Google drive root 'Workspace_Vivo/Outros'
2026/08/08 18:23:06 ERROR : pautas editoriais o cafezinho/2026 Jul 08/Captura de tela de 2026-07-08 20-47-09.png: file not in Google drive root 'Workspace_Vivo/Outros'
2026/08/08 18:23:06 ERROR : pautas editoriais o cafezinho/2026 Jul 06/eduardo bolsonaro/Captura de tela de 2026-07-06 08-02-26.png: file not in Google drive root 'Workspace_Vivo/Outros'
2026/08/08 18:23:06 ERROR : pautas editoriais o cafezinho/2026 Jul 06/eduardo bolsonaro/Captura de tela de 2026-07-06 08-07-02.png: file not in Google drive root 'Workspace_Vivo/Outros'
2026/08/08 18:23:06 ERROR : pautas editoriais o cafezinho/2026 Jul 01/eduardo_bolsonaro_playboy/briefing.txt: file not in Google drive root 'Workspace_Vivo/Outros'
2026/08/08 18:23:06 ERROR : pautas editoriais o cafezinho/2026 Jul 01/eduardo_bolsonaro_playboy/featured.jpg: file not in Google drive root 'Workspace_Vivo/Outros'
2026/08/08 18:23:06 ERROR : pautas editoriais o cafezinho/2026 Jul 01/eduardo_bolsonaro_playboy/social_media.txt: file not in Google drive root 'Workspace_Vivo/Outros'
2026/08/08 18:23:06 ERROR : Aplicativos/Moka/Moka-Lab/apps/web/src/app/sobre/page.tsx: sizes differ
2026/08/08 18:23:06 ERROR : pautas editoriais o cafezinho/2026 Jul 01/elias/administração integral partido China.docx: file not in Google drive root 'Workspace_Vivo/Outros'
2026/08/08 18:23:06 ERROR : pautas editoriais o cafezinho/2026 Jul 01/elias/publish_article.py: file not in Google drive root 'Workspace_Vivo/Outros'
2026/08/08 18:23:06 ERROR : pautas editoriais o cafezinho/2026 Jul 06/exports brasil carnes/HMf6sCIWkAE7tMW.png: file not in Google drive root 'Workspace_Vivo/Outros'
2026/08/08 18:23:06 ERROR : pautas editoriais o cafezinho/2026 Jul 06/exports brasil carnes/H_EXPORTACAO_GERAL_2023-01_2026-12_DT20260706.xlsx: file not in Google drive root 'Workspace_Vivo/Outros'
2026/08/08 18:23:06 ERROR : pautas editoriais o cafezinho/2026 Jul 06/exports brasil carnes/Materia folha.txt: file not in Google drive root 'Workspace_Vivo/Outros'
2026/08/08 18:23:06 ERROR : pautas editoriais o cafezinho/2026 Jul 06/exports brasil carnes/Resposta Cafezinho (completar).txt: file not in Google drive root 'Workspace_Vivo/Outros'
2026/08/08 18:23:06 ERROR : pautas editoriais o cafezinho/2026 Jul 06/exports brasil carnes/artigo_comercio_exterior.md: file not in Google drive root 'Workspace_Vivo/Outros'
2026/08/08 18:23:06 ERROR : pautas editoriais o cafezinho/2026 Jul 06/exports brasil carnes/artigo_comercio_exterior_revisado.md: file not in Google drive root 'Workspace_Vivo/Outros'
2026/08/08 18:23:06 ERROR : pautas editoriais o cafezinho/2026 Jul 06/exports brasil carnes/artigo_desmentindo_folha.md: file not in Google drive root 'Workspace_Vivo/Outros'
2026/08/08 18:23:06 ERROR : pautas editoriais o cafezinho/2026 Jul 06/exports brasil carnes/artigo_lobby_folha.md: file not in Google drive root 'Workspace_Vivo/Outros'
2026/08/08 18:23:06 ERROR : pautas editoriais o cafezinho/2026 Jul 06/exports brasil carnes/artigo_tariflavio.md: file not in Google drive root 'Workspace_Vivo/Outros'
2026/08/08 18:23:06 ERROR : pautas editoriais o cafezinho/2026 Jul 06/exports brasil carnes/flavio_bolsonaro_cover.jpg: file not in Google drive root 'Workspace_Vivo/Outros'
2026/08/08 18:23:06 ERROR : pautas editoriais o cafezinho/2026 Jul 06/exports brasil carnes/flavio_trump.jpg: file not in Google drive root 'Workspace_Vivo/Outros'
2026/08/08 18:23:06 ERROR : pautas editoriais o cafezinho/2026 Jul 06/exports brasil carnes/frango.xlsx: file not in Google drive root 'Workspace_Vivo/Outros'
2026/08/08 18:23:06 ERROR : pautas editoriais o cafezinho/2026 Jul 06/exports brasil carnes/grafico_cafezinho_corrente.jpg: file not in Google drive root 'Workspace_Vivo/Outros'
2026/08/08 18:23:06 ERROR : pautas editoriais o cafezinho/2026 Jul 06/exports brasil carnes/grafico_cafezinho_export_produtos.jpg: file not in Google drive root 'Workspace_Vivo/Outros'
2026/08/08 18:23:06 ERROR : pautas editoriais o cafezinho/2026 Jul 06/exports brasil carnes/grafico_cafezinho_exportacoes.jpg: file not in Google drive root 'Workspace_Vivo/Outros'
2026/08/08 18:23:06 ERROR : pautas editoriais o cafezinho/2026 Jul 06/exports brasil carnes/grafico_cafezinho_import_tech.jpg: file not in Google drive root 'Workspace_Vivo/Outros'
2026/08/08 18:23:06 ERROR : pautas editoriais o cafezinho/2026 Jul 06/exports brasil carnes/grafico_cafezinho_saldo.jpg: file not in Google drive root 'Workspace_Vivo/Outros'
2026/08/08 18:23:06 ERROR : pautas editoriais o cafezinho/2026 Jul 06/exports brasil carnes/grafico_carnes_12m.jpg: file not in Google drive root 'Workspace_Vivo/Outros'
2026/08/08 18:23:06 ERROR : pautas editoriais o cafezinho/2026 Jul 06/exports brasil carnes/grafico_carnes_5anos.jpg: file not in Google drive root 'Workspace_Vivo/Outros'
2026/08/08 18:23:06 ERROR : pautas editoriais o cafezinho/2026 Jul 06/exports brasil carnes/grafico_corrente_comercio.jpg: file not in Google drive root 'Workspace_Vivo/Outros'
2026/08/08 18:23:06 ERROR : pautas editoriais o cafezinho/2026 Jul 06/exports brasil carnes/grafico_exportacoes_brasil_20anos.jpg: file not in Google drive root 'Workspace_Vivo/Outros'
2026/08/08 18:23:06 ERROR : pautas editoriais o cafezinho/2026 Jul 06/exports brasil carnes/grafico_exportacoes_totais.jpg: file not in Google drive root 'Workspace_Vivo/Outros'
2026/08/08 18:23:06 ERROR : pautas editoriais o cafezinho/2026 Jul 06/exports brasil carnes/grafico_frango_blocos.jpg: file not in Google drive root 'Workspace_Vivo/Outros'
2026/08/08 18:23:06 ERROR : pautas editoriais o cafezinho/2026 Jul 06/exports brasil carnes/grafico_frango_total.jpg: file not in Google drive root 'Workspace_Vivo/Outros'
2026/08/08 18:23:06 ERROR : pautas editoriais o cafezinho/2026 Jul 06/exports brasil carnes/grafico_picanha_50meses.jpg: file not in Google drive root 'Workspace_Vivo/Outros'
2026/08/08 18:23:06 ERROR : pautas editoriais o cafezinho/2026 Jul 10/milei-e-flavio-compressed.jpg: file not in Google drive root 'Workspace_Vivo/Outros'
2026/08/08 18:23:06 ERROR : pautas editoriais o cafezinho/2026 Jul 10/milei-e-flavio.avif: file not in Google drive root 'Workspace_Vivo/Outros'
2026/08/08 18:23:06 ERROR : Aplicativos/Moka/Moka-Lab/apps/web/src/app/socios/page.tsx: sizes differ
2026/08/08 18:23:06 ERROR : pautas editoriais o cafezinho/2026 Jul 01/fable_anthropic_trump/briefing.txt: file not in Google drive root 'Workspace_Vivo/Outros'
2026/08/08 18:23:06 ERROR : pautas editoriais o cafezinho/2026 Jul 01/fable_anthropic_trump/featured.jpg: file not in Google drive root 'Workspace_Vivo/Outros'
2026/08/08 18:23:06 ERROR : pautas editoriais o cafezinho/2026 Jul 09/claudia/Captura de tela de 2026-07-09 12-36-44.png: file not in Google drive root 'Workspace_Vivo/Outros'
2026/08/08 18:23:06 ERROR : pautas editoriais o cafezinho/2026 Jul 01/imigrantes_eua_dropsite/briefing.txt: file not in Google drive root 'Workspace_Vivo/Outros'
2026/08/08 18:23:06 ERROR : pautas editoriais o cafezinho/2026 Jul 01/imigrantes_eua_dropsite/featured.jpg: file not in Google drive root 'Workspace_Vivo/Outros'
2026/08/08 18:23:07 ERROR : pautas editoriais o cafezinho/2026 Jul 09/compliance zero/captura-de-tela-2026-07-09-173523-compressed.jpg: file not in Google drive root 'Workspace_Vivo/Outros'
2026/08/08 18:23:07 ERROR : pautas editoriais o cafezinho/2026 Jul 09/compliance zero/captura-de-tela-2026-07-09-173523.avif: file not in Google drive root 'Workspace_Vivo/Outros'
2026/08/08 18:23:07 ERROR : pautas editoriais o cafezinho/2026 Jul 01/jade_romero_ponto_poder/briefing.txt: file not in Google drive root 'Workspace_Vivo/Outros'
2026/08/08 18:23:07 ERROR : pautas editoriais o cafezinho/2026 Jul 01/jade_romero_ponto_poder/featured.webp: file not in Google drive root 'Workspace_Vivo/Outros'
2026/08/08 18:23:07 NOTICE: pautas editoriais o cafezinho/2026 Jul 11/pesquisa petroleo/forum_pesquisa_profunda_petroleo_20260711 claude.md: Can't follow symlink without -L/--copy-links
2026/08/08 18:23:07 NOTICE: pautas editoriais o cafezinho/2026 Jul 11/pesquisa petroleo/forum_pesquisa_profunda_petroleo_20260711 gpt.md: Can't follow symlink without -L/--copy-links
2026/08/08 18:23:07 ERROR : pautas editoriais o cafezinho/2026 Jul 11/pesquisa petroleo/forum_pesquisa_profunda_petroleo_20260711 gpt verificacao.sha256: file not in Google drive root 'Workspace_Vivo/Outros'
2026/08/08 18:23:07 ERROR : pautas editoriais o cafezinho/2026 Jul 09/tariflavio/ARTIGO TARIFLAVIO.txt: file not in Google drive root 'Workspace_Vivo/Outros'
2026/08/08 18:23:07 ERROR : pautas editoriais o cafezinho/2026 Jul 09/tariflavio/Gustavo-Pessoa-professor-FGV.webp: file not in Google drive root 'Workspace_Vivo/Outros'
2026/08/08 18:23:07 ERROR : pautas editoriais o cafezinho/2026 Jul 09/tariflavio/O_constrangimento_de_Flávio_Bolsonaro_durante_a_audiência_do_tarifaço_em_Washington_-_VEJA+_(1080p,_h264,_youtube).txt: file not in Google drive root 'Workspace_Vivo/Outros'
2026/08/08 18:23:07 ERROR : Aplicativos/Moka/Moka-Lab/apps/web/src/app/video/page.tsx: sizes differ
2026/08/08 18:23:07 ERROR : pautas editoriais o cafezinho/2026 Jul 01/lula_plano_safra_familiar/55367507244_c2a1d032a2_c.jpg: file not in Google drive root 'Workspace_Vivo/Outros'
2026/08/08 18:23:07 ERROR : pautas editoriais o cafezinho/2026 Jul 01/lula_plano_safra_familiar/briefing.txt: file not in Google drive root 'Workspace_Vivo/Outros'
2026/08/08 18:23:07 ERROR : pautas editoriais o cafezinho/2026 Jul 01/lula_plano_safra_familiar/featured.webp: file not in Google drive root 'Workspace_Vivo/Outros'
2026/08/08 18:23:07 ERROR : pautas editoriais o cafezinho/2026 Jul 01/lula_plano_safra_familiar/grafico_ibge.webp: file not in Google drive root 'Workspace_Vivo/Outros'
2026/08/08 18:23:07 ERROR : pautas editoriais o cafezinho/2026 Jul 01/lula_plano_safra_familiar/social_media.txt: file not in Google drive root 'Workspace_Vivo/Outros'
2026/08/08 18:23:07 ERROR : pautas editoriais o cafezinho/2026 Jul 09/venceu tarifaço 4/Captura de tela de 2026-07-09 19-20-12.png: file not in Google drive root 'Workspace_Vivo/Outros'
2026/08/08 18:23:07 ERROR : pautas editoriais o cafezinho/2026 Jul 12/miles guo - os picaretas parte 4/USA_v_GUO__nysdce-23-00118__0803.0.pdf: file not in Google drive root 'Workspace_Vivo/Outros'
2026/08/08 18:23:07 ERROR : pautas editoriais o cafezinho/2026 Jul 12/miles guo - os picaretas parte 4/USA_v_GUO__nysdce-23-00118__0804.0.pdf: file not in Google drive root 'Workspace_Vivo/Outros'
2026/08/08 18:23:07 ERROR : pautas editoriais o cafezinho/2026 Jul 12/miles guo - os picaretas parte 4/USA_v_GUO__nysdce-23-00118__0858.0.pdf: file not in Google drive root 'Workspace_Vivo/Outros'
2026/08/08 18:23:07 ERROR : pautas editoriais o cafezinho/2026 Jul 12/miles guo - os picaretas parte 4/USA_v_GUO__nysdce-23-00118__0859.0.pdf: file not in Google drive root 'Workspace_Vivo/Outros'
2026/08/08 18:23:07 ERROR : pautas editoriais o cafezinho/2026 Jul 12/miles guo - os picaretas parte 4/USA_v_GUO__nysdce-23-00118__0860.0.pdf: file not in Google drive root 'Workspace_Vivo/Outros'
2026/08/08 18:23:07 ERROR : pautas editoriais o cafezinho/2026 Jul 15/flavio2turno-compressed.jpg: file not in Google drive root 'Workspace_Vivo/Outros'
2026/08/08 18:23:07 ERROR : pautas editoriais o cafezinho/2026 Jul 15/flavio2turno.avif: file not in Google drive root 'Workspace_Vivo/Outros'
2026/08/08 18:23:08 ERROR : Aplicativos/Moka/Moka-Lab/.git/objects/11/fcb2ca847ed9ac33f3ebd1a1ec4e7ebbc8dba9: file not in Google drive root 'Workspace_Vivo/Outros'
2026/08/08 18:23:09 ERROR : pautas editoriais o cafezinho/2026 Jul 01/michelle_desfiliar_pl/briefing.txt: file not in Google drive root 'Workspace_Vivo/Outros'
2026/08/08 18:23:09 ERROR : pautas editoriais o cafezinho/2026 Jul 01/michelle_desfiliar_pl/featured.webp: file not in Google drive root 'Workspace_Vivo/Outros'
2026/08/08 18:23:09 ERROR : Aplicativos/Moka/Moka-Lab/.git/objects/12/332db5f48f320d13ffb5ac19d10600e0d6b6ff: file not in Google drive root 'Workspace_Vivo/Outros'
2026/08/08 18:23:09 ERROR : pautas editoriais o cafezinho/2026 Jul 17/HNY2bAiXgAA7GrE.jpeg: file not in Google drive root 'Workspace_Vivo/Outros'
2026/08/08 18:23:09 ERROR : pautas editoriais o cafezinho/2026 Jul 14/china europe/240506-xi-macron-mb-1115-cd222a.webp: file not in Google drive root 'Workspace_Vivo/Outros'
2026/08/08 18:23:09 ERROR : pautas editoriais o cafezinho/2026 Jul 14/china europe/trump european leaders.webp: file not in Google drive root 'Workspace_Vivo/Outros'
2026/08/08 18:23:09 ERROR : pautas editoriais o cafezinho/2026 Jul 01/paulo_figueiredo_flavio/briefing.txt: file not in Google drive root 'Workspace_Vivo/Outros'
2026/08/08 18:23:09 ERROR : pautas editoriais o cafezinho/2026 Jul 01/paulo_figueiredo_flavio/featured.jpg: file not in Google drive root 'Workspace_Vivo/Outros'
2026/08/08 18:23:09 ERROR : pautas editoriais o cafezinho/2026 Jul 01/paulo_figueiredo_flavio/michelle_flavio.webp: file not in Google drive root 'Workspace_Vivo/Outros'
2026/08/08 18:23:09 ERROR : pautas editoriais o cafezinho/2026 Jul 01/paulo_figueiredo_flavio/social_media.txt: file not in Google drive root 'Workspace_Vivo/Outros'
2026/08/08 18:23:10 ERROR : pautas editoriais o cafezinho/2026 Jul 15/quaest/5ed8b455-3aae-4580-982f-f38e97755851-compressed.jpg: file not in Google drive root 'Workspace_Vivo/Outros'
2026/08/08 18:23:10 ERROR : pautas editoriais o cafezinho/2026 Jul 15/quaest/5ed8b455-3aae-4580-982f-f38e97755851.avif: file not in Google drive root 'Workspace_Vivo/Outros'
2026/08/08 18:23:10 ERROR : pautas editoriais o cafezinho/2026 Jul 15/quaest/PESQUISA_GENIAL_QUAEST_JUL_26.pdf: file not in Google drive root 'Workspace_Vivo/Outros'
2026/08/08 18:23:10 ERROR : pautas editoriais o cafezinho/2026 Jul 14/focinheira/ChatGPT Image 14 de jul-compressed (1).jpg: file not in Google drive root 'Workspace_Vivo/Outros'
2026/08/08 18:23:10 ERROR : pautas editoriais o cafezinho/2026 Jul 14/focinheira/ChatGPT Image 14 de jul-compressed.jpg: file not in Google drive root 'Workspace_Vivo/Outros'
2026/08/08 18:23:10 ERROR : pautas editoriais o cafezinho/2026 Jul 14/focinheira/ChatGPT Image 14 de jul. de 2026, 12_08_41 (1).png: file not in Google drive root 'Workspace_Vivo/Outros'
2026/08/08 18:23:10 ERROR : pautas editoriais o cafezinho/2026 Jul 14/focinheira/ChatGPT Image 14 de jul. de 2026, 12_08_41 (2).png: file not in Google drive root 'Workspace_Vivo/Outros'
2026/08/08 18:23:10 ERROR : pautas editoriais o cafezinho/2026 Jul 14/focinheira/ChatGPT Image 14 de jul. de 2026, 12_08_41.png: file not in Google drive root 'Workspace_Vivo/Outros'
2026/08/08 18:23:10 ERROR : pautas editoriais o cafezinho/2026 Jul 01/picanha/carne de porco.xlsx: file not in Google drive root 'Workspace_Vivo/Outros'
2026/08/08 18:23:10 ERROR : pautas editoriais o cafezinho/2026 Jul 01/picanha/carnes.xlsx: file not in Google drive root 'Workspace_Vivo/Outros'
2026/08/08 18:23:10 ERROR : pautas editoriais o cafezinho/2026 Jul 01/picanha/cerveja e carne de porco.xlsx: file not in Google drive root 'Workspace_Vivo/Outros'
2026/08/08 18:23:10 ERROR : pautas editoriais o cafezinho/2026 Jul 01/picanha/energia.xlsx: file not in Google drive root 'Workspace_Vivo/Outros'
2026/08/08 18:23:10 ERROR : pautas editoriais o cafezinho/2026 Jul 01/picanha/indice geral e outros.xlsx: file not in Google drive root 'Workspace_Vivo/Outros'
2026/08/08 18:23:10 ERROR : pautas editoriais o cafezinho/2026 Jul 01/picanha/inflacao mensal ipca 15.xlsx: file not in Google drive root 'Workspace_Vivo/Outros'
2026/08/08 18:23:10 ERROR : pautas editoriais o cafezinho/2026 Jul 17/china/BREAKING Xi Jinping Delivers Keynote Speech at World AI Conference 2026 in Shanghai  AI1Z - DRM News (1080p, h264, youtube).mp4: file not in Google drive root 'Workspace_Vivo/Outros'
2026/08/08 18:23:10 ERROR : pautas editoriais o cafezinho/2026 Jul 17/china/BREAKING_Xi_Jinping_Speech_Legendado_BBC.mp4: file not in Google drive root 'Workspace_Vivo/Outros'
2026/08/08 18:23:10 ERROR : pautas editoriais o cafezinho/2026 Jul 17/china/BREAKING__Xi_Jinping_Delivers_Keynote_Speech_at_World_AI_Con.mp3.srt: file not in Google drive root 'Workspace_Vivo/Outros'
2026/08/08 18:23:10 ERROR : pautas editoriais o cafezinho/2026 Jul 17/china/clip_xi_jinping_waic_2026.mp4: file not in Google drive root 'Workspace_Vivo/Outros'
2026/08/08 18:23:10 ERROR : pautas editoriais o cafezinho/2026 Jul 17/china/xi-jinping-world-ai-conference-2026-landscape.png: file not in Google drive root 'Workspace_Vivo/Outros'
2026/08/08 18:23:10 ERROR : pautas editoriais o cafezinho/2026 Jul 17/china/xi-jinping-world-ai-conference-2026.png: file not in Google drive root 'Workspace_Vivo/Outros'
2026/08/08 18:23:11 ERROR : Aplicativos/Moka/Moka-Lab/.git/objects/15/88f67ec04b8ee36528c9d0dffe35ac78935256: file not in Google drive root 'Workspace_Vivo/Outros'
2026/08/08 18:23:11 ERROR : pautas editoriais o cafezinho/2026 Jul 14/tratore/ibrahim-traore-1024x710.jpg: file not in Google drive root 'Workspace_Vivo/Outros'
2026/08/08 18:23:11 ERROR : pautas editoriais o cafezinho/2026 Jul 14/tratore/tratore burkina faso.jpeg: file not in Google drive root 'Workspace_Vivo/Outros'
2026/08/08 18:23:13 ERROR : pautas editoriais o cafezinho/2026 Jul 01/psd_kassab_caiado/briefing.txt: file not in Google drive root 'Workspace_Vivo/Outros'
2026/08/08 18:23:13 ERROR : pautas editoriais o cafezinho/2026 Jul 01/psd_kassab_caiado/featured.jpg: file not in Google drive root 'Workspace_Vivo/Outros'
2026/08/08 18:23:13 ERROR : pautas editoriais o cafezinho/2026 Jul 01/psd_kassab_caiado/social_media.txt: file not in Google drive root 'Workspace_Vivo/Outros'
2026/08/08 18:23:13 ERROR : pautas editoriais o cafezinho/2026 Jul 18/kimi 3/kimi3_legendado_bbc.mp4: file not in Google drive root 'Workspace_Vivo/Outros'
2026/08/08 18:23:13 ERROR : pautas editoriais o cafezinho/2026 Jul 18/kimi 3/ssstwitter.com_1784395022505.mp4: file not in Google drive root 'Workspace_Vivo/Outros'
2026/08/08 18:23:13 ERROR : pautas editoriais o cafezinho/2026 Jul 15/quaest/claude graficos/2turno_lula_independentes.png: file not in Google drive root 'Workspace_Vivo/Outros'
2026/08/08 18:23:13 ERROR : pautas editoriais o cafezinho/2026 Jul 15/quaest/claude graficos/aprovacao_5sm_cafezinho.png: file not in Google drive root 'Workspace_Vivo/Outros'
2026/08/08 18:23:13 ERROR : pautas editoriais o cafezinho/2026 Jul 15/quaest/claude graficos/aprovacao_geral_abr_jul.png: file not in Google drive root 'Workspace_Vivo/Outros'
2026/08/08 18:23:13 ERROR : pautas editoriais o cafezinho/2026 Jul 15/quaest/claude graficos/aprovacao_independentes_cafezinho.png: file not in Google drive root 'Workspace_Vivo/Outros'
2026/08/08 18:23:13 ERROR : pautas editoriais o cafezinho/2026 Jul 15/quaest/claude graficos/desaprovacao_5sm_cafezinho.png: file not in Google drive root 'Workspace_Vivo/Outros'
2026/08/08 18:23:13 ERROR : pautas editoriais o cafezinho/2026 Jul 15/quaest/claude graficos/desaprovacao_geral_abr_jul.png: file not in Google drive root 'Workspace_Vivo/Outros'
2026/08/08 18:23:13 ERROR : pautas editoriais o cafezinho/2026 Jul 15/quaest/claude graficos/desaprovacao_independentes_cafezinho.png: file not in Google drive root 'Workspace_Vivo/Outros'
2026/08/08 18:23:15 ERROR : pautas editoriais o cafezinho/2026 Jul 14/variadas/1057791-1 - ebc_07.12.2016-1818.webp: file not in Google drive root 'Workspace_Vivo/Outros'
2026/08/08 18:23:15 ERROR : pautas editoriais o cafezinho/2026 Jul 14/variadas/agencia-brasil-financiamento-rural-2026-07-400x200 (1).webp: file not in Google drive root 'Workspace_Vivo/Outros'
2026/08/08 18:23:15 ERROR : pautas editoriais o cafezinho/2026 Jul 14/variadas/agencia-brasil-financiamento-rural-2026-07-400x200.webp: file not in Google drive root 'Workspace_Vivo/Outros'
2026/08/08 18:23:15 ERROR : pautas editoriais o cafezinho/2026 Jul 14/variadas/noticias_14_07_2026.txt: file not in Google drive root 'Workspace_Vivo/Outros'
2026/08/08 18:23:15 ERROR : pautas editoriais o cafezinho/2026 Jul 14/variadas/trend-art-540266751e-400x200.webp: file not in Google drive root 'Workspace_Vivo/Outros'
2026/08/08 18:23:18 ERROR : pautas editoriais o cafezinho/2026 Jul 01/saude_venezuela_terremoto/briefing.txt: file not in Google drive root 'Workspace_Vivo/Outros'
2026/08/08 18:23:18 ERROR : pautas editoriais o cafezinho/2026 Jul 01/saude_venezuela_terremoto/featured.jpg: file not in Google drive root 'Workspace_Vivo/Outros'
2026/08/08 18:23:18 ERROR : pautas editoriais o cafezinho/2026 Jul 17/china/thumb imagem/xi jinping ai conference jul 2026-compressed.jpg: file not in Google drive root 'Workspace_Vivo/Outros'
2026/08/08 18:23:18 ERROR : pautas editoriais o cafezinho/2026 Jul 17/china/thumb imagem/xi jinping ai conference jul 2026.png: file not in Google drive root 'Workspace_Vivo/Outros'
2026/08/08 18:23:18 ERROR : pautas editoriais o cafezinho/2026 Jul 19/datafolha sp/52452282842_04e3dcb0a3_c.jpg: file not in Google drive root 'Workspace_Vivo/Outros'
2026/08/08 18:23:18 ERROR : pautas editoriais o cafezinho/2026 Jul 18/testes hoje/geopolitica-cartum-antigo-v2-featured-16x9-1-400x225 (1).png: file not in Google drive root 'Workspace_Vivo/Outros'
2026/08/08 18:23:18 ERROR : pautas editoriais o cafezinho/2026 Jul 18/testes hoje/geopolitica-cartum-antigo-v2-featured-16x9-1-400x225.png: file not in Google drive root 'Workspace_Vivo/Outros'
2026/08/08 18:23:18 ERROR : pautas editoriais o cafezinho/2026 Jul 18/testes hoje/geopolitica-sancoes-featured-16x9-1-400x225.png: file not in Google drive root 'Workspace_Vivo/Outros'
2026/08/08 18:23:18 ERROR : pautas editoriais o cafezinho/2026 Jul 15/quaest/prints /2 turno direita nao bolsonaristaaaaaaaaaaaaaaaaaaaaaaaaaaaaa.png: file not in Google drive root 'Workspace_Vivo/Outros'
2026/08/08 18:23:18 ERROR : pautas editoriais o cafezinho/2026 Jul 15/quaest/prints /2 turno independente.png: file not in Google drive root 'Workspace_Vivo/Outros'
2026/08/08 18:23:18 ERROR : pautas editoriais o cafezinho/2026 Jul 15/quaest/prints /apenas independente.png: file not in Google drive root 'Workspace_Vivo/Outros'
2026/08/08 18:23:18 ERROR : pautas editoriais o cafezinho/2026 Jul 15/quaest/prints /aprovacao 5 salarios.png: file not in Google drive root 'Workspace_Vivo/Outros'
2026/08/08 18:23:18 ERROR : pautas editoriais o cafezinho/2026 Jul 15/quaest/prints /aprovacao entre independentes.png: file not in Google drive root 'Workspace_Vivo/Outros'
2026/08/08 18:23:18 ERROR : pautas editoriais o cafezinho/2026 Jul 15/quaest/prints /aprovacao geral.png: file not in Google drive root 'Workspace_Vivo/Outros'
2026/08/08 18:23:18 ERROR : pautas editoriais o cafezinho/2026 Jul 15/quaest/prints /aprovacao por posicionamento politico.png: file not in Google drive root 'Workspace_Vivo/Outros'
2026/08/08 18:23:38 ERROR : pautas editoriais o cafezinho/2026 Jul 01/valdemar_crise_michelle/briefing.txt: file not in Google drive root 'Workspace_Vivo/Outros'
2026/08/08 18:23:38 ERROR : pautas editoriais o cafezinho/2026 Jul 01/valdemar_crise_michelle/featured.webp: file not in Google drive root 'Workspace_Vivo/Outros'
2026/08/08 18:23:38 ERROR : pautas editoriais o cafezinho/2026 Jul 17/china/work_dir/idioma_detectado.json: file not in Google drive root 'Workspace_Vivo/Outros'
2026/08/08 18:23:38 ERROR : pautas editoriais o cafezinho/2026 Jul 17/china/work_dir/legenda_bbc.ass: file not in Google drive root 'Workspace_Vivo/Outros'
2026/08/08 18:23:38 ERROR : pautas editoriais o cafezinho/2026 Jul 17/china/work_dir/legenda_original.srt: file not in Google drive root 'Workspace_Vivo/Outros'
2026/08/08 18:23:38 ERROR : pautas editoriais o cafezinho/2026 Jul 17/china/work_dir/legenda_pt_bbc.srt: file not in Google drive root 'Workspace_Vivo/Outros'
2026/08/08 18:23:38 ERROR : pautas editoriais o cafezinho/2026 Jul 17/china/work_dir/relatorio.json: file not in Google drive root 'Workspace_Vivo/Outros'
2026/08/08 18:23:39 ERROR : pautas editoriais o cafezinho/2026 Jul 19/kimi 3/Urgent_Update-_AI_Sputnik_Moment__Kimi_K3_Released_w__Emad_M.mp3.txt: file not in Google drive root 'Workspace_Vivo/Outros'
2026/08/08 18:23:39 ERROR : pautas editoriais o cafezinho/2026 Jul 21/China/check_frame.png: file not in Google drive root 'Workspace_Vivo/Outros'
2026/08/08 18:23:39 ERROR : pautas editoriais o cafezinho/2026 Jul 21/China/check_frame1.png: file not in Google drive root 'Workspace_Vivo/Outros'
2026/08/08 18:23:39 ERROR : pautas editoriais o cafezinho/2026 Jul 21/China/check_frame2.png: file not in Google drive root 'Workspace_Vivo/Outros'
2026/08/08 18:23:39 ERROR : pautas editoriais o cafezinho/2026 Jul 21/China/china_ormuz_legendado_vertical.mp4: file not in Google drive root 'Workspace_Vivo/Outros'
2026/08/08 18:23:39 ERROR : pautas editoriais o cafezinho/2026 Jul 21/China/corpo_cafezinho.html: file not in Google drive root 'Workspace_Vivo/Outros'
2026/08/08 18:23:39 ERROR : pautas editoriais o cafezinho/2026 Jul 21/China/destaque_china_ormuz.jpg: file not in Google drive root 'Workspace_Vivo/Outros'
2026/08/08 18:23:39 ERROR : pautas editoriais o cafezinho/2026 Jul 21/China/jacksonhinkle-2079582172168560806-01.mp4: file not in Google drive root 'Workspace_Vivo/Outros'
2026/08/08 18:23:39 ERROR : pautas editoriais o cafezinho/2026 Jul 21/China/publicar_facebook.py: file not in Google drive root 'Workspace_Vivo/Outros'
2026/08/08 18:23:39 ERROR : pautas editoriais o cafezinho/2026 Jul 21/China/publicar_forum.py: file not in Google drive root 'Workspace_Vivo/Outros'
2026/08/08 18:23:39 ERROR : pautas editoriais o cafezinho/2026 Jul 21/China/publicar_instagram.py: file not in Google drive root 'Workspace_Vivo/Outros'
2026/08/08 18:23:39 ERROR : pautas editoriais o cafezinho/2026 Jul 21/China/publicar_x.py: file not in Google drive root 'Workspace_Vivo/Outros'
2026/08/08 18:23:39 ERROR : pautas editoriais o cafezinho/2026 Jul 21/China/upload_youtube_short.py: file not in Google drive root 'Workspace_Vivo/Outros'
2026/08/08 18:23:39 ERROR : pautas editoriais o cafezinho/2026 Jul 21/China/video_en.srt: file not in Google drive root 'Workspace_Vivo/Outros'
2026/08/08 18:23:39 ERROR : pautas editoriais o cafezinho/2026 Jul 21/China/video_pt.srt: file not in Google drive root 'Workspace_Vivo/Outros'
2026/08/08 18:23:39 ERROR : pautas editoriais o cafezinho/2026 Jul 15/quaest/quaest csv/quaest_genial_julho_2026_completo.csv: file not in Google drive root 'Workspace_Vivo/Outros'
2026/08/08 18:23:39 ERROR : pautas editoriais o cafezinho/2026 Jul 24/CENARIOS 276 - ABR 2026.pdf: file not in Google drive root 'Workspace_Vivo/Outros'
2026/08/08 18:23:55 ERROR : pautas editoriais o cafezinho/2026 Jul 21/bomba/17836303526a500a1089206_1783630352_3x2_rt.jpg: file not in Google drive root 'Workspace_Vivo/Outros'
2026/08/08 18:23:55 ERROR : pautas editoriais o cafezinho/2026 Jul 21/bomba/ssstwitter.com_1784680035228.mp4: file not in Google drive root 'Workspace_Vivo/Outros'
2026/08/08 18:23:55 ERROR : pautas editoriais o cafezinho/2026 Jul 22/Mayra/Tarifaco.txt: file not in Google drive root 'Workspace_Vivo/Outros'
2026/08/08 18:23:56 INFO  : 
Transferred:   	          0 B / 0 B, -, 0 B/s, ETA -
Errors:               480 (retrying may help)
Checks:              4142 / 4142, 100%, Listed 10687
Elapsed time:       2m0.0s

2026/08/08 18:23:56 ERROR : pautas editoriais o cafezinho/2026 Jul 21/marilia arraes/whatsapp-image-2026-07-20-at-204711.jpeg: file not in Google drive root 'Workspace_Vivo/Outros'
2026/08/08 18:23:56 ERROR : pautas editoriais o cafezinho/2026 Jul 26/PL/55419702900_09e15f38b7_c.jpg: file not in Google drive root 'Workspace_Vivo/Outros'
2026/08/08 18:23:56 ERROR : pautas editoriais o cafezinho/2026 Jul 26/PL/flavio e milei convencao pl.jpg: file not in Google drive root 'Workspace_Vivo/Outros'
2026/08/08 18:23:56 ERROR : pautas editoriais o cafezinho/2026 Jul 26/PL/javier milei e flavio outra foto.jpg: file not in Google drive root 'Workspace_Vivo/Outros'
2026/08/08 18:23:56 ERROR : pautas editoriais o cafezinho/2026 Jul 27/coreia/55423442263_fc44d9de4d_c.jpg: file not in Google drive root 'Workspace_Vivo/Outros'
2026/08/08 18:23:56 ERROR : pautas editoriais o cafezinho/2026 Jul 27/coreia/lula coreia.jpg: file not in Google drive root 'Workspace_Vivo/Outros'
2026/08/08 18:23:56 ERROR : pautas editoriais o cafezinho/2026 Jul 28/Quaest MG/PESQUISA_GENIAL_QUAEST_MG_JUL26.pdf: file not in Google drive root 'Workspace_Vivo/Outros'
2026/08/08 18:23:56 ERROR : pautas editoriais o cafezinho/2026 Jul 27/haddad/haddad jul 2026.jpg: file not in Google drive root 'Workspace_Vivo/Outros'
2026/08/08 18:23:57 ERROR : pautas editoriais o cafezinho/2026 Jul 28/alckmin/sputnik_brasil-2082219879101596082-01.mp4: file not in Google drive root 'Workspace_Vivo/Outros'
2026/08/08 18:23:57 ERROR : pautas editoriais o cafezinho/2026 Jul 27/milei denunciado/BellatrixMarla-2081838913669177499-01.mp4: file not in Google drive root 'Workspace_Vivo/Outros'
2026/08/08 18:23:57 ERROR : pautas editoriais o cafezinho/2026 Jun 03/RJ_Jun26.pdf: file not in Google drive root 'Workspace_Vivo/Outros'
2026/08/08 18:23:57 ERROR : pautas editoriais o cafezinho/2026 Jul 30/quaest/PESQUISA_GENIAL_QUAEST_CEARA_JUL26.pdf: file not in Google drive root 'Workspace_Vivo/Outros'
2026/08/08 18:23:57 ERROR : pautas editoriais o cafezinho/2026 Jul 29/atlas argentina/aprovacao milei.png: file not in Google drive root 'Workspace_Vivo/Outros'
2026/08/08 18:23:57 ERROR : pautas editoriais o cafezinho/2026 Jul 28/atlas/AR Latam Pulse Atlas & Bloomberg 06_2026.pdf: file not in Google drive root 'Workspace_Vivo/Outros'
2026/08/08 18:23:57 ERROR : pautas editoriais o cafezinho/2026 Jul 27/milei/frame_03s.jpg: file not in Google drive root 'Workspace_Vivo/Outros'
2026/08/08 18:23:57 ERROR : pautas editoriais o cafezinho/2026 Jul 27/milei/frame_13s.jpg: file not in Google drive root 'Workspace_Vivo/Outros'
2026/08/08 18:23:57 ERROR : pautas editoriais o cafezinho/2026 Jul 27/milei/frame_25s.jpg: file not in Google drive root 'Workspace_Vivo/Outros'
2026/08/08 18:23:57 ERROR : pautas editoriais o cafezinho/2026 Jul 27/milei/frame_38s.jpg: file not in Google drive root 'Workspace_Vivo/Outros'
2026/08/08 18:23:57 ERROR : pautas editoriais o cafezinho/2026 Jul 27/milei/milei.mp4: file not in Google drive root 'Workspace_Vivo/Outros'
2026/08/08 18:23:57 ERROR : pautas editoriais o cafezinho/2026 Jul 27/milei/milei.srt: file not in Google drive root 'Workspace_Vivo/Outros'
2026/08/08 18:23:57 ERROR : pautas editoriais o cafezinho/2026 Jul 27/milei/milei_legendado.ass: file not in Google drive root 'Workspace_Vivo/Outros'
2026/08/08 18:23:57 ERROR : pautas editoriais o cafezinho/2026 Jul 27/milei/milei_legendado.mp4: file not in Google drive root 'Workspace_Vivo/Outros'
2026/08/08 18:23:57 ERROR : pautas editoriais o cafezinho/2026 Jul 27/milei/render_subtitles.py: file not in Google drive root 'Workspace_Vivo/Outros'
2026/08/08 18:23:57 ERROR : pautas editoriais o cafezinho/2026 Jul 31/alfa/Pesquisa-nacional-Alfa-Inteligencia-31-jul-2026.pdf: file not in Google drive root 'Workspace_Vivo/Outros'
2026/08/08 18:23:57 ERROR : pautas editoriais o cafezinho/2026 Jul 31/alfa/alfa 1 turno.png: file not in Google drive root 'Workspace_Vivo/Outros'
2026/08/08 18:23:57 ERROR : pautas editoriais o cafezinho/2026 Jul 31/alfa/alfa.txt: file not in Google drive root 'Workspace_Vivo/Outros'
2026/08/08 18:23:57 ERROR : pautas editoriais o cafezinho/2026 Jul 31/alfa/create_aligned_flickr_banner.py: file not in Google drive root 'Workspace_Vivo/Outros'
2026/08/08 18:23:57 ERROR : pautas editoriais o cafezinho/2026 Jul 31/alfa/download_flickr_candidates.py: file not in Google drive root 'Workspace_Vivo/Outros'
2026/08/08 18:23:57 ERROR : pautas editoriais o cafezinho/2026 Jul 31/alfa/esponatanea.png: file not in Google drive root 'Workspace_Vivo/Outros'
2026/08/08 18:23:57 ERROR : pautas editoriais o cafezinho/2026 Jul 31/alfa/fetch_flickr.py: file not in Google drive root 'Workspace_Vivo/Outros'
2026/08/08 18:23:57 ERROR : pautas editoriais o cafezinho/2026 Jul 31/alfa/generate_media.py: file not in Google drive root 'Workspace_Vivo/Outros'
2026/08/08 18:23:57 ERROR : pautas editoriais o cafezinho/2026 Jul 31/alfa/inspect_flickr_images.py: file not in Google drive root 'Workspace_Vivo/Outros'
2026/08/08 18:23:57 ERROR : pautas editoriais o cafezinho/2026 Jul 31/alfa/pdf_extracted_text.txt: file not in Google drive root 'Workspace_Vivo/Outros'
2026/08/08 18:23:57 ERROR : pautas editoriais o cafezinho/2026 Jul 31/alfa/publish_alfa_article.py: file not in Google drive root 'Workspace_Vivo/Outros'
2026/08/08 18:23:57 ERROR : pautas editoriais o cafezinho/2026 Jul 31/alfa/search_flickr_photos.py: file not in Google drive root 'Workspace_Vivo/Outros'
2026/08/08 18:23:57 ERROR : pautas editoriais o cafezinho/2026 Jul 31/alfa/test_paragraphs.py: file not in Google drive root 'Workspace_Vivo/Outros'
2026/08/08 18:23:57 ERROR : pautas editoriais o cafezinho/2026 Jul 31/alfa/update_alfa_article.py: file not in Google drive root 'Workspace_Vivo/Outros'
2026/08/08 18:23:57 ERROR : pautas editoriais o cafezinho/2026 Jul 31/alfa/update_captions.py: file not in Google drive root 'Workspace_Vivo/Outros'
2026/08/08 18:23:57 ERROR : pautas editoriais o cafezinho/2026 Jul 31/alfa/upload_media_test.py: file not in Google drive root 'Workspace_Vivo/Outros'
2026/08/08 18:23:57 ERROR : pautas editoriais o cafezinho/2026 Jul 31/alfa/upload_new_featured.py: file not in Google drive root 'Workspace_Vivo/Outros'
2026/08/08 18:23:57 ERROR : pautas editoriais o cafezinho/2026 Jul 29/atlas intel/AtlasIntel-nacional-29jul2026.pdf: file not in Google drive root 'Workspace_Vivo/Outros'
2026/08/08 18:23:57 ERROR : pautas editoriais o cafezinho/2026 Jul 29/atlas intel/Captura de tela de 2026-07-29 11-17-43.png: file not in Google drive root 'Workspace_Vivo/Outros'
2026/08/08 18:23:57 ERROR : pautas editoriais o cafezinho/2026 Jul 29/atlas intel/aprovacao historico.png: file not in Google drive root 'Workspace_Vivo/Outros'
2026/08/08 18:23:57 ERROR : pautas editoriais o cafezinho/2026 Jul 28/axel/RPN_Oficial-2081847095104057457-01.mp4: file not in Google drive root 'Workspace_Vivo/Outros'
2026/08/08 18:23:57 ERROR : pautas editoriais o cafezinho/2026 Jul 28/axel/audio_16k.wav: file not in Google drive root 'Workspace_Vivo/Outros'
2026/08/08 18:23:57 ERROR : pautas editoriais o cafezinho/2026 Jul 28/axel/axel_legendado.ass: file not in Google drive root 'Workspace_Vivo/Outros'
2026/08/08 18:23:57 ERROR : pautas editoriais o cafezinho/2026 Jul 28/axel/axel_legendado_bbc.mp4: file not in Google drive root 'Workspace_Vivo/Outros'
2026/08/08 18:23:57 ERROR : pautas editoriais o cafezinho/2026 Jul 28/axel/preview_frame_30.jpg: file not in Google drive root 'Workspace_Vivo/Outros'
2026/08/08 18:23:57 ERROR : pautas editoriais o cafezinho/2026 Jul 28/axel/transcript_pt.json: file not in Google drive root 'Workspace_Vivo/Outros'
2026/08/08 18:23:57 ERROR : pautas editoriais o cafezinho/2026 Jul 28/axel/transcript_raw.json: file not in Google drive root 'Workspace_Vivo/Outros'
2026/08/08 18:23:57 ERROR : pautas editoriais o cafezinho/2026 Jul 27/nexus/lula e haddad.jpg: file not in Google drive root 'Workspace_Vivo/Outros'
2026/08/08 18:23:57 ERROR : pautas editoriais o cafezinho/2026 Jul 27/nexus/primeiro turno.png: file not in Google drive root 'Workspace_Vivo/Outros'
2026/08/08 18:23:57 ERROR : pautas editoriais o cafezinho/2026 Jul 27/nexus/segundo turno.png: file not in Google drive root 'Workspace_Vivo/Outros'
2026/08/08 18:23:57 ERROR : pautas editoriais o cafezinho/2026 Jul 30/quaest/prints/aprovacao lula 35 a 59 anos.png: file not in Google drive root 'Workspace_Vivo/Outros'
2026/08/08 18:23:57 ERROR : pautas editoriais o cafezinho/2026 Jul 30/quaest/prints/aprovacao lula geral.png: file not in Google drive root 'Workspace_Vivo/Outros'
2026/08/08 18:23:57 ERROR : pautas editoriais o cafezinho/2026 Jul 30/quaest/prints/aprovacao lula por escolaridade.png: file not in Google drive root 'Workspace_Vivo/Outros'
2026/08/08 18:23:57 ERROR : pautas editoriais o cafezinho/2026 Jul 30/quaest/prints/aprovacao lula por renda.png: file not in Google drive root 'Workspace_Vivo/Outros'
2026/08/08 18:23:57 ERROR : pautas editoriais o cafezinho/2026 Jul 30/quaest/prints/aprovacao lula por sexo.png: file not in Google drive root 'Workspace_Vivo/Outros'
2026/08/08 18:23:57 ERROR : pautas editoriais o cafezinho/2026 Jul 29/brasil x argentina/grafico_comparativo_brasil_argentina.png: file not in Google drive root 'Workspace_Vivo/Outros'
2026/08/08 18:23:57 ERROR : pautas editoriais o cafezinho/2026 Jul 28/datafolha/all_pages_text.txt: file not in Google drive root 'Workspace_Vivo/Outros'
2026/08/08 18:23:57 ERROR : pautas editoriais o cafezinho/2026 Jul 28/datafolha/build_full_csv.py: file not in Google drive root 'Workspace_Vivo/Outros'
2026/08/08 18:23:57 ERROR : pautas editoriais o cafezinho/2026 Jul 28/datafolha/datafolha nacional julho 2026.pdf: file not in Google drive root 'Workspace_Vivo/Outros'
2026/08/08 18:23:57 ERROR : pautas editoriais o cafezinho/2026 Jul 28/datafolha/datafolha_presidencial_julho_2026.csv: file not in Google drive root 'Workspace_Vivo/Outros'
2026/08/08 18:23:57 ERROR : pautas editoriais o cafezinho/2026 Jul 28/datafolha/datafolha_texto.txt: file not in Google drive root 'Workspace_Vivo/Outros'
2026/08/08 18:23:57 ERROR : pautas editoriais o cafezinho/2026 Jul 28/datafolha/generate_csv.py: file not in Google drive root 'Workspace_Vivo/Outros'
2026/08/08 18:23:57 ERROR : pautas editoriais o cafezinho/2026 Jul 28/datafolha/inspect_headers.py: file not in Google drive root 'Workspace_Vivo/Outros'
2026/08/08 18:23:57 ERROR : pautas editoriais o cafezinho/2026 Jul 28/datafolha/lula_rio_1.jpg: file not in Google drive root 'Workspace_Vivo/Outros'
2026/08/08 18:23:57 ERROR : pautas editoriais o cafezinho/2026 Jul 28/datafolha/lula_rio_2.jpg: file not in Google drive root 'Workspace_Vivo/Outros'
2026/08/08 18:23:57 ERROR : pautas editoriais o cafezinho/2026 Jul 28/datafolha/lula_rio_3.jpg: file not in Google drive root 'Workspace_Vivo/Outros'
2026/08/08 18:23:57 ERROR : pautas editoriais o cafezinho/2026 Jul 28/datafolha/lula_rio_4.jpg: file not in Google drive root 'Workspace_Vivo/Outros'
2026/08/08 18:23:57 ERROR : pautas editoriais o cafezinho/2026 Jul 28/datafolha/parse_crosstabs.py: file not in Google drive root 'Workspace_Vivo/Outros'
2026/08/08 18:23:57 ERROR : pautas editoriais o cafezinho/2026 Jul 28/datafolha/parse_datafolha.py: file not in Google drive root 'Workspace_Vivo/Outros'
2026/08/08 18:23:57 ERROR : pautas editoriais o cafezinho/2026 Jul 27/palhaço/54805170598_9d5943d36f_c.jpg: file not in Google drive root 'Workspace_Vivo/Outros'
2026/08/08 18:23:57 ERROR : pautas editoriais o cafezinho/2026 Jul 27/palhaço/palhaco milei.mp4: file not in Google drive root 'Workspace_Vivo/Outros'
2026/08/08 18:23:57 ERROR : pautas editoriais o cafezinho/2026 Jul 29/petrobras/Grafico_Comparativo_Producao_Propria_2T25_1T26_2T26_Portugues.jpg: file not in Google drive root 'Workspace_Vivo/Outros'
2026/08/08 18:23:57 ERROR : pautas editoriais o cafezinho/2026 Jul 29/petrobras/P-79_Campo_de_Buzios_Foto6_Divulgacao_Petrobras (1)-compressed.jpg: file not in Google drive root 'Workspace_Vivo/Outros'
2026/08/08 18:23:57 ERROR : pautas editoriais o cafezinho/2026 Jul 29/petrobras/Produo_prpria_de_petrleo_e_gs_da_Petrobras_cresce_14_em_12_meses_e_atinge_334_milhes_de_barris_de_leo_equivalente_por_dia_no_2_trimestre_de_2026.txt: file not in Google drive root 'Workspace_Vivo/Outros'
2026/08/08 18:23:57 ERROR : pautas editoriais o cafezinho/2026 Jul 28/ibge/Captura de tela de 2026-07-28 21-24-00.png: file not in Google drive root 'Workspace_Vivo/Outros'
2026/08/08 18:23:57 ERROR : pautas editoriais o cafezinho/2026 Jun 08/vox brasil/pesquisa-vox-brasil-5jun2026.pdf: file not in Google drive root 'Workspace_Vivo/Outros'
2026/08/08 18:23:57 ERROR : pautas editoriais o cafezinho/2026 Jun 08/vox brasil/pesquisa_vox_brasil_5jun2026_unico.csv: file not in Google drive root 'Workspace_Vivo/Outros'
2026/08/08 18:23:57 ERROR : pautas editoriais o cafezinho/2026 Jul 27/pará e paraná/PESQUISA_GENIAL_QUAEST_PARANA_JUL26.pdf: file not in Google drive root 'Workspace_Vivo/Outros'
2026/08/08 18:23:57 ERROR : pautas editoriais o cafezinho/2026 Jul 27/pará e paraná/PESQUISA_GENIAL_QUAEST_PARA_JUL26.pdf: file not in Google drive root 'Workspace_Vivo/Outros'
2026/08/08 18:23:57 ERROR : pautas editoriais o cafezinho/2026 Jul 27/pará e paraná/flavio bolsonaro 26 jul 2026.jpg: file not in Google drive root 'Workspace_Vivo/Outros'
2026/08/08 18:23:57 ERROR : pautas editoriais o cafezinho/2026 Jun 10/quaest/artigo quaest com graficos.zip: file not in Google drive root 'Workspace_Vivo/Outros'
2026/08/08 18:23:57 ERROR : pautas editoriais o cafezinho/2026 Jun 10/quaest/base_6_graficos_quaest_integrada.csv: file not in Google drive root 'Workspace_Vivo/Outros'
2026/08/08 18:23:58 ERROR : pautas editoriais o cafezinho/2026 Jul 29/quaest sp/PESQUISA_GENIAL_QUAEST_SP_JUL26.pdf: file not in Google drive root 'Workspace_Vivo/Outros'
2026/08/08 18:23:58 ERROR : pautas editoriais o cafezinho/2026 Jun 08/Trump meltdown/codex_legendador_bbc/audio.wav: file not in Google drive root 'Workspace_Vivo/Outros'
2026/08/08 18:23:58 ERROR : pautas editoriais o cafezinho/2026 Jul 28/ipec ipsos ceara/Job_26_0238_Ceara_Relatorio_de_tabelas_Completo.pdf: file not in Google drive root 'Workspace_Vivo/Outros'
2026/08/08 18:23:58 ERROR : pautas editoriais o cafezinho/2026 Jul 28/ipec ipsos ceara/Job_26_059792_Ceara_Relatorio_de_tabelas_Completo.pdf: file not in Google drive root 'Workspace_Vivo/Outros'
2026/08/08 18:23:58 ERROR : pautas editoriais o cafezinho/2026 Jul 28/ipec ipsos ceara/ipec ce.txt: file not in Google drive root 'Workspace_Vivo/Outros'
2026/08/08 18:23:58 ERROR : pautas editoriais o cafezinho/2026 Jun 15/nexus btg/BTG_Nexus_Eleicoes2026_4a_Rodada_AUDITADO_COMPLETO.csv: file not in Google drive root 'Workspace_Vivo/Outros'
2026/08/08 18:23:58 ERROR : pautas editoriais o cafezinho/2026 Jul 27/prints pesquisa/Captura de tela de 2026-07-27 08-12-13.png: file not in Google drive root 'Workspace_Vivo/Outros'
2026/08/08 18:23:58 ERROR : pautas editoriais o cafezinho/2026 Jul 27/prints pesquisa/Captura de tela de 2026-07-27 08-12-58.png: file not in Google drive root 'Workspace_Vivo/Outros'
2026/08/08 18:23:58 ERROR : pautas editoriais o cafezinho/2026 Jul 27/prints pesquisa/Captura de tela de 2026-07-27 08-13-55.png: file not in Google drive root 'Workspace_Vivo/Outros'
2026/08/08 18:23:58 ERROR : pautas editoriais o cafezinho/2026 Jul 27/prints pesquisa/Captura de tela de 2026-07-27 08-15-56.png: file not in Google drive root 'Workspace_Vivo/Outros'
2026/08/08 18:23:58 ERROR : pautas editoriais o cafezinho/2026 Jul 27/prints pesquisa/Captura de tela de 2026-07-27 08-16-22.png: file not in Google drive root 'Workspace_Vivo/Outros'
2026/08/08 18:23:58 ERROR : pautas editoriais o cafezinho/2026 Jul 27/prints pesquisa/Captura de tela de 2026-07-27 08-16-47.png: file not in Google drive root 'Workspace_Vivo/Outros'
2026/08/08 18:23:58 ERROR : pautas editoriais o cafezinho/2026 Jul 27/prints pesquisa/Captura de tela de 2026-07-27 08-19-29.png: file not in Google drive root 'Workspace_Vivo/Outros'
2026/08/08 18:23:58 ERROR : pautas editoriais o cafezinho/2026 Jul 27/prints pesquisa/Captura de tela de 2026-07-27 08-20-57.png: file not in Google drive root 'Workspace_Vivo/Outros'
2026/08/08 18:23:58 ERROR : pautas editoriais o cafezinho/2026 Jul 27/prints pesquisa/Captura de tela de 2026-07-27 08-21-39.png: file not in Google drive root 'Workspace_Vivo/Outros'
2026/08/08 18:23:58 ERROR : pautas editoriais o cafezinho/2026 Jul 27/prints pesquisa/Captura de tela de 2026-07-27 08-22-43.png: file not in Google drive root 'Workspace_Vivo/Outros'
2026/08/08 18:23:58 ERROR : pautas editoriais o cafezinho/2026 Jul 27/prints pesquisa/Captura de tela de 2026-07-27 08-23-37.png: file not in Google drive root 'Workspace_Vivo/Outros'
2026/08/08 18:23:58 ERROR : pautas editoriais o cafezinho/2026 Jul 27/prints pesquisa/Captura de tela de 2026-07-27 08-24-13.png: file not in Google drive root 'Workspace_Vivo/Outros'
2026/08/08 18:23:58 ERROR : pautas editoriais o cafezinho/2026 Jul 27/prints pesquisa/Captura de tela de 2026-07-27 08-24-34.png: file not in Google drive root 'Workspace_Vivo/Outros'
2026/08/08 18:23:58 ERROR : pautas editoriais o cafezinho/2026 Jul 27/prints pesquisa/Captura de tela de 2026-07-27 08-25-20.png: file not in Google drive root 'Workspace_Vivo/Outros'
2026/08/08 18:23:58 ERROR : pautas editoriais o cafezinho/2026 Jul 27/prints pesquisa/Captura de tela de 2026-07-27 08-28-35.png: file not in Google drive root 'Workspace_Vivo/Outros'
2026/08/08 18:23:58 ERROR : pautas editoriais o cafezinho/2026 Jul 27/prints pesquisa/Captura de tela de 2026-07-27 08-29-17.png: file not in Google drive root 'Workspace_Vivo/Outros'
2026/08/08 18:23:58 ERROR : pautas editoriais o cafezinho/2026 Jul 27/prints pesquisa/Captura de tela de 2026-07-27 08-29-59.png: file not in Google drive root 'Workspace_Vivo/Outros'
2026/08/08 18:23:58 ERROR : pautas editoriais o cafezinho/2026 Jul 27/prints pesquisa/Captura de tela de 2026-07-27 08-30-49.png: file not in Google drive root 'Workspace_Vivo/Outros'
2026/08/08 18:23:58 ERROR : pautas editoriais o cafezinho/2026 Jul 27/prints pesquisa/Captura de tela de 2026-07-27 08-31-09.png: file not in Google drive root 'Workspace_Vivo/Outros'
2026/08/08 18:23:58 ERROR : pautas editoriais o cafezinho/2026 Jul 27/prints pesquisa/Captura de tela de 2026-07-27 08-33-41.png: file not in Google drive root 'Workspace_Vivo/Outros'
2026/08/08 18:23:58 ERROR : pautas editoriais o cafezinho/2026 Jul 27/prints pesquisa/Captura de tela de 2026-07-27 08-34-26.png: file not in Google drive root 'Workspace_Vivo/Outros'
2026/08/08 18:23:58 ERROR : pautas editoriais o cafezinho/2026 Jul 27/prints pesquisa/Captura de tela de 2026-07-27 08-34-57.png: file not in Google drive root 'Workspace_Vivo/Outros'
2026/08/08 18:23:58 ERROR : pautas editoriais o cafezinho/2026 Jul 27/prints pesquisa/Captura de tela de 2026-07-27 08-35-11.png: file not in Google drive root 'Workspace_Vivo/Outros'
2026/08/08 18:23:58 ERROR : pautas editoriais o cafezinho/2026 Jun 23/Datafolha Intençado de voto Maio 2026.pdf: file not in Google drive root 'Workspace_Vivo/Outros'
2026/08/08 18:23:58 ERROR : pautas editoriais o cafezinho/2026 Jun 23/Ipec _Junho_Avaliacao_Relatorio_de_tabelas_imprensa.pdf: file not in Google drive root 'Workspace_Vivo/Outros'
2026/08/08 18:23:58 ERROR : pautas editoriais o cafezinho/2026 Jun 23/datafolha abril 2026.pdf: file not in Google drive root 'Workspace_Vivo/Outros'
2026/08/08 18:23:58 ERROR : pautas editoriais o cafezinho/2026 Jun 23/datafolha aprovacao lula abril 2026.pdf: file not in Google drive root 'Workspace_Vivo/Outros'
2026/08/08 18:23:58 ERROR : pautas editoriais o cafezinho/2026 Jun 23/datafolha aprovacao lula jun 2026.pdf: file not in Google drive root 'Workspace_Vivo/Outros'
2026/08/08 18:23:58 ERROR : pautas editoriais o cafezinho/2026 Jun 23/datafolha aprovacao lula maio 2026.pdf: file not in Google drive root 'Workspace_Vivo/Outros'
2026/08/08 18:23:58 ERROR : pautas editoriais o cafezinho/2026 Jun 23/datafolha-apresentacao-avaliacao-do-governo-lula.pdf: file not in Google drive root 'Workspace_Vivo/Outros'
2026/08/08 18:23:58 ERROR : pautas editoriais o cafezinho/2026 Jun 23/datafolha-apresentacao-intencao-de-voto-para-presidente Jun 2026.pdf: file not in Google drive root 'Workspace_Vivo/Outros'
2026/08/08 18:23:58 ERROR : pautas editoriais o cafezinho/2026 Jun 23/datafolha_aprovacao_lula_binaria_abr_mai_jun_2026.csv: file not in Google drive root 'Workspace_Vivo/Outros'
2026/08/08 18:23:58 ERROR : pautas editoriais o cafezinho/2026 Jun 23/datafolha_cenario_flavio_completo.csv: file not in Google drive root 'Workspace_Vivo/Outros'
2026/08/08 18:23:58 ERROR : pautas editoriais o cafezinho/2026 Jun 23/datafolha_integrado_abril_maio_junho_2026.csv: file not in Google drive root 'Workspace_Vivo/Outros'
2026/08/08 18:23:58 ERROR : pautas editoriais o cafezinho/2026 Jun 16/Atlas CE/Pesquisa Atlas_Focus - Eleições Ceará 2026 - 150626 reduced.pdf: file not in Google drive root 'Workspace_Vivo/Outros'
2026/08/08 18:23:58 ERROR : pautas editoriais o cafezinho/2026 Jul 29/quaest sp/governador/1 turno por posicionamento.png: file not in Google drive root 'Workspace_Vivo/Outros'
2026/08/08 18:23:58 ERROR : pautas editoriais o cafezinho/2026 Jul 27/quaest rj/Captura de tela de 2026-07-27 10-27-07.png: file not in Google drive root 'Workspace_Vivo/Outros'
2026/08/08 18:23:58 ERROR : pautas editoriais o cafezinho/2026 Jul 29/quaest sp/governador/1 turno sp por renda.png: file not in Google drive root 'Workspace_Vivo/Outros'
2026/08/08 18:23:58 ERROR : pautas editoriais o cafezinho/2026 Jul 27/quaest rj/Captura de tela de 2026-07-27 10-29-52.png: file not in Google drive root 'Workspace_Vivo/Outros'
2026/08/08 18:23:58 ERROR : pautas editoriais o cafezinho/2026 Jul 29/quaest sp/governador/2 turno sp por renda.png: file not in Google drive root 'Workspace_Vivo/Outros'
2026/08/08 18:23:58 ERROR : pautas editoriais o cafezinho/2026 Jul 27/quaest rj/Captura de tela de 2026-07-27 10-31-20.png: file not in Google drive root 'Workspace_Vivo/Outros'
2026/08/08 18:23:58 ERROR : pautas editoriais o cafezinho/2026 Jul 29/quaest sp/governador/aprovacao tarcisio.png: file not in Google drive root 'Workspace_Vivo/Outros'
2026/08/08 18:23:58 ERROR : pautas editoriais o cafezinho/2026 Jul 27/quaest rj/Captura de tela de 2026-07-27 10-32-11.png: file not in Google drive root 'Workspace_Vivo/Outros'
2026/08/08 18:23:58 ERROR : pautas editoriais o cafezinho/2026 Jul 29/quaest sp/governador/quem sera candidato pelo pt e bolsonaro.png: file not in Google drive root 'Workspace_Vivo/Outros'
2026/08/08 18:23:58 ERROR : pautas editoriais o cafezinho/2026 Jul 27/quaest rj/Captura de tela de 2026-07-27 10-34-40.png: file not in Google drive root 'Workspace_Vivo/Outros'
2026/08/08 18:23:58 ERROR : pautas editoriais o cafezinho/2026 Jul 29/quaest sp/governador/rejeicao sp.png: file not in Google drive root 'Workspace_Vivo/Outros'
2026/08/08 18:23:58 ERROR : pautas editoriais o cafezinho/2026 Jul 27/quaest rj/Captura de tela de 2026-07-27 10-34-52.png: file not in Google drive root 'Workspace_Vivo/Outros'
2026/08/08 18:23:58 ERROR : pautas editoriais o cafezinho/2026 Jul 27/quaest rj/Captura de tela de 2026-07-27 10-35-22.png: file not in Google drive root 'Workspace_Vivo/Outros'
2026/08/08 18:23:58 ERROR : pautas editoriais o cafezinho/2026 Jul 27/quaest rj/PESQUISA_GENIAL_QUAEST_RJ_JUL26.pdf: file not in Google drive root 'Workspace_Vivo/Outros'
2026/08/08 18:23:58 ERROR : pautas editoriais o cafezinho/2026 Jul 27/sem abraço/Captura de tela de 2026-07-27 05-01-01.png: file not in Google drive root 'Workspace_Vivo/Outros'
2026/08/08 18:23:58 ERROR : pautas editoriais o cafezinho/2026 Jun 23/indexa/Relatorio-Final-Pesquisa-Nacional-Rodada-2.pdf: file not in Google drive root 'Workspace_Vivo/Outros'
2026/08/08 18:23:58 ERROR : pautas editoriais o cafezinho/2026 Jul 29/quaest sp/presidente/1 turno por sexo presidente.png: file not in Google drive root 'Workspace_Vivo/Outros'
2026/08/08 18:23:58 ERROR : pautas editoriais o cafezinho/2026 Jul 29/quaest sp/presidente/1 turno posicionamento presidente.png: file not in Google drive root 'Workspace_Vivo/Outros'
2026/08/08 18:23:58 ERROR : pautas editoriais o cafezinho/2026 Jul 29/quaest sp/presidente/1 turno sp por renda presidente.png: file not in Google drive root 'Workspace_Vivo/Outros'
2026/08/08 18:23:58 ERROR : pautas editoriais o cafezinho/2026 Jul 29/quaest sp/presidente/1 turno sp religiao presidente.png: file not in Google drive root 'Workspace_Vivo/Outros'
2026/08/08 18:23:58 ERROR : pautas editoriais o cafezinho/2026 Jul 29/quaest sp/presidente/2 turno presidente cenarios sp.png: file not in Google drive root 'Workspace_Vivo/Outros'
2026/08/08 18:23:58 ERROR : pautas editoriais o cafezinho/2026 Jul 29/quaest sp/presidente/espontanea presidente.png: file not in Google drive root 'Workspace_Vivo/Outros'
2026/08/08 18:23:58 ERROR : pautas editoriais o cafezinho/2026 Jul 29/quaest sp/presidente/estimulada 1 turno sp presidente.png: file not in Google drive root 'Workspace_Vivo/Outros'
2026/08/08 18:23:58 ERROR : pautas editoriais o cafezinho/2026 Jun 16/cnt/CNT_168_Consolidado_Unico_1Turno_Junho2026.csv: file not in Google drive root 'Workspace_Vivo/Outros'
2026/08/08 18:23:58 ERROR : pautas editoriais o cafezinho/2026 Jun 16/cnt/CNT_168_Consolidado_Unico_Completo_Junho2026 -2.csv: file not in Google drive root 'Workspace_Vivo/Outros'
2026/08/08 18:23:58 ERROR : pautas editoriais o cafezinho/2026 Jul 27/tarifas/Captura de tela de 2026-07-27 14-13-28-compressed.jpg: file not in Google drive root 'Workspace_Vivo/Outros'
2026/08/08 18:23:58 ERROR : pautas editoriais o cafezinho/2026 Jul 27/tarifas/Captura de tela de 2026-07-27 14-13-28.png: file not in Google drive root 'Workspace_Vivo/Outros'
2026/08/08 18:23:58 ERROR : pautas editoriais o cafezinho/2026 Jul 27/tarifas/tarifas impopulares.jpg: file not in Google drive root 'Workspace_Vivo/Outros'
2026/08/08 18:23:58 ERROR : pautas editoriais o cafezinho/2026 Jun 24/haddad/lazarorosa25-2069847148280135804-01.mp4: file not in Google drive root 'Workspace_Vivo/Outros'
2026/08/08 18:23:58 ERROR : pautas editoriais o cafezinho/2026 Jul 29/quaest sp/senado/1 e 2 voto senado sp.png: file not in Google drive root 'Workspace_Vivo/Outros'
2026/08/08 18:23:58 ERROR : pautas editoriais o cafezinho/2026 Jul 29/quaest sp/senado/senado sp por posicionamento.png: file not in Google drive root 'Workspace_Vivo/Outros'
2026/08/08 18:23:58 ERROR : pautas editoriais o cafezinho/2026 Jul 29/quaest sp/senado/senado sp.png: file not in Google drive root 'Workspace_Vivo/Outros'
2026/08/08 18:23:58 ERROR : pautas editoriais o cafezinho/2026 Jul 29/quaest sp/senado/senador cenario 2 posicioamento politico.png: file not in Google drive root 'Workspace_Vivo/Outros'
2026/08/08 18:23:58 ERROR : pautas editoriais o cafezinho/2026 Jun 16/zema/audio_zema.mp3: file not in Google drive root 'Workspace_Vivo/Outros'
2026/08/08 18:23:59 ERROR : pautas editoriais o cafezinho/2026 Jun 25/camilo/videoplayback.mp4: file not in Google drive root 'Workspace_Vivo/Outros'
2026/08/08 18:23:59 ERROR : pautas editoriais o cafezinho/2026 Jun 24/kicis/EleicaoBr2026-2069830750904463748-01.mp4: file not in Google drive root 'Workspace_Vivo/Outros'
2026/08/08 18:23:59 ERROR : pautas editoriais o cafezinho/2026 Jun 25/ciro gomes/ciro gomes.mp4: file not in Google drive root 'Workspace_Vivo/Outros'
2026/08/08 18:23:59 ERROR : pautas editoriais o cafezinho/2026 Jun 26/datatempo/2 turno datatempo mg.png: file not in Google drive root 'Workspace_Vivo/Outros'
2026/08/08 18:23:59 ERROR : pautas editoriais o cafezinho/2026 Jun 26/datatempo/datatempo 2 turno kalil e simoes.png: file not in Google drive root 'Workspace_Vivo/Outros'
2026/08/08 18:23:59 ERROR : pautas editoriais o cafezinho/2026 Jun 26/datatempo/datatempo governo mg 1 turno.png: file not in Google drive root 'Workspace_Vivo/Outros'
2026/08/08 18:23:59 ERROR : pautas editoriais o cafezinho/2026 Jun 24/michelle/SamPancher-2069911958355148931-01.mp4: file not in Google drive root 'Workspace_Vivo/Outros'
2026/08/08 18:23:59 ERROR : pautas editoriais o cafezinho/2026 Jun 24/michelle/eixopolitico-2069898590877557184-01.mp4: file not in Google drive root 'Workspace_Vivo/Outros'
2026/08/08 18:23:59 ERROR : pautas editoriais o cafezinho/2026 Jun 26/eduardo/HLvP3uSXkAApkMX.jpeg: file not in Google drive root 'Workspace_Vivo/Outros'
2026/08/08 18:23:59 ERROR : pautas editoriais o cafezinho/2026 Jun 27/Flavio/Mike Johnson_ “If we lose the midterms, the Democrats will go after the president’s family, the cabinet, his donors, friends, and the rest of you who have committed crimes.txt: file not in Google drive root 'Workspace_Vivo/Outros'
2026/08/08 18:23:59 ERROR : pautas editoriais o cafezinho/2026 Jun 27/Flavio/NotHoodlum-2070632856448069792-01.mp4: file not in Google drive root 'Workspace_Vivo/Outros'
2026/08/08 18:23:59 ERROR : pautas editoriais o cafezinho/2026 Jun 27/Flavio/flavio_bolsonaro_frame.jpg: file not in Google drive root 'Workspace_Vivo/Outros'
2026/08/08 18:23:59 ERROR : pautas editoriais o cafezinho/2026 Jun 27/Flavio/mike_johnson_frame.jpg: file not in Google drive root 'Workspace_Vivo/Outros'
2026/08/08 18:23:59 ERROR : pautas editoriais o cafezinho/2026 Jun 27/Flavio/retorica flavio.txt: file not in Google drive root 'Workspace_Vivo/Outros'
2026/08/08 18:23:59 ERROR : pautas editoriais o cafezinho/2026 Jun 27/Flavio/taliriapetrone-2070897812452032916-01.mp4: file not in Google drive root 'Workspace_Vivo/Outros'
2026/08/08 18:23:59 ERROR : pautas editoriais o cafezinho/2026 Jun 24/paulo figueiredo/RomuloBDias-2069737484896907649-01.mp4: file not in Google drive root 'Workspace_Vivo/Outros'
2026/08/08 18:23:59 ERROR : pautas editoriais o cafezinho/2026 Jun 26/gayer/gustavo_gayer.jpg: file not in Google drive root 'Workspace_Vivo/Outros'
2026/08/08 18:23:59 ERROR : pautas editoriais o cafezinho/2026 Jun 28/brizola/Isadora Brizola revela por que Ciro Gomes virou aliado de quem ele combateu - Opera Mundi (1080p, h264, youtube).mp4: file not in Google drive root 'Workspace_Vivo/Outros'
2026/08/08 18:23:59 ERROR : pautas editoriais o cafezinho/2026 Jun 24/renuncia de apoio/EleicaoBr2026-2069814477437141091-01.mp4: file not in Google drive root 'Workspace_Vivo/Outros'
2026/08/08 18:24:00 ERROR : pautas editoriais o cafezinho/2026 Jun 26/othon/Rep.Capa_1419.pdf: file not in Google drive root 'Workspace_Vivo/Outros'
2026/08/08 18:24:00 ERROR : pautas editoriais o cafezinho/2026 Jun 28/cgtn china/Is China winning... by doing nothing - CGTN (1080p, h264, youtube).mp4: file not in Google drive root 'Workspace_Vivo/Outros'
2026/08/08 18:24:00 ERROR : pautas editoriais o cafezinho/2026 Jun 29/chip chines/China_s_New_AI_Chip_Just_Ended_Nvidia_s__50_Billion_Empire.mp3.txt: file not in Google drive root 'Workspace_Vivo/Outros'
2026/08/08 18:24:00 ERROR : pautas editoriais o cafezinho/2026 Jun 29/chip chines/How_Huawei_Just_Built_an_Impossible_Chip.mp3.txt: file not in Google drive root 'Workspace_Vivo/Outros'
2026/08/08 18:24:00 ERROR : pautas editoriais o cafezinho/2026 Jun 29/chip chines/The_Future_of_Microchips_Just_Changed_Forever_.mp3.txt: file not in Google drive root 'Workspace_Vivo/Outros'
2026/08/08 18:24:00 ERROR : pautas editoriais o cafezinho/2026 Jun 28/brizola/texto/Isadora_Brizola_revela_por_que_Ciro_Gomes_virou_aliado_de_quem_ele_combateu_-_Opera_Mundi_(1080p,_h264,_youtube).txt: file not in Google drive root 'Workspace_Vivo/Outros'
2026/08/08 18:24:00 ERROR : pautas editoriais o cafezinho/2026 Jun 28/brizola/texto/isadora brizola menor.jpg: file not in Google drive root 'Workspace_Vivo/Outros'
2026/08/08 18:24:00 ERROR : pautas editoriais o cafezinho/2026 Jun 26/paulo/Jun 2026 - A China não improvisa (versão longa).docx: file not in Google drive root 'Workspace_Vivo/Outros'
2026/08/08 18:24:00 ERROR : pautas editoriais o cafezinho/2026 Jun 26/paulo/c31aa828-6798-4778-87c5-5f80c850bdfa-compressed.jpg: file not in Google drive root 'Workspace_Vivo/Outros'
2026/08/08 18:24:00 ERROR : pautas editoriais o cafezinho/2026 Jun 26/paulo/c31aa828-6798-4778-87c5-5f80c850bdfa.webp: file not in Google drive root 'Workspace_Vivo/Outros'
2026/08/08 18:24:00 ERROR : Aplicativos/Moka/Moka-Lab/.git/objects/2c/f6ecc0f45a9f8dad2956040f30692215c2bb8b: file not in Google drive root 'Workspace_Vivo/Outros'
2026/08/08 18:24:00 ERROR : pautas editoriais o cafezinho/2026 Jun 28/forum 2050/Captura-de-tela-2026-06-26-144407-1024x635.png.webp: file not in Google drive root 'Workspace_Vivo/Outros'
2026/08/08 18:24:00 ERROR : pautas editoriais o cafezinho/2026 Jun 29/mayra/55364919586_775b14d977_c.jpg: file not in Google drive root 'Workspace_Vivo/Outros'
2026/08/08 18:24:00 ERROR : pautas editoriais o cafezinho/2026 Jun 29/mayra/Mudança estrutural_ afinal, do que estamos falando.docx: file not in Google drive root 'Workspace_Vivo/Outros'
2026/08/08 18:24:00 ERROR : pautas editoriais o cafezinho/2026 Jun 30/artigo ia huawei/ChatGPT Image 30 de jun-compressed.jpg: file not in Google drive root 'Workspace_Vivo/Outros'
2026/08/08 18:24:00 ERROR : pautas editoriais o cafezinho/2026 Jun 30/artigo ia huawei/ChatGPT Image 30 de jun. de 2026, 02_22_13.png: file not in Google drive root 'Workspace_Vivo/Outros'
2026/08/08 18:24:00 ERROR : pautas editoriais o cafezinho/2026 Jun 30/artigo ia huawei/Fontes - Artigo Huawei _ China IA 2026.txt: file not in Google drive root 'Workspace_Vivo/Outros'
2026/08/08 18:24:00 ERROR : pautas editoriais o cafezinho/2026 Jun 28/cgtn china/texto/Is_China_winning..._by_doing_nothing_-_CGTN_(1080p,_h264,_youtube).txt: file not in Google drive root 'Workspace_Vivo/Outros'
2026/08/08 18:24:00 ERROR : pautas editoriais o cafezinho/2026 Jun 28/indice cnn/Antonio_Lavareda_analisa_cen_rio_pol_tico__no__ltimo___NDICE.mp3.txt: file not in Google drive root 'Workspace_Vivo/Outros'
2026/08/08 18:24:00 ERROR : pautas editoriais o cafezinho/2026 Jun 28/indice cnn/antonio lavareda cnn.jpg: file not in Google drive root 'Workspace_Vivo/Outros'
2026/08/08 18:24:00 ERROR : pautas editoriais o cafezinho/2026 Jun 28/indice cnn/indice cnn.jpg: file not in Google drive root 'Workspace_Vivo/Outros'
2026/08/08 18:24:00 ERROR : pautas editoriais o cafezinho/2026 Jun 28/novo/Captura de tela de 2026-06-29 01-21-46.png: file not in Google drive root 'Workspace_Vivo/Outros'
2026/08/08 18:24:00 ERROR : Aplicativos/Moka/Moka-Lab/.git/objects/2e/74bad5b86f8471e97791338d05318b76488131: file not in Google drive root 'Workspace_Vivo/Outros'
2026/08/08 18:24:00 ERROR : pautas editoriais o cafezinho/2026 Mai 13/quaest/final/GENIAL_QUAEST_MAIO26.pdf: file not in Google drive root 'Workspace_Vivo/Outros'
2026/08/08 18:24:00 ERROR : pautas editoriais o cafezinho/2026 Mai 13/quaest/final/pesquisas_tse_recentes.csv: file not in Google drive root 'Workspace_Vivo/Outros'
2026/08/08 18:24:00 ERROR : pautas editoriais o cafezinho/2026 Mai 13/quaest/final/quaest - bruto.csv: file not in Google drive root 'Workspace_Vivo/Outros'
2026/08/08 18:24:01 ERROR : pautas editoriais o cafezinho/2026 Mai 24/café/boletim-de-safras-cafe-mai_26.pdf: file not in Google drive root 'Workspace_Vivo/Outros'
2026/08/08 18:24:01 ERROR : pautas editoriais o cafezinho/2026 Mai 21/Irene/codex_legendador_bbc/audio.wav: file not in Google drive root 'Workspace_Vivo/Outros'
2026/08/08 18:24:01 ERROR : pautas editoriais o cafezinho/2026 Mai 21/Irene/codex_legendador_bbc/legenda_pt_bbc.srt.bak_espanhol_invalido_20260521_0128: file not in Google drive root 'Workspace_Vivo/Outros'
2026/08/08 18:24:01 ERROR : pautas editoriais o cafezinho/2026 Mai 21/Kaja Kallas/codex_legendador_bbc/audio.wav: file not in Google drive root 'Workspace_Vivo/Outros'
2026/08/08 18:24:01 ERROR : pautas editoriais o cafezinho/2026 Mai 21/kallas china/codex_legendador_bbc/audio.wav: file not in Google drive root 'Workspace_Vivo/Outros'
2026/08/08 18:24:01 ERROR : pautas editoriais o cafezinho/2026 Mai 21/video cuba/codex_legendador_bbc/audio.wav: file not in Google drive root 'Workspace_Vivo/Outros'
2026/08/08 18:24:01 ERROR : pautas editoriais o cafezinho/2026 Mai 21/video cuba/codex_legendador_bbc/audio_probe_idioma.wav: file not in Google drive root 'Workspace_Vivo/Outros'
2026/08/08 18:24:02 ERROR : pautas editoriais o cafezinho/2026 Mar 10/analise datafolha/Avaliacao_presidente_dez2025.pdf: file not in Google drive root 'Workspace_Vivo/Outros'
2026/08/08 18:24:02 ERROR : pautas editoriais o cafezinho/2026 Mar 10/analise datafolha/Avaliacao_presidente_mar_22.pdf: file not in Google drive root 'Workspace_Vivo/Outros'
2026/08/08 18:24:02 ERROR : pautas editoriais o cafezinho/2026 Mar 10/analise datafolha/Intencao_de_voto_presidente_mar_22.pdf: file not in Google drive root 'Workspace_Vivo/Outros'
2026/08/08 18:24:02 ERROR : pautas editoriais o cafezinho/2026 Mar 10/analise datafolha/avaliacao governo datafolha mar 2026.pdf: file not in Google drive root 'Workspace_Vivo/Outros'
2026/08/08 18:24:02 ERROR : pautas editoriais o cafezinho/2026 Mar 10/analise datafolha/base_csv_graficos_lote2.zip: file not in Google drive root 'Workspace_Vivo/Outros'
2026/08/08 18:24:02 ERROR : pautas editoriais o cafezinho/2026 Mar 10/analise datafolha/datafolha pesquisa 2026 dez 2025.pdf: file not in Google drive root 'Workspace_Vivo/Outros'
2026/08/08 18:24:02 ERROR : pautas editoriais o cafezinho/2026 Mar 10/analise datafolha/datafolha_base_unificada_graficos.csv: file not in Google drive root 'Workspace_Vivo/Outros'
2026/08/08 18:24:02 ERROR : pautas editoriais o cafezinho/2026 Mar 10/analise datafolha/datafolha_csvs_2022_2026.zip: file not in Google drive root 'Workspace_Vivo/Outros'
2026/08/08 18:24:02 ERROR : pautas editoriais o cafezinho/2026 Mar 10/analise datafolha/datafolha_tudo.zip: file not in Google drive root 'Workspace_Vivo/Outros'
2026/08/08 18:24:02 ERROR : pautas editoriais o cafezinho/2026 Mar 10/analise datafolha/pesquisa datafolha 2026 em mar 2026.pdf: file not in Google drive root 'Workspace_Vivo/Outros'
2026/08/08 18:24:02 ERROR : pautas editoriais o cafezinho/2026 Mai 21/video cuba/codex_legendador_bbc_refeito/audio_fala_sem_intro.wav: file not in Google drive root 'Workspace_Vivo/Outros'
2026/08/08 18:24:02 ERROR : pautas editoriais o cafezinho/2026 Mar 12/análise pesquisa ipec/pesquisa-ipsos-ipec-avaliacao-lula-10mar2026.pdf: file not in Google drive root 'Workspace_Vivo/Outros'
2026/08/08 18:24:02 ERROR : pautas editoriais o cafezinho/2026 Mar 13/inpc/base_grafico_ipca_fev2026.csv: file not in Google drive root 'Workspace_Vivo/Outros'
2026/08/08 18:24:03 ERROR : pautas editoriais o cafezinho/2026 Mar 10/analise datafolha/base_csv_graficos_lote2/base_graficos_aprova_dez2025_mar2026.csv: file not in Google drive root 'Workspace_Vivo/Outros'
2026/08/08 18:24:03 ERROR : pautas editoriais o cafezinho/2026 Mar 10/analise datafolha/base_csv_graficos_lote2/base_graficos_bom_otimo_mar2022_mar2026.csv: file not in Google drive root 'Workspace_Vivo/Outros'
2026/08/08 18:24:03 ERROR : pautas editoriais o cafezinho/2026 Mar 12/meio ideia/meioideia_jornalistas_marco.pdf: file not in Google drive root 'Workspace_Vivo/Outros'
2026/08/08 18:24:03 ERROR : pautas editoriais o cafezinho/2026 Mar 13/petróleo/petroleo_mm12_dolar_bi.csv: file not in Google drive root 'Workspace_Vivo/Outros'
2026/08/08 18:24:03 ERROR : pautas editoriais o cafezinho/2026 Mar 13/petróleo/producao-derivados-b - Plan1 (2).csv: file not in Google drive root 'Workspace_Vivo/Outros'
2026/08/08 18:24:03 ERROR : pautas editoriais o cafezinho/2026 Mar 13/petróleo/producao-derivados-b - Plan1 (3).csv: file not in Google drive root 'Workspace_Vivo/Outros'
2026/08/08 18:24:03 ERROR : pautas editoriais o cafezinho/2026 Mar 14/eua trade jan/base_petroleo_total_exportacao_importacao_12m.csv: file not in Google drive root 'Workspace_Vivo/Outros'
2026/08/08 18:24:03 ERROR : pautas editoriais o cafezinho/2026 Mar 14/eua trade jan/grafico_1_energia_12m.csv: file not in Google drive root 'Workspace_Vivo/Outros'
2026/08/08 18:24:03 ERROR : pautas editoriais o cafezinho/2026 Mar 14/eua trade jan/grafico_1_importacoes_origem_12m.csv: file not in Google drive root 'Workspace_Vivo/Outros'
2026/08/08 18:24:03 ERROR : pautas editoriais o cafezinho/2026 Mar 14/eua trade jan/grafico_2_importacoes_produtos_mma12.csv: file not in Google drive root 'Workspace_Vivo/Outros'
2026/08/08 18:24:03 ERROR : pautas editoriais o cafezinho/2026 Mar 14/eua trade jan/grafico_2_paises_reorganizacao_12m.csv: file not in Google drive root 'Workspace_Vivo/Outros'
2026/08/08 18:24:03 ERROR : pautas editoriais o cafezinho/2026 Mar 14/eua trade jan/grafico_3_exportacoes_produtos_12m.csv: file not in Google drive root 'Workspace_Vivo/Outros'
2026/08/08 18:24:03 ERROR : pautas editoriais o cafezinho/2026 Mar 14/eua trade jan/grafico_3_produtos_mma12.csv: file not in Google drive root 'Workspace_Vivo/Outros'
2026/08/08 18:24:04 ERROR : pautas editoriais o cafezinho/2026 Mar 13/soja/epag_2026_fev.pdf: file not in Google drive root 'Workspace_Vivo/Outros'
2026/08/08 18:24:04 ERROR : pautas editoriais o cafezinho/2026 Mar 13/soja/soja_mm12_40_meses.csv: file not in Google drive root 'Workspace_Vivo/Outros'
2026/08/08 18:24:04 ERROR : pautas editoriais o cafezinho/2026 Mar 15/economist/The damage to the world economy from the Iran war will be severe, but uneven.pdf: file not in Google drive root 'Workspace_Vivo/Outros'
2026/08/08 18:24:04 ERROR : pautas editoriais o cafezinho/2026 Mar 14/nvidia/Nvidia prepares AI ‘inference’ chip launch to counter rising challengers.pdf: file not in Google drive root 'Workspace_Vivo/Outros'
2026/08/08 18:24:04 ERROR : pautas editoriais o cafezinho/2026 Mar 12/quaest/GENIAL+QUAEST+MAR22+NACIONAL.pdf: file not in Google drive root 'Workspace_Vivo/Outros'
2026/08/08 18:24:04 ERROR : pautas editoriais o cafezinho/2026 Mar 12/quaest/GENIALQUAESTNACMAR26.pdf: file not in Google drive root 'Workspace_Vivo/Outros'
2026/08/08 18:24:04 ERROR : pautas editoriais o cafezinho/2026 abr 09/producao-mar-2026.csv: file not in Google drive root 'Workspace_Vivo/Outros'
2026/08/08 18:24:04 ERROR : pautas editoriais o cafezinho/2026 abr 09/producao_por_poco_terra_2025_4_trim.csv: file not in Google drive root 'Workspace_Vivo/Outros'
2026/08/08 18:24:05 ERROR : pautas editoriais o cafezinho/2026 Mar 10/analise datafolha/datafolha_tudo/01_fontes_pdf/Avaliacao_presidente_dez2025.pdf: file not in Google drive root 'Workspace_Vivo/Outros'
2026/08/08 18:24:05 ERROR : pautas editoriais o cafezinho/2026 Mar 10/analise datafolha/datafolha_tudo/01_fontes_pdf/Avaliacao_presidente_mar_22.pdf: file not in Google drive root 'Workspace_Vivo/Outros'
2026/08/08 18:24:05 ERROR : pautas editoriais o cafezinho/2026 Mar 10/analise datafolha/datafolha_tudo/01_fontes_pdf/Intencao_de_voto_presidente_mar_22.pdf: file not in Google drive root 'Workspace_Vivo/Outros'
2026/08/08 18:24:05 ERROR : pautas editoriais o cafezinho/2026 Mar 10/analise datafolha/datafolha_tudo/01_fontes_pdf/avaliacao governo datafolha mar 2026.pdf: file not in Google drive root 'Workspace_Vivo/Outros'
2026/08/08 18:24:05 ERROR : pautas editoriais o cafezinho/2026 Mar 10/analise datafolha/datafolha_tudo/01_fontes_pdf/datafolha pesquisa 2026 dez 2025.pdf: file not in Google drive root 'Workspace_Vivo/Outros'
2026/08/08 18:24:05 ERROR : pautas editoriais o cafezinho/2026 Mar 10/analise datafolha/datafolha_tudo/01_fontes_pdf/pesquisa datafolha 2026 em mar 2026.pdf: file not in Google drive root 'Workspace_Vivo/Outros'
2026/08/08 18:24:05 ERROR : pautas editoriais o cafezinho/2026 Mar 13/us trade jan 2026/us exports paises.csv: file not in Google drive root 'Workspace_Vivo/Outros'
2026/08/08 18:24:05 ERROR : pautas editoriais o cafezinho/2026 Mar 13/us trade jan 2026/us imports paises.csv: file not in Google drive root 'Workspace_Vivo/Outros'
2026/08/08 18:24:05 ERROR : pautas editoriais o cafezinho/2026 Mar 13/us trade jan 2026/us produtos exports.csv: file not in Google drive root 'Workspace_Vivo/Outros'
2026/08/08 18:24:05 ERROR : pautas editoriais o cafezinho/2026 Mar 13/us trade jan 2026/us produtos imports.csv: file not in Google drive root 'Workspace_Vivo/Outros'
2026/08/08 18:24:05 ERROR : pautas editoriais o cafezinho/2026 Mar 18/mulder/The era of US dominance in economic warfare is over.pdf: file not in Google drive root 'Workspace_Vivo/Outros'
2026/08/08 18:24:05 ERROR : pautas editoriais o cafezinho/2026 Mar 10/analise datafolha/datafolha_tudo/02_dados_csv/datafolha_aprovacao_binaria_2025_2026.csv: file not in Google drive root 'Workspace_Vivo/Outros'
2026/08/08 18:24:05 ERROR : pautas editoriais o cafezinho/2026 Mar 10/analise datafolha/datafolha_tudo/02_dados_csv/datafolha_avaliacao_governo_2022_2026.csv: file not in Google drive root 'Workspace_Vivo/Outros'
2026/08/08 18:24:05 ERROR : pautas editoriais o cafezinho/2026 Mar 10/analise datafolha/datafolha_tudo/02_dados_csv/datafolha_avaliacao_governo_2025_2026.csv: file not in Google drive root 'Workspace_Vivo/Outros'
2026/08/08 18:24:05 ERROR : pautas editoriais o cafezinho/2026 Mar 10/analise datafolha/datafolha_tudo/02_dados_csv/datafolha_intencao_voto_cenario1_2022_2026.csv: file not in Google drive root 'Workspace_Vivo/Outros'
2026/08/08 18:24:05 ERROR : pautas editoriais o cafezinho/2026 abr 16/wordpress-seo-premium-27.4.zip: file not in Google drive root 'Workspace_Vivo/Outros'
2026/08/08 18:24:06 ERROR : Aplicativos/Moka/Moka-Lab/.git/objects/3c/be870ba30c6036f0eaaa8c184ec718897fd1aa: file not in Google drive root 'Workspace_Vivo/Outros'
2026/08/08 18:24:06 ERROR : pautas editoriais o cafezinho/2026 Mar 10/analise datafolha/datafolha_tudo/03_graficos_pdf/graficos_datafolha_comparativos_rotulados.pdf: file not in Google drive root 'Workspace_Vivo/Outros'
2026/08/08 18:24:07 ERROR : pautas editoriais o cafezinho/2026 abr 15/cafe/PI 136959   O CAFEZINHO.pdf: file not in Google drive root 'Workspace_Vivo/Outros'
2026/08/08 18:24:07 ERROR : pautas editoriais o cafezinho/IPCA Fev 2026/IPCA jan 2026 acumulada 12 meses.csv: file not in Google drive root 'Workspace_Vivo/Outros'
2026/08/08 18:24:07 ERROR : pautas editoriais o cafezinho/IPCA Fev 2026/IPCA jan 2026 mensal.csv: file not in Google drive root 'Workspace_Vivo/Outros'
2026/08/08 18:24:07 ERROR : pautas editoriais o cafezinho/IPCA Fev 2026/Zizi_e_Mimi_FORMATADO_v2.pdf: file not in Google drive root 'Workspace_Vivo/Outros'
2026/08/08 18:24:07 ERROR : pautas editoriais o cafezinho/2026 abr 16/parana pesquisas/SP_Abr26.pdf: file not in Google drive root 'Workspace_Vivo/Outros'
2026/08/08 18:24:08 ERROR : pautas editoriais o cafezinho/IPCA-15 fev 2026/grafico 1.csv: file not in Google drive root 'Workspace_Vivo/Outros'
2026/08/08 18:24:08 ERROR : pautas editoriais o cafezinho/IPCA-15 fev 2026/inflação ipca 15 fev 2026 - completo 1.csv: file not in Google drive root 'Workspace_Vivo/Outros'
2026/08/08 18:24:08 ERROR : pautas editoriais o cafezinho/IPCA-15 fev 2026/inflação ipca 15 fev 2026 - grafico 3 para a manus.csv: file not in Google drive root 'Workspace_Vivo/Outros'
2026/08/08 18:24:08 ERROR : pautas editoriais o cafezinho/IPCA-15 fev 2026/inflação ipca 15 fev 2026 - grafico 3.csv: file not in Google drive root 'Workspace_Vivo/Outros'
2026/08/08 18:24:08 ERROR : pautas editoriais o cafezinho/IPCA-15 fev 2026/inflação ipca 15 fev 2026 - inflacao mensal completo.csv: file not in Google drive root 'Workspace_Vivo/Outros'
2026/08/08 18:24:08 ERROR : pautas editoriais o cafezinho/2026 abr 29/divida americana/divida_americana_30_anos.csv: file not in Google drive root 'Workspace_Vivo/Outros'
2026/08/08 18:24:08 ERROR : pautas editoriais o cafezinho/Parana Pesquisas Ceará/Ceara_Fev26-4.pdf: file not in Google drive root 'Workspace_Vivo/Outros'
2026/08/08 18:24:08 ERROR : pautas editoriais o cafezinho/Parana Pesquisas Ceará/Ceara_Fev26.pdf: file not in Google drive root 'Workspace_Vivo/Outros'
2026/08/08 18:24:08 ERROR : pautas editoriais o cafezinho/Parana pesquisas/Atlas Intel BRASIL-Eleições-Gerais-2022-BR-027142022.pdf: file not in Google drive root 'Workspace_Vivo/Outros'
2026/08/08 18:24:08 ERROR : pautas editoriais o cafezinho/Parana pesquisas/Nacional_Fev261.pdf: file not in Google drive root 'Workspace_Vivo/Outros'
2026/08/08 18:24:09 ERROR : pautas editoriais o cafezinho/Pesquisa Atlas fev 2026/Pesquisa Atlas_Bloomberg - Nacional 260225.pdf: file not in Google drive root 'Workspace_Vivo/Outros'
2026/08/08 18:24:56 INFO  : 
Transferred:   	          0 B / 0 B, -, 0 B/s, ETA -
Errors:               760 (retrying may help)
Checks:              4779 / 4779, 100%, Listed 12778
Elapsed time:       3m0.0s

2026/08/08 18:25:04 ERROR : pautas editoriais o cafezinho/Real Time Big Data/RealTimeBigData-nacional-mar2026.pdf: file not in Google drive root 'Workspace_Vivo/Outros'
2026/08/08 18:25:22 ERROR : pautas editoriais o cafezinho/Tesouro Nacional/apresentacao_jan26.pdf: file not in Google drive root 'Workspace_Vivo/Outros'
2026/08/08 18:25:22 ERROR : pautas editoriais o cafezinho/Tesouro Nacional/pib mensal corrente em real.csv: file not in Google drive root 'Workspace_Vivo/Outros'
2026/08/08 18:25:22 ERROR : pautas editoriais o cafezinho/Tesouro Nacional/receita gastos e primario 12 meses.csv: file not in Google drive root 'Workspace_Vivo/Outros'
2026/08/08 18:25:22 ERROR : pautas editoriais o cafezinho/artigo petróleo/Importações e exportações da União Europeia - Sheet1.csv: file not in Google drive root 'Workspace_Vivo/Outros'
2026/08/08 18:25:22 ERROR : pautas editoriais o cafezinho/artigo petróleo/dezembro.pdf: file not in Google drive root 'Workspace_Vivo/Outros'
2026/08/08 18:25:22 ERROR : pautas editoriais o cafezinho/artigo petróleo/exports china petróleo 2015.csv: file not in Google drive root 'Workspace_Vivo/Outros'
2026/08/08 18:25:22 ERROR : pautas editoriais o cafezinho/artigo petróleo/exports china petróleo 2016.csv: file not in Google drive root 'Workspace_Vivo/Outros'
2026/08/08 18:25:22 ERROR : pautas editoriais o cafezinho/artigo petróleo/exports china petróleo 2017.csv: file not in Google drive root 'Workspace_Vivo/Outros'
2026/08/08 18:25:22 ERROR : pautas editoriais o cafezinho/artigo petróleo/exports china petróleo 2018.csv: file not in Google drive root 'Workspace_Vivo/Outros'
2026/08/08 18:25:22 ERROR : pautas editoriais o cafezinho/artigo petróleo/exports china petróleo 2019.csv: file not in Google drive root 'Workspace_Vivo/Outros'
2026/08/08 18:25:22 ERROR : pautas editoriais o cafezinho/artigo petróleo/exports china petróleo 2020.csv: file not in Google drive root 'Workspace_Vivo/Outros'
2026/08/08 18:25:22 ERROR : pautas editoriais o cafezinho/artigo petróleo/exports china petróleo 2021.csv: file not in Google drive root 'Workspace_Vivo/Outros'
2026/08/08 18:25:22 ERROR : pautas editoriais o cafezinho/artigo petróleo/exports china petróleo 2022.csv: file not in Google drive root 'Workspace_Vivo/Outros'
2026/08/08 18:25:22 ERROR : pautas editoriais o cafezinho/artigo petróleo/exports china petróleo 2023.csv: file not in Google drive root 'Workspace_Vivo/Outros'
2026/08/08 18:25:22 ERROR : pautas editoriais o cafezinho/artigo petróleo/exports china petróleo 2024.csv: file not in Google drive root 'Workspace_Vivo/Outros'
2026/08/08 18:25:22 ERROR : pautas editoriais o cafezinho/artigo petróleo/exports china petróleo 2025.csv: file not in Google drive root 'Workspace_Vivo/Outros'
2026/08/08 18:25:22 ERROR : pautas editoriais o cafezinho/artigo petróleo/imports china petróleo 2015.csv: file not in Google drive root 'Workspace_Vivo/Outros'
2026/08/08 18:25:22 ERROR : pautas editoriais o cafezinho/artigo petróleo/imports china petróleo 2016.csv: file not in Google drive root 'Workspace_Vivo/Outros'
2026/08/08 18:25:22 ERROR : pautas editoriais o cafezinho/artigo petróleo/imports china petróleo 2017.csv: file not in Google drive root 'Workspace_Vivo/Outros'
2026/08/08 18:25:22 ERROR : pautas editoriais o cafezinho/artigo petróleo/imports china petróleo 2018.csv: file not in Google drive root 'Workspace_Vivo/Outros'
2026/08/08 18:25:22 ERROR : pautas editoriais o cafezinho/artigo petróleo/imports china petróleo 2019.csv: file not in Google drive root 'Workspace_Vivo/Outros'
2026/08/08 18:25:22 ERROR : pautas editoriais o cafezinho/artigo petróleo/imports china petróleo 2020.csv: file not in Google drive root 'Workspace_Vivo/Outros'
2026/08/08 18:25:22 ERROR : pautas editoriais o cafezinho/artigo petróleo/imports china petróleo 2021.csv: file not in Google drive root 'Workspace_Vivo/Outros'
2026/08/08 18:25:22 ERROR : pautas editoriais o cafezinho/artigo petróleo/imports china petróleo 2022.csv: file not in Google drive root 'Workspace_Vivo/Outros'
2026/08/08 18:25:22 ERROR : pautas editoriais o cafezinho/artigo petróleo/imports china petróleo 2023 corrigido.csv: file not in Google drive root 'Workspace_Vivo/Outros'
2026/08/08 18:25:22 ERROR : pautas editoriais o cafezinho/artigo petróleo/imports china petróleo 2023.csv: file not in Google drive root 'Workspace_Vivo/Outros'
2026/08/08 18:25:22 ERROR : pautas editoriais o cafezinho/artigo petróleo/imports china petróleo 2024.csv: file not in Google drive root 'Workspace_Vivo/Outros'
2026/08/08 18:25:22 ERROR : pautas editoriais o cafezinho/artigo petróleo/imports china petróleo 2025.csv: file not in Google drive root 'Workspace_Vivo/Outros'
2026/08/08 18:25:22 ERROR : pautas editoriais o cafezinho/artigo petróleo/usa oil exports novo.csv: file not in Google drive root 'Workspace_Vivo/Outros'
2026/08/08 18:25:22 ERROR : pautas editoriais o cafezinho/artigo petróleo/usa oil imports novo.csv: file not in Google drive root 'Workspace_Vivo/Outros'
2026/08/08 18:25:23 ERROR : pautas editoriais o cafezinho/bc setor externo/STP-20260225140007027.csv: file not in Google drive root 'Workspace_Vivo/Outros'
2026/08/08 18:25:23 ERROR : pautas editoriais o cafezinho/bc setor externo/base_ancoras_setor_externo_brasil.csv: file not in Google drive root 'Workspace_Vivo/Outros'
2026/08/08 18:25:23 ERROR : pautas editoriais o cafezinho/bc setor externo/base_conta_corrente_12m_20m.csv: file not in Google drive root 'Workspace_Vivo/Outros'
2026/08/08 18:25:23 ERROR : pautas editoriais o cafezinho/bc setor externo/base_divida_externa_bruta_paises.csv: file not in Google drive root 'Workspace_Vivo/Outros'
2026/08/08 18:25:23 ERROR : pautas editoriais o cafezinho/bc setor externo/base_investimento_direto_12m_20m (1).csv: file not in Google drive root 'Workspace_Vivo/Outros'
2026/08/08 18:25:23 ERROR : pautas editoriais o cafezinho/bc setor externo/base_investimento_direto_12m_20m.csv: file not in Google drive root 'Workspace_Vivo/Outros'
2026/08/08 18:25:23 ERROR : pautas editoriais o cafezinho/bc setor externo/base_investimento_estrangeiro_direto_pct_pib_paises_2024 (1).csv: file not in Google drive root 'Workspace_Vivo/Outros'
2026/08/08 18:25:23 ERROR : pautas editoriais o cafezinho/bc setor externo/base_investimento_estrangeiro_direto_pct_pib_paises_2024.csv: file not in Google drive root 'Workspace_Vivo/Outros'
2026/08/08 18:25:23 ERROR : pautas editoriais o cafezinho/bc setor externo/base_reservas_bcb_estoque_jan2018_a_jan2026.csv: file not in Google drive root 'Workspace_Vivo/Outros'
2026/08/08 18:25:23 ERROR : pautas editoriais o cafezinho/bc setor externo/base_reservas_estoque_20m.csv: file not in Google drive root 'Workspace_Vivo/Outros'
2026/08/08 18:25:23 ERROR : pautas editoriais o cafezinho/bc setor externo/base_reservas_pct_pib_paises_2024.csv: file not in Google drive root 'Workspace_Vivo/Outros'
2026/08/08 18:25:23 ERROR : pautas editoriais o cafezinho/bc setor externo/base_reservas_pct_pib_paises_2024_expandida.csv: file not in Google drive root 'Workspace_Vivo/Outros'
2026/08/08 18:25:23 ERROR : pautas editoriais o cafezinho/bc setor externo/base_setor_externo_12m_ate_janeiro_2016_2026_long (1).csv: file not in Google drive root 'Workspace_Vivo/Outros'
2026/08/08 18:25:23 ERROR : pautas editoriais o cafezinho/bc setor externo/base_setor_externo_12m_ate_janeiro_2016_2026_long.csv: file not in Google drive root 'Workspace_Vivo/Outros'
2026/08/08 18:25:23 ERROR : pautas editoriais o cafezinho/bc setor externo/divida externa bruta - Página1.csv: file not in Google drive root 'Workspace_Vivo/Outros'
2026/08/08 18:25:23 ERROR : pautas editoriais o cafezinho/bc setor externo/reservas internacionais - Seção I.csv: file not in Google drive root 'Workspace_Vivo/Outros'
2026/08/08 18:25:23 ERROR : pautas editoriais o cafezinho/bc setor externo/setor externo bc jan 2026 - Cópia de Balanço.csv: file not in Google drive root 'Workspace_Vivo/Outros'
2026/08/08 18:25:23 ERROR : pautas editoriais o cafezinho/bc setor externo/tabela_ied_12m_ate_janeiro_2016_2026.csv: file not in Google drive root 'Workspace_Vivo/Outros'
2026/08/08 18:25:32 ERROR : pautas editoriais o cafezinho/bcb fical fev 2026/necessidade de financiamento fev 2026 - Cópia de %-12meses(corrente).csv: file not in Google drive root 'Workspace_Vivo/Outros'
2026/08/08 18:25:38 ERROR : pautas editoriais o cafezinho/artigo petróleo/material artigo /grafico_base_china_deficit_petroleo.csv: file not in Google drive root 'Workspace_Vivo/Outros'
2026/08/08 18:25:38 ERROR : pautas editoriais o cafezinho/artigo petróleo/material artigo /grafico_base_comtrade_ranking_exportadores_2024_2709_2710.csv: file not in Google drive root 'Workspace_Vivo/Outros'
2026/08/08 18:25:38 ERROR : pautas editoriais o cafezinho/artigo petróleo/material artigo /grafico_base_eua_saldo_petroleo_2015_2025_12m.csv: file not in Google drive root 'Workspace_Vivo/Outros'
2026/08/08 18:25:38 ERROR : pautas editoriais o cafezinho/artigo petróleo/material artigo /grafico_base_magnitude_importacoes_china_vs_ue_2015_2024.csv: file not in Google drive root 'Workspace_Vivo/Outros'
2026/08/08 18:25:38 ERROR : pautas editoriais o cafezinho/artigo petróleo/material artigo /grafico_base_ue_participacao_eua_russia.csv: file not in Google drive root 'Workspace_Vivo/Outros'
2026/08/08 18:25:38 ERROR : pautas editoriais o cafezinho/artigo petróleo/material artigo /imports china petróleo 2023 corrigido.csv: file not in Google drive root 'Workspace_Vivo/Outros'
2026/08/08 18:25:38 ERROR : pautas editoriais o cafezinho/boletim focus/R20260220.pdf: file not in Google drive root 'Workspace_Vivo/Outros'
2026/08/08 18:25:39 ERROR : pautas editoriais o cafezinho/china robos industriais/Is China Leading the Robotics Revolution_ _ ChinaPower Project.zip: file not in Google drive root 'Workspace_Vivo/Outros'
2026/08/08 18:25:50 ERROR : pautas editoriais o cafezinho/evento forum dia 30/Brasil 2050 reúne especialistas e lideranças renomadas para debater o futuro do país.txt: file not in Google drive root 'Workspace_Vivo/Outros'
2026/08/08 18:25:50 ERROR : pautas editoriais o cafezinho/ibge crescimento/0038750a1c5c36ff2ffe025f1ee4c6cc.pdf: file not in Google drive root 'Workspace_Vivo/Outros'
2026/08/08 18:25:50 ERROR : pautas editoriais o cafezinho/ibge crescimento/13032aded7dcc320287fdbb95026d2a7.mp3: file not in Google drive root 'Workspace_Vivo/Outros'
2026/08/08 18:25:50 ERROR : pautas editoriais o cafezinho/ibge crescimento/IBGE PIB crescimento 2025 - Acum. em 4 trimestres.csv: file not in Google drive root 'Workspace_Vivo/Outros'
2026/08/08 18:25:50 ERROR : pautas editoriais o cafezinho/ibge crescimento/IBGE PIB crescimento 2025 - Base Móvel.csv: file not in Google drive root 'Workspace_Vivo/Outros'
2026/08/08 18:25:50 ERROR : pautas editoriais o cafezinho/ibge crescimento/IBGE PIB crescimento 2025 - Série com Ajuste Sazonal.csv: file not in Google drive root 'Workspace_Vivo/Outros'
2026/08/08 18:25:50 ERROR : pautas editoriais o cafezinho/ibge crescimento/IBGE PIB crescimento 2025 - Taxa Trimestral.csv: file not in Google drive root 'Workspace_Vivo/Outros'
2026/08/08 18:25:50 ERROR : pautas editoriais o cafezinho/ibge crescimento/graficos_pib_2025_pacote.zip: file not in Google drive root 'Workspace_Vivo/Outros'
2026/08/08 18:25:50 ERROR : pautas editoriais o cafezinho/ibge crescimento/rdpc_2025.pdf: file not in Google drive root 'Workspace_Vivo/Outros'
2026/08/08 18:25:50 ERROR : pautas editoriais o cafezinho/entrevistas/elias jabbour/pipeline.log: file not in Google drive root 'Workspace_Vivo/Outros'
2026/08/08 18:25:50 ERROR : pautas editoriais o cafezinho/entrevistas/elias jabbour/render_pipeline.log: file not in Google drive root 'Workspace_Vivo/Outros'
2026/08/08 18:25:50 ERROR : pautas editoriais o cafezinho/entrevistas/elias jabbour/render_v2.log: file not in Google drive root 'Workspace_Vivo/Outros'
2026/08/08 18:25:50 ERROR : pautas editoriais o cafezinho/entrevistas/elias jabbour/revise_srt.log: file not in Google drive root 'Workspace_Vivo/Outros'
2026/08/08 18:25:50 ERROR : pautas editoriais o cafezinho/entrevistas/elias jabbour/whisper_v3.log: file not in Google drive root 'Workspace_Vivo/Outros'
2026/08/08 18:25:50 ERROR : pautas editoriais o cafezinho/papers dawisson/The politics of emerging middle powers.pdf: file not in Google drive root 'Workspace_Vivo/Outros'
2026/08/08 18:25:50 ERROR : pautas editoriais o cafezinho/papers dawisson/When agency meets the Global South  normativity  empirics and anticipated consequences for the study of international relations.pdf: file not in Google drive root 'Workspace_Vivo/Outros'
2026/08/08 18:25:50 ERROR : pautas editoriais o cafezinho/ibge crescimento/graficos_pib_2025_pacote/grafico_1_pib_crescimento_2025_weo.csv: file not in Google drive root 'Workspace_Vivo/Outros'
2026/08/08 18:25:50 ERROR : pautas editoriais o cafezinho/ibge crescimento/graficos_pib_2025_pacote/grafico_2_pib_per_capita_2015_2025_weo.csv: file not in Google drive root 'Workspace_Vivo/Outros'
2026/08/08 18:25:50 ERROR : pautas editoriais o cafezinho/ibge crescimento/graficos_pib_2025_pacote/grafico_3_pib_nominal_usd_2025_weo.csv: file not in Google drive root 'Workspace_Vivo/Outros'
2026/08/08 18:25:50 ERROR : pautas editoriais o cafezinho/ibge crescimento/graficos_pib_2025_pacote/grafico_4_brasil_setores_demanda_2025_ibge.csv: file not in Google drive root 'Workspace_Vivo/Outros'
2026/08/08 18:25:50 ERROR : pautas editoriais o cafezinho/ibge crescimento/graficos_pib_2025_pacote/grafico_5_investimento_pct_pib_2025_weo.csv: file not in Google drive root 'Workspace_Vivo/Outros'
2026/08/08 18:25:51 ERROR : pautas editoriais o cafezinho/prisma fiscal/relatorio_mensal_fevereiro_2026.pdf: file not in Google drive root 'Workspace_Vivo/Outros'
2026/08/08 18:25:51 ERROR : pautas editoriais o cafezinho/publipost/2026Jun29.docx: file not in Google drive root 'Workspace_Vivo/Outros'
2026/08/08 18:25:51 ERROR : Aplicativos/Moka/Moka-Lab/.git/objects/53/39674aaf96d6efbd4c43caf737c248cf139838: file not in Google drive root 'Workspace_Vivo/Outros'
2026/08/08 18:25:52 ERROR : pautas editoriais o cafezinho/us trade/Standard Report - Exports countries.csv: file not in Google drive root 'Workspace_Vivo/Outros'
2026/08/08 18:25:52 ERROR : pautas editoriais o cafezinho/us trade/Standard Report - Exports products.csv: file not in Google drive root 'Workspace_Vivo/Outros'
2026/08/08 18:25:52 ERROR : pautas editoriais o cafezinho/us trade/Standard Report - Imports countries.csv: file not in Google drive root 'Workspace_Vivo/Outros'
2026/08/08 18:25:52 ERROR : pautas editoriais o cafezinho/us trade/Standard Report - Imports products.csv: file not in Google drive root 'Workspace_Vivo/Outros'
2026/08/08 18:25:52 ERROR : pautas editoriais o cafezinho/us trade/base_corrente_comercio_eua.csv: file not in Google drive root 'Workspace_Vivo/Outros'
2026/08/08 18:25:52 ERROR : pautas editoriais o cafezinho/us trade/base_exportacoes_totais_eua.csv: file not in Google drive root 'Workspace_Vivo/Outros'
2026/08/08 18:25:52 ERROR : pautas editoriais o cafezinho/us trade/base_importacoes_totais_eua.csv: file not in Google drive root 'Workspace_Vivo/Outros'
2026/08/08 18:25:52 ERROR : pautas editoriais o cafezinho/us trade/base_participacao_brasil_importacoes_eua.csv: file not in Google drive root 'Workspace_Vivo/Outros'
2026/08/08 18:25:52 ERROR : pautas editoriais o cafezinho/us trade/base_saldo_comercial_eua.csv: file not in Google drive root 'Workspace_Vivo/Outros'
2026/08/08 18:25:52 ERROR : pautas editoriais o cafezinho/us trade/base_saldo_eua_china_asean.csv: file not in Google drive root 'Workspace_Vivo/Outros'
2026/08/08 18:25:52 ERROR : pautas editoriais o cafezinho/ultimas entrevistas/Riofilme/20260612_132527-001.mp4: file not in Google drive root 'Workspace_Vivo/Outros'
2026/08/08 18:25:52 ERROR : pautas editoriais o cafezinho/ultimas entrevistas/Riofilme/20260612_135441-002.mp4: file not in Google drive root 'Workspace_Vivo/Outros'
2026/08/08 18:25:52 ERROR : pautas editoriais o cafezinho/ultimas entrevistas/Riofilme/drive-download-20260620T214739Z-3-002.zip: file not in Google drive root 'Workspace_Vivo/Outros'
2026/08/08 18:25:52 ERROR : pautas editoriais o cafezinho/ultimas pesquisas/Alfa Inteligência/Pesquisa-nacional-Alfa-Inteligencia-31-jul-2026.pdf: file not in Google drive root 'Workspace_Vivo/Outros'
2026/08/08 18:25:52 ERROR : pautas editoriais o cafezinho/ultimas entrevistas/entrevista elias jabbour/Elias Jabbour0001.wav: file not in Google drive root 'Workspace_Vivo/Outros'
2026/08/08 18:25:52 ERROR : pautas editoriais o cafezinho/ultimas pesquisas/Apex Futura/R_Nacional_Junho_2026_Apex.pdf: file not in Google drive root 'Workspace_Vivo/Outros'
2026/08/08 18:25:52 ERROR : pautas editoriais o cafezinho/ultimas entrevistas/Riofilme/drive-download-20260620T214739Z-3-002/VID_20260612_135230.mp4: file not in Google drive root 'Workspace_Vivo/Outros'
2026/08/08 18:25:52 ERROR : pautas editoriais o cafezinho/ultimas entrevistas/Riofilme/drive-download-20260620T214739Z-3-002/VID_20260612_141435.mp4: file not in Google drive root 'Workspace_Vivo/Outros'
2026/08/08 18:25:52 ERROR : pautas editoriais o cafezinho/ultimas pesquisas/Atlas Intel/55419435038_016c79c1ce_c.jpg: file not in Google drive root 'Workspace_Vivo/Outros'
2026/08/08 18:25:52 ERROR : pautas editoriais o cafezinho/ultimas pesquisas/Atlas Intel/AR Latam Pulse Atlas & Bloomberg 07_2026.pdf: file not in Google drive root 'Workspace_Vivo/Outros'
2026/08/08 18:25:52 ERROR : pautas editoriais o cafezinho/ultimas pesquisas/Atlas Intel/BR Latam Pulse Atlas & Bloomberg 07_2026.pdf: file not in Google drive root 'Workspace_Vivo/Outros'
2026/08/08 18:25:52 ERROR : pautas editoriais o cafezinho/ultimas pesquisas/Atlas Intel/Overview Latam Pulse Atlas & Bloomberg 07_2026.pdf: file not in Google drive root 'Workspace_Vivo/Outros'
2026/08/08 18:25:52 ERROR : pautas editoriais o cafezinho/ultimas entrevistas/Riofilme/final/images.jpeg: file not in Google drive root 'Workspace_Vivo/Outros'
2026/08/08 18:25:52 ERROR : pautas editoriais o cafezinho/ultimas entrevistas/Riofilme/final/legenda-rio-filme-bbc-revisada.srt: file not in Google drive root 'Workspace_Vivo/Outros'
2026/08/08 18:25:52 ERROR : pautas editoriais o cafezinho/ultimas entrevistas/Riofilme/final/rio filme.mp4: file not in Google drive root 'Workspace_Vivo/Outros'
2026/08/08 18:25:52 ERROR : pautas editoriais o cafezinho/ultimas entrevistas/Riofilme/final/rio_filme_legendado.mp4: file not in Google drive root 'Workspace_Vivo/Outros'
2026/08/08 18:25:52 ERROR : pautas editoriais o cafezinho/ultimas entrevistas/Riofilme/final/thumb-edde-geopolitica-cinema.jpg: file not in Google drive root 'Workspace_Vivo/Outros'
2026/08/08 18:25:52 ERROR : pautas editoriais o cafezinho/ultimas pesquisas/CNT MDA/Pesquisa CNT de Opinião - 168º rodada.pdf: file not in Google drive root 'Workspace_Vivo/Outros'
2026/08/08 18:25:52 ERROR : pautas editoriais o cafezinho/ultimas pesquisas/Datafolha/Datafolha Maio 2026.pdf: file not in Google drive root 'Workspace_Vivo/Outros'
2026/08/08 18:25:52 ERROR : Aplicativos/Moka/Moka-Lab/.git/objects/5a/8d97df1e739454ff46bb20e0a2f3487eb4ead3: file not in Google drive root 'Workspace_Vivo/Outros'
2026/08/08 18:25:53 ERROR : pautas editoriais o cafezinho/ultimas pesquisas/TSE/pesquisas_tse_recentes.csv: file not in Google drive root 'Workspace_Vivo/Outros'
2026/08/08 18:25:53 ERROR : pautas editoriais o cafezinho/ultimas pesquisas/Vox Brasil/pesquisa-vox-brasil-5jun2026.pdf: file not in Google drive root 'Workspace_Vivo/Outros'
2026/08/08 18:25:53 ERROR : pautas editoriais o cafezinho/ultimas pesquisas/btg nexus/BTG-Nexus-Eleicoes-2026-Rodada-5-29.jun_.2026.pdf: file not in Google drive root 'Workspace_Vivo/Outros'
2026/08/08 18:25:53 ERROR : pautas editoriais o cafezinho/ultimas pesquisas/btg nexus/BTG-Nexus-Eleicoes-2026-Rodada-7-27jul2026.pdf: file not in Google drive root 'Workspace_Vivo/Outros'
2026/08/08 18:25:53 ERROR : pautas editoriais o cafezinho/ultimas pesquisas/btg nexus/BTG-Nexus-Eleicoes-2026-Rodada-8-03.ago_.2026.pdf: file not in Google drive root 'Workspace_Vivo/Outros'
2026/08/08 18:25:53 ERROR : pautas editoriais o cafezinho/ultimas pesquisas/btg nexus/BTG-Nexus-nacional-15jun2026.pdf: file not in Google drive root 'Workspace_Vivo/Outros'
2026/08/08 18:25:53 ERROR : pautas editoriais o cafezinho/ultimas pesquisas/btg nexus/BTG_Nexus_Eleicoes2026_4a_Rodada_Dados_Consolidados.csv: file not in Google drive root 'Workspace_Vivo/Outros'
2026/08/08 18:25:53 ERROR : pautas editoriais o cafezinho/ultimas pesquisas/btg nexus/Pesquisa-BTG-Nexus-Eleicoes-2026-Rodada-3-divulgacao-1.pdf: file not in Google drive root 'Workspace_Vivo/Outros'
2026/08/08 18:25:53 ERROR : pautas editoriais o cafezinho/ultimas pesquisas/btg nexus/pesquisa-nacional-presidencial-nexus-27abr26.pdf: file not in Google drive root 'Workspace_Vivo/Outros'
2026/08/08 18:25:53 ERROR : pautas editoriais o cafezinho/ultimas pesquisas/Datafolha/estados/sao paulo/pesquisa datafolha sp governador jul 2026.pdf: file not in Google drive root 'Workspace_Vivo/Outros'
2026/08/08 18:25:53 ERROR : pautas editoriais o cafezinho/ultimas pesquisas/Datafolha/estados/sao paulo/pesquisa datafolha sp presidente jul 2026.pdf: file not in Google drive root 'Workspace_Vivo/Outros'
2026/08/08 18:25:53 ERROR : pautas editoriais o cafezinho/ultimas pesquisas/Datafolha/estados/sao paulo/pesquisa datafolha sp senador jul 2026.pdf: file not in Google drive root 'Workspace_Vivo/Outros'
2026/08/08 18:25:53 ERROR : pautas editoriais o cafezinho/ultimas pesquisas/Ipsos/Estados/Ceara/26_044272_Ceara_Relatorio_de_tabelas_Completo.pdf: file not in Google drive root 'Workspace_Vivo/Outros'
2026/08/08 18:25:53 ERROR : pautas editoriais o cafezinho/ultimas pesquisas/Ipsos/Estados/Ceara/pesquisa_ipsos_ipec_ceara_2026_consolidado.csv: file not in Google drive root 'Workspace_Vivo/Outros'
2026/08/08 18:25:53 ERROR : pautas editoriais o cafezinho/ultimas pesquisas/meio ideia/Pesquisa Meio_Ideia Maio (1).pdf: file not in Google drive root 'Workspace_Vivo/Outros'
2026/08/08 18:25:53 ERROR : pautas editoriais o cafezinho/ultimas pesquisas/meio ideia/Pesquisa-Meio_Ideia-Maio-2.pdf: file not in Google drive root 'Workspace_Vivo/Outros'
2026/08/08 18:25:53 ERROR : pautas editoriais o cafezinho/ultimas pesquisas/meio ideia/pesquisa-meio-ideia-presidencia-republica-5ago2026.pdf: file not in Google drive root 'Workspace_Vivo/Outros'
2026/08/08 18:25:53 ERROR : Aplicativos/Moka/Moka-Lab/.git/objects/60/b8a2fd08e50de0968354b0f86089ed79dd5b0d: file not in Google drive root 'Workspace_Vivo/Outros'
2026/08/08 18:25:53 ERROR : pautas editoriais o cafezinho/ultimas pesquisas/Parana Pesquisas/Estados/RJ/RJ_Jun26.pdf: file not in Google drive root 'Workspace_Vivo/Outros'
2026/08/08 18:25:53 ERROR : pautas editoriais o cafezinho/ultimas pesquisas/Parana Pesquisas/Estados/RJ/dados_consolidados_graficos_rj2026.csv: file not in Google drive root 'Workspace_Vivo/Outros'
2026/08/08 18:25:53 ERROR : pautas editoriais o cafezinho/ultimas pesquisas/Parana Pesquisas/Estados/RJ/grafico_demograficos_rj2026.csv: file not in Google drive root 'Workspace_Vivo/Outros'
2026/08/08 18:25:53 ERROR : pautas editoriais o cafezinho/ultimas pesquisas/Parana Pesquisas/Estados/RJ/grafico_estimulada_rj2026.csv: file not in Google drive root 'Workspace_Vivo/Outros'
2026/08/08 18:25:53 ERROR : pautas editoriais o cafezinho/ultimas pesquisas/Parana Pesquisas/Estados/RJ/grafico_rejeicao_rj2026.csv: file not in Google drive root 'Workspace_Vivo/Outros'
2026/08/08 18:25:53 ERROR : pautas editoriais o cafezinho/ultimas pesquisas/Parana Pesquisas/Estados/RJ/grafico_votos_validos_rj2026.csv: file not in Google drive root 'Workspace_Vivo/Outros'
2026/08/08 18:25:53 ERROR : pautas editoriais o cafezinho/ultimas pesquisas/Parana Pesquisas/Estados/SP/SP_Mai26-Estadual.pdf: file not in Google drive root 'Workspace_Vivo/Outros'
2026/08/08 18:25:53 ERROR : pautas editoriais o cafezinho/ultimas pesquisas/Datafolha/estados/sao paulo/csvs/datafolha_sp_governador_jul2026.csv: file not in Google drive root 'Workspace_Vivo/Outros'
2026/08/08 18:25:53 ERROR : pautas editoriais o cafezinho/ultimas pesquisas/Datafolha/estados/sao paulo/csvs/datafolha_sp_presidente_jul2026.csv: file not in Google drive root 'Workspace_Vivo/Outros'
2026/08/08 18:25:53 ERROR : pautas editoriais o cafezinho/ultimas pesquisas/Datafolha/estados/sao paulo/csvs/datafolha_sp_senador_jul2026.csv: file not in Google drive root 'Workspace_Vivo/Outros'
2026/08/08 18:25:53 ERROR : pautas editoriais o cafezinho/ultimas pesquisas/atlas intel /latam/AR Latam Pulse Atlas & Bloomberg 05_2026.pdf: file not in Google drive root 'Workspace_Vivo/Outros'
2026/08/08 18:25:53 ERROR : pautas editoriais o cafezinho/ultimas pesquisas/real Time/Real-Time-Big-Data-presidente-nacional-5mai2026.pdf: file not in Google drive root 'Workspace_Vivo/Outros'
2026/08/08 18:25:53 ERROR : pautas editoriais o cafezinho/ultimas pesquisas/real Time/pesquisa-presidencial-real-time-big-data-01-junho-2026.pdf: file not in Google drive root 'Workspace_Vivo/Outros'
2026/08/08 18:25:53 ERROR : pautas editoriais o cafezinho/ultimas pesquisas/real Time/pesquisa_junho_2026_completa.csv: file not in Google drive root 'Workspace_Vivo/Outros'
2026/08/08 18:25:53 ERROR : pautas editoriais o cafezinho/ultimas pesquisas/real Time/pesquisa_maio_2026_completa.csv: file not in Google drive root 'Workspace_Vivo/Outros'
2026/08/08 18:25:53 ERROR : pautas editoriais o cafezinho/ultimas pesquisas/meio ideia/csv/Pesquisa_Meio_Ideia_27Maio2026_Consolidado.csv: file not in Google drive root 'Workspace_Vivo/Outros'
2026/08/08 18:25:53 ERROR : pautas editoriais o cafezinho/ultimas pesquisas/meio ideia/csv/Pesquisa_Meio_Ideia_Maio2026_Consolidado completo.csv: file not in Google drive root 'Workspace_Vivo/Outros'
2026/08/08 18:25:53 ERROR : pautas editoriais o cafezinho/ultimas pesquisas/atlas intel /nacional/AtlasIntel-nacional-29jul2026.pdf: file not in Google drive root 'Workspace_Vivo/Outros'
2026/08/08 18:25:53 ERROR : pautas editoriais o cafezinho/ultimas pesquisas/atlas intel /nacional/Pesquisa Atlas_Bloomberg - Nacional 260427.pdf: file not in Google drive root 'Workspace_Vivo/Outros'
2026/08/08 18:25:53 ERROR : pautas editoriais o cafezinho/ultimas pesquisas/atlas intel /nacional/Pesquisa Atlas_Bloomberg - Nacional 260519.pdf: file not in Google drive root 'Workspace_Vivo/Outros'
2026/08/08 18:25:53 ERROR : pautas editoriais o cafezinho/ultimas pesquisas/atlas intel /nacional/Pesquisa-Atlas_Bloomberg-Nacional jun 2026.pdf: file not in Google drive root 'Workspace_Vivo/Outros'
2026/08/08 18:25:53 ERROR : pautas editoriais o cafezinho/ultimas pesquisas/atlas intel /estados/ceara/Pesquisa Atlas_Focus - Eleições Ceará 2026 - 150626 reduced.pdf: file not in Google drive root 'Workspace_Vivo/Outros'
2026/08/08 18:25:53 ERROR : pautas editoriais o cafezinho/ultimas pesquisas/quaest/Quaeset em PE/GENIALQUAESTPERNAMBUCOABR26.pdf: file not in Google drive root 'Workspace_Vivo/Outros'
2026/08/08 18:25:53 ERROR : pautas editoriais o cafezinho/ultimas pesquisas/quaest/Quaeset em PE/PESQUISA_GENIAL_QUAEST_PERNAMBUCO_JUL26.pdf: file not in Google drive root 'Workspace_Vivo/Outros'
2026/08/08 18:25:53 ERROR : pautas editoriais o cafezinho/ultimas pesquisas/meio ideia/ultima/meio ideia julho 2026.pdf: file not in Google drive root 'Workspace_Vivo/Outros'
2026/08/08 18:25:53 ERROR : pautas editoriais o cafezinho/ultimas pesquisas/meio ideia/ultima/pesquisa_meio_ideia_julho_2026_tabelas.csv: file not in Google drive root 'Workspace_Vivo/Outros'
2026/08/08 18:25:53 ERROR : pautas editoriais o cafezinho/ultimas pesquisas/meio ideia/ultima/pesquisas_tse_2026_cafezinho.png: file not in Google drive root 'Workspace_Vivo/Outros'
2026/08/08 18:25:53 ERROR : pautas editoriais o cafezinho/ultimas pesquisas/meio ideia/ultima/pesquisas_tse_2026_tabela.csv: file not in Google drive root 'Workspace_Vivo/Outros'
2026/08/08 18:25:53 ERROR : pautas editoriais o cafezinho/ultimas pesquisas/atlas intel /estados/maranhao/Pesquisa Atlas - Eleições Maranhão 2026 - 260514.pdf: file not in Google drive root 'Workspace_Vivo/Outros'
2026/08/08 18:25:54 ERROR : pautas editoriais o cafezinho/ultimas pesquisas/quaest/Quaest BA/GENIALQUAESTBAHIAABR26.pdf: file not in Google drive root 'Workspace_Vivo/Outros'
2026/08/08 18:25:54 ERROR : pautas editoriais o cafezinho/ultimas pesquisas/quaest/Quaest BA/PESQUISA_GENIAL_QUAEST_BAHIA_JUL26.pdf: file not in Google drive root 'Workspace_Vivo/Outros'
2026/08/08 18:25:54 ERROR : pautas editoriais o cafezinho/ultimas pesquisas/quaest/Quaest SP/GENIALQUAESTSAOPAULOABR26.pdf: file not in Google drive root 'Workspace_Vivo/Outros'
2026/08/08 18:25:54 ERROR : pautas editoriais o cafezinho/ultimas pesquisas/quaest/Quaest SP/PESQUISA_GENIAL_QUAEST_SP_JUL26.pdf: file not in Google drive root 'Workspace_Vivo/Outros'
2026/08/08 18:25:54 ERROR : pautas editoriais o cafezinho/ultimas pesquisas/quaest/Quaest em MG/GENIALQUAESTMINASABR26.pdf: file not in Google drive root 'Workspace_Vivo/Outros'
2026/08/08 18:25:54 ERROR : pautas editoriais o cafezinho/ultimas pesquisas/quaest/Quaest em MG/PESQUISA_GENIAL_QUAEST_MG_JUL26.pdf: file not in Google drive root 'Workspace_Vivo/Outros'
2026/08/08 18:25:54 ERROR : pautas editoriais o cafezinho/ultimas pesquisas/quaest/quaest RS/GENIALQUAESTRSABR26.pdf: file not in Google drive root 'Workspace_Vivo/Outros'
2026/08/08 18:25:54 ERROR : pautas editoriais o cafezinho/ultimas pesquisas/quaest/quaest brasil/GENIALQUAESTBRABR26.pdf: file not in Google drive root 'Workspace_Vivo/Outros'
2026/08/08 18:25:54 ERROR : pautas editoriais o cafezinho/ultimas pesquisas/quaest/quaest brasil/GENIAL_QUAEST_MAIO26.pdf: file not in Google drive root 'Workspace_Vivo/Outros'
2026/08/08 18:25:54 ERROR : pautas editoriais o cafezinho/ultimas pesquisas/quaest/quaest brasil/PESQUISA_GENIAL_QUAEST_AGO26.pdf: file not in Google drive root 'Workspace_Vivo/Outros'
2026/08/08 18:25:54 ERROR : pautas editoriais o cafezinho/ultimas pesquisas/quaest/quaest brasil/PESQUISA_GENIAL_QUAEST_JUL_26.pdf: file not in Google drive root 'Workspace_Vivo/Outros'
2026/08/08 18:25:54 ERROR : pautas editoriais o cafezinho/ultimas pesquisas/quaest/quaest brasil/Pesquisa_Genial_Quaest_Agosto_2026_COMPLETA.csv: file not in Google drive root 'Workspace_Vivo/Outros'
2026/08/08 18:25:54 ERROR : pautas editoriais o cafezinho/ultimas pesquisas/quaest/quaest brasil/Quaest-nacional-10jun2026.pdf: file not in Google drive root 'Workspace_Vivo/Outros'
2026/08/08 18:25:54 ERROR : pautas editoriais o cafezinho/ultimas pesquisas/quaest/quaest brasil/quaest - bruto.csv: file not in Google drive root 'Workspace_Vivo/Outros'
2026/08/08 18:25:54 ERROR : pautas editoriais o cafezinho/ultimas pesquisas/quaest/quaest ceara/GENIALQUAESTCEARAABR26.pdf: file not in Google drive root 'Workspace_Vivo/Outros'
2026/08/08 18:25:54 ERROR : pautas editoriais o cafezinho/ultimas pesquisas/quaest/quaest ceara/PESQUISA_GENIAL_QUAEST_CEARA_JUL26.pdf: file not in Google drive root 'Workspace_Vivo/Outros'
2026/08/08 18:25:54 ERROR : pautas editoriais o cafezinho/ultimas pesquisas/quaest/quaest parana/GENIALQUAESTPARANAABR26.pdf: file not in Google drive root 'Workspace_Vivo/Outros'
2026/08/08 18:25:54 ERROR : pautas editoriais o cafezinho/ultimas pesquisas/quaest/quaest parana/PESQUISA_GENIAL_QUAEST_PARANA_JUL26.pdf: file not in Google drive root 'Workspace_Vivo/Outros'
2026/08/08 18:25:54 ERROR : pautas editoriais o cafezinho/ultimas pesquisas/quaest/quaest pará/GENIALQUAESTPARAABR26.pdf: file not in Google drive root 'Workspace_Vivo/Outros'
2026/08/08 18:25:54 ERROR : pautas editoriais o cafezinho/ultimas pesquisas/quaest/quaest pará/PESQUISA_GENIAL_QUAEST_PARA_JUL26.pdf: file not in Google drive root 'Workspace_Vivo/Outros'
2026/08/08 18:25:54 ERROR : pautas editoriais o cafezinho/ultimas pesquisas/quaest/quaest rio/GENIALQUAESTRIOABR26.pdf: file not in Google drive root 'Workspace_Vivo/Outros'
2026/08/08 18:25:54 ERROR : pautas editoriais o cafezinho/ultimas pesquisas/quaest/quaest rio/PESQUISA_GENIAL_QUAEST_RJ_JUL26.pdf: file not in Google drive root 'Workspace_Vivo/Outros'
2026/08/08 18:25:56 ERROR : Aplicativos/Moka/Moka-Lab/.git/objects/78/6154da954268d33e10e3ab0066f93d0c8de621: file not in Google drive root 'Workspace_Vivo/Outros'
2026/08/08 18:25:56 INFO  : 
Transferred:   	          0 B / 0 B, -, 0 B/s, ETA -
Errors:               942 (retrying may help)
Checks:              5243 / 5243, 100%, Listed 13952
Elapsed time:       4m0.0s

2026/08/08 18:25:58 ERROR : Aplicativos/Moka/Moka-Lab/.git/objects/85/05f3e3341a4005da39fdb6c99995cffebeb83a: file not in Google drive root 'Workspace_Vivo/Outros'
2026/08/08 18:25:58 ERROR : Aplicativos/Moka/Moka-Lab/.git/objects/87/4e51b42f049d8ab2b17bb84900054fee9d1fb0: file not in Google drive root 'Workspace_Vivo/Outros'
2026/08/08 18:26:01 ERROR : Aplicativos/Moka/Moka-Lab/.git/objects/90/e880d92c379220faecc169b8dbb16f462be213: file not in Google drive root 'Workspace_Vivo/Outros'
2026/08/08 18:26:02 ERROR : Aplicativos/Moka/Moka-Lab/.git/objects/93/de6db4d2ce9145ff4128b0126118fda1227882: file not in Google drive root 'Workspace_Vivo/Outros'
2026/08/08 18:26:04 ERROR : Aplicativos/Moka/Moka-Lab/.git/objects/9a/a1f3c28b2c56267dc567af6c846444d681299c: file not in Google drive root 'Workspace_Vivo/Outros'
2026/08/08 18:26:05 ERROR : Aplicativos/Moka/Moka-Lab/.git/objects/a2/b567395f073cbb4d25180c089eb2360dc3cd62: file not in Google drive root 'Workspace_Vivo/Outros'
2026/08/08 18:26:08 ERROR : Aplicativos/Moka/Moka-Lab/.git/objects/b4/7ee6dc674aa71cec6acaaff39a048085afdd5f: file not in Google drive root 'Workspace_Vivo/Outros'
2026/08/08 18:26:53 ERROR : Aplicativos/Moka/Moka-Lab/.git/objects/d5/1d9274b0a85584327218f6a3937670eb377b7c: file not in Google drive root 'Workspace_Vivo/Outros'
2026/08/08 18:26:53 ERROR : Aplicativos/Moka/Moka-Lab/.git/objects/dd/bfe27f69f0a0aa25efbb039b8784ef95dd5523: file not in Google drive root 'Workspace_Vivo/Outros'
2026/08/08 18:26:54 ERROR : Aplicativos/Moka/Moka-Lab/.git/objects/f4/42edd15129d496ea6186c2ba3565646d24ef7d: file not in Google drive root 'Workspace_Vivo/Outros'
2026/08/08 18:26:55 NOTICE: Google drive root 'Workspace_Vivo/Outros': 936 files missing
2026/08/08 18:26:55 NOTICE: Google drive root 'Workspace_Vivo/Outros': 952 differences found
2026/08/08 18:26:55 NOTICE: Google drive root 'Workspace_Vivo/Outros': 952 errors while checking
2026/08/08 18:26:55 NOTICE: Google drive root 'Workspace_Vivo/Outros': 5973 matching files
2026/08/08 18:26:55 INFO  : 
Transferred:   	          0 B / 0 B, -, 0 B/s, ETA -
Errors:               952 (retrying may help)
Checks:              5989 / 5989, 100%, Listed 15434
Elapsed time:      4m58.6s

2026/08/08 18:26:55 NOTICE: Failed to check with 952 errors: last error was: 952 differences found
